 t,x,v
   0.00000000       5.00000007E-02   0.00000000    
   1.00000005E-03   4.99997512E-02  -5.00000024E-04
   2.00000009E-03   4.99990024E-02  -9.99997603E-04
   3.00000003E-03   4.99977544E-02  -1.49998767E-03
   4.00000019E-03   4.99960035E-02  -1.99996517E-03
   5.00000035E-03   4.99937534E-02  -2.49992521E-03
   6.00000052E-03   4.99910042E-02  -2.99986266E-03
   7.00000068E-03   4.99877557E-02  -3.49977287E-03
   8.00000038E-03   4.99840081E-02  -3.99965048E-03
   9.00000054E-03   4.99797575E-02  -4.49949037E-03
   1.00000007E-02   4.99750078E-02  -4.99928789E-03
   1.10000009E-02   4.99697588E-02  -5.49903791E-03
   1.20000010E-02   4.99640107E-02  -5.99873532E-03
   1.30000012E-02   4.99577634E-02  -6.49837544E-03
   1.40000014E-02   4.99510169E-02  -6.99795317E-03
   1.50000015E-02   4.99437712E-02  -7.49746338E-03
   1.60000008E-02   4.99360226E-02  -7.99690094E-03
   1.70000009E-02   4.99277748E-02  -8.49626120E-03
   1.80000011E-02   4.99190278E-02  -8.99553858E-03
   1.90000013E-02   4.99097817E-02  -9.49472934E-03
   2.00000014E-02   4.99000363E-02  -9.99382697E-03
   2.10000016E-02   4.98897918E-02  -1.04928277E-02
   2.20000017E-02   4.98790480E-02  -1.09917261E-02
   2.30000019E-02   4.98678051E-02  -1.14905164E-02
   2.40000021E-02   4.98560667E-02  -1.19891949E-02
   2.50000022E-02   4.98438291E-02  -1.24877552E-02
   2.60000024E-02   4.98310924E-02  -1.29861934E-02
   2.70000026E-02   4.98178564E-02  -1.34845041E-02
   2.80000027E-02   4.98041213E-02  -1.39826825E-02
   2.90000029E-02   4.97898906E-02  -1.44807240E-02
   3.00000031E-02   4.97751608E-02  -1.49786230E-02
   3.10000032E-02   4.97599319E-02  -1.54763749E-02
   3.20000015E-02   4.97442074E-02  -1.59739740E-02
   3.29999998E-02   4.97279838E-02  -1.64714158E-02
   3.39999981E-02   4.97112609E-02  -1.69686954E-02
   3.49999964E-02   4.96940427E-02  -1.74658075E-02
   3.59999947E-02   4.96763289E-02  -1.79627482E-02
   3.69999930E-02   4.96581160E-02  -1.84595119E-02
   3.79999913E-02   4.96394075E-02  -1.89560931E-02
   3.89999896E-02   4.96202037E-02  -1.94524880E-02
   3.99999879E-02   4.96005006E-02  -1.99486893E-02
   4.09999862E-02   4.95803021E-02  -2.04446949E-02
   4.19999845E-02   4.95596081E-02  -2.09404975E-02
   4.29999828E-02   4.95384187E-02  -2.14360934E-02
   4.39999811E-02   4.95167375E-02  -2.19314769E-02
   4.49999794E-02   4.94945608E-02  -2.24266443E-02
   4.59999777E-02   4.94718887E-02  -2.29215901E-02
   4.69999760E-02   4.94487211E-02  -2.34163087E-02
   4.79999743E-02   4.94250581E-02  -2.39107963E-02
   4.89999726E-02   4.94008996E-02  -2.44050473E-02
   4.99999709E-02   4.93762493E-02  -2.48990562E-02
   5.09999692E-02   4.93511036E-02  -2.53928192E-02
   5.19999675E-02   4.93254662E-02  -2.58863308E-02
   5.29999658E-02   4.92993332E-02  -2.63795853E-02
   5.39999641E-02   4.92727086E-02  -2.68725790E-02
   5.49999624E-02   4.92455885E-02  -2.73653064E-02
   5.59999608E-02   4.92179766E-02  -2.78577618E-02
   5.69999591E-02   4.91898730E-02  -2.83499416E-02
   5.79999574E-02   4.91612777E-02  -2.88418401E-02
   5.89999557E-02   4.91321906E-02  -2.93334536E-02
   5.99999540E-02   4.91026118E-02  -2.98247747E-02
   6.09999523E-02   4.90725413E-02  -3.03158015E-02
   6.19999506E-02   4.90419790E-02  -3.08065265E-02
   6.29999489E-02   4.90109250E-02  -3.12969461E-02
   6.39999509E-02   4.89793830E-02  -3.17870565E-02
   6.49999529E-02   4.89473492E-02  -3.22768502E-02
   6.59999549E-02   4.89148274E-02  -3.27663235E-02
   6.69999570E-02   4.88818139E-02  -3.32554728E-02
   6.79999590E-02   4.88483123E-02  -3.37442905E-02
   6.89999610E-02   4.88143228E-02  -3.42327729E-02
   6.99999630E-02   4.87798452E-02  -3.47209163E-02
   7.09999651E-02   4.87448834E-02  -3.52087133E-02
   7.19999671E-02   4.87094335E-02  -3.56961638E-02
   7.29999691E-02   4.86734957E-02  -3.61832567E-02
   7.39999712E-02   4.86370698E-02  -3.66699919E-02
   7.49999732E-02   4.86001559E-02  -3.71563621E-02
   7.59999752E-02   4.85627577E-02  -3.76423635E-02
   7.69999772E-02   4.85248715E-02  -3.81279923E-02
   7.79999793E-02   4.84865010E-02  -3.86132412E-02
   7.89999813E-02   4.84476462E-02  -3.90981063E-02
   7.99999833E-02   4.84083071E-02  -3.95825841E-02
   8.09999853E-02   4.83684838E-02  -4.00666669E-02
   8.19999874E-02   4.83281761E-02  -4.05503511E-02
   8.29999894E-02   4.82873842E-02  -4.10336331E-02
   8.39999914E-02   4.82461080E-02  -4.15165052E-02
   8.49999934E-02   4.82043475E-02  -4.19989675E-02
   8.59999955E-02   4.81621064E-02  -4.24810126E-02
   8.69999975E-02   4.81193848E-02  -4.29626331E-02
   8.79999995E-02   4.80761789E-02  -4.34438251E-02
   8.90000015E-02   4.80324924E-02  -4.39245887E-02
   9.00000036E-02   4.79883291E-02  -4.44049127E-02
   9.10000056E-02   4.79436852E-02  -4.48847972E-02
   9.20000076E-02   4.78985608E-02  -4.53642346E-02
   9.30000097E-02   4.78529595E-02  -4.58432212E-02
   9.40000117E-02   4.78068776E-02  -4.63217497E-02
   9.50000137E-02   4.77603190E-02  -4.67998199E-02
   9.60000157E-02   4.77132797E-02  -4.72774245E-02
   9.70000178E-02   4.76657636E-02  -4.77545559E-02
   9.80000198E-02   4.76177707E-02  -4.82312143E-02
   9.90000218E-02   4.75693010E-02  -4.87073921E-02
  0.100000024       4.75203544E-02  -4.91830856E-02
  0.101000026       4.74709347E-02  -4.96582873E-02
  0.102000028       4.74210382E-02  -5.01329973E-02
  0.103000030       4.73706685E-02  -5.06072082E-02
  0.104000032       4.73198220E-02  -5.10809161E-02
  0.105000034       4.72685024E-02  -5.15541136E-02
  0.106000036       4.72167134E-02  -5.20267971E-02
  0.107000038       4.71644513E-02  -5.24989627E-02
  0.108000040       4.71117161E-02  -5.29706068E-02
  0.109000042       4.70585115E-02  -5.34417257E-02
  0.110000044       4.70048338E-02  -5.39123118E-02
  0.111000046       4.69506867E-02  -5.43823615E-02
  0.112000048       4.68960702E-02  -5.48518673E-02
  0.113000050       4.68409844E-02  -5.53208292E-02
  0.114000052       4.67854291E-02  -5.57892397E-02
  0.115000054       4.67294045E-02  -5.62570952E-02
  0.116000056       4.66729142E-02  -5.67243882E-02
  0.117000058       4.66159545E-02  -5.71911186E-02
  0.118000060       4.65585291E-02  -5.76572791E-02
  0.119000062       4.65006419E-02  -5.81228659E-02
  0.120000064       4.64422889E-02  -5.85878715E-02
  0.121000066       4.63834703E-02  -5.90522960E-02
  0.122000068       4.63241860E-02  -5.95161319E-02
  0.123000070       4.62644398E-02  -5.99793755E-02
  0.124000072       4.62042280E-02  -6.04420193E-02
  0.125000075       4.61435542E-02  -6.09040633E-02
  0.126000077       4.60824184E-02  -6.13655001E-02
  0.127000079       4.60208207E-02  -6.18263260E-02
  0.128000081       4.59587649E-02  -6.22865334E-02
  0.129000083       4.58962470E-02  -6.27461225E-02
  0.130000085       4.58332710E-02  -6.32050857E-02
  0.131000087       4.57698368E-02  -6.36634156E-02
  0.132000089       4.57059443E-02  -6.41211122E-02
  0.133000091       4.56415974E-02  -6.45781681E-02
  0.134000093       4.55767922E-02  -6.50345832E-02
  0.135000095       4.55115288E-02  -6.54903501E-02
  0.136000097       4.54458110E-02  -6.59454688E-02
  0.137000099       4.53796387E-02  -6.63999245E-02
  0.138000101       4.53130119E-02  -6.68537244E-02
  0.139000103       4.52459306E-02  -6.73068538E-02
  0.140000105       4.51783948E-02  -6.77593127E-02
  0.141000107       4.51104082E-02  -6.82110935E-02
  0.142000109       4.50419709E-02  -6.86621964E-02
  0.143000111       4.49730866E-02  -6.91126138E-02
  0.144000113       4.49037515E-02  -6.95623457E-02
  0.145000115       4.48339656E-02  -7.00113848E-02
  0.146000117       4.47637290E-02  -7.04597235E-02
  0.147000119       4.46930453E-02  -7.09073618E-02
  0.148000121       4.46219146E-02  -7.13542923E-02
  0.149000123       4.45503369E-02  -7.18005151E-02
  0.150000125       4.44783121E-02  -7.22460151E-02
  0.151000127       4.44058441E-02  -7.26907998E-02
  0.152000129       4.43329290E-02  -7.31348619E-02
  0.153000131       4.42595705E-02  -7.35781938E-02
  0.154000133       4.41857725E-02  -7.40207881E-02
  0.155000135       4.41115312E-02  -7.44626448E-02
  0.156000137       4.40368503E-02  -7.49037564E-02
  0.157000139       4.39617261E-02  -7.53441229E-02
  0.158000141       4.38861623E-02  -7.57837370E-02
  0.159000143       4.38101590E-02  -7.62225986E-02
  0.160000145       4.37337160E-02  -7.66607001E-02
  0.161000147       4.36568372E-02  -7.70980343E-02
  0.162000149       4.35795188E-02  -7.75346011E-02
  0.163000152       4.35017683E-02  -7.79703930E-02
  0.164000154       4.34235819E-02  -7.84054101E-02
  0.165000156       4.33449596E-02  -7.88396448E-02
  0.166000158       4.32659052E-02  -7.92730972E-02
  0.167000160       4.31864150E-02  -7.97057599E-02
  0.168000162       4.31064926E-02  -8.01376253E-02
  0.169000164       4.30261381E-02  -8.05686936E-02
  0.170000166       4.29453552E-02  -8.09989572E-02
  0.171000168       4.28641401E-02  -8.14284086E-02
  0.172000170       4.27824967E-02  -8.18570480E-02
  0.173000172       4.27004285E-02  -8.22848752E-02
  0.174000174       4.26179320E-02  -8.27118829E-02
  0.175000176       4.25350070E-02  -8.31380635E-02
  0.176000178       4.24516574E-02  -8.35634172E-02
  0.177000180       4.23678830E-02  -8.39879364E-02
  0.178000182       4.22836840E-02  -8.44116136E-02
  0.179000184       4.21990603E-02  -8.48344490E-02
  0.180000186       4.21140119E-02  -8.52564424E-02
  0.181000188       4.20285426E-02  -8.56775790E-02
  0.182000190       4.19426560E-02  -8.60978663E-02
  0.183000192       4.18563485E-02  -8.65172893E-02
  0.184000194       4.17696238E-02  -8.69358554E-02
  0.185000196       4.16824780E-02  -8.73535499E-02
  0.186000198       4.15949151E-02  -8.77703726E-02
  0.187000200       4.15069349E-02  -8.81863236E-02
  0.188000202       4.14185412E-02  -8.86013955E-02
  0.189000204       4.13297303E-02  -8.90155807E-02
  0.190000206       4.12405096E-02  -8.94288793E-02
  0.191000208       4.11508754E-02  -8.98412839E-02
  0.192000210       4.10608277E-02  -9.02527943E-02
  0.193000212       4.09703702E-02  -9.06634033E-02
  0.194000214       4.08795029E-02  -9.10731107E-02
  0.195000216       4.07882258E-02  -9.14819092E-02
  0.196000218       4.06965390E-02  -9.18897912E-02
  0.197000220       4.06044461E-02  -9.22967568E-02
  0.198000222       4.05119471E-02  -9.27027985E-02
  0.199000224       4.04190421E-02  -9.31079164E-02
  0.200000226       4.03257348E-02  -9.35121104E-02
  0.201000229       4.02320214E-02  -9.39153656E-02
  0.202000231       4.01379056E-02  -9.43176895E-02
  0.203000233       4.00433876E-02  -9.47190672E-02
  0.204000235       3.99484672E-02  -9.51194987E-02
  0.205000237       3.98531482E-02  -9.55189839E-02
  0.206000239       3.97574306E-02  -9.59175155E-02
  0.207000241       3.96613143E-02  -9.63150933E-02
  0.208000243       3.95648032E-02  -9.67117101E-02
  0.209000245       3.94678935E-02  -9.71073583E-02
  0.210000247       3.93705890E-02  -9.75020379E-02
  0.211000249       3.92728895E-02  -9.78957415E-02
  0.212000251       3.91747952E-02  -9.82884690E-02
  0.213000253       3.90763097E-02  -9.86802205E-02
  0.214000255       3.89774367E-02  -9.90709811E-02
  0.215000257       3.88781726E-02  -9.94607583E-02
  0.216000259       3.87785174E-02  -9.98495370E-02
  0.217000261       3.86784747E-02 -0.100237325    
  0.218000263       3.85780446E-02 -0.100624107    
  0.219000265       3.84772271E-02 -0.101009890    
  0.220000267       3.83760221E-02 -0.101394661    
  0.221000269       3.82744335E-02 -0.101778418    
  0.222000271       3.81724648E-02 -0.102161162    
  0.223000273       3.80701125E-02 -0.102542885    
  0.224000275       3.79673801E-02 -0.102923587    
  0.225000277       3.78642678E-02 -0.103303261    
  0.226000279       3.77607755E-02 -0.103681907    
  0.227000281       3.76569033E-02 -0.104059517    
  0.228000283       3.75526547E-02 -0.104436085    
  0.229000285       3.74480337E-02 -0.104811609    
  0.230000287       3.73430364E-02 -0.105186090    
  0.231000289       3.72376628E-02 -0.105559520    
  0.232000291       3.71319167E-02 -0.105931900    
  0.233000293       3.70257981E-02 -0.106303222    
  0.234000295       3.69193070E-02 -0.106673479    
  0.235000297       3.68124470E-02 -0.107042670    
  0.236000299       3.67052220E-02 -0.107410796    
  0.237000301       3.65976281E-02 -0.107777849    
  0.238000304       3.64896692E-02 -0.108143829    
  0.239000306       3.63813415E-02 -0.108508728    
  0.240000308       3.62726487E-02 -0.108872540    
  0.241000310       3.61635946E-02 -0.109235264    
  0.242000312       3.60541753E-02 -0.109596901    
  0.243000314       3.59443985E-02 -0.109957442    
  0.244000316       3.58342640E-02 -0.110316887    
  0.245000318       3.57237682E-02 -0.110675231    
  0.246000320       3.56129147E-02 -0.111032471    
  0.247000322       3.55017036E-02 -0.111388601    
  0.248000324       3.53901349E-02 -0.111743622    
  0.249000326       3.52782160E-02 -0.112097524    
  0.250000328       3.51659432E-02 -0.112450309    
  0.251000315       3.50533165E-02 -0.112801969    
  0.252000302       3.49403396E-02 -0.113152504    
  0.253000289       3.48270126E-02 -0.113501906    
  0.254000276       3.47133353E-02 -0.113850176    
  0.255000263       3.45993116E-02 -0.114197306    
  0.256000251       3.44849415E-02 -0.114543296    
  0.257000238       3.43702286E-02 -0.114888147    
  0.258000225       3.42551693E-02 -0.115231849    
  0.259000212       3.41397673E-02 -0.115574405    
  0.260000199       3.40240225E-02 -0.115915805    
  0.261000186       3.39079350E-02 -0.116256043    
  0.262000173       3.37915085E-02 -0.116595119    
  0.263000160       3.36747468E-02 -0.116933033    
  0.264000148       3.35576460E-02 -0.117269777    
  0.265000135       3.34402099E-02 -0.117605351    
  0.266000122       3.33224386E-02 -0.117939755    
  0.267000109       3.32043320E-02 -0.118272983    
  0.268000096       3.30858901E-02 -0.118605025    
  0.269000083       3.29671204E-02 -0.118935883    
  0.270000070       3.28480192E-02 -0.119265556    
  0.271000057       3.27285901E-02 -0.119594038    
  0.272000045       3.26088332E-02 -0.119921327    
  0.273000032       3.24887484E-02 -0.120247416    
  0.274000019       3.23683359E-02 -0.120572306    
  0.275000006       3.22476029E-02 -0.120895989    
  0.275999993       3.21265459E-02 -0.121218465    
  0.276999980       3.20051685E-02 -0.121539734    
  0.277999967       3.18834670E-02 -0.121859789    
  0.278999954       3.17614488E-02 -0.122178622    
  0.279999942       3.16391103E-02 -0.122496232    
  0.280999929       3.15164588E-02 -0.122812621    
  0.281999916       3.13934907E-02 -0.123127788    
  0.282999903       3.12702060E-02 -0.123441726    
  0.283999890       3.11466083E-02 -0.123754427    
  0.284999877       3.10226977E-02 -0.124065891    
  0.285999864       3.08984779E-02 -0.124376118    
  0.286999851       3.07739470E-02 -0.124685101    
  0.287999839       3.06491069E-02 -0.124992840    
  0.288999826       3.05239614E-02 -0.125299335    
  0.289999813       3.03985085E-02 -0.125604570    
  0.290999800       3.02727520E-02 -0.125908554    
  0.291999787       3.01466919E-02 -0.126211286    
  0.292999774       3.00203301E-02 -0.126512751    
  0.293999761       2.98936665E-02 -0.126812950    
  0.294999748       2.97667049E-02 -0.127111882    
  0.295999736       2.96394434E-02 -0.127409548    
  0.296999723       2.95118857E-02 -0.127705947    
  0.297999710       2.93840319E-02 -0.128001064    
  0.298999697       2.92558838E-02 -0.128294900    
  0.299999684       2.91274413E-02 -0.128587455    
  0.300999671       2.89987084E-02 -0.128878728    
  0.301999658       2.88696848E-02 -0.129168719    
  0.302999645       2.87403725E-02 -0.129457414    
  0.303999633       2.86107715E-02 -0.129744813    
  0.304999620       2.84808837E-02 -0.130030915    
  0.305999607       2.83507109E-02 -0.130315721    
  0.306999594       2.82202531E-02 -0.130599231    
  0.307999581       2.80895121E-02 -0.130881429    
  0.308999568       2.79584918E-02 -0.131162331    
  0.309999555       2.78271902E-02 -0.131441921    
  0.310999542       2.76956093E-02 -0.131720200    
  0.311999530       2.75637507E-02 -0.131997153    
  0.312999517       2.74316166E-02 -0.132272795    
  0.313999504       2.72992067E-02 -0.132547110    
  0.314999491       2.71665230E-02 -0.132820100    
  0.315999478       2.70335674E-02 -0.133091763    
  0.316999465       2.69003399E-02 -0.133362100    
  0.317999452       2.67668441E-02 -0.133631110    
  0.318999439       2.66330782E-02 -0.133898780    
  0.319999427       2.64990479E-02 -0.134165108    
  0.320999414       2.63647512E-02 -0.134430096    
  0.321999401       2.62301881E-02 -0.134693742    
  0.322999388       2.60953642E-02 -0.134956047    
  0.323999375       2.59602778E-02 -0.135216996    
  0.324999362       2.58249305E-02 -0.135476604    
  0.325999349       2.56893262E-02 -0.135734856    
  0.326999336       2.55534630E-02 -0.135991752    
  0.327999324       2.54173428E-02 -0.136247292    
  0.328999311       2.52809692E-02 -0.136501461    
  0.329999298       2.51443405E-02 -0.136754274    
  0.330999285       2.50074621E-02 -0.137005717    
  0.331999272       2.48703323E-02 -0.137255788    
  0.332999259       2.47329511E-02 -0.137504488    
  0.333999246       2.45953240E-02 -0.137751818    
  0.334999233       2.44574491E-02 -0.137997776    
  0.335999221       2.43193284E-02 -0.138242349    
  0.336999208       2.41809655E-02 -0.138485536    
  0.337999195       2.40423586E-02 -0.138727352    
  0.338999182       2.39035096E-02 -0.138967782    
  0.339999169       2.37644222E-02 -0.139206812    
  0.340999156       2.36250963E-02 -0.139444456    
  0.341999143       2.34855339E-02 -0.139680713    
  0.342999130       2.33457349E-02 -0.139915571    
  0.343999118       2.32057013E-02 -0.140149027    
  0.344999105       2.30654366E-02 -0.140381083    
  0.345999092       2.29249392E-02 -0.140611738    
  0.346999079       2.27842126E-02 -0.140840992    
  0.347999066       2.26432588E-02 -0.141068831    
  0.348999053       2.25020759E-02 -0.141295269    
  0.349999040       2.23606694E-02 -0.141520292    
  0.350999027       2.22190376E-02 -0.141743898    
  0.351999015       2.20771823E-02 -0.141966090    
  0.352999002       2.19351072E-02 -0.142186865    
  0.353998989       2.17928104E-02 -0.142406210    
  0.354998976       2.16502957E-02 -0.142624140    
  0.355998963       2.15075631E-02 -0.142840639    
  0.356998950       2.13646144E-02 -0.143055707    
  0.357998937       2.12214533E-02 -0.143269360    
  0.358998924       2.10780781E-02 -0.143481568    
  0.359998912       2.09344905E-02 -0.143692344    
  0.360998899       2.07906943E-02 -0.143901691    
  0.361998886       2.06466876E-02 -0.144109592    
  0.362998873       2.05024760E-02 -0.144316062    
  0.363998860       2.03580577E-02 -0.144521087    
  0.364998847       2.02134345E-02 -0.144724667    
  0.365998834       2.00686101E-02 -0.144926801    
  0.366998821       1.99235827E-02 -0.145127490    
  0.367998809       1.97783560E-02 -0.145326719    
  0.368998796       1.96329299E-02 -0.145524502    
  0.369998783       1.94873065E-02 -0.145720825    
  0.370998770       1.93414893E-02 -0.145915702    
  0.371998757       1.91954765E-02 -0.146109119    
  0.372998744       1.90492701E-02 -0.146301076    
  0.373998731       1.89028736E-02 -0.146491572    
  0.374998719       1.87562872E-02 -0.146680608    
  0.375998706       1.86095126E-02 -0.146868169    
  0.376998693       1.84625518E-02 -0.147054270    
  0.377998680       1.83154047E-02 -0.147238895    
  0.378998667       1.81680750E-02 -0.147422045    
  0.379998654       1.80205610E-02 -0.147603720    
  0.380998641       1.78728681E-02 -0.147783920    
  0.381998628       1.77249946E-02 -0.147962645    
  0.382998616       1.75769422E-02 -0.148139894    
  0.383998603       1.74287148E-02 -0.148315668    
  0.384998590       1.72803123E-02 -0.148489952    
  0.385998577       1.71317365E-02 -0.148662761    
  0.386998564       1.69829875E-02 -0.148834080    
  0.387998551       1.68340672E-02 -0.149003908    
  0.388998538       1.66849792E-02 -0.149172246    
  0.389998525       1.65357236E-02 -0.149339095    
  0.390998513       1.63863022E-02 -0.149504453    
  0.391998500       1.62367150E-02 -0.149668321    
  0.392998487       1.60869639E-02 -0.149830684    
  0.393998474       1.59370527E-02 -0.149991557    
  0.394998461       1.57869812E-02 -0.150150925    
  0.395998448       1.56367514E-02 -0.150308788    
  0.396998435       1.54863643E-02 -0.150465161    
  0.397998422       1.53358215E-02 -0.150620028    
  0.398998410       1.51851252E-02 -0.150773391    
  0.399998397       1.50342751E-02 -0.150925249    
  0.400998384       1.48832742E-02 -0.151075587    
  0.401998371       1.47321243E-02 -0.151224419    
  0.402998358       1.45808263E-02 -0.151371747    
  0.403998345       1.44293820E-02 -0.151517555    
  0.404998332       1.42777925E-02 -0.151661843    
  0.405998319       1.41260587E-02 -0.151804626    
  0.406998307       1.39741832E-02 -0.151945889    
  0.407998294       1.38221672E-02 -0.152085632    
  0.408998281       1.36700124E-02 -0.152223855    
  0.409998268       1.35177206E-02 -0.152360559    
  0.410998255       1.33652920E-02 -0.152495742    
  0.411998242       1.32127292E-02 -0.152629390    
  0.412998229       1.30600333E-02 -0.152761519    
  0.413998216       1.29072070E-02 -0.152892113    
  0.414998204       1.27542503E-02 -0.153021187    
  0.415998191       1.26011660E-02 -0.153148726    
  0.416998178       1.24479542E-02 -0.153274730    
  0.417998165       1.22946175E-02 -0.153399214    
  0.418998152       1.21411569E-02 -0.153522164    
  0.419998139       1.19875744E-02 -0.153643578    
  0.420998126       1.18338708E-02 -0.153763458    
  0.421998113       1.16800480E-02 -0.153881803    
  0.422998101       1.15261078E-02 -0.153998598    
  0.423998088       1.13720512E-02 -0.154113859    
  0.424998075       1.12178801E-02 -0.154227585    
  0.425998062       1.10635962E-02 -0.154339761    
  0.426998049       1.09092016E-02 -0.154450402    
  0.427998036       1.07546961E-02 -0.154559493    
  0.428998023       1.06000826E-02 -0.154667035    
  0.429998010       1.04453629E-02 -0.154773042    
  0.430997998       1.02905380E-02 -0.154877499    
  0.431997985       1.01356097E-02 -0.154980406    
  0.432997972       9.98057891E-03 -0.155081764    
  0.433997959       9.82544664E-03 -0.155181572    
  0.434997946       9.67021566E-03 -0.155279830    
  0.435997933       9.51488782E-03 -0.155376539    
  0.436997920       9.35946405E-03 -0.155471683    
  0.437997907       9.20394622E-03 -0.155565277    
  0.438997895       9.04833525E-03 -0.155657321    
  0.439997882       8.89263209E-03 -0.155747801    
  0.440997869       8.73683952E-03 -0.155836731    
  0.441997856       8.58095940E-03 -0.155924097    
  0.442997843       8.42499267E-03 -0.156009912    
  0.443997830       8.26894119E-03 -0.156094164    
  0.444997817       8.11280590E-03 -0.156176850    
  0.445997804       7.95658771E-03 -0.156257972    
  0.446997792       7.80029036E-03 -0.156337544    
  0.447997779       7.64391385E-03 -0.156415552    
  0.448997766       7.48746004E-03 -0.156491995    
  0.449997753       7.33093079E-03 -0.156566873    
  0.450997740       7.17432704E-03 -0.156640187    
  0.451997727       7.01765111E-03 -0.156711936    
  0.452997714       6.86090440E-03 -0.156782106    
  0.453997701       6.70408783E-03 -0.156850711    
  0.454997689       6.54720375E-03 -0.156917751    
  0.455997676       6.39025355E-03 -0.156983227    
  0.456997663       6.23323815E-03 -0.157047123    
  0.457997650       6.07615989E-03 -0.157109454    
  0.458997637       5.91902016E-03 -0.157170221    
  0.459997624       5.76181989E-03 -0.157229409    
  0.460997611       5.60456142E-03 -0.157287031    
  0.461997598       5.44724660E-03 -0.157343075    
  0.462997586       5.28987637E-03 -0.157397553    
  0.463997573       5.13245212E-03 -0.157450452    
  0.464997560       4.97497618E-03 -0.157501772    
  0.465997547       4.81744995E-03 -0.157551527    
  0.466997534       4.65987436E-03 -0.157599702    
  0.467997521       4.50225128E-03 -0.157646298    
  0.468997508       4.34458256E-03 -0.157691315    
  0.469997495       4.18686913E-03 -0.157734767    
  0.470997483       4.02911333E-03 -0.157776639    
  0.471997470       3.87131632E-03 -0.157816932    
  0.472997457       3.71347996E-03 -0.157855645    
  0.473997444       3.55560565E-03 -0.157892779    
  0.474997431       3.39769525E-03 -0.157928333    
  0.475997418       3.23974993E-03 -0.157962307    
  0.476997405       3.08177131E-03 -0.157994702    
  0.477997392       2.92376126E-03 -0.158025518    
  0.478997380       2.76572118E-03 -0.158054754    
  0.479997367       2.60765268E-03 -0.158082411    
  0.480997354       2.44955719E-03 -0.158108488    
  0.481997341       2.29143631E-03 -0.158132985    
  0.482997328       2.13329191E-03 -0.158155903    
  0.483997315       1.97512540E-03 -0.158177242    
  0.484997302       1.81693828E-03 -0.158196986    
  0.485997289       1.65873219E-03 -0.158215150    
  0.486997277       1.50050875E-03 -0.158231735    
  0.487997264       1.34226959E-03 -0.158246741    
  0.488997251       1.18401612E-03 -0.158260167    
  0.489997238       1.02574995E-03 -0.158272013    
  0.490997225       8.67472845E-04 -0.158282265    
  0.491997212       7.09186192E-04 -0.158290938    
  0.492997199       5.50891680E-04 -0.158298030    
  0.493997186       3.92590882E-04 -0.158303544    
  0.494997174       2.34285370E-04 -0.158307463    
  0.495997161       7.59767208E-05 -0.158309802    
  0.496997148      -8.23334631E-05 -0.158310562    
  0.497997135      -2.40643625E-04 -0.158309743    
  0.498997122      -3.98952194E-04 -0.158307344    
  0.499997109      -5.57257561E-04 -0.158303350    
  0.500997126      -7.15558126E-04 -0.158297777    
  0.501997113      -8.73852347E-04 -0.158290625    
  0.502997100      -1.03213859E-03 -0.158281893    
  0.503997087      -1.19041535E-03 -0.158271566    
  0.504997075      -1.34868093E-03 -0.158259660    
  0.505997062      -1.50693383E-03 -0.158246174    
  0.506997049      -1.66517240E-03 -0.158231109    
  0.507997036      -1.82339514E-03 -0.158214465    
  0.508997023      -1.98160042E-03 -0.158196226    
  0.509997010      -2.13978672E-03 -0.158176407    
  0.510996997      -2.29795231E-03 -0.158155009    
  0.511996984      -2.45609600E-03 -0.158132032    
  0.512996972      -2.61421571E-03 -0.158107474    
  0.513996959      -2.77231005E-03 -0.158081338    
  0.514996946      -2.93037738E-03 -0.158053622    
  0.515996933      -3.08841630E-03 -0.158024311    
  0.516996920      -3.24642519E-03 -0.157993421    
  0.517996907      -3.40440241E-03 -0.157960951    
  0.518996894      -3.56234633E-03 -0.157926902    
  0.519996881      -3.72025534E-03 -0.157891273    
  0.520996869      -3.87812802E-03 -0.157854065    
  0.521996856      -4.03596275E-03 -0.157815278    
  0.522996843      -4.19375813E-03 -0.157774925    
  0.523996830      -4.35151206E-03 -0.157732993    
  0.524996817      -4.50922316E-03 -0.157689482    
  0.525996804      -4.66689048E-03 -0.157644391    
  0.526996791      -4.82451171E-03 -0.157597721    
  0.527996778      -4.98208543E-03 -0.157549471    
  0.528996766      -5.13961026E-03 -0.157499656    
  0.529996753      -5.29708434E-03 -0.157448262    
  0.530996740      -5.45450626E-03 -0.157395288    
  0.531996727      -5.61187416E-03 -0.157340750    
  0.532996714      -5.76918712E-03 -0.157284632    
  0.533996701      -5.92644280E-03 -0.157226935    
  0.534996688      -6.08363980E-03 -0.157167673    
  0.535996675      -6.24077721E-03 -0.157106832    
  0.536996663      -6.39785267E-03 -0.157044426    
  0.537996650      -6.55486481E-03 -0.156980440    
  0.538996637      -6.71181269E-03 -0.156914890    
  0.539996624      -6.86869398E-03 -0.156847775    
  0.540996611      -7.02550728E-03 -0.156779081    
  0.541996598      -7.18225166E-03 -0.156708822    
  0.542996585      -7.33892480E-03 -0.156636998    
  0.543996572      -7.49552483E-03 -0.156563610    
  0.544996560      -7.65205128E-03 -0.156488657    
  0.545996547      -7.80850183E-03 -0.156412140    
  0.546996534      -7.96487462E-03 -0.156334057    
  0.547996521      -8.12116824E-03 -0.156254411    
  0.548996508      -8.27738177E-03 -0.156173199    
  0.549996495      -8.43351427E-03 -0.156090423    
  0.550996482      -8.58956296E-03 -0.156006083    
  0.551996469      -8.74552596E-03 -0.155920193    
  0.552996457      -8.90140235E-03 -0.155832738    
  0.553996444      -9.05719027E-03 -0.155743718    
  0.554996431      -9.21288878E-03 -0.155653149    
  0.555996418      -9.36849602E-03 -0.155561015    
  0.556996405      -9.52401012E-03 -0.155467331    
  0.557996392      -9.67943016E-03 -0.155372098    
  0.558996379      -9.83475428E-03 -0.155275300    
  0.559996367      -9.98998061E-03 -0.155176952    
  0.560996354      -1.01451073E-02 -0.155077055    
  0.561996341      -1.03001343E-02 -0.154975608    
  0.562996328      -1.04550589E-02 -0.154872611    
  0.563996315      -1.06098792E-02 -0.154768065    
  0.564996302      -1.07645942E-02 -0.154661968    
  0.565996289      -1.09192021E-02 -0.154554322    
  0.566996276      -1.10737011E-02 -0.154445127    
  0.567996264      -1.12280911E-02 -0.154334396    
  0.568996251      -1.13823693E-02 -0.154222116    
  0.569996238      -1.15365349E-02 -0.154108286    
  0.570996225      -1.16905859E-02 -0.153992921    
  0.571996212      -1.18445205E-02 -0.153876022    
  0.572996199      -1.19983368E-02 -0.153757572    
  0.573996186      -1.21520348E-02 -0.153637588    
  0.574996173      -1.23056117E-02 -0.153516069    
  0.575996161      -1.24590667E-02 -0.153393015    
  0.576996148      -1.26123978E-02 -0.153268427    
  0.577996135      -1.27656031E-02 -0.153142303    
  0.578996122      -1.29186809E-02 -0.153014645    
  0.579996109      -1.30716311E-02 -0.152885452    
  0.580996096      -1.32244518E-02 -0.152754739    
  0.581996083      -1.33771403E-02 -0.152622491    
  0.582996070      -1.35296956E-02 -0.152488723    
  0.583996058      -1.36821168E-02 -0.152353421    
  0.584996045      -1.38344020E-02 -0.152216598    
  0.585996032      -1.39865493E-02 -0.152078256    
  0.586996019      -1.41385579E-02 -0.151938394    
  0.587996006      -1.42904259E-02 -0.151797011    
  0.588995993      -1.44421514E-02 -0.151654109    
  0.589995980      -1.45937325E-02 -0.151509687    
  0.590995967      -1.47451693E-02 -0.151363745    
  0.591995955      -1.48964599E-02 -0.151216298    
  0.592995942      -1.50476014E-02 -0.151067331    
  0.593995929      -1.51985930E-02 -0.150916860    
  0.594995916      -1.53494338E-02 -0.150764868    
  0.595995903      -1.55001227E-02 -0.150611371    
  0.596995890      -1.56506561E-02 -0.150456369    
  0.597995877      -1.58010349E-02 -0.150299862    
  0.598995864      -1.59512572E-02 -0.150141850    
  0.599995852      -1.61013193E-02 -0.149982333    
  0.600995839      -1.62512213E-02 -0.149821326    
  0.601995826      -1.64009612E-02 -0.149658814    
  0.602995813      -1.65505372E-02 -0.149494797    
  0.603995800      -1.66999493E-02 -0.149329290    
  0.604995787      -1.68491956E-02 -0.149162292    
  0.605995774      -1.69982743E-02 -0.148993805    
  0.606995761      -1.71471816E-02 -0.148823828    
  0.607995749      -1.72959194E-02 -0.148652360    
  0.608995736      -1.74444858E-02 -0.148479402    
  0.609995723      -1.75928771E-02 -0.148304954    
  0.610995710      -1.77410953E-02 -0.148129031    
  0.611995697      -1.78891346E-02 -0.147951618    
  0.612995684      -1.80369969E-02 -0.147772729    
  0.613995671      -1.81846805E-02 -0.147592366    
  0.614995658      -1.83321815E-02 -0.147410512    
  0.615995646      -1.84795000E-02 -0.147227183    
  0.616995633      -1.86266340E-02 -0.147042394    
  0.617995620      -1.87735837E-02 -0.146856129    
  0.618995607      -1.89203471E-02 -0.146668389    
  0.619995594      -1.90669205E-02 -0.146479189    
  0.620995581      -1.92133039E-02 -0.146288514    
  0.621995568      -1.93594955E-02 -0.146096379    
  0.622995555      -1.95054952E-02 -0.145902783    
  0.623995543      -1.96513012E-02 -0.145707726    
  0.624995530      -1.97969098E-02 -0.145511210    
  0.625995517      -1.99423227E-02 -0.145313248    
  0.626995504      -2.00875346E-02 -0.145113826    
  0.627995491      -2.02325471E-02 -0.144912943    
  0.628995478      -2.03773603E-02 -0.144710615    
  0.629995465      -2.05219686E-02 -0.144506842    
  0.630995452      -2.06663739E-02 -0.144301623    
  0.631995440      -2.08105724E-02 -0.144094959    
  0.632995427      -2.09545624E-02 -0.143886849    
  0.633995414      -2.10983455E-02 -0.143677309    
  0.634995401      -2.12419163E-02 -0.143466324    
  0.635995388      -2.13852767E-02 -0.143253908    
  0.636995375      -2.15284247E-02 -0.143040061    
  0.637995362      -2.16713566E-02 -0.142824784    
  0.638995349      -2.18140725E-02 -0.142608076    
  0.639995337      -2.19565704E-02 -0.142389938    
  0.640995324      -2.20988505E-02 -0.142170370    
  0.641995311      -2.22409107E-02 -0.141949385    
  0.642995298      -2.23827474E-02 -0.141726971    
  0.643995285      -2.25243624E-02 -0.141503140    
  0.644995272      -2.26657540E-02 -0.141277894    
  0.645995259      -2.28069182E-02 -0.141051233    
  0.646995246      -2.29478553E-02 -0.140823171    
  0.647995234      -2.30885632E-02 -0.140593693    
  0.648995221      -2.32290421E-02 -0.140362814    
  0.649995208      -2.33692899E-02 -0.140130520    
  0.650995195      -2.35093031E-02 -0.139896825    
  0.651995182      -2.36490835E-02 -0.139661729    
  0.652995169      -2.37886272E-02 -0.139425233    
  0.653995156      -2.39279326E-02 -0.139187351    
  0.654995143      -2.40670014E-02 -0.138948068    
  0.655995131      -2.42058281E-02 -0.138707399    
  0.656995118      -2.43444145E-02 -0.138465345    
  0.657995105      -2.44827587E-02 -0.138221905    
  0.658995092      -2.46208571E-02 -0.137977079    
  0.659995079      -2.47587115E-02 -0.137730867    
  0.660995066      -2.48963200E-02 -0.137483284    
  0.661995053      -2.50336789E-02 -0.137234315    
  0.662995040      -2.51707882E-02 -0.136983976    
  0.663995028      -2.53076460E-02 -0.136732265    
  0.664995015      -2.54442524E-02 -0.136479184    
  0.665995002      -2.55806055E-02 -0.136224747    
  0.666994989      -2.57167015E-02 -0.135968938    
  0.667994976      -2.58525424E-02 -0.135711774    
  0.668994963      -2.59881262E-02 -0.135453254    
  0.669994950      -2.61234492E-02 -0.135193378    
  0.670994937      -2.62585115E-02 -0.134932145    
  0.671994925      -2.63933130E-02 -0.134669557    
  0.672994912      -2.65278500E-02 -0.134405628    
  0.673994899      -2.66621225E-02 -0.134140342    
  0.674994886      -2.67961286E-02 -0.133873716    
  0.675994873      -2.69298684E-02 -0.133605748    
  0.676994860      -2.70633399E-02 -0.133336455    
  0.677994847      -2.71965396E-02 -0.133065820    
  0.678994834      -2.73294691E-02 -0.132793859    
  0.679994822      -2.74621267E-02 -0.132520571    
  0.680994809      -2.75945086E-02 -0.132245943    
  0.681994796      -2.77266167E-02 -0.131970003    
  0.682994783      -2.78584491E-02 -0.131692737    
  0.683994770      -2.79900022E-02 -0.131414160    
  0.684994757      -2.81212758E-02 -0.131134257    
  0.685994744      -2.82522701E-02 -0.130853042    
  0.686994731      -2.83829812E-02 -0.130570516    
  0.687994719      -2.85134111E-02 -0.130286694    
  0.688994706      -2.86435541E-02 -0.130001560    
  0.689994693      -2.87734121E-02 -0.129715130    
  0.690994680      -2.89029833E-02 -0.129427388    
  0.691994667      -2.90322658E-02 -0.129138365    
  0.692994654      -2.91612595E-02 -0.128848046    
  0.693994641      -2.92899627E-02 -0.128556430    
  0.694994628      -2.94183716E-02 -0.128263533    
  0.695994616      -2.95464881E-02 -0.127969354    
  0.696994603      -2.96743102E-02 -0.127673894    
  0.697994590      -2.98018344E-02 -0.127377152    
  0.698994577      -2.99290624E-02 -0.127079129    
  0.699994564      -3.00559923E-02 -0.126779839    
  0.700994551      -3.01826205E-02 -0.126479283    
  0.701994538      -3.03089488E-02 -0.126177460    
  0.702994525      -3.04349754E-02 -0.125874370    
  0.703994513      -3.05606965E-02 -0.125570014    
  0.704994500      -3.06861140E-02 -0.125264406    
  0.705994487      -3.08112260E-02 -0.124957547    
  0.706994474      -3.09360288E-02 -0.124649435    
  0.707994461      -3.10605243E-02 -0.124340072    
  0.708994448      -3.11847106E-02 -0.124029465    
  0.709994435      -3.13085839E-02 -0.123717621    
  0.710994422      -3.14321443E-02 -0.123404533    
  0.711994410      -3.15553918E-02 -0.123090208    
  0.712994397      -3.16783264E-02 -0.122774653    
  0.713994384      -3.18009406E-02 -0.122457869    
  0.714994371      -3.19232382E-02 -0.122139856    
  0.715994358      -3.20452191E-02 -0.121820621    
  0.716994345      -3.21668796E-02 -0.121500172    
  0.717994332      -3.22882198E-02 -0.121178500    
  0.718994319      -3.24092396E-02 -0.120855615    
  0.719994307      -3.25299352E-02 -0.120531522    
  0.720994294      -3.26503031E-02 -0.120206222    
  0.721994281      -3.27703469E-02 -0.119879723    
  0.722994268      -3.28900628E-02 -0.119552016    
  0.723994255      -3.30094509E-02 -0.119223118    
  0.724994242      -3.31285112E-02 -0.118893020    
  0.725994229      -3.32472399E-02 -0.118561737    
  0.726994216      -3.33656333E-02 -0.118229263    
  0.727994204      -3.34836952E-02 -0.117895603    
  0.728994191      -3.36014219E-02 -0.117560767    
  0.729994178      -3.37188132E-02 -0.117224753    
  0.730994165      -3.38358693E-02 -0.116887562    
  0.731994152      -3.39525901E-02 -0.116549201    
  0.732994139      -3.40689681E-02 -0.116209678    
  0.733994126      -3.41850072E-02 -0.115868986    
  0.734994113      -3.43007036E-02 -0.115527138    
  0.735994101      -3.44160609E-02 -0.115184128    
  0.736994088      -3.45310755E-02 -0.114839971    
  0.737994075      -3.46457437E-02 -0.114494659    
  0.738994062      -3.47600617E-02 -0.114148200    
  0.739994049      -3.48740332E-02 -0.113800600    
  0.740994036      -3.49876583E-02 -0.113451861    
  0.741994023      -3.51009369E-02 -0.113101982    
  0.742994010      -3.52138653E-02 -0.112750970    
  0.743993998      -3.53264399E-02 -0.112398833    
  0.744993985      -3.54386643E-02 -0.112045571    
  0.745993972      -3.55505310E-02 -0.111691184    
  0.746993959      -3.56620438E-02 -0.111335680    
  0.747993946      -3.57731991E-02 -0.110979058    
  0.748993933      -3.58840004E-02 -0.110621326    
  0.749993920      -3.59944440E-02 -0.110262483    
  0.750993907      -3.61045264E-02 -0.109902538    
  0.751993895      -3.62142511E-02 -0.109541491    
  0.752993882      -3.63236107E-02 -0.109179348    
  0.753993869      -3.64326090E-02 -0.108816110    
  0.754993856      -3.65412422E-02 -0.108451784    
  0.755993843      -3.66495103E-02 -0.108086370    
  0.756993830      -3.67574133E-02 -0.107719876    
  0.757993817      -3.68649513E-02 -0.107352301    
  0.758993804      -3.69721204E-02 -0.106983654    
  0.759993792      -3.70789170E-02 -0.106613934    
  0.760993779      -3.71853448E-02 -0.106243148    
  0.761993766      -3.72914001E-02 -0.105871297    
  0.762993753      -3.73970866E-02 -0.105498381    
  0.763993740      -3.75024006E-02 -0.105124407    
  0.764993727      -3.76073383E-02 -0.104749382    
  0.765993714      -3.77118997E-02 -0.104373306    
  0.766993701      -3.78160812E-02 -0.103996187    
  0.767993689      -3.79198864E-02 -0.103618026    
  0.768993676      -3.80233154E-02 -0.103238828    
  0.769993663      -3.81263644E-02 -0.102858596    
  0.770993650      -3.82290334E-02 -0.102477334    
  0.771993637      -3.83313224E-02 -0.102095045    
  0.772993624      -3.84332277E-02 -0.101711735    
  0.773993611      -3.85347456E-02 -0.101327404    
  0.774993598      -3.86358798E-02 -0.100942060    
  0.775993586      -3.87366265E-02 -0.100555703    
  0.776993573      -3.88369896E-02 -0.100168340    
  0.777993560      -3.89369652E-02  -9.97799709E-02
  0.778993547      -3.90365496E-02  -9.93906036E-02
  0.779993534      -3.91357467E-02  -9.90002379E-02
  0.780993521      -3.92345488E-02  -9.86088812E-02
  0.781993508      -3.93329598E-02  -9.82165337E-02
  0.782993495      -3.94309796E-02  -9.78232026E-02
  0.783993483      -3.95286046E-02  -9.74288955E-02
  0.784993470      -3.96258347E-02  -9.70336124E-02
  0.785993457      -3.97226699E-02  -9.66373533E-02
  0.786993444      -3.98191102E-02  -9.62401256E-02
  0.787993431      -3.99151519E-02  -9.58419368E-02
  0.788993418      -4.00107913E-02  -9.54427868E-02
  0.789993405      -4.01060320E-02  -9.50426757E-02
  0.790993392      -4.02008742E-02  -9.46416184E-02
  0.791993380      -4.02953140E-02  -9.42396075E-02
  0.792993367      -4.03893515E-02  -9.38366577E-02
  0.793993354      -4.04829867E-02  -9.34327617E-02
  0.794993341      -4.05762196E-02  -9.30279344E-02
  0.795993328      -4.06690463E-02  -9.26221758E-02
  0.796993315      -4.07614633E-02  -9.22154859E-02
  0.797993302      -4.08534743E-02  -9.18078721E-02
  0.798993289      -4.09450755E-02  -9.13993344E-02
  0.799993277      -4.10362706E-02  -9.09898803E-02
  0.800993264      -4.11270559E-02  -9.05795172E-02
  0.801993251      -4.12174314E-02  -9.01682451E-02
  0.802993238      -4.13073935E-02  -8.97560716E-02
  0.803993225      -4.13969457E-02  -8.93429965E-02
  0.804993212      -4.14860807E-02  -8.89290273E-02
  0.805993199      -4.15748022E-02  -8.85141641E-02
  0.806993186      -4.16631065E-02  -8.80984142E-02
  0.807993174      -4.17509973E-02  -8.76817852E-02
  0.808993161      -4.18384708E-02  -8.72642770E-02
  0.809993148      -4.19255272E-02  -8.68458897E-02
  0.810993135      -4.20121662E-02  -8.64266381E-02
  0.811993122      -4.20983844E-02  -8.60065147E-02
  0.812993109      -4.21841778E-02  -8.55855346E-02
  0.813993096      -4.22695503E-02  -8.51636901E-02
  0.814993083      -4.23545018E-02  -8.47409964E-02
  0.815993071      -4.24390286E-02  -8.43174532E-02
  0.816993058      -4.25231345E-02  -8.38930607E-02
  0.817993045      -4.26068157E-02  -8.34678262E-02
  0.818993032      -4.26900722E-02  -8.30417573E-02
  0.819993019      -4.27729003E-02  -8.26148540E-02
  0.820993006      -4.28553037E-02  -8.21871236E-02
  0.821992993      -4.29372750E-02  -8.17585737E-02
  0.822992980      -4.30188179E-02  -8.13292041E-02
  0.823992968      -4.30999324E-02  -8.08990151E-02
  0.824992955      -4.31806147E-02  -8.04680139E-02
  0.825992942      -4.32608649E-02  -8.00362080E-02
  0.826992929      -4.33406867E-02  -7.96035975E-02
  0.827992916      -4.34200726E-02  -7.91701898E-02
  0.828992903      -4.34990264E-02  -7.87359923E-02
  0.829992890      -4.35775481E-02  -7.83010051E-02
  0.830992877      -4.36556339E-02  -7.78652281E-02
  0.831992865      -4.37332802E-02  -7.74286687E-02
  0.832992852      -4.38104905E-02  -7.69913346E-02
  0.833992839      -4.38872613E-02  -7.65532330E-02
  0.834992826      -4.39635962E-02  -7.61143640E-02
  0.835992813      -4.40394916E-02  -7.56747276E-02
  0.836992800      -4.41149473E-02  -7.52343312E-02
  0.837992787      -4.41899635E-02  -7.47931823E-02
  0.838992774      -4.42645364E-02  -7.43512809E-02
  0.839992762      -4.43386696E-02  -7.39086345E-02
  0.840992749      -4.44123559E-02  -7.34652504E-02
  0.841992736      -4.44855988E-02  -7.30211288E-02
  0.842992723      -4.45583947E-02  -7.25762695E-02
  0.843992710      -4.46307473E-02  -7.21306875E-02
  0.844992697      -4.47026528E-02  -7.16843829E-02
  0.845992684      -4.47741151E-02  -7.12373555E-02
  0.846992671      -4.48451303E-02  -7.07896128E-02
  0.847992659      -4.49156947E-02  -7.03411624E-02
  0.848992646      -4.49858122E-02  -6.98920041E-02
  0.849992633      -4.50554788E-02  -6.94421455E-02
  0.850992620      -4.51246984E-02  -6.89915940E-02
  0.851992607      -4.51934636E-02  -6.85403496E-02
  0.852992594      -4.52617779E-02  -6.80884123E-02
  0.853992581      -4.53296378E-02  -6.76357970E-02
  0.854992568      -4.53970470E-02  -6.71825036E-02
  0.855992556      -4.54640016E-02  -6.67285323E-02
  0.856992543      -4.55305018E-02  -6.62738904E-02
  0.857992530      -4.55965474E-02  -6.58185855E-02
  0.858992517      -4.56621386E-02  -6.53626174E-02
  0.859992504      -4.57272753E-02  -6.49059936E-02
  0.860992491      -4.57919538E-02  -6.44487217E-02
  0.861992478      -4.58561741E-02  -6.39908016E-02
  0.862992465      -4.59199324E-02  -6.35322407E-02
  0.863992453      -4.59832326E-02  -6.30730391E-02
  0.864992440      -4.60460745E-02  -6.26132041E-02
  0.865992427      -4.61084582E-02  -6.21527433E-02
  0.866992414      -4.61703800E-02  -6.16916604E-02
  0.867992401      -4.62318398E-02  -6.12299554E-02
  0.868992388      -4.62928377E-02  -6.07676357E-02
  0.869992375      -4.63533737E-02  -6.03047088E-02
  0.870992362      -4.64134477E-02  -5.98411746E-02
  0.871992350      -4.64730561E-02  -5.93770407E-02
  0.872992337      -4.65322025E-02  -5.89123107E-02
  0.873992324      -4.65908833E-02  -5.84469885E-02
  0.874992311      -4.66490947E-02  -5.79810813E-02
  0.875992298      -4.67068404E-02  -5.75145893E-02
  0.876992285      -4.67641205E-02  -5.70475198E-02
  0.877992272      -4.68209349E-02  -5.65798804E-02
  0.878992260      -4.68772799E-02  -5.61116710E-02
  0.879992247      -4.69331555E-02  -5.56428991E-02
  0.880992234      -4.69885655E-02  -5.51735684E-02
  0.881992221      -4.70435061E-02  -5.47036827E-02
  0.882992208      -4.70979735E-02  -5.42332493E-02
  0.883992195      -4.71519716E-02  -5.37622683E-02
  0.884992182      -4.72055003E-02  -5.32907471E-02
  0.885992169      -4.72585559E-02  -5.28186932E-02
  0.886992157      -4.73111384E-02  -5.23461066E-02
  0.887992144      -4.73632514E-02  -5.18729948E-02
  0.888992131      -4.74148877E-02  -5.13993613E-02
  0.889992118      -4.74660471E-02  -5.09252138E-02
  0.890992105      -4.75167334E-02  -5.04505523E-02
  0.891992092      -4.75669466E-02  -4.99753840E-02
  0.892992079      -4.76166829E-02  -4.94997129E-02
  0.893992066      -4.76659425E-02  -4.90235463E-02
  0.894992054      -4.77147289E-02  -4.85468879E-02
  0.895992041      -4.77630384E-02  -4.80697416E-02
  0.896992028      -4.78108712E-02  -4.75921109E-02
  0.897992015      -4.78582233E-02  -4.71140034E-02
  0.898992002      -4.79050986E-02  -4.66354229E-02
  0.899991989      -4.79514971E-02  -4.61563729E-02
  0.900991976      -4.79974151E-02  -4.56768572E-02
  0.901991963      -4.80428524E-02  -4.51968834E-02
  0.902991951      -4.80878092E-02  -4.47164550E-02
  0.903991938      -4.81322818E-02  -4.42355759E-02
  0.904991925      -4.81762737E-02  -4.37542535E-02
  0.905991912      -4.82197851E-02  -4.32724915E-02
  0.906991899      -4.82628159E-02  -4.27902937E-02
  0.907991886      -4.83053625E-02  -4.23076637E-02
  0.908991873      -4.83474284E-02  -4.18246090E-02
  0.909991860      -4.83890101E-02  -4.13411334E-02
  0.910991848      -4.84301075E-02  -4.08572443E-02
  0.911991835      -4.84707244E-02  -4.03729416E-02
  0.912991822      -4.85108569E-02  -3.98882329E-02
  0.913991809      -4.85505015E-02  -3.94031256E-02
  0.914991796      -4.85896617E-02  -3.89176197E-02
  0.915991783      -4.86283377E-02  -3.84317227E-02
  0.916991770      -4.86665256E-02  -3.79454382E-02
  0.917991757      -4.87042293E-02  -3.74587737E-02
  0.918991745      -4.87414449E-02  -3.69717330E-02
  0.919991732      -4.87781763E-02  -3.64843197E-02
  0.920991719      -4.88144197E-02  -3.59965377E-02
  0.921991706      -4.88501713E-02  -3.55083942E-02
  0.922991693      -4.88854349E-02  -3.50198932E-02
  0.923991680      -4.89202105E-02  -3.45310383E-02
  0.924991667      -4.89544943E-02  -3.40418369E-02
  0.925991654      -4.89882901E-02  -3.35522927E-02
  0.926991642      -4.90215980E-02  -3.30624096E-02
  0.927991629      -4.90544140E-02  -3.25721949E-02
  0.928991616      -4.90867421E-02  -3.20816524E-02
  0.929991603      -4.91185784E-02  -3.15907858E-02
  0.930991590      -4.91499230E-02  -3.10996007E-02
  0.931991577      -4.91807759E-02  -3.06081008E-02
  0.932991564      -4.92111370E-02  -3.01162936E-02
  0.933991551      -4.92410064E-02  -2.96241827E-02
  0.934991539      -4.92703840E-02  -2.91317720E-02
  0.935991526      -4.92992699E-02  -2.86390688E-02
  0.936991513      -4.93276641E-02  -2.81460769E-02
  0.937991500      -4.93555628E-02  -2.76528001E-02
  0.938991487      -4.93829697E-02  -2.71592438E-02
  0.939991474      -4.94098850E-02  -2.66654138E-02
  0.940991461      -4.94363047E-02  -2.61713155E-02
  0.941991448      -4.94622290E-02  -2.56769527E-02
  0.942991436      -4.94876616E-02  -2.51823310E-02
  0.943991423      -4.95125987E-02  -2.46874541E-02
  0.944991410      -4.95370403E-02  -2.41923276E-02
  0.945991397      -4.95609865E-02  -2.36969572E-02
  0.946991384      -4.95844334E-02  -2.32013464E-02
  0.947991371      -4.96073849E-02  -2.27055028E-02
  0.948991358      -4.96298410E-02  -2.22094283E-02
  0.949991345      -4.96518016E-02  -2.17131302E-02
  0.950991333      -4.96732667E-02  -2.12166123E-02
  0.951991320      -4.96942326E-02  -2.07198802E-02
  0.952991307      -4.97147031E-02  -2.02229377E-02
  0.953991294      -4.97346781E-02  -1.97257902E-02
  0.954991281      -4.97541539E-02  -1.92284435E-02
  0.955991268      -4.97731343E-02  -1.87309012E-02
  0.956991255      -4.97916155E-02  -1.82331689E-02
  0.957991242      -4.98095974E-02  -1.77352522E-02
  0.958991230      -4.98270839E-02  -1.72371566E-02
  0.959991217      -4.98440713E-02  -1.67388860E-02
  0.960991204      -4.98605594E-02  -1.62404459E-02
  0.961991191      -4.98765521E-02  -1.57418400E-02
  0.962991178      -4.98920456E-02  -1.52430749E-02
  0.963991165      -4.99070399E-02  -1.47441542E-02
  0.964991152      -4.99215350E-02  -1.42450836E-02
  0.965991139      -4.99355309E-02  -1.37458686E-02
  0.966991127      -4.99490276E-02  -1.32465130E-02
  0.967991114      -4.99620251E-02  -1.27470223E-02
  0.968991101      -4.99745235E-02  -1.22474022E-02
  0.969991088      -4.99865226E-02  -1.17476573E-02
  0.970991075      -4.99980189E-02  -1.12477923E-02
  0.971991062      -5.00090159E-02  -1.07478118E-02
  0.972991049      -5.00195138E-02  -1.02477213E-02
  0.973991036      -5.00295125E-02  -9.74752568E-03
  0.974991024      -5.00390120E-02  -9.24723037E-03
  0.975991011      -5.00480086E-02  -8.74684006E-03
  0.976990998      -5.00565059E-02  -8.24636035E-03
  0.977990985      -5.00645041E-02  -7.74579542E-03
  0.978990972      -5.00719994E-02  -7.24515039E-03
  0.979990959      -5.00789955E-02  -6.74443040E-03
  0.980990946      -5.00854887E-02  -6.24364056E-03
  0.981990933      -5.00914827E-02  -5.74278552E-03
  0.982990921      -5.00969775E-02  -5.24187088E-03
  0.983990908      -5.01019694E-02  -4.74090129E-03
  0.984990895      -5.01064621E-02  -4.23988141E-03
  0.985990882      -5.01104519E-02  -3.73881683E-03
  0.986990869      -5.01139425E-02  -3.23771220E-03
  0.987990856      -5.01169302E-02  -2.73657264E-03
  0.988990843      -5.01194187E-02  -2.23540328E-03
  0.989990830      -5.01214042E-02  -1.73420901E-03
  0.990990818      -5.01228906E-02  -1.23299495E-03
  0.991990805      -5.01238741E-02  -7.31765991E-04
  0.992990792      -5.01243547E-02  -2.30527192E-04
  0.993990779      -5.01243360E-02   2.70716380E-04
  0.994990766      -5.01238145E-02   7.71959778E-04
  0.995990753      -5.01227938E-02   1.27319805E-03
  0.996990740      -5.01212701E-02   1.77442597E-03
  0.997990727      -5.01192473E-02   2.27563875E-03
  0.998990715      -5.01167215E-02   2.77683116E-03
  0.999990702      -5.01136966E-02   3.27799842E-03
   1.00099075      -5.01101688E-02   3.77913541E-03
   1.00199080      -5.01061417E-02   4.28023702E-03
   1.00299084      -5.01016118E-02   4.78129834E-03
   1.00399089      -5.00965826E-02   5.28231449E-03
   1.00499094      -5.00910506E-02   5.78328036E-03
   1.00599098      -5.00850193E-02   6.28419081E-03
   1.00699103      -5.00784852E-02   6.78504119E-03
   1.00799108      -5.00714518E-02   7.28582591E-03
   1.00899112      -5.00639156E-02   7.78654031E-03
   1.00999117      -5.00558801E-02   8.28717928E-03
   1.01099122      -5.00473417E-02   8.78773816E-03
   1.01199126      -5.00383042E-02   9.28821135E-03
   1.01299131      -5.00287674E-02   9.78859421E-03
   1.01399136      -5.00187278E-02   1.02888821E-02
   1.01499140      -5.00081889E-02   1.07890693E-02
   1.01599145      -4.99971509E-02   1.12891514E-02
   1.01699150      -4.99856137E-02   1.17891226E-02
   1.01799154      -4.99735735E-02   1.22889783E-02
   1.01899159      -4.99610342E-02   1.27887139E-02
   1.01999164      -4.99479957E-02   1.32883247E-02
   1.02099168      -4.99344580E-02   1.37878051E-02
   1.02199173      -4.99204211E-02   1.42871495E-02
   1.02299178      -4.99058850E-02   1.47863533E-02
   1.02399182      -4.98908497E-02   1.52854118E-02
   1.02499187      -4.98753153E-02   1.57843195E-02
   1.02599192      -4.98592816E-02   1.62830725E-02
   1.02699196      -4.98427488E-02   1.67816654E-02
   1.02799201      -4.98257168E-02   1.72800925E-02
   1.02899206      -4.98081855E-02   1.77783500E-02
   1.02999210      -4.97901589E-02   1.82764325E-02
   1.03099215      -4.97716330E-02   1.87743343E-02
   1.03199220      -4.97526079E-02   1.92720499E-02
   1.03299224      -4.97330874E-02   1.97695754E-02
   1.03399229      -4.97130677E-02   2.02669054E-02
   1.03499234      -4.96925525E-02   2.07640361E-02
   1.03599238      -4.96715382E-02   2.12609619E-02
   1.03699243      -4.96500283E-02   2.17576772E-02
   1.03799248      -4.96280193E-02   2.22541783E-02
   1.03899252      -4.96055149E-02   2.27504577E-02
   1.03999257      -4.95825149E-02   2.32465137E-02
   1.04099262      -4.95590195E-02   2.37423386E-02
   1.04199266      -4.95350286E-02   2.42379289E-02
   1.04299271      -4.95105460E-02   2.47332789E-02
   1.04399276      -4.94855680E-02   2.52283849E-02
   1.04499280      -4.94600944E-02   2.57232413E-02
   1.04599285      -4.94341254E-02   2.62178425E-02
   1.04699290      -4.94076610E-02   2.67121829E-02
   1.04799294      -4.93807048E-02   2.72062588E-02
   1.04899299      -4.93532531E-02   2.77000666E-02
   1.04999304      -4.93253060E-02   2.81935986E-02
   1.05099308      -4.92968671E-02   2.86868513E-02
   1.05199313      -4.92679328E-02   2.91798208E-02
   1.05299318      -4.92385067E-02   2.96724997E-02
   1.05399323      -4.92085889E-02   3.01648844E-02
   1.05499327      -4.91781794E-02   3.06569710E-02
   1.05599332      -4.91472781E-02   3.11487522E-02
   1.05699337      -4.91158850E-02   3.16402242E-02
   1.05799341      -4.90840003E-02   3.21313813E-02
   1.05899346      -4.90516238E-02   3.26222219E-02
   1.05999351      -4.90187556E-02   3.31127383E-02
   1.06099355      -4.89853956E-02   3.36029269E-02
   1.06199360      -4.89515476E-02   3.40927802E-02
   1.06299365      -4.89172079E-02   3.45822945E-02
   1.06399369      -4.88823801E-02   3.50714661E-02
   1.06499374      -4.88470644E-02   3.55602913E-02
   1.06599379      -4.88112569E-02   3.60487625E-02
   1.06699383      -4.87749614E-02   3.65368761E-02
   1.06799388      -4.87381816E-02   3.70246246E-02
   1.06899393      -4.87009138E-02   3.75120081E-02
   1.06999397      -4.86631580E-02   3.79990190E-02
   1.07099402      -4.86249179E-02   3.84856500E-02
   1.07199407      -4.85861897E-02   3.89719009E-02
   1.07299411      -4.85469773E-02   3.94577645E-02
   1.07399416      -4.85072769E-02   3.99432331E-02
   1.07499421      -4.84670922E-02   4.04283069E-02
   1.07599425      -4.84264232E-02   4.09129784E-02
   1.07699430      -4.83852699E-02   4.13972437E-02
   1.07799435      -4.83436324E-02   4.18810956E-02
   1.07899439      -4.83015105E-02   4.23645303E-02
   1.07999444      -4.82589044E-02   4.28475440E-02
   1.08099449      -4.82158139E-02   4.33301330E-02
   1.08199453      -4.81722429E-02   4.38122898E-02
   1.08299458      -4.81281877E-02   4.42940108E-02
   1.08399463      -4.80836518E-02   4.47752923E-02
   1.08499467      -4.80386354E-02   4.52561304E-02
   1.08599472      -4.79931422E-02   4.57365178E-02
   1.08699477      -4.79471684E-02   4.62164506E-02
   1.08799481      -4.79007140E-02   4.66959216E-02
   1.08899486      -4.78537790E-02   4.71749306E-02
   1.08999491      -4.78063673E-02   4.76534702E-02
   1.09099495      -4.77584749E-02   4.81315330E-02
   1.09199500      -4.77101058E-02   4.86091189E-02
   1.09299505      -4.76612598E-02   4.90862206E-02
   1.09399509      -4.76119369E-02   4.95628342E-02
   1.09499514      -4.75621372E-02   5.00389524E-02
   1.09599519      -4.75118607E-02   5.05145751E-02
   1.09699523      -4.74611074E-02   5.09896949E-02
   1.09799528      -4.74098809E-02   5.14643043E-02
   1.09899533      -4.73581776E-02   5.19384034E-02
   1.09999537      -4.73060012E-02   5.24119847E-02
   1.10099542      -4.72533554E-02   5.28850444E-02
   1.10199547      -4.72002365E-02   5.33575788E-02
   1.10299551      -4.71466444E-02   5.38295805E-02
   1.10399556      -4.70925793E-02   5.43010458E-02
   1.10499561      -4.70380448E-02   5.47719710E-02
   1.10599566      -4.69830371E-02   5.52423522E-02
   1.10699570      -4.69275601E-02   5.57121821E-02
   1.10799575      -4.68716137E-02   5.61814569E-02
   1.10899580      -4.68151979E-02   5.66501729E-02
   1.10999584      -4.67583127E-02   5.71183264E-02
   1.11099589      -4.67009582E-02   5.75859100E-02
   1.11199594      -4.66431379E-02   5.80529198E-02
   1.11299598      -4.65848520E-02   5.85193522E-02
   1.11399603      -4.65260968E-02   5.89851998E-02
   1.11499608      -4.64668795E-02   5.94504625E-02
   1.11599612      -4.64071967E-02   5.99151328E-02
   1.11699617      -4.63470519E-02   6.03792034E-02
   1.11799622      -4.62864414E-02   6.08426742E-02
   1.11899626      -4.62253690E-02   6.13055378E-02
   1.11999631      -4.61638309E-02   6.17677905E-02
   1.12099636      -4.61018309E-02   6.22294284E-02
   1.12199640      -4.60393690E-02   6.26904443E-02
   1.12299645      -4.59764488E-02   6.31508380E-02
   1.12399650      -4.59130667E-02   6.36106059E-02
   1.12499654      -4.58492264E-02   6.40697330E-02
   1.12599659      -4.57849242E-02   6.45282269E-02
   1.12699664      -4.57201675E-02   6.49860725E-02
   1.12799668      -4.56549525E-02   6.54432774E-02
   1.12899673      -4.55892831E-02   6.58998266E-02
   1.12999678      -4.55231555E-02   6.63557202E-02
   1.13099682      -4.54565734E-02   6.68109506E-02
   1.13199687      -4.53895368E-02   6.72655180E-02
   1.13299692      -4.53220457E-02   6.77194148E-02
   1.13399696      -4.52541001E-02   6.81726336E-02
   1.13499701      -4.51857001E-02   6.86251745E-02
   1.13599706      -4.51168492E-02   6.90770298E-02
   1.13699710      -4.50475439E-02   6.95281997E-02
   1.13799715      -4.49777916E-02   6.99786767E-02
   1.13899720      -4.49075885E-02   7.04284534E-02
   1.13999724      -4.48369384E-02   7.08775297E-02
   1.14099729      -4.47658375E-02   7.13258982E-02
   1.14199734      -4.46942896E-02   7.17735589E-02
   1.14299738      -4.46222909E-02   7.22205043E-02
   1.14399743      -4.45498452E-02   7.26667270E-02
   1.14499748      -4.44769561E-02   7.31122270E-02
   1.14599752      -4.44036201E-02   7.35569969E-02
   1.14699757      -4.43298407E-02   7.40010366E-02
   1.14799762      -4.42556180E-02   7.44443387E-02
   1.14899766      -4.41809557E-02   7.48868957E-02
   1.14999771      -4.41058502E-02   7.53287077E-02
   1.15099776      -4.40303013E-02   7.57697672E-02
   1.15199780      -4.39543128E-02   7.62100667E-02
   1.15299785      -4.38778847E-02   7.66496062E-02
   1.15399790      -4.38010171E-02   7.70883858E-02
   1.15499794      -4.37237099E-02   7.75263980E-02
   1.15599799      -4.36459631E-02   7.79636353E-02
   1.15699804      -4.35677804E-02   7.84000978E-02
   1.15799809      -4.34891656E-02   7.88357779E-02
   1.15899813      -4.34101149E-02   7.92706683E-02
   1.15999818      -4.33306284E-02   7.97047690E-02
   1.16099823      -4.32507060E-02   8.01380724E-02
   1.16199827      -4.31703515E-02   8.05705786E-02
   1.16299832      -4.30895649E-02   8.10022801E-02
   1.16399837      -4.30083461E-02   8.14331770E-02
   1.16499841      -4.29266952E-02   8.18632618E-02
   1.16599846      -4.28446159E-02   8.22925270E-02
   1.16699851      -4.27621081E-02   8.27209726E-02
   1.16799855      -4.26791757E-02   8.31485912E-02
   1.16899860      -4.25958149E-02   8.35753828E-02
   1.16999865      -4.25120257E-02   8.40013400E-02
   1.17099869      -4.24278118E-02   8.44264627E-02
   1.17199874      -4.23431732E-02   8.48507434E-02
   1.17299879      -4.22581099E-02   8.52741748E-02
   1.17399883      -4.21726219E-02   8.56967568E-02
   1.17499888      -4.20867130E-02   8.61184821E-02
   1.17599893      -4.20003869E-02   8.65393505E-02
   1.17699897      -4.19136398E-02   8.69593546E-02
   1.17799902      -4.18264717E-02   8.73784944E-02
   1.17899907      -4.17388864E-02   8.77967626E-02
   1.17999911      -4.16508801E-02   8.82141516E-02
   1.18099916      -4.15624566E-02   8.86306614E-02
   1.18199921      -4.14736159E-02   8.90462846E-02
   1.18299925      -4.13843617E-02   8.94610211E-02
   1.18399930      -4.12946902E-02   8.98748636E-02
   1.18499935      -4.12046090E-02   9.02878121E-02
   1.18599939      -4.11141180E-02   9.06998590E-02
   1.18699944      -4.10232134E-02   9.11109969E-02
   1.18799949      -4.09318991E-02   9.15212259E-02
   1.18899953      -4.08401713E-02   9.19305459E-02
   1.18999958      -4.07480374E-02   9.23389494E-02
   1.19099963      -4.06554937E-02   9.27464291E-02
   1.19199967      -4.05625440E-02   9.31529850E-02
   1.19299972      -4.04691882E-02   9.35586095E-02
   1.19399977      -4.03754301E-02   9.39633027E-02
   1.19499981      -4.02812660E-02   9.43670571E-02
   1.19599986      -4.01866995E-02   9.47698727E-02
   1.19699991      -4.00917269E-02   9.51717421E-02
   1.19799995      -3.99963558E-02   9.55726579E-02
   1.19900000      -3.99005823E-02   9.59726200E-02
   1.20000005      -3.98044102E-02   9.63716283E-02
   1.20100009      -3.97078395E-02   9.67696756E-02
   1.20200014      -3.96108739E-02   9.71667543E-02
   1.20300019      -3.95135097E-02   9.75628644E-02
   1.20400023      -3.94157507E-02   9.79579985E-02
   1.20500028      -3.93175967E-02   9.83521566E-02
   1.20600033      -3.92190479E-02   9.87453312E-02
   1.20700037      -3.91201042E-02   9.91375223E-02
   1.20800042      -3.90207693E-02   9.95287225E-02
   1.20900047      -3.89210470E-02   9.99189317E-02
   1.21000051      -3.88209336E-02  0.100308143    
   1.21100056      -3.87204327E-02  0.100696355    
   1.21200061      -3.86195444E-02  0.101083562    
   1.21300066      -3.85182686E-02  0.101469755    
   1.21400070      -3.84166054E-02  0.101854935    
   1.21500075      -3.83145586E-02  0.102239102    
   1.21600080      -3.82121280E-02  0.102622248    
   1.21700084      -3.81093174E-02  0.103004366    
   1.21800089      -3.80061232E-02  0.103385456    
   1.21900094      -3.79025489E-02  0.103765517    
   1.22000098      -3.77985947E-02  0.104144543    
   1.22100103      -3.76942605E-02  0.104522526    
   1.22200108      -3.75895463E-02  0.104899466    
   1.22300112      -3.74844596E-02  0.105275363    
   1.22400117      -3.73789966E-02  0.105650209    
   1.22500122      -3.72731611E-02  0.106023997    
   1.22600126      -3.71669494E-02  0.106396727    
   1.22700131      -3.70603651E-02  0.106768399    
   1.22800136      -3.69534120E-02  0.107139006    
   1.22900140      -3.68460864E-02  0.107508540    
   1.23000145      -3.67383957E-02  0.107877001    
   1.23100150      -3.66303362E-02  0.108244382    
   1.23200154      -3.65219079E-02  0.108610682    
   1.23300159      -3.64131145E-02  0.108975902    
   1.23400164      -3.63039561E-02  0.109340034    
   1.23500168      -3.61944325E-02  0.109703071    
   1.23600173      -3.60845476E-02  0.110065013    
   1.23700178      -3.59743051E-02  0.110425860    
   1.23800182      -3.58637013E-02  0.110785604    
   1.23900187      -3.57527360E-02  0.111144237    
   1.24000192      -3.56414132E-02  0.111501768    
   1.24100196      -3.55297327E-02  0.111858182    
   1.24200201      -3.54176946E-02  0.112213477    
   1.24300206      -3.53053026E-02  0.112567656    
   1.24400210      -3.51925604E-02  0.112920709    
   1.24500215      -3.50794643E-02  0.113272637    
   1.24600220      -3.49660181E-02  0.113623433    
   1.24700224      -3.48522179E-02  0.113973096    
   1.24800229      -3.47380713E-02  0.114321619    
   1.24900234      -3.46235745E-02  0.114669003    
   1.25000238      -3.45087349E-02  0.115015239    
   1.25100243      -3.43935490E-02  0.115360327    
   1.25200248      -3.42780165E-02  0.115704261    
   1.25300252      -3.41621414E-02  0.116047040    
   1.25400257      -3.40459235E-02  0.116388664    
   1.25500262      -3.39293629E-02  0.116729125    
   1.25600266      -3.38124633E-02  0.117068417    
   1.25700271      -3.36952284E-02  0.117406540    
   1.25800276      -3.35776545E-02  0.117743492    
   1.25900280      -3.34597416E-02  0.118079267    
   1.26000285      -3.33414935E-02  0.118413866    
   1.26100290      -3.32229137E-02  0.118747279    
   1.26200294      -3.31039988E-02  0.119079508    
   1.26300299      -3.29847559E-02  0.119410545    
   1.26400304      -3.28651816E-02  0.119740389    
   1.26500309      -3.27452756E-02  0.120069042    
   1.26600313      -3.26250419E-02  0.120396495    
   1.26700318      -3.25044803E-02  0.120722748    
   1.26800323      -3.23835947E-02  0.121047795    
   1.26900327      -3.22623849E-02  0.121371634    
   1.27000332      -3.21408547E-02  0.121694259    
   1.27100337      -3.20190005E-02  0.122015670    
   1.27200341      -3.18968259E-02  0.122335859    
   1.27300346      -3.17743309E-02  0.122654825    
   1.27400351      -3.16515155E-02  0.122972570    
   1.27500355      -3.15283872E-02  0.123289086    
   1.27600360      -3.14049423E-02  0.123604372    
   1.27700365      -3.12811807E-02  0.123918422    
   1.27800369      -3.11571062E-02  0.124231234    
   1.27900374      -3.10327187E-02  0.124542803    
   1.28000379      -3.09080221E-02  0.124853127    
   1.28100383      -3.07830144E-02  0.125162214    
   1.28200388      -3.06576975E-02  0.125470042    
   1.28300393      -3.05320751E-02  0.125776619    
   1.28400397      -3.04061454E-02  0.126081944    
   1.28500402      -3.02799102E-02  0.126386002    
   1.28600407      -3.01533733E-02  0.126688808    
   1.28700411      -3.00265327E-02  0.126990348    
   1.28800416      -2.98993923E-02  0.127290606    
   1.28900421      -2.97719520E-02  0.127589598    
   1.29000425      -2.96442136E-02  0.127887323    
   1.29100430      -2.95161773E-02  0.128183767    
   1.29200435      -2.93878466E-02  0.128478929    
   1.29300439      -2.92592198E-02  0.128772810    
   1.29400444      -2.91303005E-02  0.129065409    
   1.29500449      -2.90010907E-02  0.129356712    
   1.29600453      -2.88715884E-02  0.129646719    
   1.29700458      -2.87417956E-02  0.129935429    
   1.29800463      -2.86117159E-02  0.130222842    
   1.29900467      -2.84813493E-02  0.130508959    
   1.30000472      -2.83506997E-02  0.130793780    
   1.30100477      -2.82197651E-02  0.131077290    
   1.30200481      -2.80885454E-02  0.131359488    
   1.30300486      -2.79570464E-02  0.131640375    
   1.30400491      -2.78252661E-02  0.131919950    
   1.30500495      -2.76932064E-02  0.132198200    
   1.30600500      -2.75608711E-02  0.132475138    
   1.30700505      -2.74282582E-02  0.132750750    
   1.30800509      -2.72953697E-02  0.133025035    
   1.30900514      -2.71622092E-02  0.133297995    
   1.31000519      -2.70287748E-02  0.133569613    
   1.31100523      -2.68950686E-02  0.133839905    
   1.31200528      -2.67610941E-02  0.134108856    
   1.31300533      -2.66268514E-02  0.134376466    
   1.31400537      -2.64923424E-02  0.134642735    
   1.31500542      -2.63575669E-02  0.134907663    
   1.31600547      -2.62225270E-02  0.135171235    
   1.31700552      -2.60872245E-02  0.135433465    
   1.31800556      -2.59516612E-02  0.135694340    
   1.31900561      -2.58158371E-02  0.135953858    
   1.32000566      -2.56797541E-02  0.136212021    
   1.32100570      -2.55434141E-02  0.136468813    
   1.32200575      -2.54068170E-02  0.136724249    
   1.32300580      -2.52699666E-02  0.136978313    
   1.32400584      -2.51328610E-02  0.137231007    
   1.32500589      -2.49955058E-02  0.137482330    
   1.32600594      -2.48578992E-02  0.137732282    
   1.32700598      -2.47200429E-02  0.137980863    
   1.32800603      -2.45819390E-02  0.138228059    
   1.32900608      -2.44435873E-02  0.138473883    
   1.33000612      -2.43049897E-02  0.138718322    
   1.33100617      -2.41661500E-02  0.138961375    
   1.33200622      -2.40270682E-02  0.139203042    
   1.33300626      -2.38877460E-02  0.139443308    
   1.33400631      -2.37481836E-02  0.139682189    
   1.33500636      -2.36083828E-02  0.139919668    
   1.33600640      -2.34683454E-02  0.140155748    
   1.33700645      -2.33280715E-02  0.140390426    
   1.33800650      -2.31875628E-02  0.140623704    
   1.33900654      -2.30468232E-02  0.140855581    
   1.34000659      -2.29058526E-02  0.141086042    
   1.34100664      -2.27646530E-02  0.141315103    
   1.34200668      -2.26232242E-02  0.141542748    
   1.34300673      -2.24815682E-02  0.141768977    
   1.34400678      -2.23396868E-02  0.141993791    
   1.34500682      -2.21975818E-02  0.142217189    
   1.34600687      -2.20552534E-02  0.142439172    
   1.34700692      -2.19127052E-02  0.142659724    
   1.34800696      -2.17699353E-02  0.142878845    
   1.34900701      -2.16269493E-02  0.143096551    
   1.35000706      -2.14837454E-02  0.143312827    
   1.35100710      -2.13403255E-02  0.143527657    
   1.35200715      -2.11966913E-02  0.143741056    
   1.35300720      -2.10528448E-02  0.143953025    
   1.35400724      -2.09087860E-02  0.144163549    
   1.35500729      -2.07645185E-02  0.144372642    
   1.35600734      -2.06200425E-02  0.144580290    
   1.35700738      -2.04753596E-02  0.144786492    
   1.35800743      -2.03304701E-02  0.144991249    
   1.35900748      -2.01853756E-02  0.145194560    
   1.36000752      -2.00400800E-02  0.145396411    
   1.36100757      -1.98945832E-02  0.145596817    
   1.36200762      -1.97488870E-02  0.145795763    
   1.36300766      -1.96029916E-02  0.145993248    
   1.36400771      -1.94568988E-02  0.146189272    
   1.36500776      -1.93106122E-02  0.146383837    
   1.36600780      -1.91641320E-02  0.146576941    
   1.36700785      -1.90174598E-02  0.146768585    
   1.36800790      -1.88705958E-02  0.146958753    
   1.36900795      -1.87235419E-02  0.147147462    
   1.37000799      -1.85763016E-02  0.147334695    
   1.37100804      -1.84288733E-02  0.147520453    
   1.37200809      -1.82812624E-02  0.147704735    
   1.37300813      -1.81334671E-02  0.147887543    
   1.37400818      -1.79854874E-02  0.148068875    
   1.37500823      -1.78373288E-02  0.148248732    
   1.37600827      -1.76889915E-02  0.148427099    
   1.37700832      -1.75404772E-02  0.148603991    
   1.37800837      -1.73917860E-02  0.148779392    
   1.37900841      -1.72429197E-02  0.148953304    
   1.38000846      -1.70938801E-02  0.149125740    
   1.38100851      -1.69446692E-02  0.149296686    
   1.38200855      -1.67952888E-02  0.149466127    
   1.38300860      -1.66457389E-02  0.149634078    
   1.38400865      -1.64960213E-02  0.149800539    
   1.38500869      -1.63461380E-02  0.149965495    
   1.38600874      -1.61960907E-02  0.150128961    
   1.38700879      -1.60458814E-02  0.150290921    
   1.38800883      -1.58955101E-02  0.150451377    
   1.38900888      -1.57449786E-02  0.150610328    
   1.39000893      -1.55942887E-02  0.150767773    
   1.39100897      -1.54434424E-02  0.150923714    
   1.39200902      -1.52924415E-02  0.151078150    
   1.39300907      -1.51412869E-02  0.151231080    
   1.39400911      -1.49899805E-02  0.151382491    
   1.39500916      -1.48385232E-02  0.151532397    
   1.39600921      -1.46869160E-02  0.151680782    
   1.39700925      -1.45351617E-02  0.151827648    
   1.39800930      -1.43832611E-02  0.151972994    
   1.39900935      -1.42312162E-02  0.152116820    
   1.40000939      -1.40790287E-02  0.152259126    
   1.40100944      -1.39266988E-02  0.152399912    
   1.40200949      -1.37742292E-02  0.152539179    
   1.40300953      -1.36216208E-02  0.152676925    
   1.40400958      -1.34688755E-02  0.152813137    
   1.40500963      -1.33159952E-02  0.152947828    
   1.40600967      -1.31629817E-02  0.153080985    
   1.40700972      -1.30098350E-02  0.153212622    
   1.40800977      -1.28565570E-02  0.153342724    
   1.40900981      -1.27031496E-02  0.153471291    
   1.41000986      -1.25496145E-02  0.153598323    
   1.41100991      -1.23959538E-02  0.153723821    
   1.41200995      -1.22421673E-02  0.153847784    
   1.41301000      -1.20882578E-02  0.153970212    
   1.41401005      -1.19342273E-02  0.154091090    
   1.41501009      -1.17800767E-02  0.154210433    
   1.41601014      -1.16258077E-02  0.154328227    
   1.41701019      -1.14714215E-02  0.154444486    
   1.41801023      -1.13169188E-02  0.154559195    
   1.41901028      -1.11623025E-02  0.154672369    
   1.42001033      -1.10075744E-02  0.154783994    
   1.42101038      -1.08527355E-02  0.154894069    
   1.42201042      -1.06977876E-02  0.155002594    
   1.42301047      -1.05427317E-02  0.155109569    
   1.42401052      -1.03875687E-02  0.155214995    
   1.42501056      -1.02323014E-02  0.155318871    
   1.42601061      -1.00769317E-02  0.155421197    
   1.42701066      -9.92146041E-03  0.155521974    
   1.42801070      -9.76588950E-03  0.155621186    
   1.42901075      -9.61021986E-03  0.155718848    
   1.43001080      -9.45445243E-03  0.155814946    
   1.43101084      -9.29859001E-03  0.155909494    
   1.43201089      -9.14263353E-03  0.156002477    
   1.43301094      -8.98658577E-03  0.156093910    
   1.43401098      -8.83044675E-03  0.156183779    
   1.43501103      -8.67421925E-03  0.156272084    
   1.43601108      -8.51790328E-03  0.156358823    
   1.43701112      -8.36150162E-03  0.156443998    
   1.43801117      -8.20501614E-03  0.156527609    
   1.43901122      -8.04844778E-03  0.156609654    
   1.44001126      -7.89179839E-03  0.156690136    
   1.44101131      -7.73506844E-03  0.156769052    
   1.44201136      -7.57826073E-03  0.156846404    
   1.44301140      -7.42137665E-03  0.156922191    
   1.44401145      -7.26441713E-03  0.156996399    
   1.44501150      -7.10738450E-03  0.157069042    
   1.44601154      -6.95028016E-03  0.157140121    
   1.44701159      -6.79310504E-03  0.157209620    
   1.44801164      -6.63586147E-03  0.157277554    
   1.44901168      -6.47855084E-03  0.157343909    
   1.45001173      -6.32117409E-03  0.157408699    
   1.45101178      -6.16373355E-03  0.157471910    
   1.45201182      -6.00623107E-03  0.157533541    
   1.45301187      -5.84866758E-03  0.157593608    
   1.45401192      -5.69104450E-03  0.157652095    
   1.45501196      -5.53336414E-03  0.157709002    
   1.45601201      -5.37562743E-03  0.157764331    
   1.45701206      -5.21783624E-03  0.157818094    
   1.45801210      -5.05999196E-03  0.157870278    
   1.45901215      -4.90209647E-03  0.157920882    
   1.46001220      -4.74415068E-03  0.157969907    
   1.46101224      -4.58615692E-03  0.158017352    
   1.46201229      -4.42811660E-03  0.158063218    
   1.46301234      -4.27003112E-03  0.158107504    
   1.46401238      -4.11190232E-03  0.158150211    
   1.46501243      -3.95373162E-03  0.158191323    
   1.46601248      -3.79552040E-03  0.158230856    
   1.46701252      -3.63727054E-03  0.158268809    
   1.46801257      -3.47898365E-03  0.158305183    
   1.46901262      -3.32066091E-03  0.158339977    
   1.47001266      -3.16230441E-03  0.158373177    
   1.47101271      -3.00391531E-03  0.158404797    
   1.47201276      -2.84549547E-03  0.158434838    
   1.47301280      -2.68704654E-03  0.158463299    
   1.47401285      -2.52856966E-03  0.158490166    
   1.47501290      -2.37006694E-03  0.158515453    
   1.47601295      -2.21153954E-03  0.158539161    
   1.47701299      -2.05298932E-03  0.158561274    
   1.47801304      -1.89441780E-03  0.158581808    
   1.47901309      -1.73582660E-03  0.158600748    
   1.48001313      -1.57721713E-03  0.158618107    
   1.48101318      -1.41859113E-03  0.158633873    
   1.48201323      -1.25995011E-03  0.158648059    
   1.48301327      -1.10129570E-03  0.158660665    
   1.48401332      -9.42629471E-04  0.158671677    
   1.48501337      -7.83953059E-04  0.158681110    
   1.48601341      -6.25268032E-04  0.158688948    
   1.48701346      -4.66575962E-04  0.158695206    
   1.48801351      -3.07878421E-04  0.158699870    
   1.48901355      -1.49176994E-04  0.158702955    
   1.49001360       9.52672053E-06  0.158704445    
   1.49101365       1.68231127E-04  0.158704355    
   1.49201369       3.26934649E-04  0.158702672    
   1.49301374       4.85635712E-04  0.158699408    
   1.49401379       6.44332671E-04  0.158694550    
   1.49501383       8.03024042E-04  0.158688113    
   1.49601388       9.61708138E-04  0.158680081    
   1.49701393       1.12038350E-03  0.158670470    
   1.49801397       1.27904839E-03  0.158659264    
   1.49901402       1.43770128E-03  0.158646479    
   1.50001407       1.59634056E-03  0.158632100    
   1.50101411       1.75496459E-03  0.158616140    
   1.50201416       1.91357196E-03  0.158598587    
   1.50301421       2.07216106E-03  0.158579454    
   1.50401425       2.23073037E-03  0.158558726    
   1.50501430       2.38927803E-03  0.158536419    
   1.50601435       2.54780264E-03  0.158512533    
   1.50701439       2.70630233E-03  0.158487052    
   1.50801444       2.86477595E-03  0.158459991    
   1.50901449       3.02322162E-03  0.158431336    
   1.51001453       3.18163773E-03  0.158401102    
   1.51101458       3.34002310E-03  0.158369288    
   1.51201463       3.49837565E-03  0.158335894    
   1.51301467       3.65669397E-03  0.158300906    
   1.51401472       3.81497643E-03  0.158264339    
   1.51501477       3.97322187E-03  0.158226192    
   1.51601481       4.13142797E-03  0.158186466    
   1.51701486       4.28959401E-03  0.158145145    
   1.51801491       4.44771769E-03  0.158102244    
   1.51901495       4.60579759E-03  0.158057764    
   1.52001500       4.76383232E-03  0.158011705    
   1.52101505       4.92182048E-03  0.157964066    
   1.52201509       5.07975975E-03  0.157914847    
   1.52301514       5.23764919E-03  0.157864049    
   1.52401519       5.39548695E-03  0.157811671    
   1.52501523       5.55327162E-03  0.157757714    
   1.52601528       5.71100134E-03  0.157702178    
   1.52701533       5.86867519E-03  0.157645062    
   1.52801538       6.02629082E-03  0.157586381    
   1.52901542       6.18384685E-03  0.157526121    
   1.53001547       6.34134235E-03  0.157464281    
   1.53101552       6.49877498E-03  0.157400861    
   1.53201556       6.65614335E-03  0.157335877    
   1.53301561       6.81344606E-03  0.157269314    
   1.53401566       6.97068125E-03  0.157201186    
   1.53501570       7.12784752E-03  0.157131478    
   1.53601575       7.28494301E-03  0.157060206    
   1.53701580       7.44196679E-03  0.156987354    
   1.53801584       7.59891700E-03  0.156912938    
   1.53901589       7.75579177E-03  0.156836942    
   1.54001594       7.91258924E-03  0.156759381    
   1.54101598       8.06930941E-03  0.156680256    
   1.54201603       8.22594948E-03  0.156599566    
   1.54301608       8.38250853E-03  0.156517312    
   1.54401612       8.53898376E-03  0.156433493    
   1.54501617       8.69537424E-03  0.156348109    
   1.54601622       8.85167904E-03  0.156261161    
   1.54701626       9.00789537E-03  0.156172648    
   1.54801631       9.16402321E-03  0.156082571    
   1.54901636       9.32005979E-03  0.155990928    
   1.55001640       9.47600417E-03  0.155897722    
   1.55101645       9.63185448E-03  0.155802965    
   1.55201650       9.78760887E-03  0.155706644    
   1.55301654       9.94326640E-03  0.155608773    
   1.55401659       1.00988261E-02  0.155509338    
   1.55501664       1.02542853E-02  0.155408353    
   1.55601668       1.04096420E-02  0.155305803    
   1.55701673       1.05648953E-02  0.155201703    
   1.55801678       1.07200444E-02  0.155096054    
   1.55901682       1.08750863E-02  0.154988855    
   1.56001687       1.10300211E-02  0.154880106    
   1.56101692       1.11848461E-02  0.154769808    
   1.56201696       1.13395602E-02  0.154657960    
   1.56301701       1.14941616E-02  0.154544562    
   1.56401706       1.16486484E-02  0.154429615    
   1.56501710       1.18030198E-02  0.154313132    
   1.56601715       1.19572738E-02  0.154195100    
   1.56701720       1.21114096E-02  0.154075533    
   1.56801724       1.22654242E-02  0.153954417    
   1.56901729       1.24193169E-02  0.153831765    
   1.57001734       1.25730867E-02  0.153707579    
   1.57101738       1.27267307E-02  0.153581843    
   1.57201743       1.28802489E-02  0.153454572    
   1.57301748       1.30336396E-02  0.153325766    
   1.57401752       1.31868999E-02  0.153195426    
   1.57501757       1.33400289E-02  0.153063551    
   1.57601762       1.34930257E-02  0.152930155    
   1.57701766       1.36458892E-02  0.152795225    
   1.57801771       1.37986168E-02  0.152658761    
   1.57901776       1.39512066E-02  0.152520776    
   1.58001781       1.41036576E-02  0.152381271    
   1.58101785       1.42559679E-02  0.152240232    
   1.58201790       1.44081367E-02  0.152097672    
   1.58301795       1.45601630E-02  0.151953593    
   1.58401799       1.47120440E-02  0.151807994    
   1.58501804       1.48637788E-02  0.151660874    
   1.58601809       1.50153656E-02  0.151512235    
   1.58701813       1.51668023E-02  0.151362076    
   1.58801818       1.53180892E-02  0.151210412    
   1.58901823       1.54692233E-02  0.151057228    
   1.59001827       1.56202028E-02  0.150902539    
   1.59101832       1.57710277E-02  0.150746331    
   1.59201837       1.59216952E-02  0.150588617    
   1.59301841       1.60722043E-02  0.150429398    
   1.59401846       1.62225533E-02  0.150268674    
   1.59501851       1.63727403E-02  0.150106445    
   1.59601855       1.65227652E-02  0.149942711    
   1.59701860       1.66726261E-02  0.149777487    
   1.59801865       1.68223195E-02  0.149610758    
   1.59901869       1.69718470E-02  0.149442539    
   1.60001874       1.71212032E-02  0.149272814    
   1.60101879       1.72703899E-02  0.149101600    
   1.60201883       1.74194053E-02  0.148928896    
   1.60301888       1.75682474E-02  0.148754701    
   1.60401893       1.77169144E-02  0.148579016    
   1.60501897       1.78654045E-02  0.148401842    
   1.60601902       1.80137176E-02  0.148223191    
   1.60701907       1.81618519E-02  0.148043051    
   1.60801911       1.83098037E-02  0.147861436    
   1.60901916       1.84575748E-02  0.147678331    
   1.61001921       1.86051596E-02  0.147493750    
   1.61101925       1.87525600E-02  0.147307694    
   1.61201930       1.88997742E-02  0.147120163    
   1.61301935       1.90468002E-02  0.146931171    
   1.61401939       1.91936363E-02  0.146740705    
   1.61501944       1.93402804E-02  0.146548763    
   1.61601949       1.94867328E-02  0.146355361    
   1.61701953       1.96329914E-02  0.146160498    
   1.61801958       1.97790526E-02  0.145964175    
   1.61901963       1.99249182E-02  0.145766392    
   1.62001967       2.00705864E-02  0.145567149    
   1.62101972       2.02160534E-02  0.145366445    
   1.62201977       2.03613192E-02  0.145164281    
   1.62301981       2.05063801E-02  0.144960672    
   1.62401986       2.06512380E-02  0.144755602    
   1.62501991       2.07958911E-02  0.144549087    
   1.62601995       2.09403355E-02  0.144341126    
   1.62702000       2.10845731E-02  0.144131720    
   1.62802005       2.12285984E-02  0.143920869    
   1.62902009       2.13724133E-02  0.143708587    
   1.63002014       2.15160158E-02  0.143494859    
   1.63102019       2.16594022E-02  0.143279701    
   1.63202024       2.18025744E-02  0.143063113    
   1.63302028       2.19455268E-02  0.142845094    
   1.63402033       2.20882613E-02  0.142625645    
   1.63502038       2.22307779E-02  0.142404765    
   1.63602042       2.23730709E-02  0.142182454    
   1.63702047       2.25151423E-02  0.141958728    
   1.63802052       2.26569902E-02  0.141733572    
   1.63902056       2.27986109E-02  0.141507000    
   1.64002061       2.29400042E-02  0.141279012    
   1.64102066       2.30811685E-02  0.141049609    
   1.64202070       2.32221019E-02  0.140818790    
   1.64302075       2.33628061E-02  0.140586570    
   1.64402080       2.35032756E-02  0.140352935    
   1.64502084       2.36435104E-02  0.140117899    
   1.64602089       2.37835106E-02  0.139881462    
   1.64702094       2.39232723E-02  0.139643624    
   1.64802098       2.40627974E-02  0.139404386    
   1.64902103       2.42020804E-02  0.139163762    
   1.65002108       2.43411232E-02  0.138921738    
   1.65102112       2.44799238E-02  0.138678327    
   1.65202117       2.46184785E-02  0.138433531    
   1.65302122       2.47567892E-02  0.138187349    
   1.65402126       2.48948541E-02  0.137939781    
   1.65502131       2.50326693E-02  0.137690827    
   1.65602136       2.51702350E-02  0.137440503    
   1.65702140       2.53075492E-02  0.137188807    
   1.65802145       2.54446119E-02  0.136935726    
   1.65902150       2.55814213E-02  0.136681274    
   1.66002154       2.57179737E-02  0.136425465    
   1.66102159       2.58542709E-02  0.136168286    
   1.66202164       2.59903111E-02  0.135909736    
   1.66302168       2.61260904E-02  0.135649830    
   1.66402173       2.62616090E-02  0.135388568    
   1.66502178       2.63968669E-02  0.135125950    
   1.66602182       2.65318602E-02  0.134861976    
   1.66702187       2.66665891E-02  0.134596661    
   1.66802192       2.68010516E-02  0.134329990    
   1.66902196       2.69352477E-02  0.134061977    
   1.67002201       2.70691756E-02  0.133792624    
   1.67102206       2.72028316E-02  0.133521929    
   1.67202210       2.73362175E-02  0.133249894    
   1.67302215       2.74693314E-02  0.132976532    
   1.67402220       2.76021697E-02  0.132701844    
   1.67502224       2.77347341E-02  0.132425815    
   1.67602229       2.78670229E-02  0.132148474    
   1.67702234       2.79990323E-02  0.131869808    
   1.67802238       2.81307623E-02  0.131589815    
   1.67902243       2.82622110E-02  0.131308511    
   1.68002248       2.83933785E-02  0.131025895    
   1.68102252       2.85242628E-02  0.130741969    
   1.68202257       2.86548622E-02  0.130456731    
   1.68302262       2.87851747E-02  0.130170181    
   1.68402267       2.89152022E-02  0.129882336    
   1.68502271       2.90449392E-02  0.129593179    
   1.68602276       2.91743875E-02  0.129302725    
   1.68702281       2.93035451E-02  0.129010975    
   1.68802285       2.94324085E-02  0.128717944    
   1.68902290       2.95609795E-02  0.128423616    
   1.69002295       2.96892561E-02  0.128128007    
   1.69102299       2.98172347E-02  0.127831116    
   1.69202304       2.99449172E-02  0.127532944    
   1.69302309       3.00723016E-02  0.127233490    
   1.69402313       3.01993843E-02  0.126932770    
   1.69502318       3.03261671E-02  0.126630783    
   1.69602323       3.04526463E-02  0.126327515    
   1.69702327       3.05788219E-02  0.126022995    
   1.69802332       3.07046920E-02  0.125717208    
   1.69902337       3.08302566E-02  0.125410154    
   1.70002341       3.09555121E-02  0.125101849    
   1.70102346       3.10804602E-02  0.124792293    
   1.70202351       3.12050972E-02  0.124481492    
   1.70302355       3.13294232E-02  0.124169439    
   1.70402360       3.14534344E-02  0.123856142    
   1.70502365       3.15771326E-02  0.123541608    
   1.70602369       3.17005180E-02  0.123225838    
   1.70702374       3.18235829E-02  0.122908831    
   1.70802379       3.19463313E-02  0.122590594    
   1.70902383       3.20687629E-02  0.122271128    
   1.71002388       3.21908742E-02  0.121950440    
   1.71102393       3.23126651E-02  0.121628530    
   1.71202397       3.24341320E-02  0.121305406    
   1.71302402       3.25552747E-02  0.120981067    
   1.71402407       3.26760933E-02  0.120655514    
   1.71502411       3.27965841E-02  0.120328754    
   1.71602416       3.29167508E-02  0.120000787    
   1.71702421       3.30365859E-02  0.119671620    
   1.71802425       3.31560932E-02  0.119341254    
   1.71902430       3.32752652E-02  0.119009696    
   1.72002435       3.33941057E-02  0.118676946    
   1.72102439       3.35126147E-02  0.118343003    
   1.72202444       3.36307883E-02  0.118007876    
   1.72302449       3.37486304E-02  0.117671572    
   1.72402453       3.38661335E-02  0.117334083    
   1.72502458       3.39833014E-02  0.116995424    
   1.72602463       3.41001265E-02  0.116655588    
   1.72702467       3.42166089E-02  0.116314590    
   1.72802472       3.43327522E-02  0.115972422    
   1.72902477       3.44485529E-02  0.115629092    
   1.73002481       3.45640108E-02  0.115284607    
   1.73102486       3.46791223E-02  0.114938967    
   1.73202491       3.47938873E-02  0.114592172    
   1.73302495       3.49083059E-02  0.114244230    
   1.73402500       3.50223742E-02  0.113895148    
   1.73502505       3.51360925E-02  0.113544926    
   1.73602509       3.52494605E-02  0.113193564    
   1.73702514       3.53624783E-02  0.112841070    
   1.73802519       3.54751460E-02  0.112487443    
   1.73902524       3.55874561E-02  0.112132691    
   1.74002528       3.56994085E-02  0.111776814    
   1.74102533       3.58110070E-02  0.111419819    
   1.74202538       3.59222479E-02  0.111061707    
   1.74302542       3.60331312E-02  0.110702485    
   1.74402547       3.61436531E-02  0.110342152    
   1.74502552       3.62538137E-02  0.109980717    
   1.74602556       3.63636129E-02  0.109618180    
   1.74702561       3.64730470E-02  0.109254546    
   1.74802566       3.65821198E-02  0.108889818    
   1.74902570       3.66908275E-02  0.108523995    
   1.75002575       3.67991701E-02  0.108157083    
   1.75102580       3.69071439E-02  0.107789092    
   1.75202584       3.70147452E-02  0.107420020    
   1.75302589       3.71219777E-02  0.107049875    
   1.75402594       3.72288413E-02  0.106678657    
   1.75502598       3.73353325E-02  0.106306367    
   1.75602603       3.74414511E-02  0.105933011    
   1.75702608       3.75471972E-02  0.105558597    
   1.75802612       3.76525708E-02  0.105183125    
   1.75902617       3.77575643E-02  0.104806602    
   1.76002622       3.78621817E-02  0.104429029    
   1.76102626       3.79664190E-02  0.104050405    
   1.76202631       3.80702801E-02  0.103670739    
   1.76302636       3.81737612E-02  0.103290036    
   1.76402640       3.82768624E-02  0.102908298    
   1.76502645       3.83795798E-02  0.102525532    
   1.76602650       3.84819098E-02  0.102141738    
   1.76702654       3.85838561E-02  0.101756915    
   1.76802659       3.86854187E-02  0.101371080    
   1.76902664       3.87865975E-02  0.100984223    
   1.77002668       3.88873890E-02  0.100596361    
   1.77102673       3.89877930E-02  0.100207485    
   1.77202678       3.90878059E-02   9.98176038E-02
   1.77302682       3.91874313E-02   9.94267240E-02
   1.77402687       3.92866619E-02   9.90348533E-02
   1.77502692       3.93854976E-02   9.86419842E-02
   1.77602696       3.94839421E-02   9.82481316E-02
   1.77702701       3.95819917E-02   9.78532955E-02
   1.77802706       3.96796465E-02   9.74574760E-02
   1.77902710       3.97769064E-02   9.70606804E-02
   1.78002715       3.98737714E-02   9.66629088E-02
   1.78102720       3.99702340E-02   9.62641686E-02
   1.78202724       4.00662981E-02   9.58644673E-02
   1.78302729       4.01619598E-02   9.54638049E-02
   1.78402734       4.02572230E-02   9.50621888E-02
   1.78502738       4.03520837E-02   9.46596190E-02
   1.78602743       4.04465422E-02   9.42560956E-02
   1.78702748       4.05405983E-02   9.38516334E-02
   1.78802752       4.06342484E-02   9.34462249E-02
   1.78902757       4.07274887E-02   9.30398852E-02
   1.79002762       4.08203229E-02   9.26326066E-02
   1.79102767       4.09127511E-02   9.22244042E-02
   1.79202771       4.10047695E-02   9.18152779E-02
   1.79302776       4.10963781E-02   9.14052278E-02
   1.79402781       4.11875769E-02   9.09942612E-02
   1.79502785       4.12783660E-02   9.05823857E-02
   1.79602790       4.13687453E-02   9.01696011E-02
   1.79702795       4.14587073E-02   8.97559151E-02
   1.79802799       4.15482558E-02   8.93413275E-02
   1.79902804       4.16373871E-02   8.89258459E-02
   1.80002809       4.17261049E-02   8.85094702E-02
   1.80102813       4.18144055E-02   8.80922079E-02
   1.80202818       4.19022888E-02   8.76740664E-02
   1.80302823       4.19897549E-02   8.72550458E-02
   1.80402827       4.20768000E-02   8.68351460E-02
   1.80502832       4.21634279E-02   8.64143744E-02
   1.80602837       4.22496311E-02   8.59927386E-02
   1.80702841       4.23354134E-02   8.55702460E-02
   1.80802846       4.24207710E-02   8.51468891E-02
   1.80902851       4.25057039E-02   8.47226828E-02
   1.81002855       4.25902158E-02   8.42976272E-02
   1.81102860       4.26742993E-02   8.38717222E-02
   1.81202865       4.27579582E-02   8.34449828E-02
   1.81302869       4.28411923E-02   8.30174014E-02
   1.81402874       4.29239944E-02   8.25889930E-02
   1.81502879       4.30063680E-02   8.21597502E-02
   1.81602883       4.30883132E-02   8.17296878E-02
   1.81702888       4.31698263E-02   8.12988058E-02
   1.81802893       4.32509072E-02   8.08671042E-02
   1.81902897       4.33315597E-02   8.04345980E-02
   1.82002902       4.34117764E-02   8.00012797E-02
   1.82102907       4.34915610E-02   7.95671642E-02
   1.82202911       4.35709134E-02   7.91322514E-02
   1.82302916       4.36498299E-02   7.86965415E-02
   1.82402921       4.37283069E-02   7.82600418E-02
   1.82502925       4.38063480E-02   7.78227597E-02
   1.82602930       4.38839495E-02   7.73846954E-02
   1.82702935       4.39611152E-02   7.69458562E-02
   1.82802939       4.40378413E-02   7.65062422E-02
   1.82902944       4.41141278E-02   7.60658607E-02
   1.83002949       4.41899747E-02   7.56247193E-02
   1.83102953       4.42653783E-02   7.51828179E-02
   1.83202958       4.43403423E-02   7.47401640E-02
   1.83302963       4.44148593E-02   7.42967576E-02
   1.83402967       4.44889329E-02   7.38526061E-02
   1.83502972       4.45625633E-02   7.34077170E-02
   1.83602977       4.46357466E-02   7.29620904E-02
   1.83702981       4.47084866E-02   7.25157335E-02
   1.83802986       4.47807796E-02   7.20686466E-02
   1.83902991       4.48526256E-02   7.16208369E-02
   1.84002995       4.49240245E-02   7.11723119E-02
   1.84103000       4.49949726E-02   7.07230717E-02
   1.84203005       4.50654738E-02   7.02731237E-02
   1.84303010       4.51355241E-02   6.98224679E-02
   1.84403014       4.52051200E-02   6.93711117E-02
   1.84503019       4.52742651E-02   6.89190626E-02
   1.84603024       4.53429557E-02   6.84663206E-02
   1.84703028       4.54111956E-02   6.80128932E-02
   1.84803033       4.54789810E-02   6.75587803E-02
   1.84903038       4.55463119E-02   6.71039894E-02
   1.85003042       4.56131883E-02   6.66485280E-02
   1.85103047       4.56796102E-02   6.61923960E-02
   1.85203052       4.57455739E-02   6.57356009E-02
   1.85303056       4.58110832E-02   6.52781427E-02
   1.85403061       4.58761342E-02   6.48200288E-02
   1.85503066       4.59407233E-02   6.43612668E-02
   1.85603070       4.60048541E-02   6.39018565E-02
   1.85703075       4.60685268E-02   6.34418055E-02
   1.85803080       4.61317375E-02   6.29811212E-02
   1.85903084       4.61944863E-02   6.25198036E-02
   1.86003089       4.62567769E-02   6.20578602E-02
   1.86103094       4.63186055E-02   6.15952909E-02
   1.86203098       4.63799685E-02   6.11321032E-02
   1.86303103       4.64408696E-02   6.06683046E-02
   1.86403108       4.65013087E-02   6.02038950E-02
   1.86503112       4.65612821E-02   5.97388819E-02
   1.86603117       4.66207899E-02   5.92732690E-02
   1.86703122       4.66798283E-02   5.88070601E-02
   1.86803126       4.67384011E-02   5.83402626E-02
   1.86903131       4.67965081E-02   5.78728803E-02
   1.87003136       4.68541458E-02   5.74049167E-02
   1.87103140       4.69113179E-02   5.69363758E-02
   1.87203145       4.69680205E-02   5.64672612E-02
   1.87303150       4.70242538E-02   5.59975803E-02
   1.87403154       4.70800176E-02   5.55273369E-02
   1.87503159       4.71353121E-02   5.50565384E-02
   1.87603164       4.71901335E-02   5.45851849E-02
   1.87703168       4.72444855E-02   5.41132838E-02
   1.87803173       4.72983643E-02   5.36408387E-02
   1.87903178       4.73517701E-02   5.31678535E-02
   1.88003182       4.74046990E-02   5.26943356E-02
   1.88103187       4.74571548E-02   5.22202887E-02
   1.88203192       4.75091375E-02   5.17457165E-02
   1.88303196       4.75606434E-02   5.12706265E-02
   1.88403201       4.76116762E-02   5.07950187E-02
   1.88503206       4.76622321E-02   5.03189005E-02
   1.88603210       4.77123111E-02   4.98422794E-02
   1.88703215       4.77619134E-02   4.93651554E-02
   1.88803220       4.78110388E-02   4.88875359E-02
   1.88903224       4.78596874E-02   4.84094247E-02
   1.89003229       4.79078591E-02   4.79308292E-02
   1.89103234       4.79555503E-02   4.74517494E-02
   1.89203238       4.80027646E-02   4.69721928E-02
   1.89303243       4.80494983E-02   4.64921668E-02
   1.89403248       4.80957516E-02   4.60116714E-02
   1.89503253       4.81415205E-02   4.55307141E-02
   1.89603257       4.81868088E-02   4.50492986E-02
   1.89703262       4.82316166E-02   4.45674323E-02
   1.89803267       4.82759401E-02   4.40851152E-02
   1.89903271       4.83197831E-02   4.36023548E-02
   1.90003276       4.83631417E-02   4.31191586E-02
   1.90103281       4.84060198E-02   4.26355265E-02
   1.90203285       4.84484136E-02   4.21514660E-02
   1.90303290       4.84903231E-02   4.16669808E-02
   1.90403295       4.85317484E-02   4.11820784E-02
   1.90503299       4.85726893E-02   4.06967625E-02
   1.90603304       4.86131422E-02   4.02110368E-02
   1.90703309       4.86531109E-02   3.97249050E-02
   1.90803313       4.86925952E-02   3.92383747E-02
   1.90903318       4.87315916E-02   3.87514494E-02
   1.91003323       4.87700999E-02   3.82641330E-02
   1.91103327       4.88081202E-02   3.77764329E-02
   1.91203332       4.88456525E-02   3.72883528E-02
   1.91303337       4.88826968E-02   3.67998965E-02
   1.91403341       4.89192493E-02   3.63110676E-02
   1.91503346       4.89553139E-02   3.58218737E-02
   1.91603351       4.89908904E-02   3.53323221E-02
   1.91703355       4.90259752E-02   3.48424129E-02
   1.91803360       4.90605719E-02   3.43521535E-02
   1.91903365       4.90946770E-02   3.38615477E-02
   1.92003369       4.91282940E-02   3.33705992E-02
   1.92103374       4.91614193E-02   3.28793153E-02
   1.92203379       4.91940528E-02   3.23876999E-02
   1.92303383       4.92261946E-02   3.18957604E-02
   1.92403388       4.92578447E-02   3.14034969E-02
   1.92503393       4.92890030E-02   3.09109185E-02
   1.92603397       4.93196696E-02   3.04180291E-02
   1.92703402       4.93498407E-02   2.99248323E-02
   1.92803407       4.93795201E-02   2.94313338E-02
   1.92903411       4.94087040E-02   2.89375391E-02
   1.93003416       4.94373962E-02   2.84434520E-02
   1.93103421       4.94655930E-02   2.79490780E-02
   1.93203425       4.94932979E-02   2.74544228E-02
   1.93303430       4.95205075E-02   2.69594900E-02
   1.93403435       4.95472215E-02   2.64642853E-02
   1.93503439       4.95734364E-02   2.59688124E-02
   1.93603444       4.95991558E-02   2.54730787E-02
   1.93703449       4.96243797E-02   2.49770880E-02
   1.93803453       4.96491082E-02   2.44808439E-02
   1.93903458       4.96733412E-02   2.39843521E-02
   1.94003463       4.96970750E-02   2.34876182E-02
   1.94103467       4.97203134E-02   2.29906477E-02
   1.94203472       4.97430563E-02   2.24934444E-02
   1.94303477       4.97653000E-02   2.19960138E-02
   1.94403481       4.97870483E-02   2.14983616E-02
   1.94503486       4.98082973E-02   2.10004915E-02
   1.94603491       4.98290472E-02   2.05024090E-02
   1.94703496       4.98493016E-02   2.00041179E-02
   1.94803500       4.98690568E-02   1.95056256E-02
   1.94903505       4.98883128E-02   1.90069359E-02
   1.95003510       4.99070697E-02   1.85080525E-02
   1.95103514       4.99253273E-02   1.80089809E-02
   1.95203519       4.99430858E-02   1.75097268E-02
   1.95303524       4.99603450E-02   1.70102958E-02
   1.95403528       4.99771051E-02   1.65106915E-02
   1.95503533       4.99933660E-02   1.60109196E-02
   1.95603538       5.00091277E-02   1.55109856E-02
   1.95703542       5.00243902E-02   1.50108943E-02
   1.95803547       5.00391498E-02   1.45106502E-02
   1.95903552       5.00534102E-02   1.40102590E-02
   1.96003556       5.00671715E-02   1.35097252E-02
   1.96103561       5.00804298E-02   1.30090537E-02
   1.96203566       5.00931889E-02   1.25082489E-02
   1.96303570       5.01054488E-02   1.20073166E-02
   1.96403575       5.01172058E-02   1.15062622E-02
   1.96503580       5.01284637E-02   1.10050905E-02
   1.96603584       5.01392186E-02   1.05038062E-02
   1.96703589       5.01494743E-02   1.00024138E-02
   1.96803594       5.01592271E-02   9.50091891E-03
   1.96903598       5.01684770E-02   8.99932627E-03
   1.97003603       5.01772277E-02   8.49764142E-03
   1.97103608       5.01854755E-02   7.99586903E-03
   1.97203612       5.01932204E-02   7.49401422E-03
   1.97303617       5.02004661E-02   6.99208211E-03
   1.97403622       5.02072088E-02   6.49007736E-03
   1.97503626       5.02134487E-02   5.98800508E-03
   1.97603631       5.02191857E-02   5.48587041E-03
   1.97703636       5.02244234E-02   4.98367846E-03
   1.97803640       5.02291583E-02   4.48143436E-03
   1.97903645       5.02333902E-02   3.97914276E-03
   1.98003650       5.02371192E-02   3.47680878E-03
   1.98103654       5.02403453E-02   2.97443755E-03
   1.98203659       5.02430685E-02   2.47203419E-03
   1.98303664       5.02452925E-02   1.96960336E-03
   1.98403668       5.02470136E-02   1.46715040E-03
   1.98503673       5.02482317E-02   9.64680221E-04
   1.98603678       5.02489470E-02   4.62197873E-04
   1.98703682       5.02491593E-02  -4.02915757E-05
   1.98803687       5.02488688E-02  -5.42783178E-04
   1.98903692       5.02480753E-02  -1.04527187E-03
   1.99003696       5.02467789E-02  -1.54775265E-03
   1.99103701       5.02449833E-02  -2.05022050E-03
   1.99203706       5.02426848E-02  -2.55267043E-03
   1.99303710       5.02398834E-02  -3.05509730E-03
   1.99403715       5.02365790E-02  -3.55749624E-03
   1.99503720       5.02327718E-02  -4.05986188E-03
   1.99603724       5.02284616E-02  -4.56218980E-03
   1.99703729       5.02236485E-02  -5.06447442E-03
   1.99803734       5.02183363E-02  -5.56671107E-03
   1.99903738       5.02125211E-02  -6.06889464E-03
   2.00003743       5.02062030E-02  -6.57102000E-03
   2.00103736       5.01993820E-02  -7.07308203E-03
   2.00203729       5.01920581E-02  -7.57507607E-03
   2.00303721       5.01842350E-02  -8.07699654E-03
   2.00403714       5.01759090E-02  -8.57883878E-03
   2.00503707       5.01670800E-02  -9.08059813E-03
   2.00603700       5.01577482E-02  -9.58226901E-03
   2.00703692       5.01479171E-02  -1.00838467E-02
   2.00803685       5.01375832E-02  -1.05853258E-02
   2.00903678       5.01267500E-02  -1.10867014E-02
   2.01003671       5.01154140E-02  -1.15879690E-02
   2.01103663       5.01035750E-02  -1.20891230E-02
   2.01203656       5.00912368E-02  -1.25901587E-02
   2.01303649       5.00783958E-02  -1.30910715E-02
   2.01403642       5.00650555E-02  -1.35918558E-02
   2.01503634       5.00512123E-02  -1.40925059E-02
   2.01603627       5.00368699E-02  -1.45930182E-02
   2.01703620       5.00220284E-02  -1.50933871E-02
   2.01803613       5.00066839E-02  -1.55936070E-02
   2.01903605       4.99908403E-02  -1.60936732E-02
   2.02003598       4.99744974E-02  -1.65935811E-02
   2.02103591       4.99576554E-02  -1.70933269E-02
   2.02203584       4.99403141E-02  -1.75929032E-02
   2.02303576       4.99224700E-02  -1.80923063E-02
   2.02403569       4.99041267E-02  -1.85915306E-02
   2.02503562       4.98852842E-02  -1.90905724E-02
   2.02603555       4.98659424E-02  -1.95894260E-02
   2.02703547       4.98461053E-02  -2.00880859E-02
   2.02803540       4.98257689E-02  -2.05865465E-02
   2.02903533       4.98049334E-02  -2.10848041E-02
   2.03003526       4.97835986E-02  -2.15828530E-02
   2.03103518       4.97617647E-02  -2.20806897E-02
   2.03203511       4.97394353E-02  -2.25783065E-02
   2.03303504       4.97166067E-02  -2.30757017E-02
   2.03403497       4.96932827E-02  -2.35728677E-02
   2.03503489       4.96694595E-02  -2.40698010E-02
   2.03603482       4.96451408E-02  -2.45664958E-02
   2.03703475       4.96203229E-02  -2.50629466E-02
   2.03803468       4.95950095E-02  -2.55591497E-02
   2.03903461       4.95692007E-02  -2.60550994E-02
   2.04003453       4.95428964E-02  -2.65507922E-02
   2.04103446       4.95161004E-02  -2.70462204E-02
   2.04203439       4.94888090E-02  -2.75413822E-02
   2.04303432       4.94610220E-02  -2.80362703E-02
   2.04403424       4.94327396E-02  -2.85308808E-02
   2.04503417       4.94039617E-02  -2.90252082E-02
   2.04603410       4.93746921E-02  -2.95192488E-02
   2.04703403       4.93449271E-02  -3.00129950E-02
   2.04803395       4.93146665E-02  -3.05064451E-02
   2.04903388       4.92839143E-02  -3.09995916E-02
   2.05003381       4.92526703E-02  -3.14924307E-02
   2.05103374       4.92209308E-02  -3.19849588E-02
   2.05203366       4.91886996E-02  -3.24771665E-02
   2.05303359       4.91559766E-02  -3.29690538E-02
   2.05403352       4.91227619E-02  -3.34606133E-02
   2.05503345       4.90890555E-02  -3.39518413E-02
   2.05603337       4.90548573E-02  -3.44427302E-02
   2.05703330       4.90201674E-02  -3.49332802E-02
   2.05803323       4.89849895E-02  -3.54234837E-02
   2.05903316       4.89493199E-02  -3.59133333E-02
   2.06003308       4.89131622E-02  -3.64028253E-02
   2.06103301       4.88765128E-02  -3.68919559E-02
   2.06203294       4.88393754E-02  -3.73807214E-02
   2.06303287       4.88017499E-02  -3.78691144E-02
   2.06403279       4.87636365E-02  -3.83571312E-02
   2.06503272       4.87250388E-02  -3.88447680E-02
   2.06603265       4.86859530E-02  -3.93320173E-02
   2.06703258       4.86463793E-02  -3.98188755E-02
   2.06803250       4.86063175E-02  -4.03053388E-02
   2.06903243       4.85657714E-02  -4.07914035E-02
   2.07003236       4.85247374E-02  -4.12770621E-02
   2.07103229       4.84832190E-02  -4.17623110E-02
   2.07203221       4.84412163E-02  -4.22471426E-02
   2.07303214       4.83987257E-02  -4.27315533E-02
   2.07403207       4.83557507E-02  -4.32155393E-02
   2.07503200       4.83122915E-02  -4.36990969E-02
   2.07603192       4.82683517E-02  -4.41822186E-02
   2.07703185       4.82239276E-02  -4.46649007E-02
   2.07803178       4.81790192E-02  -4.51471396E-02
   2.07903171       4.81336303E-02  -4.56289314E-02
   2.08003163       4.80877608E-02  -4.61102687E-02
   2.08103156       4.80414070E-02  -4.65911478E-02
   2.08203149       4.79945764E-02  -4.70715612E-02
   2.08303142       4.79472652E-02  -4.75515053E-02
   2.08403134       4.78994735E-02  -4.80309762E-02
   2.08503127       4.78512049E-02  -4.85099703E-02
   2.08603120       4.78024557E-02  -4.89884838E-02
   2.08703113       4.77532297E-02  -4.94665094E-02
   2.08803105       4.77035232E-02  -4.99440432E-02
   2.08903098       4.76533398E-02  -5.04210778E-02
   2.09003091       4.76026796E-02  -5.08976094E-02
   2.09103084       4.75515425E-02  -5.13736345E-02
   2.09203076       4.74999286E-02  -5.18491492E-02
   2.09303069       4.74478416E-02  -5.23241498E-02
   2.09403062       4.73952778E-02  -5.27986288E-02
   2.09503055       4.73422408E-02  -5.32725826E-02
   2.09603047       4.72887307E-02  -5.37460037E-02
   2.09703040       4.72347513E-02  -5.42188920E-02
   2.09803033       4.71802987E-02  -5.46912402E-02
   2.09903026       4.71253730E-02  -5.51630445E-02
   2.10003018       4.70699742E-02  -5.56342974E-02
   2.10103011       4.70141061E-02  -5.61049953E-02
   2.10203004       4.69577648E-02  -5.65751381E-02
   2.10302997       4.69009541E-02  -5.70447147E-02
   2.10402989       4.68436740E-02  -5.75137250E-02
   2.10502982       4.67859246E-02  -5.79821616E-02
   2.10602975       4.67277095E-02  -5.84500208E-02
   2.10702968       4.66690250E-02  -5.89172989E-02
   2.10802960       4.66098748E-02  -5.93839884E-02
   2.10902953       4.65502553E-02  -5.98500855E-02
   2.11002946       4.64901738E-02  -6.03155866E-02
   2.11102939       4.64296266E-02  -6.07804880E-02
   2.11202931       4.63686138E-02  -6.12447858E-02
   2.11302924       4.63071391E-02  -6.17084727E-02
   2.11402917       4.62451987E-02  -6.21715449E-02
   2.11502910       4.61827964E-02  -6.26339987E-02
   2.11602902       4.61199321E-02  -6.30958304E-02
   2.11702895       4.60566059E-02  -6.35570288E-02
   2.11802888       4.59928177E-02  -6.40175939E-02
   2.11902881       4.59285676E-02  -6.44775257E-02
   2.12002873       4.58638594E-02  -6.49368092E-02
   2.12102866       4.57986929E-02  -6.53954446E-02
   2.12202859       4.57330719E-02  -6.58534318E-02
   2.12302852       4.56669927E-02  -6.63107634E-02
   2.12402844       4.56004553E-02  -6.67674318E-02
   2.12502837       4.55334596E-02  -6.72234371E-02
   2.12602830       4.54660095E-02  -6.76787719E-02
   2.12702823       4.53981049E-02  -6.81334287E-02
   2.12802815       4.53297459E-02  -6.85874075E-02
   2.12902808       4.52609323E-02  -6.90407082E-02
   2.13002801       4.51916642E-02  -6.94933161E-02
   2.13102794       4.51219454E-02  -6.99452311E-02
   2.13202786       4.50517721E-02  -7.03964531E-02
   2.13302779       4.49811518E-02  -7.08469674E-02
   2.13402772       4.49100807E-02  -7.12967813E-02
   2.13502765       4.48385589E-02  -7.17458799E-02
   2.13602757       4.47665900E-02  -7.21942633E-02
   2.13702750       4.46941704E-02  -7.26419315E-02
   2.13802743       4.46213037E-02  -7.30888769E-02
   2.13902736       4.45479900E-02  -7.35350922E-02
   2.14002728       4.44742329E-02  -7.39805698E-02
   2.14102721       4.44000289E-02  -7.44253099E-02
   2.14202714       4.43253815E-02  -7.48693123E-02
   2.14302707       4.42502908E-02  -7.53125697E-02
   2.14402699       4.41747569E-02  -7.57550746E-02
   2.14502692       4.40987833E-02  -7.61968195E-02
   2.14602685       4.40223664E-02  -7.66378045E-02
   2.14702678       4.39455099E-02  -7.70780295E-02
   2.14802670       4.38682139E-02  -7.75174871E-02
   2.14902663       4.37904783E-02  -7.79561698E-02
   2.15002656       4.37123030E-02  -7.83940777E-02
   2.15102649       4.36336882E-02  -7.88312033E-02
   2.15202641       4.35546376E-02  -7.92675391E-02
   2.15302634       4.34751548E-02  -7.97030851E-02
   2.15402627       4.33952361E-02  -8.01378340E-02
   2.15502620       4.33148816E-02  -8.05717856E-02
   2.15602612       4.32340950E-02  -8.10049325E-02
   2.15702605       4.31528725E-02  -8.14372748E-02
   2.15802598       4.30712178E-02  -8.18688050E-02
   2.15902591       4.29891348E-02  -8.22995156E-02
   2.16002584       4.29066196E-02  -8.27294067E-02
   2.16102576       4.28236723E-02  -8.31584707E-02
   2.16202569       4.27403003E-02  -8.35867077E-02
   2.16302562       4.26564999E-02  -8.40141103E-02
   2.16402555       4.25722748E-02  -8.44406784E-02
   2.16502547       4.24876213E-02  -8.48664045E-02
   2.16602540       4.24025431E-02  -8.52912813E-02
   2.16702533       4.23170403E-02  -8.57153088E-02
   2.16802526       4.22311127E-02  -8.61384794E-02
   2.16902518       4.21447605E-02  -8.65607932E-02
   2.17002511       4.20579873E-02  -8.69822428E-02
   2.17102504       4.19707969E-02  -8.74028206E-02
   2.17202497       4.18831855E-02  -8.78225267E-02
   2.17302489       4.17951532E-02  -8.82413611E-02
   2.17402482       4.17067036E-02  -8.86593163E-02
   2.17502475       4.16178368E-02  -8.90763849E-02
   2.17602468       4.15285528E-02  -8.94925669E-02
   2.17702460       4.14388515E-02  -8.99078548E-02
   2.17802453       4.13487367E-02  -9.03222412E-02
   2.17902446       4.12582085E-02  -9.07357261E-02
   2.18002439       4.11672667E-02  -9.11483094E-02
   2.18102431       4.10759151E-02  -9.15599838E-02
   2.18202424       4.09841500E-02  -9.19707417E-02
   2.18302417       4.08919752E-02  -9.23805833E-02
   2.18402410       4.07993905E-02  -9.27895010E-02
   2.18502402       4.07063961E-02  -9.31974947E-02
   2.18602395       4.06129919E-02  -9.36045572E-02
   2.18702388       4.05191816E-02  -9.40106884E-02
   2.18802381       4.04249690E-02  -9.44158807E-02
   2.18902373       4.03303504E-02  -9.48201269E-02
   2.19002366       4.02353294E-02  -9.52234268E-02
   2.19102359       4.01399061E-02  -9.56257805E-02
   2.19202352       4.00440805E-02  -9.60271806E-02
   2.19302344       3.99478525E-02  -9.64276195E-02
   2.19402337       3.98512222E-02  -9.68270972E-02
   2.19502330       3.97541970E-02  -9.72256064E-02
   2.19602323       3.96567732E-02  -9.76231471E-02
   2.19702315       3.95589508E-02  -9.80197117E-02
   2.19802308       3.94607335E-02  -9.84153003E-02
   2.19902301       3.93621214E-02  -9.88099054E-02
   2.20002294       3.92631143E-02  -9.92035270E-02
   2.20102286       3.91637124E-02  -9.95961577E-02
   2.20202279       3.90639193E-02  -9.99877974E-02
   2.20302272       3.89637388E-02 -0.100378439    
   2.20402265       3.88631672E-02 -0.100768074    
   2.20502257       3.87622043E-02 -0.101156704    
   2.20602250       3.86608541E-02 -0.101544328    
   2.20702243       3.85591164E-02 -0.101930939    
   2.20802236       3.84569913E-02 -0.102316529    
   2.20902228       3.83544825E-02 -0.102701098    
   2.21002221       3.82515900E-02 -0.103084646    
   2.21102214       3.81483138E-02 -0.103467159    
   2.21202207       3.80446576E-02 -0.103848644    
   2.21302199       3.79406177E-02 -0.104229093    
   2.21402192       3.78361978E-02 -0.104608499    
   2.21502185       3.77313979E-02 -0.104986861    
   2.21602178       3.76262218E-02 -0.105364174    
   2.21702170       3.75206694E-02 -0.105740435    
   2.21802163       3.74147445E-02 -0.106115639    
   2.21902156       3.73084433E-02 -0.106489785    
   2.22002149       3.72017659E-02 -0.106862873    
   2.22102141       3.70947160E-02 -0.107234888    
   2.22202134       3.69872935E-02 -0.107605837    
   2.22302127       3.68795022E-02 -0.107975714    
   2.22402120       3.67713422E-02 -0.108344510    
   2.22502112       3.66628133E-02 -0.108712226    
   2.22602105       3.65539193E-02 -0.109078854    
   2.22702098       3.64446566E-02 -0.109444395    
   2.22802091       3.63350287E-02 -0.109808840    
   2.22902083       3.62250358E-02 -0.110172190    
   2.23002076       3.61146815E-02 -0.110534437    
   2.23102069       3.60039696E-02 -0.110895582    
   2.23202062       3.58928964E-02 -0.111255623    
   2.23302054       3.57814617E-02 -0.111614555    
   2.23402047       3.56696695E-02 -0.111972369    
   2.23502040       3.55575196E-02 -0.112329066    
   2.23602033       3.54450122E-02 -0.112684637    
   2.23702025       3.53321470E-02 -0.113039084    
   2.23802018       3.52189317E-02 -0.113392405    
   2.23902011       3.51053625E-02 -0.113744594    
   2.24002004       3.49914432E-02 -0.114095651    
   2.24101996       3.48771736E-02 -0.114445567    
   2.24201989       3.47625539E-02 -0.114794336    
   2.24301982       3.46475840E-02 -0.115141965    
   2.24401975       3.45322676E-02 -0.115488440    
   2.24501967       3.44166085E-02 -0.115833759    
   2.24601960       3.43006030E-02 -0.116177924    
   2.24701953       3.41842547E-02 -0.116520926    
   2.24801946       3.40675637E-02 -0.116862766    
   2.24901938       3.39505300E-02 -0.117203444    
   2.25001931       3.38331535E-02 -0.117542952    
   2.25101924       3.37154418E-02 -0.117881283    
   2.25201917       3.35973911E-02 -0.118218437    
   2.25301909       3.34790051E-02 -0.118554413    
   2.25401902       3.33602838E-02 -0.118889205    
   2.25501895       3.32412273E-02 -0.119222805    
   2.25601888       3.31218354E-02 -0.119555220    
   2.25701880       3.30021158E-02 -0.119886436    
   2.25801873       3.28820646E-02 -0.120216459    
   2.25901866       3.27616856E-02 -0.120545283    
   2.26001859       3.26409750E-02 -0.120872900    
   2.26101851       3.25199366E-02 -0.121199310    
   2.26201844       3.23985741E-02 -0.121524513    
   2.26301837       3.22768912E-02 -0.121848501    
   2.26401830       3.21548842E-02 -0.122171268    
   2.26501822       3.20325531E-02 -0.122492820    
   2.26601815       3.19099016E-02 -0.122813143    
   2.26701808       3.17869298E-02 -0.123132244    
   2.26801801       3.16636376E-02 -0.123450115    
   2.26901793       3.15400325E-02 -0.123766750    
   2.27001786       3.14161107E-02 -0.124082148    
   2.27101779       3.12918723E-02 -0.124396309    
   2.27201772       3.11673190E-02 -0.124709226    
   2.27301764       3.10424529E-02 -0.125020906    
   2.27401757       3.09172776E-02 -0.125331327    
   2.27501750       3.07917912E-02 -0.125640497    
   2.27601743       3.06659956E-02 -0.125948414    
   2.27701735       3.05398945E-02 -0.126255080    
   2.27801728       3.04134861E-02 -0.126560479    
   2.27901721       3.02867722E-02 -0.126864612    
   2.28001714       3.01597565E-02 -0.127167478    
   2.28101707       3.00324373E-02 -0.127469078    
   2.28201699       2.99048182E-02 -0.127769396    
   2.28301692       2.97768991E-02 -0.128068447    
   2.28401685       2.96486821E-02 -0.128366217    
   2.28501678       2.95201670E-02 -0.128662705    
   2.28601670       2.93913577E-02 -0.128957912    
   2.28701663       2.92622522E-02 -0.129251823    
   2.28801656       2.91328523E-02 -0.129544452    
   2.28901649       2.90031619E-02 -0.129835784    
   2.29001641       2.88731810E-02 -0.130125821    
   2.29101634       2.87429094E-02 -0.130414546    
   2.29201627       2.86123510E-02 -0.130701974    
   2.29301620       2.84815058E-02 -0.130988091    
   2.29401612       2.83503756E-02 -0.131272912    
   2.29501605       2.82189604E-02 -0.131556422    
   2.29601598       2.80872621E-02 -0.131838605    
   2.29701591       2.79552843E-02 -0.132119477    
   2.29801583       2.78230254E-02 -0.132399023    
   2.29901576       2.76904870E-02 -0.132677257    
   2.30001569       2.75576711E-02 -0.132954165    
   2.30101562       2.74245795E-02 -0.133229747    
   2.30201554       2.72912122E-02 -0.133503988    
   2.30301547       2.71575730E-02 -0.133776903    
   2.30401540       2.70236600E-02 -0.134048477    
   2.30501533       2.68894751E-02 -0.134318709    
   2.30601525       2.67550219E-02 -0.134587601    
   2.30701518       2.66203005E-02 -0.134855151    
   2.30801511       2.64853127E-02 -0.135121360    
   2.30901504       2.63500586E-02 -0.135386214    
   2.31001496       2.62145400E-02 -0.135649711    
   2.31101489       2.60787606E-02 -0.135911852    
   2.31201482       2.59427186E-02 -0.136172637    
   2.31301475       2.58064158E-02 -0.136432067    
   2.31401467       2.56698560E-02 -0.136690125    
   2.31501460       2.55330373E-02 -0.136946827    
   2.31601453       2.53959615E-02 -0.137202159    
   2.31701446       2.52586324E-02 -0.137456119    
   2.31801438       2.51210500E-02 -0.137708709    
   2.31901431       2.49832161E-02 -0.137959912    
   2.32001424       2.48451307E-02 -0.138209745    
   2.32101417       2.47067958E-02 -0.138458192    
   2.32201409       2.45682150E-02 -0.138705254    
   2.32301402       2.44293865E-02 -0.138950929    
   2.32401395       2.42903121E-02 -0.139195219    
   2.32501388       2.41509955E-02 -0.139438123    
   2.32601380       2.40114368E-02 -0.139679626    
   2.32701373       2.38716379E-02 -0.139919743    
   2.32801366       2.37315986E-02 -0.140158460    
   2.32901359       2.35913210E-02 -0.140395775    
   2.33001351       2.34508086E-02 -0.140631691    
   2.33101344       2.33100597E-02 -0.140866205    
   2.33201337       2.31690761E-02 -0.141099304    
   2.33301330       2.30278615E-02 -0.141331002    
   2.33401322       2.28864141E-02 -0.141561285    
   2.33501315       2.27447394E-02 -0.141790152    
   2.33601308       2.26028357E-02 -0.142017603    
   2.33701301       2.24607047E-02 -0.142243639    
   2.33801293       2.23183502E-02 -0.142468244    
   2.33901286       2.21757703E-02 -0.142691433    
   2.34001279       2.20329668E-02 -0.142913193    
   2.34101272       2.18899436E-02 -0.143133521    
   2.34201264       2.17467006E-02 -0.143352419    
   2.34301257       2.16032397E-02 -0.143569887    
   2.34401250       2.14595608E-02 -0.143785924    
   2.34501243       2.13156678E-02 -0.144000515    
   2.34601235       2.11715605E-02 -0.144213676    
   2.34701228       2.10272409E-02 -0.144425392    
   2.34801221       2.08827108E-02 -0.144635662    
   2.34901214       2.07379702E-02 -0.144844487    
   2.35001206       2.05930211E-02 -0.145051867    
   2.35101199       2.04478670E-02 -0.145257801    
   2.35201192       2.03025062E-02 -0.145462275    
   2.35301185       2.01569442E-02 -0.145665303    
   2.35401177       2.00111791E-02 -0.145866871    
   2.35501170       1.98652111E-02 -0.146066979    
   2.35601163       1.97190456E-02 -0.146265626    
   2.35701156       1.95726808E-02 -0.146462813    
   2.35801148       1.94261186E-02 -0.146658540    
   2.35901141       1.92793626E-02 -0.146852806    
   2.36001134       1.91324130E-02 -0.147045597    
   2.36101127       1.89852715E-02 -0.147236928    
   2.36201119       1.88379399E-02 -0.147426784    
   2.36301112       1.86904185E-02 -0.147615165    
   2.36401105       1.85427107E-02 -0.147802070    
   2.36501098       1.83948148E-02 -0.147987500    
   2.36601090       1.82467364E-02 -0.148171455    
   2.36701083       1.80984735E-02 -0.148353919    
   2.36801076       1.79500282E-02 -0.148534909    
   2.36901069       1.78014040E-02 -0.148714408    
   2.37001061       1.76526010E-02 -0.148892418    
   2.37101054       1.75036211E-02 -0.149068937    
   2.37201047       1.73544642E-02 -0.149243966    
   2.37301040       1.72051322E-02 -0.149417505    
   2.37401032       1.70556288E-02 -0.149589553    
   2.37501025       1.69059541E-02 -0.149760112    
   2.37601018       1.67561099E-02 -0.149929166    
   2.37701011       1.66060962E-02 -0.150096729    
   2.37801003       1.64559148E-02 -0.150262788    
   2.37900996       1.63055696E-02 -0.150427341    
   2.38000989       1.61550604E-02 -0.150590390    
   2.38100982       1.60043892E-02 -0.150751933    
   2.38200974       1.58535577E-02 -0.150911972    
   2.38300967       1.57025661E-02 -0.151070505    
   2.38400960       1.55514171E-02 -0.151227534    
   2.38500953       1.54001126E-02 -0.151383042    
   2.38600945       1.52486525E-02 -0.151537046    
   2.38700938       1.50970388E-02 -0.151689529    
   2.38800931       1.49452742E-02 -0.151840493    
   2.38900924       1.47933587E-02 -0.151989952    
   2.39000916       1.46412952E-02 -0.152137890    
   2.39100909       1.44890836E-02 -0.152284309    
   2.39200902       1.43367266E-02 -0.152429193    
   2.39300895       1.41842254E-02 -0.152572557    
   2.39400887       1.40315816E-02 -0.152714401    
   2.39500880       1.38787972E-02 -0.152854711    
   2.39600873       1.37258722E-02 -0.152993500    
   2.39700866       1.35728093E-02 -0.153130755    
   2.39800858       1.34196104E-02 -0.153266490    
   2.39900851       1.32662766E-02 -0.153400689    
   2.40000844       1.31128095E-02 -0.153533354    
   2.40100837       1.29592111E-02 -0.153664485    
   2.40200830       1.28054814E-02 -0.153794080    
   2.40300822       1.26516232E-02 -0.153922141    
   2.40400815       1.24976374E-02 -0.154048651    
   2.40500808       1.23435268E-02 -0.154173627    
   2.40600801       1.21892914E-02 -0.154297069    
   2.40700793       1.20349340E-02 -0.154418960    
   2.40800786       1.18804546E-02 -0.154539317    
   2.40900779       1.17258560E-02 -0.154658124    
   2.41000772       1.15711391E-02 -0.154775381    
   2.41100764       1.14163058E-02 -0.154891089    
   2.41200757       1.12613579E-02 -0.155005246    
   2.41300750       1.11062964E-02 -0.155117854    
   2.41400743       1.09511223E-02 -0.155228913    
   2.41500735       1.07958382E-02 -0.155338421    
   2.41600728       1.06404461E-02 -0.155446380    
   2.41700721       1.04849469E-02 -0.155552790    
   2.41800714       1.03293415E-02 -0.155657634    
   2.41900706       1.01736328E-02 -0.155760929    
   2.42000699       1.00178206E-02 -0.155862659    
   2.42100692       9.86190792E-03 -0.155962840    
   2.42200685       9.70589556E-03 -0.156061456    
   2.42300677       9.54978541E-03 -0.156158522    
   2.42400670       9.39357933E-03 -0.156254023    
   2.42500663       9.23727918E-03 -0.156347960    
   2.42600656       9.08088498E-03 -0.156440333    
   2.42700648       8.92439857E-03 -0.156531140    
   2.42800641       8.76782276E-03 -0.156620383    
   2.42900634       8.61115847E-03 -0.156708062    
   2.43000627       8.45440757E-03 -0.156794176    
   2.43100619       8.29757191E-03 -0.156878725    
   2.43200612       8.14065151E-03 -0.156961694    
   2.43300605       7.98364915E-03 -0.157043099    
   2.43400598       7.82656576E-03 -0.157122940    
   2.43500590       7.66940368E-03 -0.157201201    
   2.43600583       7.51216430E-03 -0.157277897    
   2.43700576       7.35484855E-03 -0.157353014    
   2.43800569       7.19745876E-03 -0.157426566    
   2.43900561       7.03999633E-03 -0.157498538    
   2.44000554       6.88246218E-03 -0.157568932    
   2.44100547       6.72485866E-03 -0.157637760    
   2.44200540       6.56718714E-03 -0.157705009    
   2.44300532       6.40944904E-03 -0.157770678    
   2.44400525       6.25164621E-03 -0.157834768    
   2.44500518       6.09378004E-03 -0.157897279    
   2.44600511       5.93585242E-03 -0.157958210    
   2.44700503       5.77786425E-03 -0.158017561    
   2.44800496       5.61981788E-03 -0.158075333    
   2.44900489       5.46171470E-03 -0.158131525    
   2.45000482       5.30355563E-03 -0.158186138    
   2.45100474       5.14534302E-03 -0.158239171    
   2.45200467       4.98707825E-03 -0.158290625    
   2.45300460       4.82876226E-03 -0.158340499    
   2.45400453       4.67039738E-03 -0.158388793    
   2.45500445       4.51198546E-03 -0.158435494    
   2.45600438       4.35352745E-03 -0.158480614    
   2.45700431       4.19502473E-03 -0.158524156    
   2.45800424       4.03647963E-03 -0.158566102    
   2.45900416       3.87789332E-03 -0.158606470    
   2.46000409       3.71926744E-03 -0.158645242    
   2.46100402       3.56060360E-03 -0.158682436    
   2.46200395       3.40190344E-03 -0.158718035    
   2.46300387       3.24316835E-03 -0.158752054    
   2.46400380       3.08439997E-03 -0.158784479    
   2.46500373       2.92560016E-03 -0.158815324    
   2.46600366       2.76677008E-03 -0.158844575    
   2.46700358       2.60791183E-03 -0.158872247    
   2.46800351       2.44902656E-03 -0.158898324    
   2.46900344       2.29011592E-03 -0.158922821    
   2.47000337       2.13118177E-03 -0.158945724    
   2.47100329       1.97222526E-03 -0.158967033    
   2.47200322       1.81324838E-03 -0.158986762    
   2.47300315       1.65425253E-03 -0.159004897    
   2.47400308       1.49523932E-03 -0.159021437    
   2.47500300       1.33621041E-03 -0.159036383    
   2.47600293       1.17716740E-03 -0.159049749    
   2.47700286       1.01811171E-03 -0.159061521    
   2.47800279       8.59045133E-04 -0.159071699    
   2.47900271       6.99969125E-04 -0.159080282    
   2.48000264       5.40885376E-04 -0.159087285    
   2.48100257       3.81795369E-04 -0.159092695    
   2.48200250       2.22700764E-04 -0.159096509    
   2.48300242       6.36031400E-05 -0.159098729    
   2.48400235      -9.54959178E-05 -0.159099370    
   2.48500228      -2.54594837E-04 -0.159098417    
   2.48600221      -4.13691974E-04 -0.159095868    
   2.48700213      -5.72785735E-04 -0.159091726    
   2.48800206      -7.31874607E-04 -0.159086004    
   2.48900199      -8.90956959E-04 -0.159078687    
   2.49000192      -1.05003128E-03 -0.159069777    
   2.49100184      -1.20909582E-03 -0.159059271    
   2.49200177      -1.36814907E-03 -0.159047186    
   2.49300170      -1.52718939E-03 -0.159033507    
   2.49400163      -1.68621517E-03 -0.159018233    
   2.49500155      -1.84522499E-03 -0.159001365    
   2.49600148      -2.00421712E-03 -0.158982918    
   2.49700141      -2.16318993E-03 -0.158962876    
   2.49800134      -2.32214201E-03 -0.158941239    
   2.49900126      -2.48107151E-03 -0.158918023    
   2.50000119      -2.63997726E-03 -0.158893213    
   2.50100112      -2.79885717E-03 -0.158866808    
   2.50200105      -2.95771006E-03 -0.158838823    
   2.50300097      -3.11653409E-03 -0.158809245    
   2.50400090      -3.27532785E-03 -0.158778086    
   2.50500083      -3.43408971E-03 -0.158745334    
   2.50600076      -3.59281781E-03 -0.158710986    
   2.50700068      -3.75151099E-03 -0.158675060    
   2.50800061      -3.91016761E-03 -0.158637539    
   2.50900054      -4.06878581E-03 -0.158598438    
   2.51000047      -4.22736397E-03 -0.158557743    
   2.51100039      -4.38590068E-03 -0.158515468    
   2.51200032      -4.54439409E-03 -0.158471614    
   2.51300025      -4.70284279E-03 -0.158426166    
   2.51400018      -4.86124586E-03 -0.158379138    
   2.51500010      -5.01960097E-03 -0.158330530    
   2.51600003      -5.17790625E-03 -0.158280328    
   2.51699996      -5.33616031E-03 -0.158228546    
   2.51799989      -5.49436221E-03 -0.158175185    
   2.51899981      -5.65251010E-03 -0.158120245    
   2.51999974      -5.81060210E-03 -0.158063725    
   2.52099967      -5.96863683E-03 -0.158005625    
   2.52199960      -6.12661242E-03 -0.157945946    
   2.52299953      -6.28452748E-03 -0.157884687    
   2.52399945      -6.44238107E-03 -0.157821849    
   2.52499938      -6.60017086E-03 -0.157757431    
   2.52599931      -6.75789546E-03 -0.157691434    
   2.52699924      -6.91555301E-03 -0.157623857    
   2.52799916      -7.07314257E-03 -0.157554701    
   2.52899909      -7.23066181E-03 -0.157483965    
   2.52999902      -7.38810934E-03 -0.157411665    
   2.53099895      -7.54548423E-03 -0.157337785    
   2.53199887      -7.70278415E-03 -0.157262325    
   2.53299880      -7.86000863E-03 -0.157185301    
   2.53399873      -8.01715441E-03 -0.157106698    
   2.53499866      -8.17422103E-03 -0.157026529    
   2.53599858      -8.33120663E-03 -0.156944782    
   2.53699851      -8.48810934E-03 -0.156861469    
   2.53799844      -8.64492822E-03 -0.156776592    
   2.53899837      -8.80166236E-03 -0.156690136    
   2.53999829      -8.95830896E-03 -0.156602114    
   2.54099822      -9.11486614E-03 -0.156512529    
   2.54199815      -9.27133299E-03 -0.156421378    
   2.54299808      -9.42770764E-03 -0.156328663    
   2.54399800      -9.58398916E-03 -0.156234384    
   2.54499793      -9.74017568E-03 -0.156138539    
   2.54599786      -9.89626534E-03 -0.156041130    
   2.54699779      -1.00522572E-02 -0.155942172    
   2.54799771      -1.02081494E-02 -0.155841649    
   2.54899764      -1.03639401E-02 -0.155739561    
   2.54999757      -1.05196275E-02 -0.155635923    
   2.55099750      -1.06752114E-02 -0.155530721    
   2.55199742      -1.08306892E-02 -0.155423969    
   2.55299735      -1.09860590E-02 -0.155315667    
   2.55399728      -1.11413198E-02 -0.155205801    
   2.55499721      -1.12964697E-02 -0.155094385    
   2.55599713      -1.14515070E-02 -0.154981419    
   2.55699706      -1.16064316E-02 -0.154866904    
   2.55799699      -1.17612407E-02 -0.154750839    
   2.55899692      -1.19159324E-02 -0.154633224    
   2.55999684      -1.20705059E-02 -0.154514059    
   2.56099677      -1.22249592E-02 -0.154393360    
   2.56199670      -1.23792915E-02 -0.154271111    
   2.56299663      -1.25335008E-02 -0.154147312    
   2.56399655      -1.26875853E-02 -0.154021978    
   2.56499648      -1.28415441E-02 -0.153895110    
   2.56599641      -1.29953753E-02 -0.153766692    
   2.56699634      -1.31490771E-02 -0.153636739    
   2.56799626      -1.33026475E-02 -0.153505251    
   2.56899619      -1.34560866E-02 -0.153372228    
   2.56999612      -1.36093916E-02 -0.153237671    
   2.57099605      -1.37625616E-02 -0.153101578    
   2.57199597      -1.39155947E-02 -0.152963951    
   2.57299590      -1.40684890E-02 -0.152824789    
   2.57399583      -1.42212426E-02 -0.152684107    
   2.57499576      -1.43738557E-02 -0.152541891    
   2.57599568      -1.45263262E-02 -0.152398154    
   2.57699561      -1.46786515E-02 -0.152252898    
   2.57799554      -1.48308305E-02 -0.152106106    
   2.57899547      -1.49828624E-02 -0.151957795    
   2.57999539      -1.51347453E-02 -0.151807964    
   2.58099532      -1.52864782E-02 -0.151656613    
   2.58199525      -1.54380584E-02 -0.151503742    
   2.58299518      -1.55894849E-02 -0.151349366    
   2.58399510      -1.57407559E-02 -0.151193470    
   2.58499503      -1.58918705E-02 -0.151036069    
   2.58599496      -1.60428267E-02 -0.150877148    
   2.58699489      -1.61936246E-02 -0.150716722    
   2.58799481      -1.63442604E-02 -0.150554791    
   2.58899474      -1.64947324E-02 -0.150391355    
   2.58999467      -1.66450422E-02 -0.150226414    
   2.59099460      -1.67951845E-02 -0.150059968    
   2.59199452      -1.69451609E-02 -0.149892017    
   2.59299445      -1.70949697E-02 -0.149722561    
   2.59399438      -1.72446072E-02 -0.149551615    
   2.59499431      -1.73940733E-02 -0.149379164    
   2.59599423      -1.75433643E-02 -0.149205223    
   2.59699416      -1.76924821E-02 -0.149029791    
   2.59799409      -1.78414248E-02 -0.148852870    
   2.59899402      -1.79901887E-02 -0.148674458    
   2.59999394      -1.81387737E-02 -0.148494557    
   2.60099387      -1.82871763E-02 -0.148313165    
   2.60199380      -1.84353981E-02 -0.148130298    
   2.60299373      -1.85834374E-02 -0.147945940    
   2.60399365      -1.87312905E-02 -0.147760108    
   2.60499358      -1.88789573E-02 -0.147572801    
   2.60599351      -1.90264359E-02 -0.147384018    
   2.60699344      -1.91737246E-02 -0.147193760    
   2.60799336      -1.93208233E-02 -0.147002026    
   2.60899329      -1.94677282E-02 -0.146808818    
   2.60999322      -1.96144395E-02 -0.146614134    
   2.61099315      -1.97609551E-02 -0.146417990    
   2.61199307      -1.99072752E-02 -0.146220386    
   2.61299300      -2.00533960E-02 -0.146021307    
   2.61399293      -2.01993175E-02 -0.145820767    
   2.61499286      -2.03450378E-02 -0.145618767    
   2.61599278      -2.04905532E-02 -0.145415321    
   2.61699271      -2.06358656E-02 -0.145210415    
   2.61799264      -2.07809731E-02 -0.145004064    
   2.61899257      -2.09258720E-02 -0.144796252    
   2.61999249      -2.10705642E-02 -0.144586995    
   2.62099242      -2.12150458E-02 -0.144376293    
   2.62199235      -2.13593151E-02 -0.144164145    
   2.62299228      -2.15033740E-02 -0.143950552    
   2.62399220      -2.16472168E-02 -0.143735513    
   2.62499213      -2.17908435E-02 -0.143519044    
   2.62599206      -2.19342541E-02 -0.143301129    
   2.62699199      -2.20774449E-02 -0.143081784    
   2.62799191      -2.22204160E-02 -0.142861009    
   2.62899184      -2.23631654E-02 -0.142638803    
   2.62999177      -2.25056931E-02 -0.142415166    
   2.63099170      -2.26479974E-02 -0.142190114    
   2.63199162      -2.27900743E-02 -0.141963631    
   2.63299155      -2.29319241E-02 -0.141735733    
   2.63399148      -2.30735447E-02 -0.141506419    
   2.63499141      -2.32149363E-02 -0.141275689    
   2.63599133      -2.33560968E-02 -0.141043544    
   2.63699126      -2.34970227E-02 -0.140809983    
   2.63799119      -2.36377157E-02 -0.140575007    
   2.63899112      -2.37781741E-02 -0.140338629    
   2.63999104      -2.39183940E-02 -0.140100852    
   2.64099097      -2.40583755E-02 -0.139861673    
   2.64199090      -2.41981167E-02 -0.139621094    
   2.64299083      -2.43376177E-02 -0.139379114    
   2.64399076      -2.44768765E-02 -0.139135733    
   2.64499068      -2.46158894E-02 -0.138890967    
   2.64599061      -2.47546583E-02 -0.138644814    
   2.64699054      -2.48931795E-02 -0.138397262    
   2.64799047      -2.50314511E-02 -0.138148323    
   2.64899039      -2.51694750E-02 -0.137898013    
   2.64999032      -2.53072456E-02 -0.137646317    
   2.65099025      -2.54447646E-02 -0.137393251    
   2.65199018      -2.55820304E-02 -0.137138799    
   2.65299010      -2.57190410E-02 -0.136882976    
   2.65399003      -2.58557945E-02 -0.136625782    
   2.65498996      -2.59922910E-02 -0.136367217    
   2.65598989      -2.61285286E-02 -0.136107296    
   2.65698981      -2.62645055E-02 -0.135846004    
   2.65798974      -2.64002196E-02 -0.135583356    
   2.65898967      -2.65356712E-02 -0.135319352    
   2.65998960      -2.66708583E-02 -0.135053992    
   2.66098952      -2.68057790E-02 -0.134787276    
   2.66198945      -2.69404314E-02 -0.134519219    
   2.66298938      -2.70748157E-02 -0.134249821    
   2.66398931      -2.72089299E-02 -0.133979067    
   2.66498923      -2.73427721E-02 -0.133706972    
   2.66598916      -2.74763424E-02 -0.133433551    
   2.66698909      -2.76096389E-02 -0.133158788    
   2.66798902      -2.77426597E-02 -0.132882684    
   2.66898894      -2.78754048E-02 -0.132605255    
   2.66998887      -2.80078705E-02 -0.132326499    
   2.67098880      -2.81400569E-02 -0.132046416    
   2.67198873      -2.82719620E-02 -0.131765023    
   2.67298865      -2.84035858E-02 -0.131482303    
   2.67398858      -2.85349265E-02 -0.131198272    
   2.67498851      -2.86659822E-02 -0.130912930    
   2.67598844      -2.87967511E-02 -0.130626276    
   2.67698836      -2.89272331E-02 -0.130338311    
   2.67798829      -2.90574264E-02 -0.130049035    
   2.67898822      -2.91873310E-02 -0.129758462    
   2.67998815      -2.93169450E-02 -0.129466593    
   2.68098807      -2.94462647E-02 -0.129173428    
   2.68198800      -2.95752902E-02 -0.128878966    
   2.68298793      -2.97040213E-02 -0.128583208    
   2.68398786      -2.98324563E-02 -0.128286168    
   2.68498778      -2.99605932E-02 -0.127987847    
   2.68598771      -3.00884321E-02 -0.127688244    
   2.68698764      -3.02159693E-02 -0.127387360    
   2.68798757      -3.03432066E-02 -0.127085194    
   2.68898749      -3.04701403E-02 -0.126781762    
   2.68998742      -3.05967685E-02 -0.126477063    
   2.69098735      -3.07230931E-02 -0.126171097    
   2.69198728      -3.08491122E-02 -0.125863865    
   2.69298720      -3.09748221E-02 -0.125555381    
   2.69398713      -3.11002228E-02 -0.125245631    
   2.69498706      -3.12253144E-02 -0.124934629    
   2.69598699      -3.13500911E-02 -0.124622375    
   2.69698691      -3.14745568E-02 -0.124308877    
   2.69798684      -3.15987095E-02 -0.123994134    
   2.69898677      -3.17225456E-02 -0.123678148    
   2.69998670      -3.18460651E-02 -0.123360924    
   2.70098662      -3.19692641E-02 -0.123042464    
   2.70198655      -3.20921466E-02 -0.122722775    
   2.70298648      -3.22147086E-02 -0.122401856    
   2.70398641      -3.23369503E-02 -0.122079708    
   2.70498633      -3.24588716E-02 -0.121756338    
   2.70598626      -3.25804651E-02 -0.121431746    
   2.70698619      -3.27017345E-02 -0.121105939    
   2.70798612      -3.28226760E-02 -0.120778918    
   2.70898604      -3.29432897E-02 -0.120450690    
   2.70998597      -3.30635756E-02 -0.120121256    
   2.71098590      -3.31835337E-02 -0.119790621    
   2.71198583      -3.33031565E-02 -0.119458787    
   2.71298575      -3.34224477E-02 -0.119125754    
   2.71398568      -3.35414074E-02 -0.118791528    
   2.71498561      -3.36600319E-02 -0.118456110    
   2.71598554      -3.37783210E-02 -0.118119508    
   2.71698546      -3.38962711E-02 -0.117781729    
   2.71798539      -3.40138860E-02 -0.117442764    
   2.71898532      -3.41311581E-02 -0.117102623    
   2.71998525      -3.42480876E-02 -0.116761312    
   2.72098517      -3.43646780E-02 -0.116418831    
   2.72198510      -3.44809256E-02 -0.116075188    
   2.72298503      -3.45968306E-02 -0.115730375    
   2.72398496      -3.47123891E-02 -0.115384407    
   2.72498488      -3.48275974E-02 -0.115037285    
   2.72598481      -3.49424593E-02 -0.114689007    
   2.72698474      -3.50569747E-02 -0.114339583    
   2.72798467      -3.51711400E-02 -0.113989010    
   2.72898459      -3.52849551E-02 -0.113637298    
   2.72998452      -3.53984162E-02 -0.113284446    
   2.73098445      -3.55115235E-02 -0.112930462    
   2.73198438      -3.56242768E-02 -0.112575345    
   2.73298430      -3.57366726E-02 -0.112219103    
   2.73398423      -3.58487144E-02 -0.111861736    
   2.73498416      -3.59603986E-02 -0.111503251    
   2.73598409      -3.60717215E-02 -0.111143649    
   2.73698401      -3.61826867E-02 -0.110782929    
   2.73798394      -3.62932868E-02 -0.110421099    
   2.73898387      -3.64035256E-02 -0.110058166    
   2.73998380      -3.65134031E-02 -0.109694131    
   2.74098372      -3.66229154E-02 -0.109329000    
   2.74198365      -3.67320627E-02 -0.108962774    
   2.74298358      -3.68408412E-02 -0.108595453    
   2.74398351      -3.69492546E-02 -0.108227044    
   2.74498343      -3.70572954E-02 -0.107857555    
   2.74598336      -3.71649675E-02 -0.107486986    
   2.74698329      -3.72722670E-02 -0.107115336    
   2.74798322      -3.73791978E-02 -0.106742613    
   2.74898314      -3.74857560E-02 -0.106368817    
   2.74998307      -3.75919379E-02 -0.105993956    
   2.75098300      -3.76977473E-02 -0.105618037    
   2.75198293      -3.78031768E-02 -0.105241060    
   2.75298285      -3.79082263E-02 -0.104863025    
   2.75398278      -3.80128995E-02 -0.104483940    
   2.75498271      -3.81171927E-02 -0.104103811    
   2.75598264      -3.82211059E-02 -0.103722639    
   2.75698256      -3.83246392E-02 -0.103340425    
   2.75798249      -3.84277888E-02 -0.102957182    
   2.75898242      -3.85305509E-02 -0.102572903    
   2.75998235      -3.86329293E-02 -0.102187596    
   2.76098228      -3.87349240E-02 -0.101801269    
   2.76198220      -3.88365313E-02 -0.101413921    
   2.76298213      -3.89377512E-02 -0.101025552    
   2.76398206      -3.90385836E-02 -0.100636177    
   2.76498199      -3.91390249E-02 -0.100245789    
   2.76598191      -3.92390750E-02  -9.98543948E-02
   2.76698184      -3.93387303E-02  -9.94620025E-02
   2.76798177      -3.94379944E-02  -9.90686119E-02
   2.76898170      -3.95368673E-02  -9.86742303E-02
   2.76998162      -3.96353453E-02  -9.82788652E-02
   2.77098155      -3.97334285E-02  -9.78825092E-02
   2.77198148      -3.98311131E-02  -9.74851772E-02
   2.77298141      -3.99283990E-02  -9.70868692E-02
   2.77398133      -4.00252864E-02  -9.66875851E-02
   2.77498126      -4.01217714E-02  -9.62873325E-02
   2.77598119      -4.02178578E-02  -9.58861113E-02
   2.77698112      -4.03135419E-02  -9.54839289E-02
   2.77798104      -4.04088236E-02  -9.50807929E-02
   2.77898097      -4.05037031E-02  -9.46767032E-02
   2.77998090      -4.05981801E-02  -9.42716673E-02
   2.78098083      -4.06922512E-02  -9.38656852E-02
   2.78198075      -4.07859124E-02  -9.34587643E-02
   2.78298068      -4.08791676E-02  -9.30509046E-02
   2.78398061      -4.09720130E-02  -9.26421136E-02
   2.78498054      -4.10644487E-02  -9.22323912E-02
   2.78598046      -4.11564745E-02  -9.18217450E-02
   2.78698039      -4.12480906E-02  -9.14101824E-02
   2.78798032      -4.13392968E-02  -9.09977034E-02
   2.78898025      -4.14300896E-02  -9.05843079E-02
   2.78998017      -4.15204652E-02  -9.01700035E-02
   2.79098010      -4.16104272E-02  -8.97547975E-02
   2.79198003      -4.16999720E-02  -8.93386900E-02
   2.79297996      -4.17891033E-02  -8.89216885E-02
   2.79397988      -4.18778174E-02  -8.85038003E-02
   2.79497981      -4.19661142E-02  -8.80850255E-02
   2.79597974      -4.20539901E-02  -8.76653641E-02
   2.79697967      -4.21414450E-02  -8.72448236E-02
   2.79797959      -4.22284789E-02  -8.68234113E-02
   2.79897952      -4.23150882E-02  -8.64011273E-02
   2.79997945      -4.24012765E-02  -8.59779790E-02
   2.80097938      -4.24870439E-02  -8.55539665E-02
   2.80197930      -4.25723866E-02  -8.51290971E-02
   2.80297923      -4.26573046E-02  -8.47033709E-02
   2.80397916      -4.27417941E-02  -8.42767954E-02
   2.80497909      -4.28258590E-02  -8.38493779E-02
   2.80597901      -4.29094955E-02  -8.34211186E-02
   2.80697894      -4.29926999E-02  -8.29920247E-02
   2.80797887      -4.30754758E-02  -8.25620964E-02
   2.80897880      -4.31578234E-02  -8.21313411E-02
   2.80997872      -4.32397388E-02  -8.16997662E-02
   2.81097865      -4.33212221E-02  -8.12673718E-02
   2.81197858      -4.34022732E-02  -8.08341578E-02
   2.81297851      -4.34828922E-02  -8.04001316E-02
   2.81397843      -4.35630754E-02  -7.99653009E-02
   2.81497836      -4.36428264E-02  -7.95296729E-02
   2.81597829      -4.37221378E-02  -7.90932477E-02
   2.81697822      -4.38010097E-02  -7.86560252E-02
   2.81797814      -4.38794456E-02  -7.82180130E-02
   2.81897807      -4.39574420E-02  -7.77792186E-02
   2.81997800      -4.40350026E-02  -7.73396417E-02
   2.82097793      -4.41121235E-02  -7.68992901E-02
   2.82197785      -4.41888012E-02  -7.64581710E-02
   2.82297778      -4.42650393E-02  -7.60162845E-02
   2.82397771      -4.43408340E-02  -7.55736306E-02
   2.82497764      -4.44161855E-02  -7.51302242E-02
   2.82597756      -4.44910936E-02  -7.46860653E-02
   2.82697749      -4.45655547E-02  -7.42411539E-02
   2.82797742      -4.46395725E-02  -7.37954974E-02
   2.82897735      -4.47131433E-02  -7.33491033E-02
   2.82997727      -4.47862670E-02  -7.29019716E-02
   2.83097720      -4.48589437E-02  -7.24541098E-02
   2.83197713      -4.49311733E-02  -7.20055178E-02
   2.83297706      -4.50029559E-02  -7.15562031E-02
   2.83397698      -4.50742878E-02  -7.11061731E-02
   2.83497691      -4.51451689E-02  -7.06554279E-02
   2.83597684      -4.52155955E-02  -7.02039748E-02
   2.83697677      -4.52855714E-02  -6.97518215E-02
   2.83797669      -4.53550965E-02  -6.92989677E-02
   2.83897662      -4.54241671E-02  -6.88454136E-02
   2.83997655      -4.54927869E-02  -6.83911741E-02
   2.84097648      -4.55609523E-02  -6.79362491E-02
   2.84197640      -4.56286594E-02  -6.74806386E-02
   2.84297633      -4.56959121E-02  -6.70243502E-02
   2.84397626      -4.57627103E-02  -6.65673912E-02
   2.84497619      -4.58290502E-02  -6.61097616E-02
   2.84597611      -4.58949283E-02  -6.56514689E-02
   2.84697604      -4.59603481E-02  -6.51925206E-02
   2.84797597      -4.60253097E-02  -6.47329167E-02
   2.84897590      -4.60898131E-02  -6.42726645E-02
   2.84997582      -4.61538546E-02  -6.38117641E-02
   2.85097575      -4.62174341E-02  -6.33502230E-02
   2.85197568      -4.62805517E-02  -6.28880486E-02
   2.85297561      -4.63432074E-02  -6.24252446E-02
   2.85397553      -4.64054011E-02  -6.19618110E-02
   2.85497546      -4.64671329E-02  -6.14977553E-02
   2.85597539      -4.65283990E-02  -6.10330850E-02
   2.85697532      -4.65891995E-02  -6.05678000E-02
   2.85797524      -4.66495343E-02  -6.01019077E-02
   2.85897517      -4.67093997E-02  -5.96354119E-02
   2.85997510      -4.67687994E-02  -5.91683164E-02
   2.86097503      -4.68277335E-02  -5.87006286E-02
   2.86197495      -4.68861982E-02  -5.82323521E-02
   2.86297488      -4.69441973E-02  -5.77634908E-02
   2.86397481      -4.70017269E-02  -5.72940484E-02
   2.86497474      -4.70587872E-02  -5.68240322E-02
   2.86597466      -4.71153781E-02  -5.63534461E-02
   2.86697459      -4.71714959E-02  -5.58822937E-02
   2.86797452      -4.72271442E-02  -5.54105788E-02
   2.86897445      -4.72823195E-02  -5.49383089E-02
   2.86997437      -4.73370217E-02  -5.44654839E-02
   2.87097430      -4.73912470E-02  -5.39921150E-02
   2.87197423      -4.74449992E-02  -5.35182022E-02
   2.87297416      -4.74982783E-02  -5.30437529E-02
   2.87397408      -4.75510843E-02  -5.25687709E-02
   2.87497401      -4.76034135E-02  -5.20932600E-02
   2.87597394      -4.76552695E-02  -5.16172275E-02
   2.87697387      -4.77066487E-02  -5.11406735E-02
   2.87797379      -4.77575511E-02  -5.06636053E-02
   2.87897372      -4.78079766E-02  -5.01860306E-02
   2.87997365      -4.78579253E-02  -4.97079492E-02
   2.88097358      -4.79073934E-02  -4.92293686E-02
   2.88197351      -4.79563847E-02  -4.87502962E-02
   2.88297343      -4.80048954E-02  -4.82707322E-02
   2.88397336      -4.80529293E-02  -4.77906838E-02
   2.88497329      -4.81004827E-02  -4.73101549E-02
   2.88597322      -4.81475517E-02  -4.68291491E-02
   2.88697314      -4.81941402E-02  -4.63476740E-02
   2.88797307      -4.82402444E-02  -4.58657332E-02
   2.88897300      -4.82858680E-02  -4.53833304E-02
   2.88997293      -4.83310074E-02  -4.49004732E-02
   2.89097285      -4.83756661E-02  -4.44171615E-02
   2.89197278      -4.84198406E-02  -4.39334065E-02
   2.89297271      -4.84635308E-02  -4.34492081E-02
   2.89397264      -4.85067368E-02  -4.29645739E-02
   2.89497256      -4.85494584E-02  -4.24795076E-02
   2.89597249      -4.85916957E-02  -4.19940129E-02
   2.89697242      -4.86334488E-02  -4.15080972E-02
   2.89797235      -4.86747138E-02  -4.10217643E-02
   2.89897227      -4.87154946E-02  -4.05350178E-02
   2.89997220      -4.87557873E-02  -4.00478616E-02
   2.90097213      -4.87955920E-02  -3.95603031E-02
   2.90197206      -4.88349088E-02  -3.90723459E-02
   2.90297198      -4.88737337E-02  -3.85839976E-02
   2.90397191      -4.89120707E-02  -3.80952619E-02
   2.90497184      -4.89499196E-02  -3.76061425E-02
   2.90597177      -4.89872806E-02  -3.71166430E-02
   2.90697169      -4.90241498E-02  -3.66267711E-02
   2.90797162      -4.90605310E-02  -3.61365303E-02
   2.90897155      -4.90964204E-02  -3.56459245E-02
   2.90997148      -4.91318218E-02  -3.51549610E-02
   2.91097140      -4.91667315E-02  -3.46636437E-02
   2.91197133      -4.92011495E-02  -3.41719761E-02
   2.91297126      -4.92350757E-02  -3.36799659E-02
   2.91397119      -4.92685102E-02  -3.31876166E-02
   2.91497111      -4.93014529E-02  -3.26949321E-02
   2.91597104      -4.93339002E-02  -3.22019160E-02
   2.91697097      -4.93658558E-02  -3.17085758E-02
   2.91797090      -4.93973196E-02  -3.12149171E-02
   2.91897082      -4.94282879E-02  -3.07209436E-02
   2.91997075      -4.94587645E-02  -3.02266609E-02
   2.92097068      -4.94887456E-02  -2.97320727E-02
   2.92197061      -4.95182313E-02  -2.92371847E-02
   2.92297053      -4.95472215E-02  -2.87420023E-02
   2.92397046      -4.95757125E-02  -2.82465294E-02
   2.92497039      -4.96037081E-02  -2.77507715E-02
   2.92597032      -4.96312082E-02  -2.72547342E-02
   2.92697024      -4.96582128E-02  -2.67584212E-02
   2.92797017      -4.96847220E-02  -2.62618400E-02
   2.92897010      -4.97107357E-02  -2.57649925E-02
   2.92997003      -4.97362502E-02  -2.52678841E-02
   2.93096995      -4.97612692E-02  -2.47705225E-02
   2.93196988      -4.97857891E-02  -2.42729094E-02
   2.93296981      -4.98098135E-02  -2.37750523E-02
   2.93396974      -4.98333387E-02  -2.32769549E-02
   2.93496966      -4.98563647E-02  -2.27786209E-02
   2.93596959      -4.98788953E-02  -2.22800579E-02
   2.93696952      -4.99009266E-02  -2.17812695E-02
   2.93796945      -4.99224588E-02  -2.12822594E-02
   2.93896937      -4.99434918E-02  -2.07830351E-02
   2.93996930      -4.99640256E-02  -2.02836003E-02
   2.94096923      -4.99840602E-02  -1.97839607E-02
   2.94196916      -5.00035957E-02  -1.92841198E-02
   2.94296908      -5.00226319E-02  -1.87840834E-02
   2.94396901      -5.00411652E-02  -1.82838570E-02
   2.94496894      -5.00591993E-02  -1.77834462E-02
   2.94596887      -5.00767343E-02  -1.72828548E-02
   2.94696879      -5.00937663E-02  -1.67820882E-02
   2.94796872      -5.01102991E-02  -1.62811503E-02
   2.94896865      -5.01263291E-02  -1.57800466E-02
   2.94996858      -5.01418598E-02  -1.52787836E-02
   2.95096850      -5.01568876E-02  -1.47773651E-02
   2.95196843      -5.01714163E-02  -1.42757967E-02
   2.95296836      -5.01854420E-02  -1.37740821E-02
   2.95396829      -5.01989648E-02  -1.32722277E-02
   2.95496821      -5.02119884E-02  -1.27702383E-02
   2.95596814      -5.02245091E-02  -1.22681186E-02
   2.95696807      -5.02365269E-02  -1.17658731E-02
   2.95796800      -5.02480417E-02  -1.12635074E-02
   2.95896792      -5.02590574E-02  -1.07610272E-02
   2.95996785      -5.02695702E-02  -1.02584362E-02
   2.96096778      -5.02795801E-02  -9.75574087E-03
   2.96196771      -5.02890870E-02  -9.25294496E-03
   2.96296763      -5.02980910E-02  -8.75005405E-03
   2.96396756      -5.03065884E-02  -8.24707281E-03
   2.96496749      -5.03145829E-02  -7.74400681E-03
   2.96596742      -5.03220744E-02  -7.24086072E-03
   2.96696734      -5.03290631E-02  -6.73764013E-03
   2.96796727      -5.03355488E-02  -6.23434968E-03
   2.96896720      -5.03415316E-02  -5.73099405E-03
   2.96996713      -5.03470078E-02  -5.22757880E-03
   2.97096705      -5.03519811E-02  -4.72410861E-03
   2.97196698      -5.03564514E-02  -4.22058860E-03
   2.97296691      -5.03604189E-02  -3.71702411E-03
   2.97396684      -5.03638834E-02  -3.21342004E-03
   2.97496676      -5.03668450E-02  -2.70978129E-03
   2.97596669      -5.03692999E-02  -2.20611272E-03
   2.97696662      -5.03712520E-02  -1.70241972E-03
   2.97796655      -5.03727011E-02  -1.19870715E-03
   2.97896647      -5.03736474E-02  -6.94980088E-04
   2.97996640      -5.03740907E-02  -1.91243540E-04
   2.98096633      -5.03740273E-02   3.12497374E-04
   2.98196626      -5.03734611E-02   8.16237647E-04
   2.98296618      -5.03723919E-02   1.31997233E-03
   2.98396611      -5.03708199E-02   1.82369631E-03
   2.98496604      -5.03687412E-02   2.32740445E-03
   2.98596597      -5.03661595E-02   2.83109187E-03
   2.98696589      -5.03630750E-02   3.33475345E-03
   2.98796582      -5.03594875E-02   3.83838429E-03
   2.98896575      -5.03553972E-02   4.34197905E-03
   2.98996568      -5.03508002E-02   4.84553305E-03
   2.99096560      -5.03457002E-02   5.34904096E-03
   2.99196553      -5.03400974E-02   5.85249811E-03
   2.99296546      -5.03339916E-02   6.35589892E-03
   2.99396539      -5.03273830E-02   6.85923873E-03
   2.99496531      -5.03202714E-02   7.36251241E-03
   2.99596524      -5.03126569E-02   7.86571484E-03
   2.99696517      -5.03045395E-02   8.36884137E-03
   2.99796510      -5.02959192E-02   8.87188688E-03
   2.99896502      -5.02867922E-02   9.37484577E-03
   2.99996495      -5.02771661E-02   9.87771340E-03
   3.00096488      -5.02670370E-02   1.03804851E-02
   3.00196481      -5.02564088E-02   1.08831553E-02
   3.00296474      -5.02452776E-02   1.13857193E-02
   3.00396466      -5.02336435E-02   1.18881725E-02
   3.00496459      -5.02215065E-02   1.23905092E-02
   3.00596452      -5.02088666E-02   1.28927240E-02
   3.00696445      -5.01957238E-02   1.33948131E-02
   3.00796437      -5.01820780E-02   1.38967708E-02
   3.00896430      -5.01679331E-02   1.43985916E-02
   3.00996423      -5.01532853E-02   1.49002708E-02
   3.01096416      -5.01381345E-02   1.54018039E-02
   3.01196408      -5.01224846E-02   1.59031861E-02
   3.01296401      -5.01063317E-02   1.64044108E-02
   3.01396394      -5.00896759E-02   1.69054735E-02
   3.01496387      -5.00725210E-02   1.74063705E-02
   3.01596379      -5.00548668E-02   1.79070961E-02
   3.01696372      -5.00367098E-02   1.84076447E-02
   3.01796365      -5.00180535E-02   1.89080127E-02
   3.01896358      -4.99988943E-02   1.94081925E-02
   3.01996350      -4.99792360E-02   1.99081823E-02
   3.02096343      -4.99590784E-02   2.04079747E-02
   3.02196336      -4.99384217E-02   2.09075660E-02
   3.02296329      -4.99172658E-02   2.14069504E-02
   3.02396321      -4.98956107E-02   2.19061226E-02
   3.02496314      -4.98734564E-02   2.24050786E-02
   3.02596307      -4.98508029E-02   2.29038130E-02
   3.02696300      -4.98276502E-02   2.34023202E-02
   3.02796292      -4.98039983E-02   2.39005964E-02
   3.02896285      -4.97798473E-02   2.43986361E-02
   3.02996278      -4.97552007E-02   2.48964354E-02
   3.03096271      -4.97300550E-02   2.53939871E-02
   3.03196263      -4.97044101E-02   2.58912873E-02
   3.03296256      -4.96782698E-02   2.63883322E-02
   3.03396249      -4.96516302E-02   2.68851146E-02
   3.03496242      -4.96244952E-02   2.73816306E-02
   3.03596234      -4.95968647E-02   2.78778747E-02
   3.03696227      -4.95687388E-02   2.83738431E-02
   3.03796220      -4.95401137E-02   2.88695302E-02
   3.03896213      -4.95109968E-02   2.93649305E-02
   3.03996205      -4.94813845E-02   2.98600402E-02
   3.04096198      -4.94512804E-02   3.03548537E-02
   3.04196191      -4.94206809E-02   3.08493674E-02
   3.04296184      -4.93895859E-02   3.13435756E-02
   3.04396176      -4.93579954E-02   3.18374708E-02
   3.04496169      -4.93259132E-02   3.23310494E-02
   3.04596162      -4.92933355E-02   3.28243077E-02
   3.04696155      -4.92602661E-02   3.33172418E-02
   3.04796147      -4.92267013E-02   3.38098444E-02
   3.04896140      -4.91926447E-02   3.43021117E-02
   3.04996133      -4.91580963E-02   3.47940400E-02
   3.05096126      -4.91230562E-02   3.52856219E-02
   3.05196118      -4.90875244E-02   3.57768536E-02
   3.05296111      -4.90515009E-02   3.62677276E-02
   3.05396104      -4.90149856E-02   3.67582440E-02
   3.05496097      -4.89779823E-02   3.72483954E-02
   3.05596089      -4.89404872E-02   3.77381742E-02
   3.05696082      -4.89025041E-02   3.82275805E-02
   3.05796075      -4.88640293E-02   3.87166068E-02
   3.05896068      -4.88250665E-02   3.92052457E-02
   3.05996060      -4.87856157E-02   3.96934971E-02
   3.06096053      -4.87456806E-02   4.01813537E-02
   3.06196046      -4.87052575E-02   4.06688116E-02
   3.06296039      -4.86643463E-02   4.11558636E-02
   3.06396031      -4.86229472E-02   4.16425057E-02
   3.06496024      -4.85810637E-02   4.21287343E-02
   3.06596017      -4.85386923E-02   4.26145457E-02
   3.06696010      -4.84958366E-02   4.30999324E-02
   3.06796002      -4.84524928E-02   4.35848907E-02
   3.06895995      -4.84086648E-02   4.40694168E-02
   3.06995988      -4.83643524E-02   4.45535034E-02
   3.07095981      -4.83195558E-02   4.50371467E-02
   3.07195973      -4.82742749E-02   4.55203429E-02
   3.07295966      -4.82285134E-02   4.60030846E-02
   3.07395959      -4.81822677E-02   4.64853682E-02
   3.07495952      -4.81355414E-02   4.69671898E-02
   3.07595944      -4.80883308E-02   4.74485457E-02
   3.07695937      -4.80406396E-02   4.79294285E-02
   3.07795930      -4.79924716E-02   4.84098345E-02
   3.07895923      -4.79438230E-02   4.88897599E-02
   3.07995915      -4.78946939E-02   4.93691973E-02
   3.08095908      -4.78450879E-02   4.98481430E-02
   3.08195901      -4.77950014E-02   5.03265932E-02
   3.08295894      -4.77444381E-02   5.08045442E-02
   3.08395886      -4.76933941E-02   5.12819886E-02
   3.08495879      -4.76418734E-02   5.17589226E-02
   3.08595872      -4.75898758E-02   5.22353426E-02
   3.08695865      -4.75374013E-02   5.27112409E-02
   3.08795857      -4.74844500E-02   5.31866141E-02
   3.08895850      -4.74310257E-02   5.36614582E-02
   3.08995843      -4.73771244E-02   5.41357696E-02
   3.09095836      -4.73227501E-02   5.46095408E-02
   3.09195828      -4.72679026E-02   5.50827682E-02
   3.09295821      -4.72125858E-02   5.55554479E-02
   3.09395814      -4.71567959E-02   5.60275726E-02
   3.09495807      -4.71005328E-02   5.64991422E-02
   3.09595799      -4.70438004E-02   5.69701493E-02
   3.09695792      -4.69865948E-02   5.74405864E-02
   3.09795785      -4.69289199E-02   5.79104535E-02
   3.09895778      -4.68707755E-02   5.83797432E-02
   3.09995770      -4.68121618E-02   5.88484518E-02
   3.10095763      -4.67530787E-02   5.93165718E-02
   3.10195756      -4.66935262E-02   5.97841032E-02
   3.10295749      -4.66335081E-02   6.02510385E-02
   3.10395741      -4.65730205E-02   6.07173741E-02
   3.10495734      -4.65120673E-02   6.11831024E-02
   3.10595727      -4.64506522E-02   6.16482235E-02
   3.10695720      -4.63887714E-02   6.21127300E-02
   3.10795712      -4.63264287E-02   6.25766143E-02
   3.10895705      -4.62636203E-02   6.30398765E-02
   3.10995698      -4.62003499E-02   6.35025129E-02
   3.11095691      -4.61366177E-02   6.39645159E-02
   3.11195683      -4.60724235E-02   6.44258857E-02
   3.11295676      -4.60077673E-02   6.48866072E-02
   3.11395669      -4.59426492E-02   6.53466880E-02
   3.11495662      -4.58770730E-02   6.58061132E-02
   3.11595654      -4.58110347E-02   6.62648827E-02
   3.11695647      -4.57445420E-02   6.67229965E-02
   3.11795640      -4.56775911E-02   6.71804398E-02
   3.11895633      -4.56101820E-02   6.76372126E-02
   3.11995625      -4.55423184E-02   6.80933148E-02
   3.12095618      -4.54739965E-02   6.85487390E-02
   3.12195611      -4.54052202E-02   6.90034777E-02
   3.12295604      -4.53359894E-02   6.94575310E-02
   3.12395597      -4.52663042E-02   6.99108914E-02
   3.12495589      -4.51961644E-02   7.03635514E-02
   3.12595582      -4.51255739E-02   7.08155110E-02
   3.12695575      -4.50545326E-02   7.12667704E-02
   3.12795568      -4.49830405E-02   7.17173144E-02
   3.12895560      -4.49111015E-02   7.21671432E-02
   3.12995553      -4.48387116E-02   7.26162568E-02
   3.13095546      -4.47658710E-02   7.30646476E-02
   3.13195539      -4.46925834E-02   7.35123083E-02
   3.13295531      -4.46188487E-02   7.39592314E-02
   3.13395524      -4.45446670E-02   7.44054168E-02
   3.13495517      -4.44700383E-02   7.48508647E-02
   3.13595510      -4.43949625E-02   7.52955675E-02
   3.13695502      -4.43194434E-02   7.57395178E-02
   3.13795495      -4.42434847E-02   7.61827156E-02
   3.13895488      -4.41670828E-02   7.66251534E-02
   3.13995481      -4.40902375E-02   7.70668238E-02
   3.14095473      -4.40129526E-02   7.75077268E-02
   3.14195466      -4.39352244E-02   7.79478550E-02
   3.14295459      -4.38570566E-02   7.83872083E-02
   3.14395452      -4.37784493E-02   7.88257793E-02
   3.14495444      -4.36994024E-02   7.92635605E-02
   3.14595437      -4.36199196E-02   7.97005519E-02
   3.14695430      -4.35400009E-02   8.01367536E-02
   3.14795423      -4.34596464E-02   8.05721506E-02
   3.14895415      -4.33788598E-02   8.10067505E-02
   3.14995408      -4.32976373E-02   8.14405382E-02
   3.15095401      -4.32159789E-02   8.18735138E-02
   3.15195394      -4.31338884E-02   8.23056772E-02
   3.15295386      -4.30513658E-02   8.27370137E-02
   3.15395379      -4.29684110E-02   8.31675306E-02
   3.15495372      -4.28850278E-02   8.35972130E-02
   3.15595365      -4.28012162E-02   8.40260610E-02
   3.15695357      -4.27169763E-02   8.44540745E-02
   3.15795350      -4.26323116E-02   8.48812461E-02
   3.15895343      -4.25472185E-02   8.53075683E-02
   3.15995336      -4.24616970E-02   8.57330412E-02
   3.16095328      -4.23757508E-02   8.61576572E-02
   3.16195321      -4.22893800E-02   8.65814164E-02
   3.16295314      -4.22025844E-02   8.70043114E-02
   3.16395307      -4.21153679E-02   8.74263346E-02
   3.16495299      -4.20277305E-02   8.78474861E-02
   3.16595292      -4.19396758E-02   8.82677659E-02
   3.16695285      -4.18512002E-02   8.86871591E-02
   3.16795278      -4.17623036E-02   8.91056731E-02
   3.16895270      -4.16729897E-02   8.95232931E-02
   3.16995263      -4.15832587E-02   8.99400264E-02
   3.17095256      -4.14931104E-02   9.03558582E-02
   3.17195249      -4.14025448E-02   9.07707885E-02
   3.17295241      -4.13115658E-02   9.11848173E-02
   3.17395234      -4.12201770E-02   9.15979296E-02
   3.17495227      -4.11283746E-02   9.20101330E-02
   3.17595220      -4.10361588E-02   9.24214199E-02
   3.17695212      -4.09435332E-02   9.28317830E-02
   3.17795205      -4.08504978E-02   9.32412148E-02
   3.17895198      -4.07570526E-02   9.36497226E-02
   3.17995191      -4.06631976E-02   9.40572917E-02
   3.18095183      -4.05689366E-02   9.44639221E-02
   3.18195176      -4.04742733E-02   9.48696136E-02
   3.18295169      -4.03792039E-02   9.52743590E-02
   3.18395162      -4.02837284E-02   9.56781507E-02
   3.18495154      -4.01878506E-02   9.60809886E-02
   3.18595147      -4.00915667E-02   9.64828655E-02
   3.18695140      -3.99948843E-02   9.68837813E-02
   3.18795133      -3.98977995E-02   9.72837284E-02
   3.18895125      -3.98003161E-02   9.76827070E-02
   3.18995118      -3.97024341E-02   9.80807096E-02
   3.19095111      -3.96041572E-02   9.84777361E-02
   3.19195104      -3.95054817E-02   9.88737792E-02
   3.19295096      -3.94064113E-02   9.92688313E-02
   3.19395089      -3.93069461E-02   9.96628925E-02
   3.19495082      -3.92070860E-02  0.100055963    
   3.19595075      -3.91068310E-02  0.100448035    
   3.19695067      -3.90061885E-02  0.100839101    
   3.19795060      -3.89051549E-02  0.101229161    
   3.19895053      -3.88037339E-02  0.101618215    
   3.19995046      -3.87019217E-02  0.102006249    
   3.20095038      -3.85997221E-02  0.102393270    
   3.20195031      -3.84971350E-02  0.102779269    
   3.20295024      -3.83941606E-02  0.103164241    
   3.20395017      -3.82908024E-02  0.103548184    
   3.20495009      -3.81870642E-02  0.103931092    
   3.20595002      -3.80829424E-02  0.104312964    
   3.20694995      -3.79784405E-02  0.104693793    
   3.20794988      -3.78735550E-02  0.105073579    
   3.20894980      -3.77682932E-02  0.105452314    
   3.20994973      -3.76626514E-02  0.105829999    
   3.21094966      -3.75566296E-02  0.106206626    
   3.21194959      -3.74502353E-02  0.106582195    
   3.21294951      -3.73434685E-02  0.106956698    
   3.21394944      -3.72363254E-02  0.107330136    
   3.21494937      -3.71288098E-02  0.107702501    
   3.21594930      -3.70209217E-02  0.108073786    
   3.21694922      -3.69126610E-02  0.108443998    
   3.21794915      -3.68040316E-02  0.108813122    
   3.21894908      -3.66950370E-02  0.109181166    
   3.21994901      -3.65856737E-02  0.109548114    
   3.22094893      -3.64759415E-02  0.109913968    
   3.22194886      -3.63658443E-02  0.110278726    
   3.22294879      -3.62553820E-02  0.110642381    
   3.22394872      -3.61445583E-02  0.111004934    
   3.22494864      -3.60333696E-02  0.111366376    
   3.22594857      -3.59218232E-02  0.111726709    
   3.22694850      -3.58099192E-02  0.112085924    
   3.22794843      -3.56976539E-02  0.112444021    
   3.22894835      -3.55850309E-02  0.112801000    
   3.22994828      -3.54720503E-02  0.113156848    
   3.23094821      -3.53587158E-02  0.113511570    
   3.23194814      -3.52450274E-02  0.113865159    
   3.23294806      -3.51309888E-02  0.114217609    
   3.23394799      -3.50165963E-02  0.114568919    
   3.23494792      -3.49018537E-02  0.114919081    
   3.23594785      -3.47867608E-02  0.115268096    
   3.23694777      -3.46713178E-02  0.115615964    
   3.23794770      -3.45555283E-02  0.115962677    
   3.23894763      -3.44393961E-02  0.116308235    
   3.23994756      -3.43229175E-02  0.116652630    
   3.24094748      -3.42060924E-02  0.116995856    
   3.24194741      -3.40889245E-02  0.117337920    
   3.24294734      -3.39714140E-02  0.117678806    
   3.24394727      -3.38535644E-02  0.118018523    
   3.24494720      -3.37353796E-02  0.118357055    
   3.24594712      -3.36168557E-02  0.118694410    
   3.24694705      -3.34979929E-02  0.119030580    
   3.24794698      -3.33787948E-02  0.119365558    
   3.24894691      -3.32592614E-02  0.119699344    
   3.24994683      -3.31393927E-02  0.120031938    
   3.25094676      -3.30191962E-02  0.120363332    
   3.25194669      -3.28986682E-02  0.120693527    
   3.25294662      -3.27778123E-02  0.121022515    
   3.25394654      -3.26566249E-02  0.121350296    
   3.25494647      -3.25351097E-02  0.121676862    
   3.25594640      -3.24132703E-02  0.122002214    
   3.25694633      -3.22911032E-02  0.122326344    
   3.25794625      -3.21686156E-02  0.122649252    
   3.25894618      -3.20458077E-02  0.122970939    
   3.25994611      -3.19226757E-02  0.123291396    
   3.26094604      -3.17992233E-02  0.123610623    
   3.26194596      -3.16754542E-02  0.123928614    
   3.26294589      -3.15513648E-02  0.124245368    
   3.26394582      -3.14269625E-02  0.124560885    
   3.26494575      -3.13022435E-02  0.124875158    
   3.26594567      -3.11772116E-02  0.125188187    
   3.26694560      -3.10518667E-02  0.125499964    
   3.26794553      -3.09262127E-02  0.125810489    
   3.26894546      -3.08002476E-02  0.126119748    
   3.26994538      -3.06739733E-02  0.126427755    
   3.27094531      -3.05473935E-02  0.126734495    
   3.27194524      -3.04205064E-02  0.127039969    
   3.27294517      -3.02933138E-02  0.127344176    
   3.27394509      -3.01658195E-02  0.127647102    
   3.27494502      -3.00380215E-02  0.127948761    
   3.27594495      -2.99099218E-02  0.128249139    
   3.27694488      -2.97815241E-02  0.128548235    
   3.27794480      -2.96528265E-02  0.128846049    
   3.27894473      -2.95238309E-02  0.129142582    
   3.27994466      -2.93945409E-02  0.129437819    
   3.28094459      -2.92649567E-02  0.129731759    
   3.28194451      -2.91350782E-02  0.130024403    
   3.28294444      -2.90049091E-02  0.130315751    
   3.28394437      -2.88744476E-02  0.130605802    
   3.28494430      -2.87436973E-02  0.130894542    
   3.28594422      -2.86126602E-02  0.131181985    
   3.28694415      -2.84813344E-02  0.131468117    
   3.28794408      -2.83497255E-02  0.131752938    
   3.28894401      -2.82178316E-02  0.132036433    
   3.28994393      -2.80856527E-02  0.132318616    
   3.29094386      -2.79531945E-02  0.132599473    
   3.29194379      -2.78204549E-02  0.132879004    
   3.29294372      -2.76874360E-02  0.133157209    
   3.29394364      -2.75541414E-02  0.133434087    
   3.29494357      -2.74205692E-02  0.133709624    
   3.29594350      -2.72867214E-02  0.133983836    
   3.29694343      -2.71526016E-02  0.134256706    
   3.29794335      -2.70182081E-02  0.134528235    
   3.29894328      -2.68835444E-02  0.134798422    
   3.29994321      -2.67486125E-02  0.135067254    
   3.30094314      -2.66134106E-02  0.135334745    
   3.30194306      -2.64779441E-02  0.135600880    
   3.30294299      -2.63422113E-02  0.135865659    
   3.30394292      -2.62062140E-02  0.136129081    
   3.30494285      -2.60699540E-02  0.136391148    
   3.30594277      -2.59334333E-02  0.136651844    
   3.30694270      -2.57966518E-02  0.136911184    
   3.30794263      -2.56596114E-02  0.137169152    
   3.30894256      -2.55223140E-02  0.137425750    
   3.30994248      -2.53847595E-02  0.137680978    
   3.31094241      -2.52469517E-02  0.137934819    
   3.31194234      -2.51088906E-02  0.138187289    
   3.31294227      -2.49705780E-02  0.138438374    
   3.31394219      -2.48320140E-02  0.138688073    
   3.31494212      -2.46932004E-02  0.138936386    
   3.31594205      -2.45541409E-02  0.139183313    
   3.31694198      -2.44148355E-02  0.139428854    
   3.31794190      -2.42752843E-02  0.139673010    
   3.31894183      -2.41354909E-02  0.139915764    
   3.31994176      -2.39954535E-02  0.140157118    
   3.32094169      -2.38551777E-02  0.140397072    
   3.32194161      -2.37146616E-02  0.140635625    
   3.32294154      -2.35739071E-02  0.140872777    
   3.32394147      -2.34329160E-02  0.141108513    
   3.32494140      -2.32916903E-02  0.141342849    
   3.32594132      -2.31502298E-02  0.141575769    
   3.32694125      -2.30085384E-02  0.141807273    
   3.32794118      -2.28666160E-02  0.142037362    
   3.32894111      -2.27244645E-02  0.142266035    
   3.32994103      -2.25820858E-02  0.142493278    
   3.33094096      -2.24394780E-02  0.142719105    
   3.33194089      -2.22966466E-02  0.142943501    
   3.33294082      -2.21535917E-02  0.143166468    
   3.33394074      -2.20103152E-02  0.143388003    
   3.33494067      -2.18668170E-02  0.143608108    
   3.33594060      -2.17230991E-02  0.143826783    
   3.33694053      -2.15791650E-02  0.144044012    
   3.33794045      -2.14350130E-02  0.144259810    
   3.33894038      -2.12906450E-02  0.144474164    
   3.33994031      -2.11460646E-02  0.144687071    
   3.34094024      -2.10012719E-02  0.144898534    
   3.34194016      -2.08562687E-02  0.145108551    
   3.34294009      -2.07110550E-02  0.145317107    
   3.34394002      -2.05656327E-02  0.145524219    
   3.34493995      -2.04200055E-02  0.145729870    
   3.34593987      -2.02741735E-02  0.145934075    
   3.34693980      -2.01281384E-02  0.146136820    
   3.34793973      -1.99819002E-02  0.146338105    
   3.34893966      -1.98354609E-02  0.146537930    
   3.34993958      -1.96888242E-02  0.146736279    
   3.35093951      -1.95419900E-02  0.146933168    
   3.35193944      -1.93949603E-02  0.147128582    
   3.35293937      -1.92477349E-02  0.147322536    
   3.35393929      -1.91003159E-02  0.147515014    
   3.35493922      -1.89527050E-02  0.147706017    
   3.35593915      -1.88049041E-02  0.147895545    
   3.35693908      -1.86569151E-02  0.148083597    
   3.35793900      -1.85087379E-02  0.148270160    
   3.35893893      -1.83603745E-02  0.148455247    
   3.35993886      -1.82118285E-02  0.148638844    
   3.36093879      -1.80630982E-02  0.148820966    
   3.36193871      -1.79141872E-02  0.149001598    
   3.36293864      -1.77650955E-02  0.149180740    
   3.36393857      -1.76158249E-02  0.149358392    
   3.36493850      -1.74663793E-02  0.149534553    
   3.36593843      -1.73167568E-02  0.149709210    
   3.36693835      -1.71669610E-02  0.149882376    
   3.36793828      -1.70169938E-02  0.150054052    
   3.36893821      -1.68668535E-02  0.150224224    
   3.36993814      -1.67165454E-02  0.150392890    
   3.37093806      -1.65660679E-02  0.150560051    
   3.37193799      -1.64154265E-02  0.150725707    
   3.37293792      -1.62646193E-02  0.150889859    
   3.37393785      -1.61136482E-02  0.151052505    
   3.37493777      -1.59625150E-02  0.151213646    
   3.37593770      -1.58112217E-02  0.151373267    
   3.37693763      -1.56597700E-02  0.151531383    
   3.37793756      -1.55081600E-02  0.151687980    
   3.37893748      -1.53563945E-02  0.151843056    
   3.37993741      -1.52044753E-02  0.151996627    
   3.38093734      -1.50524024E-02  0.152148679    
   3.38193727      -1.49001786E-02  0.152299196    
   3.38293719      -1.47478050E-02  0.152448192    
   3.38393712      -1.45952832E-02  0.152595669    
   3.38493705      -1.44426152E-02  0.152741626    
   3.38593698      -1.42898010E-02  0.152886048    
   3.38693690      -1.41368434E-02  0.153028950    
   3.38793683      -1.39837433E-02  0.153170317    
   3.38893676      -1.38305034E-02  0.153310150    
   3.38993669      -1.36771239E-02  0.153448448    
   3.39093661      -1.35236075E-02  0.153585225    
   3.39193654      -1.33699542E-02  0.153720468    
   3.39293647      -1.32161668E-02  0.153854162    
   3.39393640      -1.30622461E-02  0.153986320    
   3.39493632      -1.29081942E-02  0.154116943    
   3.39593625      -1.27540128E-02  0.154246032    
   3.39693618      -1.25997039E-02  0.154373571    
   3.39793611      -1.24452673E-02  0.154499575    
   3.39893603      -1.22907050E-02  0.154624030    
   3.39993596      -1.21360198E-02  0.154746935    
   3.40093589      -1.19812125E-02  0.154868290    
   3.40193582      -1.18262842E-02  0.154988095    
   3.40293574      -1.16712376E-02  0.155106351    
   3.40393567      -1.15160728E-02  0.155223057    
   3.40493560      -1.13607924E-02  0.155338213    
   3.40593553      -1.12053975E-02  0.155451819    
   3.40693545      -1.10498900E-02  0.155563876    
   3.40793538      -1.08942715E-02  0.155674368    
   3.40893531      -1.07385432E-02  0.155783311    
   3.40993524      -1.05827060E-02  0.155890703    
   3.41093516      -1.04267625E-02  0.155996531    
   3.41193509      -1.02707138E-02  0.156100795    
   3.41293502      -1.01145618E-02  0.156203508    
   3.41393495      -9.95830819E-03  0.156304657    
   3.41493487      -9.80195403E-03  0.156404242    
   3.41593480      -9.64550022E-03  0.156502262    
   3.41693473      -9.48894955E-03  0.156598717    
   3.41793466      -9.33230296E-03  0.156693608    
   3.41893458      -9.17556323E-03  0.156786934    
   3.41993451      -9.01873037E-03  0.156878695    
   3.42093444      -8.86180717E-03  0.156968877    
   3.42193437      -8.70479364E-03  0.157057494    
   3.42293429      -8.54769256E-03  0.157144547    
   3.42393422      -8.39050487E-03  0.157230020    
   3.42493415      -8.23323335E-03  0.157313928    
   3.42593408      -8.07587802E-03  0.157396257    
   3.42693400      -7.91844167E-03  0.157477021    
   3.42793393      -7.76092522E-03  0.157556206    
   3.42893386      -7.60333054E-03  0.157633811    
   3.42993379      -7.44565856E-03  0.157709852    
   3.43093371      -7.28791161E-03  0.157784313    
   3.43193364      -7.13009108E-03  0.157857195    
   3.43293357      -6.97219791E-03  0.157928497    
   3.43393350      -6.81423442E-03  0.157998219    
   3.43493342      -6.65620202E-03  0.158066362    
   3.43593335      -6.49810256E-03  0.158132926    
   3.43693328      -6.33993698E-03  0.158197910    
   3.43793321      -6.18170761E-03  0.158261314    
   3.43893313      -6.02341536E-03  0.158323124    
   3.43993306      -5.86506212E-03  0.158383355    
   3.44093299      -5.70664927E-03  0.158442006    
   3.44193292      -5.54817868E-03  0.158499077    
   3.44293284      -5.38965175E-03  0.158554554    
   3.44393277      -5.23107033E-03  0.158608451    
   3.44493270      -5.07243583E-03  0.158660769    
   3.44593263      -4.91375010E-03  0.158711493    
   3.44693255      -4.75501409E-03  0.158760637    
   3.44793248      -4.59622964E-03  0.158808187    
   3.44893241      -4.43739863E-03  0.158854142    
   3.44993234      -4.27852198E-03  0.158898517    
   3.45093226      -4.11960203E-03  0.158941299    
   3.45193219      -3.96064017E-03  0.158982500    
   3.45293212      -3.80163779E-03  0.159022108    
   3.45393205      -3.64259654E-03  0.159060121    
   3.45493197      -3.48351826E-03  0.159096554    
   3.45593190      -3.32440413E-03  0.159131393    
   3.45693183      -3.16525623E-03  0.159164637    
   3.45793176      -3.00607574E-03  0.159196287    
   3.45893168      -2.84686428E-03  0.159226343    
   3.45993161      -2.68762372E-03  0.159254804    
   3.46093154      -2.52835546E-03  0.159281686    
   3.46193147      -2.36906111E-03  0.159306973    
   3.46293139      -2.20974232E-03  0.159330666    
   3.46393132      -2.05040071E-03  0.159352764    
   3.46493125      -1.89103768E-03  0.159373268    
   3.46593118      -1.73165498E-03  0.159392178    
   3.46693110      -1.57225411E-03  0.159409493    
   3.46793103      -1.41283672E-03  0.159425214    
   3.46893096      -1.25340442E-03  0.159439340    
   3.46993089      -1.09395874E-03  0.159451872    
   3.47093081      -9.34501411E-04  0.159462810    
   3.47193074      -7.75033957E-04  0.159472153    
   3.47293067      -6.15557889E-04  0.159479901    
   3.47393060      -4.56074893E-04  0.159486055    
   3.47493052      -2.96586542E-04  0.159490615    
   3.47593045      -1.37094437E-04  0.159493580    
   3.47693038       2.23998377E-05  0.159494951    
   3.47793031       1.81894677E-04  0.159494728    
   3.47893023       3.41388513E-04  0.159492910    
   3.47993016       5.00879774E-04  0.159489498    
   3.48093009       6.60366786E-04  0.159484491    
   3.48193002       8.19847977E-04  0.159477890    
   3.48292994       9.79321776E-04  0.159469694    
   3.48392987       1.13878655E-03  0.159459904    
   3.48492980       1.29824074E-03  0.159448519    
   3.48592973       1.45768269E-03  0.159435540    
   3.48692966       1.61711092E-03  0.159420967    
   3.48792958       1.77652389E-03  0.159404799    
   3.48892951       1.93591986E-03  0.159387037    
   3.48992944       2.09529721E-03  0.159367681    
   3.49092937       2.25465442E-03  0.159346730    
   3.49192929       2.41398998E-03  0.159324184    
   3.49292922       2.57330202E-03  0.159300044    
   3.49392915       2.73258914E-03  0.159274310    
   3.49492908       2.89184973E-03  0.159246981    
   3.49592900       3.05108237E-03  0.159218058    
   3.49692893       3.21028498E-03  0.159187540    
   3.49792886       3.36945639E-03  0.159155443    
   3.49892879       3.52859497E-03  0.159121752    
   3.49992871       3.68769909E-03  0.159086466    
   3.50092864       3.84676713E-03  0.159049585    
   3.50192857       4.00579767E-03  0.159011111    
   3.50292850       4.16478887E-03  0.158971056    
   3.50392842       4.32373909E-03  0.158929408    
   3.50492835       4.48264694E-03  0.158886164    
   3.50592828       4.64151055E-03  0.158841342    
   3.50692821       4.80032852E-03  0.158794925    
   3.50792813       4.95909946E-03  0.158746928    
   3.50892806       5.11782151E-03  0.158697337    
   3.50992799       5.27649326E-03  0.158646151    
   3.51092792       5.43511286E-03  0.158593386    
   3.51192784       5.59367938E-03  0.158539042    
   3.51292777       5.75219048E-03  0.158483103    
   3.51392770       5.91064477E-03  0.158425584    
   3.51492763       6.06904086E-03  0.158366472    
   3.51592755       6.22737687E-03  0.158305779    
   3.51692748       6.38565142E-03  0.158243507    
   3.51792741       6.54386263E-03  0.158179656    
   3.51892734       6.70200959E-03  0.158114210    
   3.51992726       6.86009042E-03  0.158047184    
   3.52092719       7.01810326E-03  0.157978579    
   3.52192712       7.17604673E-03  0.157908395    
   3.52292705       7.33391941E-03  0.157836631    
   3.52392697       7.49171944E-03  0.157763287    
   3.52492690       7.64944544E-03  0.157688364    
   3.52592683       7.80709554E-03  0.157611877    
   3.52692676       7.96466786E-03  0.157533810    
   3.52792668       8.12216196E-03  0.157454163    
   3.52892661       8.27957503E-03  0.157372937    
   3.52992654       8.43690708E-03  0.157290146    
   3.53092647       8.59415531E-03  0.157205775    
   3.53192639       8.75131786E-03  0.157119840    
   3.53292632       8.90839379E-03  0.157032326    
   3.53392625       9.06538125E-03  0.156943247    
   3.53492618       9.22227930E-03  0.156852588    
   3.53592610       9.37908515E-03  0.156760365    
   3.53692603       9.53579880E-03  0.156666577    
   3.53792596       9.69241746E-03  0.156571224    
   3.53892589       9.84894019E-03  0.156474307    
   3.53992581       1.00053651E-02  0.156375811    
   3.54092574       1.01616904E-02  0.156275764    
   3.54192567       1.03179151E-02  0.156174153    
   3.54292560       1.04740383E-02  0.156070977    
   3.54392552       1.06300572E-02  0.155966237    
   3.54492545       1.07859699E-02  0.155859932    
   3.54592538       1.09417755E-02  0.155752078    
   3.54692531       1.10974731E-02  0.155642658    
   3.54792523       1.12530598E-02  0.155531690    
   3.54892516       1.14085358E-02  0.155419156    
   3.54992509       1.15638981E-02  0.155305073    
   3.55092502       1.17191458E-02  0.155189440    
   3.55192494       1.18742762E-02  0.155072242    
   3.55292487       1.20292893E-02  0.154953495    
   3.55392480       1.21841822E-02  0.154833198    
   3.55492473       1.23389550E-02  0.154711351    
   3.55592465       1.24936048E-02  0.154587954    
   3.55692458       1.26481308E-02  0.154463023    
   3.55792451       1.28025301E-02  0.154336542    
   3.55892444       1.29568027E-02  0.154208511    
   3.55992436       1.31109459E-02  0.154078946    
   3.56092429       1.32649597E-02  0.153947830    
   3.56192422       1.34188412E-02  0.153815180    
   3.56292415       1.35725895E-02  0.153680995    
   3.56392407       1.37262028E-02  0.153545275    
   3.56492400       1.38796791E-02  0.153408021    
   3.56592393       1.40330177E-02  0.153269231    
   3.56692386       1.41862174E-02  0.153128907    
   3.56792378       1.43392757E-02  0.152987048    
   3.56892371       1.44921914E-02  0.152843654    
   3.56992364       1.46449627E-02  0.152698725    
   3.57092357       1.47975879E-02  0.152552277    
   3.57192349       1.49500668E-02  0.152404308    
   3.57292342       1.51023967E-02  0.152254805    
   3.57392335       1.52545758E-02  0.152103782    
   3.57492328       1.54066030E-02  0.151951239    
   3.57592320       1.55584766E-02  0.151797175    
   3.57692313       1.57101955E-02  0.151641592    
   3.57792306       1.58617590E-02  0.151484489    
   3.57892299       1.60131641E-02  0.151325867    
   3.57992291       1.61644090E-02  0.151165739    
   3.58092284       1.63154937E-02  0.151004091    
   3.58192277       1.64664164E-02  0.150840938    
   3.58292270       1.66171752E-02  0.150676280    
   3.58392262       1.67677682E-02  0.150510103    
   3.58492255       1.69181954E-02  0.150342420    
   3.58592248       1.70684531E-02  0.150173232    
   3.58692241       1.72185414E-02  0.150002554    
   3.58792233       1.73684582E-02  0.149830371    
   3.58892226       1.75182018E-02  0.149656683    
   3.58992219       1.76677704E-02  0.149481505    
   3.59092212       1.78171638E-02  0.149304822    
   3.59192204       1.79663785E-02  0.149126649    
   3.59292197       1.81154162E-02  0.148946986    
   3.59392190       1.82642713E-02  0.148765832    
   3.59492183       1.84129458E-02  0.148583189    
   3.59592175       1.85614377E-02  0.148399055    
   3.59692168       1.87097434E-02  0.148213446    
   3.59792161       1.88578628E-02  0.148026347    
   3.59892154       1.90057941E-02  0.147837773    
   3.59992146       1.91535372E-02  0.147647709    
   3.60092139       1.93010904E-02  0.147456169    
   3.60192132       1.94484498E-02  0.147263154    
   3.60292125       1.95956156E-02  0.147068664    
   3.60392118       1.97425857E-02  0.146872714    
   3.60492110       1.98893603E-02  0.146675289    
   3.60592103       2.00359374E-02  0.146476388    
   3.60692096       2.01823134E-02  0.146276027    
   3.60792089       2.03284882E-02  0.146074206    
   3.60892081       2.04744600E-02  0.145870924    
   3.60992074       2.06202287E-02  0.145666182    
   3.61092067       2.07657926E-02  0.145459980    
   3.61192060       2.09111478E-02  0.145252317    
   3.61292052       2.10562963E-02  0.145043209    
   3.61392045       2.12012324E-02  0.144832641    
   3.61492038       2.13459581E-02  0.144620627    
   3.61592031       2.14904733E-02  0.144407168    
   3.61692023       2.16347724E-02  0.144192263    
   3.61792016       2.17788573E-02  0.143975914    
   3.61892009       2.19227243E-02  0.143758118    
   3.61992002       2.20663734E-02  0.143538892    
   3.62091994       2.22098026E-02  0.143318236    
   3.62191987       2.23530084E-02  0.143096134    
   3.62291980       2.24959925E-02  0.142872602    
   3.62391973       2.26387531E-02  0.142647639    
   3.62491965       2.27812864E-02  0.142421246    
   3.62591958       2.29235943E-02  0.142193437    
   3.62691951       2.30656732E-02  0.141964197    
   3.62791944       2.32075211E-02  0.141733542    
   3.62891936       2.33491398E-02  0.141501471    
   3.62991929       2.34905239E-02  0.141267985    
   3.63091922       2.36316752E-02  0.141033083    
   3.63191915       2.37725917E-02  0.140796766    
   3.63291907       2.39132699E-02  0.140559033    
   3.63391900       2.40537096E-02  0.140319899    
   3.63491893       2.41939090E-02  0.140079364    
   3.63591886       2.43338682E-02  0.139837429    
   3.63691878       2.44735852E-02  0.139594093    
   3.63791871       2.46130563E-02  0.139349356    
   3.63891864       2.47522835E-02  0.139103219    
   3.63991857       2.48912629E-02  0.138855696    
   3.64091849       2.50299945E-02  0.138606787    
   3.64191842       2.51684766E-02  0.138356492    
   3.64291835       2.53067072E-02  0.138104811    
   3.64391828       2.54446846E-02  0.137851745    
   3.64491820       2.55824104E-02  0.137597293    
   3.64591813       2.57198792E-02  0.137341470    
   3.64691806       2.58570928E-02  0.137084275    
   3.64791799       2.59940494E-02  0.136825711    
   3.64891791       2.61307452E-02  0.136565775    
   3.64991784       2.62671802E-02  0.136304468    
   3.65091777       2.64033526E-02  0.136041790    
   3.65191770       2.65392624E-02  0.135777757    
   3.65291762       2.66749077E-02  0.135512367    
   3.65391755       2.68102866E-02  0.135245621    
   3.65491748       2.69453973E-02  0.134977520    
   3.65591741       2.70802416E-02  0.134708062    
   3.65691733       2.72148140E-02  0.134437263    
   3.65791726       2.73491144E-02  0.134165108    
   3.65891719       2.74831429E-02  0.133891612    
   3.65991712       2.76168976E-02  0.133616775    
   3.66091704       2.77503766E-02  0.133340612    
   3.66191697       2.78835800E-02  0.133063108    
   3.66291690       2.80165039E-02  0.132784277    
   3.66391683       2.81491484E-02  0.132504106    
   3.66491675       2.82815117E-02  0.132222608    
   3.66591668       2.84135919E-02  0.131939799    
   3.66691661       2.85453908E-02  0.131655663    
   3.66791654       2.86769029E-02  0.131370217    
   3.66891646       2.88081300E-02  0.131083444    
   3.66991639       2.89390702E-02  0.130795360    
   3.67091632       2.90697198E-02  0.130505964    
   3.67191625       2.92000808E-02  0.130215272    
   3.67291617       2.93301512E-02  0.129923269    
   3.67391610       2.94599272E-02  0.129629970    
   3.67491603       2.95894109E-02  0.129335374    
   3.67591596       2.97185984E-02  0.129039481    
   3.67691588       2.98474897E-02  0.128742293    
   3.67791581       2.99760830E-02  0.128443822    
   3.67891574       3.01043782E-02  0.128144056    
   3.67991567       3.02323718E-02  0.127843007    
   3.68091559       3.03600635E-02  0.127540678    
   3.68191552       3.04874536E-02  0.127237082    
   3.68291545       3.06145381E-02  0.126932204    
   3.68391538       3.07413172E-02  0.126626059    
   3.68491530       3.08677889E-02  0.126318648    
   3.68591523       3.09939533E-02  0.126009971    
   3.68691516       3.11198086E-02  0.125700027    
   3.68791509       3.12453527E-02  0.125388831    
   3.68891501       3.13705839E-02  0.125076383    
   3.68991494       3.14955041E-02  0.124762677    
   3.69091487       3.16201113E-02  0.124447718    
   3.69191480       3.17444019E-02  0.124131516    
   3.69291472       3.18683721E-02  0.123814069    
   3.69391465       3.19920257E-02  0.123495385    
   3.69491458       3.21153626E-02  0.123175465    
   3.69591451       3.22383791E-02  0.122854307    
   3.69691443       3.23610716E-02  0.122531921    
   3.69791436       3.24834436E-02  0.122208312    
   3.69891429       3.26054879E-02  0.121883474    
   3.69991422       3.27272080E-02  0.121557422    
   3.70091414       3.28486003E-02  0.121230148    
   3.70191407       3.29696648E-02  0.120901659    
   3.70291400       3.30904014E-02  0.120571963    
   3.70391393       3.32108103E-02  0.120241061    
   3.70491385       3.33308838E-02  0.119908951    
   3.70591378       3.34506258E-02  0.119575642    
   3.70691371       3.35700326E-02  0.119241133    
   3.70791364       3.36891077E-02  0.118905433    
   3.70891356       3.38078439E-02  0.118568540    
   3.70991349       3.39262448E-02  0.118230462    
   3.71091342       3.40443030E-02  0.117891200    
   3.71191335       3.41620222E-02  0.117550761    
   3.71291327       3.42794023E-02  0.117209144    
   3.71391320       3.43964398E-02  0.116866350    
   3.71491313       3.45131345E-02  0.116522387    
   3.71591306       3.46294865E-02  0.116177253    
   3.71691298       3.47454920E-02  0.115830958    
   3.71791291       3.48611474E-02  0.115483500    
   3.71891284       3.49764563E-02  0.115134887    
   3.71991277       3.50914150E-02  0.114785120    
   3.72091269       3.52060236E-02  0.114434205    
   3.72191262       3.53202820E-02  0.114082143    
   3.72291255       3.54341902E-02  0.113728940    
   3.72391248       3.55477408E-02  0.113374598    
   3.72491241       3.56609374E-02  0.113019124    
   3.72591233       3.57737765E-02  0.112662517    
   3.72691226       3.58862616E-02  0.112304777    
   3.72791219       3.59983891E-02  0.111945912    
   3.72891212       3.61101553E-02  0.111585930    
   3.72991204       3.62215638E-02  0.111224830    
   3.73091197       3.63326073E-02  0.110862613    
   3.73191190       3.64432856E-02  0.110499285    
   3.73291183       3.65536027E-02  0.110134855    
   3.73391175       3.66635546E-02  0.109769322    
   3.73491168       3.67731415E-02  0.109402686    
   3.73591161       3.68823633E-02  0.109034956    
   3.73691154       3.69912125E-02  0.108666129    
   3.73791146       3.70996930E-02  0.108296216    
   3.73891139       3.72078046E-02  0.107925221    
   3.73991132       3.73155437E-02  0.107553147    
   3.74091125       3.74229103E-02  0.107179992    
   3.74191117       3.75299044E-02  0.106805764    
   3.74291110       3.76365222E-02  0.106430463    
   3.74391103       3.77427638E-02  0.106054097    
   3.74491096       3.78486291E-02  0.105676673    
   3.74591088       3.79541144E-02  0.105298184    
   3.74691081       3.80592234E-02  0.104918644    
   3.74791074       3.81639525E-02  0.104538053    
   3.74891067       3.82683016E-02  0.104156412    
   3.74991059       3.83722670E-02  0.103773728    
   3.75091052       3.84758487E-02  0.103390008    
   3.75191045       3.85790467E-02  0.103005253    
   3.75291038       3.86818573E-02  0.102619462    
   3.75391030       3.87842841E-02  0.102232642    
   3.75491023       3.88863236E-02  0.101844802    
   3.75591016       3.89879756E-02  0.101455942    
   3.75691009       3.90892364E-02  0.101066060    
   3.75791001       3.91901098E-02  0.100675166    
   3.75890994       3.92905883E-02  0.100283265    
   3.75990987       3.93906757E-02   9.98903587E-02
   3.76090980       3.94903682E-02   9.94964540E-02
   3.76190972       3.95896658E-02   9.91015509E-02
   3.76290965       3.96885686E-02   9.87056568E-02
   3.76390958       3.97870764E-02   9.83087718E-02
   3.76490951       3.98851894E-02   9.79109034E-02
   3.76590943       3.99829000E-02   9.75120515E-02
   3.76690936       4.00802121E-02   9.71122235E-02
   3.76790929       4.01771218E-02   9.67114195E-02
   3.76890922       4.02736329E-02   9.63096470E-02
   3.76990914       4.03697416E-02   9.59069133E-02
   3.77090907       4.04654481E-02   9.55032185E-02
   3.77190900       4.05607484E-02   9.50985625E-02
   3.77290893       4.06556465E-02   9.46929529E-02
   3.77390885       4.07501347E-02   9.42863971E-02
   3.77490878       4.08442169E-02   9.38788950E-02
   3.77590871       4.09378894E-02   9.34704542E-02
   3.77690864       4.10311557E-02   9.30610746E-02
   3.77790856       4.11240123E-02   9.26507637E-02
   3.77890849       4.12164591E-02   9.22395214E-02
   3.77990842       4.13084924E-02   9.18273553E-02
   3.78090835       4.14001159E-02   9.14142728E-02
   3.78190827       4.14913222E-02   9.10002738E-02
   3.78290820       4.15821150E-02   9.05853584E-02
   3.78390813       4.16724905E-02   9.01695341E-02
   3.78490806       4.17624526E-02   8.97528082E-02
   3.78590798       4.18519974E-02   8.93351808E-02
   3.78690791       4.19411249E-02   8.89166594E-02
   3.78790784       4.20298316E-02   8.84972513E-02
   3.78890777       4.21181209E-02   8.80769566E-02
   3.78990769       4.22059856E-02   8.76557752E-02
   3.79090762       4.22934294E-02   8.72337148E-02
   3.79190755       4.23804522E-02   8.68107826E-02
   3.79290748       4.24670503E-02   8.63869786E-02
   3.79390740       4.25532237E-02   8.59623104E-02
   3.79490733       4.26389724E-02   8.55367780E-02
   3.79590726       4.27242965E-02   8.51103887E-02
   3.79690719       4.28091958E-02   8.46831426E-02
   3.79790711       4.28936668E-02   8.42550471E-02
   3.79890704       4.29777056E-02   8.38261098E-02
   3.79990697       4.30613160E-02   8.33963305E-02
   3.80090690       4.31444980E-02   8.29657167E-02
   3.80190682       4.32272479E-02   8.25342685E-02
   3.80290675       4.33095656E-02   8.21019933E-02
   3.80390668       4.33914512E-02   8.16688985E-02
   3.80490661       4.34729047E-02   8.12349841E-02
   3.80590653       4.35539223E-02   8.08002576E-02
   3.80690646       4.36345078E-02   8.03647190E-02
   3.80790639       4.37146537E-02   7.99283758E-02
   3.80890632       4.37943637E-02   7.94912279E-02
   3.80990624       4.38736342E-02   7.90532827E-02
   3.81090617       4.39524688E-02   7.86145478E-02
   3.81190610       4.40308638E-02   7.81750232E-02
   3.81290603       4.41088192E-02   7.77347162E-02
   3.81390595       4.41863351E-02   7.72936270E-02
   3.81490588       4.42634076E-02   7.68517628E-02
   3.81590581       4.43400405E-02   7.64091313E-02
   3.81690574       4.44162264E-02   7.59657323E-02
   3.81790566       4.44919690E-02   7.55215734E-02
   3.81890559       4.45672683E-02   7.50766546E-02
   3.81990552       4.46421206E-02   7.46309832E-02
   3.82090545       4.47165295E-02   7.41845593E-02
   3.82190537       4.47904915E-02   7.37373903E-02
   3.82290530       4.48640063E-02   7.32894838E-02
   3.82390523       4.49370705E-02   7.28408471E-02
   3.82490516       4.50096875E-02   7.23914728E-02
   3.82590508       4.50818539E-02   7.19413757E-02
   3.82690501       4.51535694E-02   7.14905560E-02
   3.82790494       4.52248342E-02   7.10390210E-02
   3.82890487       4.52956446E-02   7.05867708E-02
   3.82990479       4.53660041E-02   7.01338127E-02
   3.83090472       4.54359092E-02   6.96801543E-02
   3.83190465       4.55053635E-02   6.92257956E-02
   3.83290458       4.55743633E-02   6.87707439E-02
   3.83390450       4.56429087E-02   6.83149993E-02
   3.83490443       4.57109958E-02   6.78585693E-02
   3.83590436       4.57786284E-02   6.74014613E-02
   3.83690429       4.58458029E-02   6.69436753E-02
   3.83790421       4.59125154E-02   6.64852187E-02
   3.83890414       4.59787697E-02   6.60260916E-02
   3.83990407       4.60445657E-02   6.55663013E-02
   3.84090400       4.61098999E-02   6.51058555E-02
   3.84190392       4.61747758E-02   6.46447539E-02
   3.84290385       4.62391898E-02   6.41830042E-02
   3.84390378       4.63031419E-02   6.37206137E-02
   3.84490371       4.63666320E-02   6.32575825E-02
   3.84590364       4.64296602E-02   6.27939180E-02
   3.84690356       4.64922227E-02   6.23296201E-02
   3.84790349       4.65543196E-02   6.18646964E-02
   3.84890342       4.66159545E-02   6.13991544E-02
   3.84990335       4.66771200E-02   6.09329939E-02
   3.85090327       4.67378199E-02   6.04662225E-02
   3.85190320       4.67980504E-02   5.99988438E-02
   3.85290313       4.68578152E-02   5.95308617E-02
   3.85390306       4.69171107E-02   5.90622835E-02
   3.85490298       4.69759367E-02   5.85931130E-02
   3.85590291       4.70342934E-02   5.81233539E-02
   3.85690284       4.70921807E-02   5.76530099E-02
   3.85790277       4.71495986E-02   5.71820885E-02
   3.85890269       4.72065471E-02   5.67105934E-02
   3.85990262       4.72630225E-02   5.62385283E-02
   3.86090255       4.73190248E-02   5.57658970E-02
   3.86190248       4.73745540E-02   5.52927069E-02
   3.86290240       4.74296100E-02   5.48189618E-02
   3.86390233       4.74841893E-02   5.43446653E-02
   3.86490226       4.75382954E-02   5.38698249E-02
   3.86590219       4.75919284E-02   5.33944406E-02
   3.86690211       4.76450846E-02   5.29185198E-02
   3.86790204       4.76977639E-02   5.24420701E-02
   3.86890197       4.77499664E-02   5.19650914E-02
   3.86990190       4.78016920E-02   5.14875911E-02
   3.87090182       4.78529409E-02   5.10095730E-02
   3.87190175       4.79037128E-02   5.05310446E-02
   3.87290168       4.79540043E-02   5.00520058E-02
   3.87390161       4.80038188E-02   4.95724641E-02
   3.87490153       4.80531529E-02   4.90924269E-02
   3.87590146       4.81020063E-02   4.86118942E-02
   3.87690139       4.81503755E-02   4.81308736E-02
   3.87790132       4.81982641E-02   4.76493686E-02
   3.87890124       4.82456721E-02   4.71673869E-02
   3.87990117       4.82925959E-02   4.66849320E-02
   3.88090110       4.83390391E-02   4.62020077E-02
   3.88190103       4.83849980E-02   4.57186177E-02
   3.88290095       4.84304726E-02   4.52347696E-02
   3.88390088       4.84754667E-02   4.47504632E-02
   3.88490081       4.85199764E-02   4.42657098E-02
   3.88590074       4.85639982E-02   4.37805094E-02
   3.88690066       4.86075357E-02   4.32948694E-02
   3.88790059       4.86505888E-02   4.28087935E-02
   3.88890052       4.86931540E-02   4.23222892E-02
   3.88990045       4.87352349E-02   4.18353565E-02
   3.89090037       4.87768278E-02   4.13480029E-02
   3.89190030       4.88179326E-02   4.08602357E-02
   3.89290023       4.88585457E-02   4.03720550E-02
   3.89390016       4.88986708E-02   3.98834683E-02
   3.89490008       4.89383079E-02   3.93944830E-02
   3.89590001       4.89774570E-02   3.89050990E-02
   3.89689994       4.90161180E-02   3.84153239E-02
   3.89789987       4.90542874E-02   3.79251614E-02
   3.89889979       4.90919650E-02   3.74346189E-02
   3.89989972       4.91291545E-02   3.69437002E-02
   3.90089965       4.91658524E-02   3.64524089E-02
   3.90189958       4.92020585E-02   3.59607488E-02
   3.90289950       4.92377728E-02   3.54687274E-02
   3.90389943       4.92729954E-02   3.49763483E-02
   3.90489936       4.93077263E-02   3.44836190E-02
   3.90589929       4.93419655E-02   3.39905433E-02
   3.90689921       4.93757091E-02   3.34971249E-02
   3.90789914       4.94089611E-02   3.30033675E-02
   3.90889907       4.94417176E-02   3.25092785E-02
   3.90989900       4.94739823E-02   3.20148617E-02
   3.91089892       4.95057516E-02   3.15201208E-02
   3.91189885       4.95370254E-02   3.10250632E-02
   3.91289878       4.95678037E-02   3.05296928E-02
   3.91389871       4.95980829E-02   3.00340150E-02
   3.91489863       4.96278666E-02   2.95380335E-02
   3.91589856       4.96571548E-02   2.90417541E-02
   3.91689849       4.96859476E-02   2.85451822E-02
   3.91789842       4.97142449E-02   2.80483235E-02
   3.91889834       4.97420430E-02   2.75511816E-02
   3.91989827       4.97693457E-02   2.70537604E-02
   3.92089820       4.97961491E-02   2.65560672E-02
   3.92189813       4.98224571E-02   2.60581058E-02
   3.92289805       4.98482659E-02   2.55598817E-02
   3.92389798       4.98735756E-02   2.50613987E-02
   3.92489791       4.98983860E-02   2.45626625E-02
   3.92589784       4.99226972E-02   2.40636785E-02
   3.92689776       4.99465130E-02   2.35644523E-02
   3.92789769       4.99698296E-02   2.30649877E-02
   3.92889762       4.99926433E-02   2.25652903E-02
   3.92989755       5.00149578E-02   2.20653638E-02
   3.93089747       5.00367731E-02   2.15652138E-02
   3.93189740       5.00580892E-02   2.10648458E-02
   3.93289733       5.00789061E-02   2.05642655E-02
   3.93389726       5.00992201E-02   2.00634766E-02
   3.93489718       5.01190349E-02   1.95624847E-02
   3.93589711       5.01383469E-02   1.90612935E-02
   3.93689704       5.01571596E-02   1.85599104E-02
   3.93789697       5.01754694E-02   1.80583391E-02
   3.93889689       5.01932763E-02   1.75565835E-02
   3.93989682       5.02105840E-02   1.70546509E-02
   3.94089675       5.02273887E-02   1.65525451E-02
   3.94189668       5.02436906E-02   1.60502717E-02
   3.94289660       5.02594896E-02   1.55478343E-02
   3.94389653       5.02747893E-02   1.50452396E-02
   3.94489646       5.02895862E-02   1.45424921E-02
   3.94589639       5.03038801E-02   1.40395965E-02
   3.94689631       5.03176674E-02   1.35365576E-02
   3.94789624       5.03309518E-02   1.30333807E-02
   3.94889617       5.03437333E-02   1.25300717E-02
   3.94989610       5.03560118E-02   1.20266341E-02
   3.95089602       5.03677838E-02   1.15230735E-02
   3.95189595       5.03790528E-02   1.10193957E-02
   3.95289588       5.03898188E-02   1.05156051E-02
   3.95389581       5.04000820E-02   1.00117065E-02
   3.95489573       5.04098386E-02   9.50770546E-03
   3.95589566       5.04190922E-02   9.00360662E-03
   3.95689559       5.04278429E-02   8.49941559E-03
   3.95789552       5.04360907E-02   7.99513701E-03
   3.95889544       5.04438318E-02   7.49077601E-03
   3.95989537       5.04510701E-02   6.98633771E-03
   3.96089530       5.04578017E-02   6.48182724E-03
   3.96189523       5.04640304E-02   5.97724924E-03
   3.96289515       5.04697561E-02   5.47260884E-03
   3.96389508       5.04749753E-02   4.96791117E-03
   3.96489501       5.04796915E-02   4.46316134E-03
   3.96589494       5.04839011E-02   3.95836448E-03
   3.96689487       5.04876077E-02   3.45352548E-03
   3.96789479       5.04908077E-02   2.94864946E-03
   3.96889472       5.04935049E-02   2.44374131E-03
   3.96989465       5.04956953E-02   1.93880626E-03
   3.97089458       5.04973792E-02   1.43384933E-03
   3.97189450       5.04985601E-02   9.28875525E-04
   3.97289443       5.04992343E-02   4.23889956E-04
   3.97389436       5.04994057E-02  -8.11024220E-05
   3.97489429       5.04990704E-02  -5.86096488E-04
   3.97589421       5.04982322E-02  -1.09108724E-03
   3.97689414       5.04968874E-02  -1.59606966E-03
   3.97789407       5.04950397E-02  -2.10103858E-03
   3.97889400       5.04926853E-02  -2.60598911E-03
   3.97989392       5.04898243E-02  -3.11091589E-03
   3.98089385       5.04864603E-02  -3.61581426E-03
   3.98189378       5.04825898E-02  -4.12067864E-03
   3.98289371       5.04782163E-02  -4.62550437E-03
   3.98389363       5.04733361E-02  -5.13028633E-03
   3.98489356       5.04679531E-02  -5.63501986E-03
   3.98589349       5.04620634E-02  -6.13969937E-03
   3.98689342       5.04556708E-02  -6.64432021E-03
   3.98789334       5.04487716E-02  -7.14887679E-03
   3.98889327       5.04413694E-02  -7.65336445E-03
   3.98989320       5.04334643E-02  -8.15777853E-03
   3.99089313       5.04250526E-02  -8.66211299E-03
   3.99189305       5.04161380E-02  -9.16636363E-03
   3.99289298       5.04067168E-02  -9.67052486E-03
   3.99389291       5.03967926E-02  -1.01745920E-02
   3.99489284       5.03863655E-02  -1.06785595E-02
   3.99589276       5.03754318E-02  -1.11824237E-02
   3.99689269       5.03639951E-02  -1.16861779E-02
   3.99789262       5.03520556E-02  -1.21898176E-02
   3.99889255       5.03396131E-02  -1.26933381E-02
   3.99989247       5.03266677E-02  -1.31967347E-02
   4.00089264       5.03132194E-02  -1.37000009E-02
   4.00189257       5.02992645E-02  -1.42031331E-02
   4.00289249       5.02848066E-02  -1.47061255E-02
   4.00389242       5.02698496E-02  -1.52089735E-02
   4.00489235       5.02543896E-02  -1.57116726E-02
   4.00589228       5.02384268E-02  -1.62142161E-02
   4.00689220       5.02219647E-02  -1.67165995E-02
   4.00789213       5.02049997E-02  -1.72188189E-02
   4.00889206       5.01875319E-02  -1.77208688E-02
   4.00989199       5.01695611E-02  -1.82227436E-02
   4.01089191       5.01510873E-02  -1.87244397E-02
   4.01189184       5.01321144E-02  -1.92259513E-02
   4.01289177       5.01126386E-02  -1.97272729E-02
   4.01389170       5.00926636E-02  -2.02283990E-02
   4.01489162       5.00721857E-02  -2.07293257E-02
   4.01589155       5.00512086E-02  -2.12300476E-02
   4.01689148       5.00297286E-02  -2.17305589E-02
   4.01789141       5.00077493E-02  -2.22308561E-02
   4.01889133       4.99852672E-02  -2.27309335E-02
   4.01989126       4.99622859E-02  -2.32307855E-02
   4.02089119       4.99388054E-02  -2.37304084E-02
   4.02189112       4.99148257E-02  -2.42297966E-02
   4.02289104       4.98903468E-02  -2.47289445E-02
   4.02389097       4.98653688E-02  -2.52278484E-02
   4.02489090       4.98398915E-02  -2.57265028E-02
   4.02589083       4.98139150E-02  -2.62249019E-02
   4.02689075       4.97874394E-02  -2.67230403E-02
   4.02789068       4.97604683E-02  -2.72209141E-02
   4.02889061       4.97329980E-02  -2.77185179E-02
   4.02989054       4.97050285E-02  -2.82158479E-02
   4.03089046       4.96765636E-02  -2.87128985E-02
   4.03189039       4.96475995E-02  -2.92096641E-02
   4.03289032       4.96181399E-02  -2.97061410E-02
   4.03389025       4.95881848E-02  -3.02023217E-02
   4.03489017       4.95577343E-02  -3.06982044E-02
   4.03589010       4.95267883E-02  -3.11937816E-02
   4.03689003       4.94953468E-02  -3.16890478E-02
   4.03788996       4.94634137E-02  -3.21840011E-02
   4.03888988       4.94309850E-02  -3.26786339E-02
   4.03988981       4.93980609E-02  -3.31729427E-02
   4.04088974       4.93646413E-02  -3.36669236E-02
   4.04188967       4.93307300E-02  -3.41605693E-02
   4.04288960       4.92963232E-02  -3.46538760E-02
   4.04388952       4.92614247E-02  -3.51468399E-02
   4.04488945       4.92260307E-02  -3.56394537E-02
   4.04588938       4.91901450E-02  -3.61317135E-02
   4.04688931       4.91537675E-02  -3.66236158E-02
   4.04788923       4.91168983E-02  -3.71151529E-02
   4.04888916       4.90795374E-02  -3.76063213E-02
   4.04988909       4.90416847E-02  -3.80971171E-02
   4.05088902       4.90033403E-02  -3.85875329E-02
   4.05188894       4.89645079E-02  -3.90775651E-02
   4.05288887       4.89251837E-02  -3.95672098E-02
   4.05388880       4.88853715E-02  -4.00564633E-02
   4.05488873       4.88450676E-02  -4.05453183E-02
   4.05588865       4.88042757E-02  -4.10337672E-02
   4.05688858       4.87629957E-02  -4.15218100E-02
   4.05788851       4.87212315E-02  -4.20094393E-02
   4.05888844       4.86789793E-02  -4.24966514E-02
   4.05988836       4.86362390E-02  -4.29834425E-02
   4.06088829       4.85930145E-02  -4.34698053E-02
   4.06188822       4.85493019E-02  -4.39557359E-02
   4.06288815       4.85051051E-02  -4.44412306E-02
   4.06388807       4.84604202E-02  -4.49262820E-02
   4.06488800       4.84152511E-02  -4.54108864E-02
   4.06588793       4.83695976E-02  -4.58950400E-02
   4.06688786       4.83234599E-02  -4.63787355E-02
   4.06788778       4.82768379E-02  -4.68619689E-02
   4.06888771       4.82297353E-02  -4.73447368E-02
   4.06988764       4.81821485E-02  -4.78270352E-02
   4.07088757       4.81340811E-02  -4.83088568E-02
   4.07188749       4.80855294E-02  -4.87901978E-02
   4.07288742       4.80364971E-02  -4.92710546E-02
   4.07388735       4.79869880E-02  -4.97514196E-02
   4.07488728       4.79369983E-02  -5.02312891E-02
   4.07588720       4.78865281E-02  -5.07106595E-02
   4.07688713       4.78355773E-02  -5.11895232E-02
   4.07788706       4.77841496E-02  -5.16678803E-02
   4.07888699       4.77322452E-02  -5.21457233E-02
   4.07988691       4.76798601E-02  -5.26230447E-02
   4.08088684       4.76269983E-02  -5.30998446E-02
   4.08188677       4.75736596E-02  -5.35761155E-02
   4.08288670       4.75198440E-02  -5.40518537E-02
   4.08388662       4.74655554E-02  -5.45270517E-02
   4.08488655       4.74107899E-02  -5.50017059E-02
   4.08588648       4.73555513E-02  -5.54758124E-02
   4.08688641       4.72998358E-02  -5.59493676E-02
   4.08788633       4.72436510E-02  -5.64223677E-02
   4.08888626       4.71869931E-02  -5.68948053E-02
   4.08988619       4.71298620E-02  -5.73666766E-02
   4.09088612       4.70722616E-02  -5.78379743E-02
   4.09188604       4.70141880E-02  -5.83086982E-02
   4.09288597       4.69556451E-02  -5.87788410E-02
   4.09388590       4.68966328E-02  -5.92483990E-02
   4.09488583       4.68371511E-02  -5.97173646E-02
   4.09588575       4.67772000E-02  -6.01857379E-02
   4.09688568       4.67167795E-02  -6.06535114E-02
   4.09788561       4.66558896E-02  -6.11206777E-02
   4.09888554       4.65945341E-02  -6.15872368E-02
   4.09988546       4.65327129E-02  -6.20531812E-02
   4.10088539       4.64704297E-02  -6.25185072E-02
   4.10188532       4.64076810E-02  -6.29832149E-02
   4.10288525       4.63444665E-02  -6.34472892E-02
   4.10388517       4.62807864E-02  -6.39107302E-02
   4.10488510       4.62166443E-02  -6.43735379E-02
   4.10588503       4.61520404E-02  -6.48357049E-02
   4.10688496       4.60869744E-02  -6.52972236E-02
   4.10788488       4.60214466E-02  -6.57580942E-02
   4.10888481       4.59554568E-02  -6.62183091E-02
   4.10988474       4.58890088E-02  -6.66778609E-02
   4.11088467       4.58220989E-02  -6.71367496E-02
   4.11188459       4.57547307E-02  -6.75949678E-02
   4.11288452       4.56869081E-02  -6.80525154E-02
   4.11388445       4.56186272E-02  -6.85093850E-02
   4.11488438       4.55498919E-02  -6.89655691E-02
   4.11588430       4.54806983E-02  -6.94210678E-02
   4.11688423       4.54110503E-02  -6.98758736E-02
   4.11788416       4.53409478E-02  -7.03299865E-02
   4.11888409       4.52703908E-02  -7.07833990E-02
   4.11988401       4.51993793E-02  -7.12361038E-02
   4.12088394       4.51279171E-02  -7.16881007E-02
   4.12188387       4.50560004E-02  -7.21393824E-02
   4.12288380       4.49836366E-02  -7.25899413E-02
   4.12388372       4.49108221E-02  -7.30397776E-02
   4.12488365       4.48375605E-02  -7.34888837E-02
   4.12588358       4.47638482E-02  -7.39372596E-02
   4.12688351       4.46896888E-02  -7.43848979E-02
   4.12788343       4.46150787E-02  -7.48317912E-02
   4.12888336       4.45400216E-02  -7.52779394E-02
   4.12988329       4.44645211E-02  -7.57233426E-02
   4.13088322       4.43885736E-02  -7.61679858E-02
   4.13188314       4.43121828E-02  -7.66118690E-02
   4.13288307       4.42353524E-02  -7.70549923E-02
   4.13388300       4.41580787E-02  -7.74973482E-02
   4.13488293       4.40803617E-02  -7.79389292E-02
   4.13588285       4.40022014E-02  -7.83797354E-02
   4.13688278       4.39236015E-02  -7.88197592E-02
   4.13788271       4.38445620E-02  -7.92589933E-02
   4.13888264       4.37650830E-02  -7.96974376E-02
   4.13988256       4.36851643E-02  -8.01350921E-02
   4.14088249       4.36048098E-02  -8.05719420E-02
   4.14188242       4.35240194E-02  -8.10079873E-02
   4.14288235       4.34427969E-02  -8.14432278E-02
   4.14388227       4.33611386E-02  -8.18776563E-02
   4.14488220       4.32790443E-02  -8.23112652E-02
   4.14588213       4.31965180E-02  -8.27440545E-02
   4.14688206       4.31135595E-02  -8.31760168E-02
   4.14788198       4.30301689E-02  -8.36071521E-02
   4.14888191       4.29463461E-02  -8.40374529E-02
   4.14988184       4.28620912E-02  -8.44669193E-02
   4.15088177       4.27774079E-02  -8.48955438E-02
   4.15188169       4.26922999E-02  -8.53233188E-02
   4.15288162       4.26067635E-02  -8.57502446E-02
   4.15388155       4.25208025E-02  -8.61763135E-02
   4.15488148       4.24344130E-02  -8.66015181E-02
   4.15588140       4.23475988E-02  -8.70258659E-02
   4.15688133       4.22603600E-02  -8.74493420E-02
   4.15788126       4.21726964E-02  -8.78719464E-02
   4.15888119       4.20846120E-02  -8.82936716E-02
   4.15988111       4.19961102E-02  -8.87145177E-02
   4.16088104       4.19071876E-02  -8.91344771E-02
   4.16188097       4.18178439E-02  -8.95535499E-02
   4.16288090       4.17280830E-02  -8.99717286E-02
   4.16388083       4.16379012E-02  -9.03890058E-02
   4.16488075       4.15473022E-02  -9.08053815E-02
   4.16588068       4.14562896E-02  -9.12208557E-02
   4.16688061       4.13648598E-02  -9.16354209E-02
   4.16788054       4.12730165E-02  -9.20490697E-02
   4.16888046       4.11807634E-02  -9.24618021E-02
   4.16988039       4.10880968E-02  -9.28736106E-02
   4.17088032       4.09950167E-02  -9.32844952E-02
   4.17188025       4.09015268E-02  -9.36944485E-02
   4.17288017       4.08076271E-02  -9.41034630E-02
   4.17388010       4.07133177E-02  -9.45115387E-02
   4.17488003       4.06186022E-02  -9.49186683E-02
   4.17587996       4.05234769E-02  -9.53248516E-02
   4.17687988       4.04279493E-02  -9.57300887E-02
   4.17787981       4.03320193E-02  -9.61343646E-02
   4.17887974       4.02356833E-02  -9.65376869E-02
   4.17987967       4.01389450E-02  -9.69400406E-02
   4.18087959       4.00418043E-02  -9.73414332E-02
   4.18187952       3.99442613E-02  -9.77418497E-02
   4.18287945       3.98463197E-02  -9.81412902E-02
   4.18387938       3.97479795E-02  -9.85397547E-02
   4.18487930       3.96492407E-02  -9.89372358E-02
   4.18587923       3.95501070E-02  -9.93337259E-02
   4.18687916       3.94505747E-02  -9.97292250E-02
   4.18787909       3.93506475E-02 -0.100123733    
   4.18887901       3.92503254E-02 -0.100517243    
   4.18987894       3.91496122E-02 -0.100909747    
   4.19087887       3.90485041E-02 -0.101301245    
   4.19187880       3.89470086E-02 -0.101691730    
   4.19287872       3.88451219E-02 -0.102081202    
   4.19387865       3.87428477E-02 -0.102469653    
   4.19487858       3.86401862E-02 -0.102857083    
   4.19587851       3.85371372E-02 -0.103243485    
   4.19687843       3.84337008E-02 -0.103628859    
   4.19787836       3.83298770E-02 -0.104013197    
   4.19887829       3.82256731E-02 -0.104396492    
   4.19987822       3.81210856E-02 -0.104778752    
   4.20087814       3.80161181E-02 -0.105159961    
   4.20187807       3.79107669E-02 -0.105540119    
   4.20287800       3.78050357E-02 -0.105919227    
   4.20387793       3.76989283E-02 -0.106297277    
   4.20487785       3.75924408E-02 -0.106674269    
   4.20587778       3.74855809E-02 -0.107050195    
   4.20687771       3.73783447E-02 -0.107425049    
   4.20787764       3.72707322E-02 -0.107798830    
   4.20887756       3.71627472E-02 -0.108171538    
   4.20987749       3.70543897E-02 -0.108543165    
   4.21087742       3.69456597E-02 -0.108913712    
   4.21187735       3.68365608E-02 -0.109283172    
   4.21287727       3.67270969E-02 -0.109651536    
   4.21387720       3.66172642E-02 -0.110018805    
   4.21487713       3.65070626E-02 -0.110384978    
   4.21587706       3.63964960E-02 -0.110750049    
   4.21687698       3.62855643E-02 -0.111114018    
   4.21787691       3.61742675E-02 -0.111476876    
   4.21887684       3.60626094E-02 -0.111838616    
   4.21987677       3.59505937E-02 -0.112199239    
   4.22087669       3.58382165E-02 -0.112558745    
   4.22187662       3.57254781E-02 -0.112917125    
   4.22287655       3.56123820E-02 -0.113274381    
   4.22387648       3.54989283E-02 -0.113630503    
   4.22487640       3.53851207E-02 -0.113985494    
   4.22587633       3.52709591E-02 -0.114339344    
   4.22687626       3.51564437E-02 -0.114692055    
   4.22787619       3.50415781E-02 -0.115043618    
   4.22887611       3.49263586E-02 -0.115394033    
   4.22987604       3.48107889E-02 -0.115743294    
   4.23087597       3.46948691E-02 -0.116091400    
   4.23187590       3.45786028E-02 -0.116438352    
   4.23287582       3.44619937E-02 -0.116784140    
   4.23387575       3.43450382E-02 -0.117128760    
   4.23487568       3.42277363E-02 -0.117472209    
   4.23587561       3.41100916E-02 -0.117814489    
   4.23687553       3.39921042E-02 -0.118155591    
   4.23787546       3.38737778E-02 -0.118495509    
   4.23887539       3.37551162E-02 -0.118834250    
   4.23987532       3.36361155E-02 -0.119171798    
   4.24087524       3.35167758E-02 -0.119508162    
   4.24187517       3.33971009E-02 -0.119843327    
   4.24287510       3.32770906E-02 -0.120177299    
   4.24387503       3.31567451E-02 -0.120510072    
   4.24487495       3.30360681E-02 -0.120841637    
   4.24587488       3.29150632E-02 -0.121171996    
   4.24687481       3.27937268E-02 -0.121501148    
   4.24787474       3.26720625E-02 -0.121829085    
   4.24887466       3.25500704E-02 -0.122155808    
   4.24987459       3.24277505E-02 -0.122481309    
   4.25087452       3.23051065E-02 -0.122805588    
   4.25187445       3.21821421E-02 -0.123128638    
   4.25287437       3.20588537E-02 -0.123450458    
   4.25387430       3.19352448E-02 -0.123771049    
   4.25487423       3.18113118E-02 -0.124090403    
   4.25587416       3.16870622E-02 -0.124408513    
   4.25687408       3.15624923E-02 -0.124725387    
   4.25787401       3.14376093E-02 -0.125041008    
   4.25887394       3.13124135E-02 -0.125355378    
   4.25987387       3.11869010E-02 -0.125668496    
   4.26087379       3.10610756E-02 -0.125980362    
   4.26187372       3.09349410E-02 -0.126290977    
   4.26287365       3.08084954E-02 -0.126600325    
   4.26387358       3.06817405E-02 -0.126908407    
   4.26487350       3.05546802E-02 -0.127215222    
   4.26587343       3.04273125E-02 -0.127520770    
   4.26687336       3.02996393E-02 -0.127825037    
   4.26787329       3.01716626E-02 -0.128128037    
   4.26887321       3.00433841E-02 -0.128429756    
   4.26987314       2.99148038E-02 -0.128730193    
   4.27087307       2.97859237E-02 -0.129029334    
   4.27187300       2.96567455E-02 -0.129327193    
   4.27287292       2.95272693E-02 -0.129623756    
   4.27387285       2.93974988E-02 -0.129919022    
   4.27487278       2.92674322E-02 -0.130212992    
   4.27587271       2.91370712E-02 -0.130505666    
   4.27687263       2.90064197E-02 -0.130797043    
   4.27787256       2.88754776E-02 -0.131087109    
   4.27887249       2.87442449E-02 -0.131375864    
   4.27987242       2.86127254E-02 -0.131663308    
   4.28087234       2.84809191E-02 -0.131949440    
   4.28187227       2.83488277E-02 -0.132234246    
   4.28287220       2.82164514E-02 -0.132517740    
   4.28387213       2.80837920E-02 -0.132799909    
   4.28487206       2.79508531E-02 -0.133080751    
   4.28587198       2.78176330E-02 -0.133360267    
   4.28687191       2.76841335E-02 -0.133638442    
   4.28787184       2.75503565E-02 -0.133915290    
   4.28887177       2.74163038E-02 -0.134190798    
   4.28987169       2.72819754E-02 -0.134464964    
   4.29087162       2.71473750E-02 -0.134737790    
   4.29187155       2.70125009E-02 -0.135009259    
   4.29287148       2.68773548E-02 -0.135279387    
   4.29387140       2.67419405E-02 -0.135548159    
   4.29487133       2.66062580E-02 -0.135815576    
   4.29587126       2.64703110E-02 -0.136081636    
   4.29687119       2.63340976E-02 -0.136346340    
   4.29787111       2.61976197E-02 -0.136609688    
   4.29887104       2.60608792E-02 -0.136871666    
   4.29987097       2.59238780E-02 -0.137132272    
   4.30087090       2.57866159E-02 -0.137391508    
   4.30187082       2.56490950E-02 -0.137649372    
   4.30287075       2.55113170E-02 -0.137905866    
   4.30387068       2.53732838E-02 -0.138160974    
   4.30487061       2.52349954E-02 -0.138414711    
   4.30587053       2.50964537E-02 -0.138667062    
   4.30687046       2.49576624E-02 -0.138918027    
   4.30787039       2.48186197E-02 -0.139167607    
   4.30887032       2.46793274E-02 -0.139415786    
   4.30987024       2.45397892E-02 -0.139662579    
   4.31087017       2.44000033E-02 -0.139907971    
   4.31187010       2.42599733E-02 -0.140151978    
   4.31287003       2.41196994E-02 -0.140394583    
   4.31386995       2.39791833E-02 -0.140635774    
   4.31486988       2.38384288E-02 -0.140875563    
   4.31586981       2.36974340E-02 -0.141113952    
   4.31686974       2.35562008E-02 -0.141350925    
   4.31786966       2.34147329E-02 -0.141586483    
   4.31886959       2.32730284E-02 -0.141820624    
   4.31986952       2.31310930E-02 -0.142053351    
   4.32086945       2.29889248E-02 -0.142284662    
   4.32186937       2.28465237E-02 -0.142514557    
   4.32286930       2.27038953E-02 -0.142743021    
   4.32386923       2.25610379E-02 -0.142970055    
   4.32486916       2.24179551E-02 -0.143195659    
   4.32586908       2.22746469E-02 -0.143419832    
   4.32686901       2.21311152E-02 -0.143642575    
   4.32786894       2.19873618E-02 -0.143863887    
   4.32886887       2.18433887E-02 -0.144083753    
   4.32986879       2.16991957E-02 -0.144302189    
   4.33086872       2.15547848E-02 -0.144519180    
   4.33186865       2.14101579E-02 -0.144734725    
   4.33286858       2.12653168E-02 -0.144948825    
   4.33386850       2.11202614E-02 -0.145161480    
   4.33486843       2.09749937E-02 -0.145372689    
   4.33586836       2.08295174E-02 -0.145582438    
   4.33686829       2.06838306E-02 -0.145790726    
   4.33786821       2.05379352E-02 -0.145997569    
   4.33886814       2.03918349E-02 -0.146202952    
   4.33986807       2.02455297E-02 -0.146406874    
   4.34086800       2.00990215E-02 -0.146609336    
   4.34186792       1.99523121E-02 -0.146810323    
   4.34286785       1.98054016E-02 -0.147009850    
   4.34386778       1.96582936E-02 -0.147207901    
   4.34486771       1.95109863E-02 -0.147404477    
   4.34586763       1.93634853E-02 -0.147599593    
   4.34686756       1.92157887E-02 -0.147793233    
   4.34786749       1.90678984E-02 -0.147985384    
   4.34886742       1.89198181E-02 -0.148176059    
   4.34986734       1.87715478E-02 -0.148365259    
   4.35086727       1.86230894E-02 -0.148552969    
   4.35186720       1.84744429E-02 -0.148739204    
   4.35286713       1.83256101E-02 -0.148923948    
   4.35386705       1.81765947E-02 -0.149107203    
   4.35486698       1.80273969E-02 -0.149288967    
   4.35586691       1.78780183E-02 -0.149469241    
   4.35686684       1.77284591E-02 -0.149648026    
   4.35786676       1.75787210E-02 -0.149825305    
   4.35886669       1.74288079E-02 -0.150001094    
   4.35986662       1.72787197E-02 -0.150175378    
   4.36086655       1.71284582E-02 -0.150348172    
   4.36186647       1.69780236E-02 -0.150519460    
   4.36286640       1.68274175E-02 -0.150689244    
   4.36386633       1.66766439E-02 -0.150857523    
   4.36486626       1.65257026E-02 -0.151024297    
   4.36586618       1.63745955E-02 -0.151189551    
   4.36686611       1.62233245E-02 -0.151353300    
   4.36786604       1.60718895E-02 -0.151515529    
   4.36886597       1.59202944E-02 -0.151676252    
   4.36986589       1.57685373E-02 -0.151835456    
   4.37086582       1.56166228E-02 -0.151993141    
   4.37186575       1.54645517E-02 -0.152149305    
   4.37286568       1.53123252E-02 -0.152303949    
   4.37386560       1.51599450E-02 -0.152457073    
   4.37486553       1.50074121E-02 -0.152608678    
   4.37586546       1.48547282E-02 -0.152758747    
   4.37686539       1.47018954E-02 -0.152907297    
   4.37786531       1.45489145E-02 -0.153054312    
   4.37886524       1.43957874E-02 -0.153199807    
   4.37986517       1.42425159E-02 -0.153343767    
   4.38086510       1.40891010E-02 -0.153486192    
   4.38186502       1.39355436E-02 -0.153627083    
   4.38286495       1.37818465E-02 -0.153766438    
   4.38386488       1.36280116E-02 -0.153904259    
   4.38486481       1.34740397E-02 -0.154040545    
   4.38586473       1.33199319E-02 -0.154175282    
   4.38686466       1.31656900E-02 -0.154308483    
   4.38786459       1.30113158E-02 -0.154440135    
   4.38886452       1.28568104E-02 -0.154570252    
   4.38986444       1.27021754E-02 -0.154698819    
   4.39086437       1.25474129E-02 -0.154825836    
   4.39186430       1.23925246E-02 -0.154951304    
   4.39286423       1.22375106E-02 -0.155075222    
   4.39386415       1.20823737E-02 -0.155197591    
   4.39486408       1.19271157E-02 -0.155318409    
   4.39586401       1.17717376E-02 -0.155437678    
   4.39686394       1.16162412E-02 -0.155555397    
   4.39786386       1.14606284E-02 -0.155671567    
   4.39886379       1.13048991E-02 -0.155786172    
   4.39986372       1.11490563E-02 -0.155899227    
   4.40086365       1.09931007E-02 -0.156010717    
   4.40186357       1.08370353E-02 -0.156120643    
   4.40286350       1.06808608E-02 -0.156229019    
   4.40386343       1.05245784E-02 -0.156335831    
   4.40486336       1.03681898E-02 -0.156441078    
   4.40586329       1.02116968E-02 -0.156544760    
   4.40686321       1.00551005E-02 -0.156646878    
   4.40786314       9.89840366E-03 -0.156747431    
   4.40886307       9.74160712E-03 -0.156846419    
   4.40986300       9.58471186E-03 -0.156943828    
   4.41086292       9.42772068E-03 -0.157039672    
   4.41186285       9.27063357E-03 -0.157133952    
   4.41286278       9.11345333E-03 -0.157226652    
   4.41386271       8.95618089E-03 -0.157317787    
   4.41486263       8.79881810E-03 -0.157407343    
   4.41586256       8.64136685E-03 -0.157495335    
   4.41686249       8.48382898E-03 -0.157581747    
   4.41786242       8.32620449E-03 -0.157666579    
   4.41886234       8.16849619E-03 -0.157749847    
   4.41986227       8.01070500E-03 -0.157831535    
   4.42086220       7.85283372E-03 -0.157911643    
   4.42186213       7.69488281E-03 -0.157990173    
   4.42286205       7.53685413E-03 -0.158067122    
   4.42386198       7.37874908E-03 -0.158142492    
   4.42486191       7.22057000E-03 -0.158216283    
   4.42586184       7.06231734E-03 -0.158288494    
   4.42686176       6.90399343E-03 -0.158359110    
   4.42786169       6.74559968E-03 -0.158428147    
   4.42886162       6.58713793E-03 -0.158495605    
   4.42986155       6.42860914E-03 -0.158561483    
   4.43086147       6.27001561E-03 -0.158625767    
   4.43186140       6.11135876E-03 -0.158688471    
   4.43286133       5.95263951E-03 -0.158749580    
   4.43386126       5.79386018E-03 -0.158809111    
   4.43486118       5.63502219E-03 -0.158867046    
   4.43586111       5.47612691E-03 -0.158923402    
   4.43686104       5.31717623E-03 -0.158978164    
   4.43786097       5.15817152E-03 -0.159031332    
   4.43886089       4.99911467E-03 -0.159082919    
   4.43986082       4.84000659E-03 -0.159132913    
   4.44086075       4.68084961E-03 -0.159181312    
   4.44186068       4.52164514E-03 -0.159228116    
   4.44286060       4.36239410E-03 -0.159273326    
   4.44386053       4.20309883E-03 -0.159316957    
   4.44486046       4.04376071E-03 -0.159358993    
   4.44586039       3.88438138E-03 -0.159399435    
   4.44686031       3.72496271E-03 -0.159438282    
   4.44786024       3.56550585E-03 -0.159475535    
   4.44886017       3.40601243E-03 -0.159511194    
   4.44986010       3.24648432E-03 -0.159545258    
   4.45086002       3.08692269E-03 -0.159577727    
   4.45185995       2.92732962E-03 -0.159608603    
   4.45285988       2.76770629E-03 -0.159637868    
   4.45385981       2.60805478E-03 -0.159665540    
   4.45485973       2.44837627E-03 -0.159691617    
   4.45585966       2.28867237E-03 -0.159716100    
   4.45685959       2.12894497E-03 -0.159738988    
   4.45785952       1.96919520E-03 -0.159760281    
   4.45885944       1.80942507E-03 -0.159779981    
   4.45985937       1.64963596E-03 -0.159798071    
   4.46085930       1.48982962E-03 -0.159814566    
   4.46185923       1.33000757E-03 -0.159829468    
   4.46285915       1.17017142E-03 -0.159842774    
   4.46385908       1.01032283E-03 -0.159854472    
   4.46485901       8.50463286E-04 -0.159864575    
   4.46585894       6.90594490E-04 -0.159873083    
   4.46685886       5.30717953E-04 -0.159879982    
   4.46785879       3.70835332E-04 -0.159885287    
   4.46885872       2.10948187E-04 -0.159888998    
   4.46985865       5.10581231E-05 -0.159891114    
   4.47085857      -1.08833250E-04 -0.159891620    
   4.47185850      -2.68724310E-04 -0.159890532    
   4.47285843      -4.28613508E-04 -0.159887850    
   4.47385836      -5.88499184E-04 -0.159883559    
   4.47485828      -7.48379796E-04 -0.159877673    
   4.47585821      -9.08253773E-04 -0.159870192    
   4.47685814      -1.06811943E-03 -0.159861103    
   4.47785807      -1.22797512E-03 -0.159850419    
   4.47885799      -1.38781941E-03 -0.159838140    
   4.47985792      -1.54765055E-03 -0.159824267    
   4.48085785      -1.70746713E-03 -0.159808785    
   4.48185778      -1.86726742E-03 -0.159791708    
   4.48285770      -2.02704989E-03 -0.159773037    
   4.48385763      -2.18681269E-03 -0.159752771    
   4.48485756      -2.34655454E-03 -0.159730896    
   4.48585749      -2.50627380E-03 -0.159707427    
   4.48685741      -2.66596861E-03 -0.159682363    
   4.48785734      -2.82563781E-03 -0.159655705    
   4.48885727      -2.98527931E-03 -0.159627452    
   4.48985720      -3.14489193E-03 -0.159597605    
   4.49085712      -3.30447359E-03 -0.159566149    
   4.49185705      -3.46402312E-03 -0.159533098    
   4.49285698      -3.62353912E-03 -0.159498453    
   4.49385691      -3.78301949E-03 -0.159462214    
   4.49485683      -3.94246262E-03 -0.159424379    
   4.49585676      -4.10186732E-03 -0.159384951    
   4.49685669      -4.26123198E-03 -0.159343928    
   4.49785662      -4.42055427E-03 -0.159301311    
   4.49885654      -4.57983371E-03 -0.159257099    
   4.49985647      -4.73906798E-03 -0.159211308    
   4.50085640      -4.89825569E-03 -0.159163922    
   4.50185633      -5.05739497E-03 -0.159114942    
   4.50285625      -5.21648489E-03 -0.159064367    
   4.50385618      -5.37552312E-03 -0.159012198    
   4.50485611      -5.53450827E-03 -0.158958450    
   4.50585604      -5.69343939E-03 -0.158903107    
   4.50685596      -5.85231418E-03 -0.158846170    
   4.50785589      -6.01113122E-03 -0.158787653    
   4.50885582      -6.16988866E-03 -0.158727542    
   4.50985575      -6.32858556E-03 -0.158665836    
   4.51085567      -6.48721959E-03 -0.158602551    
   4.51185560      -6.64578937E-03 -0.158537686    
   4.51285553      -6.80429395E-03 -0.158471227    
   4.51385546      -6.96273101E-03 -0.158403188    
   4.51485538      -7.12109916E-03 -0.158333555    
   4.51585531      -7.27939745E-03 -0.158262342    
   4.51685524      -7.43762357E-03 -0.158189550    
   4.51785517      -7.59577565E-03 -0.158115178    
   4.51885509      -7.75385275E-03 -0.158039227    
   4.51985502      -7.91185256E-03 -0.157961681    
   4.52085495      -8.06977507E-03 -0.157882556    
   4.52185488      -8.22761748E-03 -0.157801852    
   4.52285480      -8.38537794E-03 -0.157719582    
   4.52385473      -8.54305550E-03 -0.157635733    
   4.52485466      -8.70064832E-03 -0.157550305    
   4.52585459      -8.85815453E-03 -0.157463297    
   4.52685452      -9.01557319E-03 -0.157374710    
   4.52785444      -9.17290337E-03 -0.157284558    
   4.52885437      -9.33014229E-03 -0.157192826    
   4.52985430      -9.48728900E-03 -0.157099530    
   4.53085423      -9.64434072E-03 -0.157004654    
   4.53185415      -9.80129652E-03 -0.156908214    
   4.53285408      -9.95815545E-03 -0.156810194    
   4.53385401      -1.01149166E-02 -0.156710610    
   4.53485394      -1.02715772E-02 -0.156609461    
   4.53585386      -1.04281353E-02 -0.156506747    
   4.53685379      -1.05845900E-02 -0.156402469    
   4.53785372      -1.07409395E-02 -0.156296626    
   4.53885365      -1.08971819E-02 -0.156189218    
   4.53985357      -1.10533163E-02 -0.156080246    
   4.54085350      -1.12093417E-02 -0.155969709    
   4.54185343      -1.13652553E-02 -0.155857623    
   4.54285336      -1.15210563E-02 -0.155743971    
   4.54385328      -1.16767427E-02 -0.155628756    
   4.54485321      -1.18323127E-02 -0.155511990    
   4.54585314      -1.19877653E-02 -0.155393660    
   4.54685307      -1.21430997E-02 -0.155273780    
   4.54785299      -1.22983130E-02 -0.155152351    
   4.54885292      -1.24534043E-02 -0.155029371    
   4.54985285      -1.26083717E-02 -0.154904842    
   4.55085278      -1.27632134E-02 -0.154778764    
   4.55185270      -1.29179275E-02 -0.154651135    
   4.55285263      -1.30725140E-02 -0.154521957    
   4.55385256      -1.32269710E-02 -0.154391229    
   4.55485249      -1.33812958E-02 -0.154258966    
   4.55585241      -1.35354875E-02 -0.154125154    
   4.55685234      -1.36895450E-02 -0.153989792    
   4.55785227      -1.38434665E-02 -0.153852895    
   4.55885220      -1.39972502E-02 -0.153714463    
   4.55985212      -1.41508952E-02 -0.153574497    
   4.56085205      -1.43043986E-02 -0.153432980    
   4.56185198      -1.44577594E-02 -0.153289929    
   4.56285191      -1.46109769E-02 -0.153145358    
   4.56385183      -1.47640500E-02 -0.152999252    
   4.56485176      -1.49169760E-02 -0.152851611    
   4.56585169      -1.50697529E-02 -0.152702436    
   4.56685162      -1.52223799E-02 -0.152551740    
   4.56785154      -1.53748551E-02 -0.152399510    
   4.56885147      -1.55271776E-02 -0.152245760    
   4.56985140      -1.56793445E-02 -0.152090490    
   4.57085133      -1.58313569E-02 -0.151933700    
   4.57185125      -1.59832127E-02 -0.151775390    
   4.57285118      -1.61349084E-02 -0.151615560    
   4.57385111      -1.62864439E-02 -0.151454210    
   4.57485104      -1.64378155E-02 -0.151291341    
   4.57585096      -1.65890250E-02 -0.151126966    
   4.57685089      -1.67400688E-02 -0.150961071    
   4.57785082      -1.68909468E-02 -0.150793672    
   4.57885075      -1.70416571E-02 -0.150624767    
   4.57985067      -1.71921961E-02 -0.150454357    
   4.58085060      -1.73425656E-02 -0.150282443    
   4.58185053      -1.74927600E-02 -0.150109023    
   4.58285046      -1.76427811E-02 -0.149934098    
   4.58385038      -1.77926272E-02 -0.149757668    
   4.58485031      -1.79422963E-02 -0.149579749    
   4.58585024      -1.80917867E-02 -0.149400324    
   4.58685017      -1.82410963E-02 -0.149219409    
   4.58785009      -1.83902252E-02 -0.149037004    
   4.58885002      -1.85391717E-02 -0.148853108    
   4.58984995      -1.86879318E-02 -0.148667723    
   4.59084988      -1.88365057E-02 -0.148480847    
   4.59184980      -1.89848915E-02 -0.148292482    
   4.59284973      -1.91330891E-02 -0.148102626    
   4.59384966      -1.92810968E-02 -0.147911295    
   4.59484959      -1.94289107E-02 -0.147718489    
   4.59584951      -1.95765328E-02 -0.147524193    
   4.59684944      -1.97239574E-02 -0.147328421    
   4.59784937      -1.98711865E-02 -0.147131175    
   4.59884930      -2.00182181E-02 -0.146932468    
   4.59984922      -2.01650504E-02 -0.146732286    
   4.60084915      -2.03116816E-02 -0.146530628    
   4.60184908      -2.04581097E-02 -0.146327510    
   4.60284901      -2.06043348E-02 -0.146122932    
   4.60384893      -2.07503550E-02 -0.145916894    
   4.60484886      -2.08961684E-02 -0.145709395    
   4.60584879      -2.10417733E-02 -0.145500436    
   4.60684872      -2.11871695E-02 -0.145290017    
   4.60784864      -2.13323534E-02 -0.145078152    
   4.60884857      -2.14773249E-02 -0.144864827    
   4.60984850      -2.16220822E-02 -0.144650057    
   4.61084843      -2.17666235E-02 -0.144433841    
   4.61184835      -2.19109487E-02 -0.144216180    
   4.61284828      -2.20550541E-02 -0.143997073    
   4.61384821      -2.21989416E-02 -0.143776521    
   4.61484814      -2.23426055E-02 -0.143554538    
   4.61584806      -2.24860478E-02 -0.143331110    
   4.61684799      -2.26292666E-02 -0.143106252    
   4.61784792      -2.27722600E-02 -0.142879963    
   4.61884785      -2.29150262E-02 -0.142652243    
   4.61984777      -2.30575632E-02 -0.142423093    
   4.62084770      -2.31998712E-02 -0.142192513    
   4.62184763      -2.33419482E-02 -0.141960517    
   4.62284756      -2.34837905E-02 -0.141727090    
   4.62384748      -2.36253999E-02 -0.141492248    
   4.62484741      -2.37667747E-02 -0.141255990    
   4.62584734      -2.39079110E-02 -0.141018316    
   4.62684727      -2.40488108E-02 -0.140779242    
   4.62784719      -2.41894685E-02 -0.140538752    
   4.62884712      -2.43298858E-02 -0.140296862    
   4.62984705      -2.44700611E-02 -0.140053555    
   4.63084698      -2.46099923E-02 -0.139808849    
   4.63184690      -2.47496776E-02 -0.139562756    
   4.63284683      -2.48891171E-02 -0.139315262    
   4.63384676      -2.50283070E-02 -0.139066368    
   4.63484669      -2.51672491E-02 -0.138816088    
   4.63584661      -2.53059380E-02 -0.138564423    
   4.63684654      -2.54443754E-02 -0.138311356    
   4.63784647      -2.55825594E-02 -0.138056919    
   4.63884640      -2.57204883E-02 -0.137801096    
   4.63984632      -2.58581601E-02 -0.137543887    
   4.64084625      -2.59955749E-02 -0.137285307    
   4.64184618      -2.61327289E-02 -0.137025356    
   4.64284611      -2.62696240E-02 -0.136764035    
   4.64384604      -2.64062565E-02 -0.136501342    
   4.64484596      -2.65426263E-02 -0.136237279    
   4.64584589      -2.66787317E-02 -0.135971859    
   4.64684582      -2.68145688E-02 -0.135705069    
   4.64784575      -2.69501396E-02 -0.135436922    
   4.64884567      -2.70854421E-02 -0.135167420    
   4.64984560      -2.72204727E-02 -0.134896562    
   4.65084553      -2.73552332E-02 -0.134624362    
   4.65184546      -2.74897218E-02 -0.134350806    
   4.65284538      -2.76239347E-02 -0.134075910    
   4.65384531      -2.77578719E-02 -0.133799672    
   4.65484524      -2.78915316E-02 -0.133522093    
   4.65584517      -2.80249137E-02 -0.133243173    
   4.65684509      -2.81580165E-02 -0.132962927    
   4.65784502      -2.82908380E-02 -0.132681340    
   4.65884495      -2.84233782E-02 -0.132398427    
   4.65984488      -2.85556354E-02 -0.132114187    
   4.66084480      -2.86876056E-02 -0.131828636    
   4.66184473      -2.88192909E-02 -0.131541759    
   4.66284466      -2.89506894E-02 -0.131253570    
   4.66384459      -2.90817972E-02 -0.130964071    
   4.66484451      -2.92126164E-02 -0.130673259    
   4.66584444      -2.93431450E-02 -0.130381137    
   4.66684437      -2.94733793E-02 -0.130087703    
   4.66784430      -2.96033192E-02 -0.129792973    
   4.66884422      -2.97329649E-02 -0.129496947    
   4.66984415      -2.98623126E-02 -0.129199624    
   4.67084408      -2.99913641E-02 -0.128901005    
   4.67184401      -3.01201139E-02 -0.128601089    
   4.67284393      -3.02485637E-02 -0.128299892    
   4.67384386      -3.03767119E-02 -0.127997413    
   4.67484379      -3.05045564E-02 -0.127693653    
   4.67584372      -3.06320973E-02 -0.127388611    
   4.67684364      -3.07593327E-02 -0.127082288    
   4.67784357      -3.08862608E-02 -0.126774698    
   4.67884350      -3.10128815E-02 -0.126465842    
   4.67984343      -3.11391931E-02 -0.126155719    
   4.68084335      -3.12651917E-02 -0.125844330    
   4.68184328      -3.13908793E-02 -0.125531673    
   4.68284321      -3.15162539E-02 -0.125217766    
   4.68384314      -3.16413157E-02 -0.124902606    
   4.68484306      -3.17660607E-02 -0.124586195    
   4.68584299      -3.18904854E-02 -0.124268532    
   4.68684292      -3.20145935E-02 -0.123949625    
   4.68784285      -3.21383812E-02 -0.123629481    
   4.68884277      -3.22618522E-02 -0.123308100    
   4.68984270      -3.23849991E-02 -0.122985482    
   4.69084263      -3.25078256E-02 -0.122661635    
   4.69184256      -3.26303244E-02 -0.122336559    
   4.69284248      -3.27524953E-02 -0.122010253    
   4.69384241      -3.28743421E-02 -0.121682726    
   4.69484234      -3.29958610E-02 -0.121353984    
   4.69584227      -3.31170522E-02 -0.121024027    
   4.69684219      -3.32379118E-02 -0.120692857    
   4.69784212      -3.33584361E-02 -0.120360479    
   4.69884205      -3.34786288E-02 -0.120026894    
   4.69984198      -3.35984863E-02 -0.119692110    
   4.70084190      -3.37180123E-02 -0.119356126    
   4.70184183      -3.38371992E-02 -0.119018942    
   4.70284176      -3.39560509E-02 -0.118680567    
   4.70384169      -3.40745598E-02 -0.118341006    
   4.70484161      -3.41927297E-02 -0.118000261    
   4.70584154      -3.43105569E-02 -0.117658332    
   4.70684147      -3.44280452E-02 -0.117315225    
   4.70784140      -3.45451906E-02 -0.116970941    
   4.70884132      -3.46619897E-02 -0.116625488    
   4.70984125      -3.47784385E-02 -0.116278864    
   4.71084118      -3.48945409E-02 -0.115931079    
   4.71184111      -3.50102969E-02 -0.115582131    
   4.71284103      -3.51257026E-02 -0.115232028    
   4.71384096      -3.52407582E-02 -0.114880770    
   4.71484089      -3.53554636E-02 -0.114528365    
   4.71584082      -3.54698151E-02 -0.114174813    
   4.71684074      -3.55838127E-02 -0.113820113    
   4.71784067      -3.56974527E-02 -0.113464274    
   4.71884060      -3.58107388E-02 -0.113107301    
   4.71984053      -3.59236673E-02 -0.112749197    
   4.72084045      -3.60362381E-02 -0.112389959    
   4.72184038      -3.61484475E-02 -0.112029597    
   4.72284031      -3.62602957E-02 -0.111668110    
   4.72384024      -3.63717824E-02 -0.111305505    
   4.72484016      -3.64829041E-02 -0.110941790    
   4.72584009      -3.65936644E-02 -0.110576957    
   4.72684002      -3.67040597E-02 -0.110211022    
   4.72783995      -3.68140899E-02 -0.109843984    
   4.72883987      -3.69237512E-02 -0.109475844    
   4.72983980      -3.70330401E-02 -0.109106608    
   4.73083973      -3.71419601E-02 -0.108736277    
   4.73183966      -3.72505113E-02 -0.108364858    
   4.73283958      -3.73586901E-02 -0.107992351    
   4.73383951      -3.74664962E-02 -0.107618764    
   4.73483944      -3.75739299E-02 -0.107244097    
   4.73583937      -3.76809873E-02 -0.106868356    
   4.73683929      -3.77876647E-02 -0.106491543    
   4.73783922      -3.78939658E-02 -0.106113665    
   4.73883915      -3.79998907E-02 -0.105734728    
   4.73983908      -3.81054357E-02 -0.105354726    
   4.74083900      -3.82106006E-02 -0.104973674    
   4.74183893      -3.83153856E-02 -0.104591571    
   4.74283886      -3.84197868E-02 -0.104208417    
   4.74383879      -3.85238007E-02 -0.103824221    
   4.74483871      -3.86274308E-02 -0.103438981    
   4.74583864      -3.87306772E-02 -0.103052706    
   4.74683857      -3.88335362E-02 -0.102665402    
   4.74783850      -3.89360078E-02 -0.102277070    
   4.74883842      -3.90380919E-02 -0.101887710    
   4.74983835      -3.91397849E-02 -0.101497330    
   4.75083828      -3.92410830E-02 -0.101105928    
   4.75183821      -3.93419899E-02 -0.100713521    
   4.75283813      -3.94425057E-02 -0.100320101    
   4.75383806      -3.95426266E-02  -9.99256745E-02
   4.75483799      -3.96423563E-02  -9.95302498E-02
   4.75583792      -3.97416875E-02  -9.91338268E-02
   4.75683784      -3.98406237E-02  -9.87364128E-02
   4.75783777      -3.99391614E-02  -9.83380079E-02
   4.75883770      -4.00372967E-02  -9.79386196E-02
   4.75983763      -4.01350334E-02  -9.75382477E-02
   4.76083755      -4.02323715E-02  -9.71368998E-02
   4.76183748      -4.03293073E-02  -9.67345759E-02
   4.76283741      -4.04258408E-02  -9.63312835E-02
   4.76383734      -4.05219719E-02  -9.59270224E-02
   4.76483727      -4.06176969E-02  -9.55218002E-02
   4.76583719      -4.07130122E-02  -9.51156244E-02
   4.76683712      -4.08079214E-02  -9.47084948E-02
   4.76783705      -4.09024246E-02  -9.43004191E-02
   4.76883698      -4.09965217E-02  -9.38913971E-02
   4.76983690      -4.10902090E-02  -9.34814289E-02
   4.77083683      -4.11834866E-02  -9.30705294E-02
   4.77183676      -4.12763506E-02  -9.26586911E-02
   4.77283669      -4.13688049E-02  -9.22459289E-02
   4.77383661      -4.14608419E-02  -9.18322429E-02
   4.77483654      -4.15524654E-02  -9.14176330E-02
   4.77583647      -4.16436754E-02  -9.10021067E-02
   4.77683640      -4.17344682E-02  -9.05856714E-02
   4.77783632      -4.18248437E-02  -9.01683271E-02
   4.77883625      -4.19148020E-02  -8.97500813E-02
   4.77983618      -4.20043431E-02  -8.93309340E-02
   4.78083611      -4.20934670E-02  -8.89108926E-02
   4.78183603      -4.21821699E-02  -8.84899572E-02
   4.78283596      -4.22704481E-02  -8.80681351E-02
   4.78383589      -4.23583053E-02  -8.76454338E-02
   4.78483582      -4.24457379E-02  -8.72218534E-02
   4.78583574      -4.25327457E-02  -8.67973939E-02
   4.78683567      -4.26193289E-02  -8.63720700E-02
   4.78783560      -4.27054875E-02  -8.59458745E-02
   4.78883553      -4.27912213E-02  -8.55188221E-02
   4.78983545      -4.28765267E-02  -8.50909129E-02
   4.79083538      -4.29614000E-02  -8.46621469E-02
   4.79183531      -4.30458449E-02  -8.42325315E-02
   4.79283524      -4.31298614E-02  -8.38020742E-02
   4.79383516      -4.32134457E-02  -8.33707750E-02
   4.79483509      -4.32966016E-02  -8.29386413E-02
   4.79583502      -4.33793254E-02  -8.25056732E-02
   4.79683495      -4.34616134E-02  -8.20718780E-02
   4.79783487      -4.35434692E-02  -8.16372633E-02
   4.79883480      -4.36248891E-02  -8.12018290E-02
   4.79983473      -4.37058695E-02  -8.07655826E-02
   4.80083466      -4.37864140E-02  -8.03285241E-02
   4.80183458      -4.38665226E-02  -7.98906609E-02
   4.80283451      -4.39461917E-02  -7.94519931E-02
   4.80383444      -4.40254249E-02  -7.90125281E-02
   4.80483437      -4.41042185E-02  -7.85722733E-02
   4.80583429      -4.41825725E-02  -7.81312287E-02
   4.80683422      -4.42604832E-02  -7.76894018E-02
   4.80783415      -4.43379544E-02  -7.72468001E-02
   4.80883408      -4.44149785E-02  -7.68034235E-02
   4.80983400      -4.44915593E-02  -7.63592720E-02
   4.81083393      -4.45676968E-02  -7.59143531E-02
   4.81183386      -4.46433872E-02  -7.54686743E-02
   4.81283379      -4.47186306E-02  -7.50222430E-02
   4.81383371      -4.47934307E-02  -7.45750591E-02
   4.81483364      -4.48677838E-02  -7.41271228E-02
   4.81583357      -4.49416861E-02  -7.36784413E-02
   4.81683350      -4.50151414E-02  -7.32290223E-02
   4.81783342      -4.50881459E-02  -7.27788731E-02
   4.81883335      -4.51606959E-02  -7.23279938E-02
   4.81983328      -4.52327952E-02  -7.18763843E-02
   4.82083321      -4.53044437E-02  -7.14240596E-02
   4.82183313      -4.53756414E-02  -7.09710121E-02
   4.82283306      -4.54463847E-02  -7.05172569E-02
   4.82383299      -4.55166735E-02  -7.00627938E-02
   4.82483292      -4.55865078E-02  -6.96076304E-02
   4.82583284      -4.56558876E-02  -6.91517666E-02
   4.82683277      -4.57248129E-02  -6.86952099E-02
   4.82783270      -4.57932800E-02  -6.82379603E-02
   4.82883263      -4.58612889E-02  -6.77800253E-02
   4.82983255      -4.59288396E-02  -6.73214123E-02
   4.83083248      -4.59959283E-02  -6.68621212E-02
   4.83183241      -4.60625589E-02  -6.64021596E-02
   4.83283234      -4.61287312E-02  -6.59415349E-02
   4.83383226      -4.61944416E-02  -6.54802471E-02
   4.83483219      -4.62596901E-02  -6.50183037E-02
   4.83583212      -4.63244766E-02  -6.45557046E-02
   4.83683205      -4.63888012E-02  -6.40924573E-02
   4.83783197      -4.64526638E-02  -6.36285692E-02
   4.83883190      -4.65160608E-02  -6.31640404E-02
   4.83983183      -4.65789922E-02  -6.26988783E-02
   4.84083176      -4.66414578E-02  -6.22330867E-02
   4.84183168      -4.67034578E-02  -6.17666729E-02
   4.84283161      -4.67649885E-02  -6.12996370E-02
   4.84383154      -4.68260534E-02  -6.08319864E-02
   4.84483147      -4.68866490E-02  -6.03637248E-02
   4.84583139      -4.69467789E-02  -5.98948598E-02
   4.84683132      -4.70064394E-02  -5.94253913E-02
   4.84783125      -4.70656306E-02  -5.89553267E-02
   4.84883118      -4.71243523E-02  -5.84846698E-02
   4.84983110      -4.71826009E-02  -5.80134280E-02
   4.85083103      -4.72403802E-02  -5.75416014E-02
   4.85183096      -4.72976863E-02  -5.70691973E-02
   4.85283089      -4.73545194E-02  -5.65962195E-02
   4.85383081      -4.74108756E-02  -5.61226755E-02
   4.85483074      -4.74667586E-02  -5.56485653E-02
   4.85583067      -4.75221686E-02  -5.51738963E-02
   4.85683060      -4.75771055E-02  -5.46986759E-02
   4.85783052      -4.76315655E-02  -5.42229041E-02
   4.85883045      -4.76855487E-02  -5.37465885E-02
   4.85983038      -4.77390550E-02  -5.32697327E-02
   4.86083031      -4.77920845E-02  -5.27923405E-02
   4.86183023      -4.78446372E-02  -5.23144193E-02
   4.86283016      -4.78967130E-02  -5.18359728E-02
   4.86383009      -4.79483120E-02  -5.13570048E-02
   4.86483002      -4.79994304E-02  -5.08775227E-02
   4.86582994      -4.80500683E-02  -5.03975302E-02
   4.86682987      -4.81002256E-02  -4.99170311E-02
   4.86782980      -4.81499024E-02  -4.94360290E-02
   4.86882973      -4.81990948E-02  -4.89545316E-02
   4.86982965      -4.82478067E-02  -4.84725423E-02
   4.87082958      -4.82960381E-02  -4.79900651E-02
   4.87182951      -4.83437851E-02  -4.75071035E-02
   4.87282944      -4.83910516E-02  -4.70236652E-02
   4.87382936      -4.84378338E-02  -4.65397537E-02
   4.87482929      -4.84841317E-02  -4.60553765E-02
   4.87582922      -4.85299453E-02  -4.55705337E-02
   4.87682915      -4.85752746E-02  -4.50852327E-02
   4.87782907      -4.86201160E-02  -4.45994809E-02
   4.87882900      -4.86644730E-02  -4.41132784E-02
   4.87982893      -4.87083457E-02  -4.36266325E-02
   4.88082886      -4.87517305E-02  -4.31395508E-02
   4.88182878      -4.87946272E-02  -4.26520333E-02
   4.88282871      -4.88370359E-02  -4.21640873E-02
   4.88382864      -4.88789529E-02  -4.16757166E-02
   4.88482857      -4.89203818E-02  -4.11869287E-02
   4.88582850      -4.89613228E-02  -4.06977236E-02
   4.88682842      -4.90017757E-02  -4.02081087E-02
   4.88782835      -4.90417369E-02  -3.97180915E-02
   4.88882828      -4.90812100E-02  -3.92276756E-02
   4.88982821      -4.91201915E-02  -3.87368649E-02
   4.89082813      -4.91586812E-02  -3.82456630E-02
   4.89182806      -4.91966791E-02  -3.77540775E-02
   4.89282799      -4.92341891E-02  -3.72621119E-02
   4.89382792      -4.92712036E-02  -3.67697701E-02
   4.89482784      -4.93077263E-02  -3.62770595E-02
   4.89582777      -4.93437573E-02  -3.57839838E-02
   4.89682770      -4.93792966E-02  -3.52905467E-02
   4.89782763      -4.94143404E-02  -3.47967520E-02
   4.89882755      -4.94488925E-02  -3.43026072E-02
   4.89982748      -4.94829491E-02  -3.38081196E-02
   4.90082741      -4.95165102E-02  -3.33132893E-02
   4.90182734      -4.95495759E-02  -3.28181237E-02
   4.90282726      -4.95821461E-02  -3.23226266E-02
   4.90382719      -4.96142209E-02  -3.18268053E-02
   4.90482712      -4.96457964E-02  -3.13306637E-02
   4.90582705      -4.96768765E-02  -3.08342054E-02
   4.90682697      -4.97074611E-02  -3.03374361E-02
   4.90782690      -4.97375503E-02  -2.98403613E-02
   4.90882683      -4.97671403E-02  -2.93429866E-02
   4.90982676      -4.97962348E-02  -2.88453158E-02
   4.91082668      -4.98248301E-02  -2.83473525E-02
   4.91182661      -4.98529263E-02  -2.78491043E-02
   4.91282654      -4.98805270E-02  -2.73505747E-02
   4.91382647      -4.99076284E-02  -2.68517695E-02
   4.91482639      -4.99342307E-02  -2.63526924E-02
   4.91582632      -4.99603339E-02  -2.58533508E-02
   4.91682625      -4.99859378E-02  -2.53537484E-02
   4.91782618      -5.00110425E-02  -2.48538889E-02
   4.91882610      -5.00356480E-02  -2.43537780E-02
   4.91982603      -5.00597507E-02  -2.38534212E-02
   4.92082596      -5.00833541E-02  -2.33528242E-02
   4.92182589      -5.01064584E-02  -2.28519905E-02
   4.92282581      -5.01290597E-02  -2.23509260E-02
   4.92382574      -5.01511618E-02  -2.18496360E-02
   4.92482567      -5.01727611E-02  -2.13481244E-02
   4.92582560      -5.01938611E-02  -2.08463967E-02
   4.92682552      -5.02144583E-02  -2.03444585E-02
   4.92782545      -5.02345525E-02  -1.98423136E-02
   4.92882538      -5.02541438E-02  -1.93399675E-02
   4.92982531      -5.02732359E-02  -1.88374259E-02
   4.93082523      -5.02918251E-02  -1.83346942E-02
   4.93182516      -5.03099076E-02  -1.78317763E-02
   4.93282509      -5.03274873E-02  -1.73286777E-02
   4.93382502      -5.03445640E-02  -1.68254022E-02
   4.93482494      -5.03611378E-02  -1.63219571E-02
   4.93582487      -5.03772050E-02  -1.58183463E-02
   4.93682480      -5.03927693E-02  -1.53145744E-02
   4.93782473      -5.04078306E-02  -1.48106469E-02
   4.93882465      -5.04223891E-02  -1.43065685E-02
   4.93982458      -5.04364409E-02  -1.38023449E-02
   4.94082451      -5.04499897E-02  -1.32979807E-02
   4.94182444      -5.04630357E-02  -1.27934804E-02
   4.94282436      -5.04755750E-02  -1.22888498E-02
   4.94382429      -5.04876114E-02  -1.17840944E-02
   4.94482422      -5.04991412E-02  -1.12792179E-02
   4.94582415      -5.05101681E-02  -1.07742269E-02
   4.94682407      -5.05206883E-02  -1.02691250E-02
   4.94782400      -5.05307056E-02  -9.76391789E-03
   4.94882393      -5.05402163E-02  -9.25861113E-03
   4.94982386      -5.05492203E-02  -8.75320937E-03
   4.95082378      -5.05577214E-02  -8.24771728E-03
   4.95182371      -5.05657159E-02  -7.74213998E-03
   4.95282364      -5.05732037E-02  -7.23648258E-03
   4.95382357      -5.05801886E-02  -6.73075067E-03
   4.95482349      -5.05866669E-02  -6.22494891E-03
   4.95582342      -5.05926386E-02  -5.71908243E-03
   4.95682335      -5.05981036E-02  -5.21315588E-03
   4.95782328      -5.06030619E-02  -4.70717484E-03
   4.95882320      -5.06075174E-02  -4.20114398E-03
   4.95982313      -5.06114662E-02  -3.69506888E-03
   4.96082306      -5.06149083E-02  -3.18895420E-03
   4.96182299      -5.06178439E-02  -2.68280506E-03
   4.96282291      -5.06202728E-02  -2.17662659E-03
   4.96382284      -5.06221950E-02  -1.67042390E-03
   4.96482277      -5.06236106E-02  -1.16420188E-03
   4.96582270      -5.06245233E-02  -6.57965778E-04
   4.96682262      -5.06249294E-02  -1.51720480E-04
   4.96782255      -5.06248288E-02   3.54528835E-04
   4.96882248      -5.06242216E-02   8.60777160E-04
   4.96982241      -5.06231077E-02   1.36701937E-03
   4.97082233      -5.06214872E-02   1.87325047E-03
   4.97182226      -5.06193601E-02   2.37946538E-03
   4.97282219      -5.06167263E-02   2.88565899E-03
   4.97382212      -5.06135859E-02   3.39182629E-03
   4.97482204      -5.06099425E-02   3.89796216E-03
   4.97582197      -5.06057926E-02   4.40406147E-03
   4.97682190      -5.06011359E-02   4.91011934E-03
   4.97782183      -5.05959727E-02   5.41613065E-03
   4.97882175      -5.05903028E-02   5.92209026E-03
   4.97982168      -5.05841263E-02   6.42799307E-03
   4.98082161      -5.05774431E-02   6.93383440E-03
   4.98182154      -5.05702570E-02   7.43960869E-03
   4.98282146      -5.05625643E-02   7.94531126E-03
   4.98382139      -5.05543649E-02   8.45093653E-03
   4.98482132      -5.05456589E-02   8.95647984E-03
   4.98582125      -5.05364500E-02   9.46193654E-03
   4.98682117      -5.05267344E-02   9.96730104E-03
   4.98782110      -5.05165122E-02   1.04725687E-02
   4.98882103      -5.05057871E-02   1.09777339E-02
   4.98982096      -5.04945554E-02   1.14827920E-02
   4.99082088      -5.04828207E-02   1.19877374E-02
   4.99182081      -5.04705794E-02   1.24925654E-02
   4.99282074      -5.04578352E-02   1.29972715E-02
   4.99382067      -5.04445843E-02   1.35018500E-02
   4.99482059      -5.04308306E-02   1.40062962E-02
   4.99582052      -5.04165702E-02   1.45106046E-02
   4.99682045      -5.04018068E-02   1.50147704E-02
   4.99782038      -5.03865406E-02   1.55187882E-02
   4.99882030      -5.03707677E-02   1.60226543E-02
   4.99982023      -5.03544919E-02   1.65263619E-02
   5.00082016      -5.03377132E-02   1.70299076E-02
   5.00182009      -5.03204316E-02   1.75332855E-02
   5.00282001      -5.03026433E-02   1.80364903E-02
   5.00381994      -5.02843522E-02   1.85395163E-02
   5.00481987      -5.02655618E-02   1.90423597E-02
   5.00581980      -5.02462685E-02   1.95450149E-02
   5.00681973      -5.02264723E-02   2.00474784E-02
   5.00781965      -5.02061769E-02   2.05497425E-02
   5.00881958      -5.01853786E-02   2.10518036E-02
   5.00981951      -5.01640774E-02   2.15536579E-02
   5.01081944      -5.01422733E-02   2.20552981E-02
   5.01181936      -5.01199700E-02   2.25567203E-02
   5.01281929      -5.00971638E-02   2.30579209E-02
   5.01381922      -5.00738546E-02   2.35588923E-02
   5.01481915      -5.00500463E-02   2.40596309E-02
   5.01581907      -5.00257388E-02   2.45601311E-02
   5.01681900      -5.00009283E-02   2.50603892E-02
   5.01781893      -4.99756187E-02   2.55603977E-02
   5.01881886      -4.99498099E-02   2.60601547E-02
   5.01981878      -4.99235019E-02   2.65596528E-02
   5.02081871      -4.98966910E-02   2.70588882E-02
   5.02181864      -4.98693809E-02   2.75578555E-02
   5.02281857      -4.98415716E-02   2.80565489E-02
   5.02381849      -4.98132668E-02   2.85549648E-02
   5.02481842      -4.97844629E-02   2.90530976E-02
   5.02581835      -4.97551598E-02   2.95509417E-02
   5.02681828      -4.97253574E-02   3.00484933E-02
   5.02781820      -4.96950597E-02   3.05457469E-02
   5.02881813      -4.96642627E-02   3.10426969E-02
   5.02981806      -4.96329702E-02   3.15393396E-02
   5.03081799      -4.96011823E-02   3.20356712E-02
   5.03181791      -4.95688953E-02   3.25316824E-02
   5.03281784      -4.95361127E-02   3.30273733E-02
   5.03381777      -4.95028384E-02   3.35227326E-02
   5.03481770      -4.94690686E-02   3.40177603E-02
   5.03581762      -4.94348034E-02   3.45124528E-02
   5.03681755      -4.94000465E-02   3.50068025E-02
   5.03781748      -4.93647940E-02   3.55008021E-02
   5.03881741      -4.93290462E-02   3.59944515E-02
   5.03981733      -4.92928065E-02   3.64877433E-02
   5.04081726      -4.92560714E-02   3.69806699E-02
   5.04181719      -4.92188446E-02   3.74732316E-02
   5.04281712      -4.91811261E-02   3.79654206E-02
   5.04381704      -4.91429158E-02   3.84572335E-02
   5.04481697      -4.91042137E-02   3.89486626E-02
   5.04581690      -4.90650199E-02   3.94397043E-02
   5.04681683      -4.90253344E-02   3.99303548E-02
   5.04781675      -4.89851572E-02   4.04206067E-02
   5.04881668      -4.89444919E-02   4.09104601E-02
   5.04981661      -4.89033349E-02   4.13999036E-02
   5.05081654      -4.88616899E-02   4.18889374E-02
   5.05181646      -4.88195568E-02   4.23775539E-02
   5.05281639      -4.87769321E-02   4.28657494E-02
   5.05381632      -4.87338230E-02   4.33535203E-02
   5.05481625      -4.86902259E-02   4.38408591E-02
   5.05581617      -4.86461446E-02   4.43277620E-02
   5.05681610      -4.86015752E-02   4.48142253E-02
   5.05781603      -4.85565178E-02   4.53002416E-02
   5.05881596      -4.85109761E-02   4.57858071E-02
   5.05981588      -4.84649464E-02   4.62709181E-02
   5.06081581      -4.84184325E-02   4.67555672E-02
   5.06181574      -4.83714342E-02   4.72397506E-02
   5.06281567      -4.83239517E-02   4.77234647E-02
   5.06381559      -4.82759848E-02   4.82067056E-02
   5.06481552      -4.82275374E-02   4.86894660E-02
   5.06581545      -4.81786057E-02   4.91717421E-02
   5.06681538      -4.81291935E-02   4.96535264E-02
   5.06781530      -4.80792969E-02   5.01348190E-02
   5.06881523      -4.80289198E-02   5.06156124E-02
   5.06981516      -4.79780659E-02   5.10959029E-02
   5.07081509      -4.79267314E-02   5.15756831E-02
   5.07181501      -4.78749163E-02   5.20549491E-02
   5.07281494      -4.78226244E-02   5.25336973E-02
   5.07381487      -4.77698520E-02   5.30119240E-02
   5.07481480      -4.77166027E-02   5.34896217E-02
   5.07581472      -4.76628728E-02   5.39667867E-02
   5.07681465      -4.76086661E-02   5.44434153E-02
   5.07781458      -4.75539826E-02   5.49195036E-02
   5.07881451      -4.74988259E-02   5.53950444E-02
   5.07981443      -4.74431925E-02   5.58700338E-02
   5.08081436      -4.73870859E-02   5.63444644E-02
   5.08181429      -4.73305024E-02   5.68183362E-02
   5.08281422      -4.72734459E-02   5.72916418E-02
   5.08381414      -4.72159199E-02   5.77643774E-02
   5.08481407      -4.71579209E-02   5.82365356E-02
   5.08581400      -4.70994487E-02   5.87081164E-02
   5.08681393      -4.70405072E-02   5.91791123E-02
   5.08781385      -4.69810925E-02   5.96495159E-02
   5.08881378      -4.69212085E-02   6.01193272E-02
   5.08981371      -4.68608551E-02   6.05885386E-02
   5.09081364      -4.68000323E-02   6.10571466E-02
   5.09181356      -4.67387401E-02   6.15251474E-02
   5.09281349      -4.66769785E-02   6.19925335E-02
   5.09381342      -4.66147512E-02   6.24593049E-02
   5.09481335      -4.65520583E-02   6.29254505E-02
   5.09581327      -4.64889035E-02   6.33909702E-02
   5.09681320      -4.64252830E-02   6.38558567E-02
   5.09781313      -4.63611968E-02   6.43201098E-02
   5.09881306      -4.62966450E-02   6.47837222E-02
   5.09981298      -4.62316312E-02   6.52466863E-02
   5.10081291      -4.61661518E-02   6.57090023E-02
   5.10181284      -4.61002104E-02   6.61706626E-02
   5.10281277      -4.60338071E-02   6.66316673E-02
   5.10381269      -4.59669456E-02   6.70920089E-02
   5.10481262      -4.58996221E-02   6.75516799E-02
   5.10581255      -4.58318405E-02   6.80106729E-02
   5.10681248      -4.57636006E-02   6.84689879E-02
   5.10781240      -4.56949025E-02   6.89266250E-02
   5.10881233      -4.56257500E-02   6.93835765E-02
   5.10981226      -4.55561392E-02   6.98398352E-02
   5.11081219      -4.54860739E-02   7.02953935E-02
   5.11181211      -4.54155505E-02   7.07502514E-02
   5.11281204      -4.53445725E-02   7.12044090E-02
   5.11381197      -4.52731401E-02   7.16578513E-02
   5.11481190      -4.52012531E-02   7.21105859E-02
   5.11581182      -4.51289155E-02   7.25625977E-02
   5.11681175      -4.50561270E-02   7.30138868E-02
   5.11781168      -4.49828878E-02   7.34644458E-02
   5.11881161      -4.49092016E-02   7.39142746E-02
   5.11981153      -4.48350646E-02   7.43633658E-02
   5.12081146      -4.47604768E-02   7.48117194E-02
   5.12181139      -4.46854420E-02   7.52593279E-02
   5.12281132      -4.46099602E-02   7.57061839E-02
   5.12381124      -4.45340313E-02   7.61522800E-02
   5.12481117      -4.44576554E-02   7.65976235E-02
   5.12581110      -4.43808325E-02   7.70421997E-02
   5.12681103      -4.43035662E-02   7.74860084E-02
   5.12781096      -4.42258604E-02   7.79290423E-02
   5.12881088      -4.41477112E-02   7.83713013E-02
   5.12981081      -4.40691188E-02   7.88127780E-02
   5.13081074      -4.39900868E-02   7.92534724E-02
   5.13181067      -4.39106151E-02   7.96933770E-02
   5.13281059      -4.38307002E-02   8.01324844E-02
   5.13381052      -4.37503494E-02   8.05707946E-02
   5.13481045      -4.36695591E-02   8.10083002E-02
   5.13581038      -4.35883291E-02   8.14449936E-02
   5.13681030      -4.35066633E-02   8.18808749E-02
   5.13781023      -4.34245653E-02   8.23159441E-02
   5.13881016      -4.33420315E-02   8.27501863E-02
   5.13981009      -4.32590656E-02   8.31836089E-02
   5.14081001      -4.31756675E-02   8.36161971E-02
   5.14180994      -4.30918336E-02   8.40479508E-02
   5.14280987      -4.30075713E-02   8.44788700E-02
   5.14380980      -4.29228768E-02   8.49089473E-02
   5.14480972      -4.28377502E-02   8.53381753E-02
   5.14580965      -4.27521989E-02   8.57665539E-02
   5.14680958      -4.26662192E-02   8.61940756E-02
   5.14780951      -4.25798111E-02   8.66207406E-02
   5.14880943      -4.24929783E-02   8.70465413E-02
   5.14980936      -4.24057208E-02   8.74714702E-02
   5.15080929      -4.23180386E-02   8.78955275E-02
   5.15180922      -4.22299318E-02   8.83187056E-02
   5.15280914      -4.21414003E-02   8.87410045E-02
   5.15380907      -4.20524478E-02   8.91624168E-02
   5.15480900      -4.19630781E-02   8.95829424E-02
   5.15580893      -4.18732874E-02   9.00025740E-02
   5.15680885      -4.17830758E-02   9.04213041E-02
   5.15780878      -4.16924469E-02   9.08391327E-02
   5.15880871      -4.16014008E-02   9.12560597E-02
   5.15980864      -4.15099375E-02   9.16720703E-02
   5.16080856      -4.14180569E-02   9.20871720E-02
   5.16180849      -4.13257629E-02   9.25013497E-02
   5.16280842      -4.12330553E-02   9.29146111E-02
   5.16380835      -4.11399342E-02   9.33269411E-02
   5.16480827      -4.10464033E-02   9.37383398E-02
   5.16580820      -4.09524590E-02   9.41488072E-02
   5.16680813      -4.08581048E-02   9.45583284E-02
   5.16780806      -4.07633409E-02   9.49669108E-02
   5.16880798      -4.06681709E-02   9.53745469E-02
   5.16980791      -4.05725911E-02   9.57812294E-02
   5.17080784      -4.04766090E-02   9.61869583E-02
   5.17180777      -4.03802209E-02   9.65917259E-02
   5.17280769      -4.02834266E-02   9.69955251E-02
   5.17380762      -4.01862301E-02   9.73983631E-02
   5.17480755      -4.00886312E-02   9.78002250E-02
   5.17580748      -3.99906300E-02   9.82011110E-02
   5.17680740      -3.98922265E-02   9.86010209E-02
   5.17780733      -3.97934243E-02   9.89999399E-02
   5.17880726      -3.96942273E-02   9.93978754E-02
   5.17980719      -3.95946316E-02   9.97948200E-02
   5.18080711      -3.94946411E-02  0.100190766    
   5.18180704      -3.93942520E-02  0.100585714    
   5.18280697      -3.92934680E-02  0.100979656    
   5.18380690      -3.91922891E-02  0.101372592    
   5.18480682      -3.90907191E-02  0.101764515    
   5.18580675      -3.89887616E-02  0.102155425    
   5.18680668      -3.88864130E-02  0.102545314    
   5.18780661      -3.87836732E-02  0.102934174    
   5.18880653      -3.86805460E-02  0.103322014    
   5.18980646      -3.85770313E-02  0.103708819    
   5.19080639      -3.84731293E-02  0.104094587    
   5.19180632      -3.83688398E-02  0.104479320    
   5.19280624      -3.82641703E-02  0.104863010    
   5.19380617      -3.81591171E-02  0.105245650    
   5.19480610      -3.80536802E-02  0.105627239    
   5.19580603      -3.79478633E-02  0.106007777    
   5.19680595      -3.78416665E-02  0.106387258    
   5.19780588      -3.77350897E-02  0.106765673    
   5.19880581      -3.76281328E-02  0.107143022    
   5.19980574      -3.75207998E-02  0.107519306    
   5.20080566      -3.74130942E-02  0.107894517    
   5.20180559      -3.73050123E-02  0.108268648    
   5.20280552      -3.71965580E-02  0.108641699    
   5.20380545      -3.70877311E-02  0.109013662    
   5.20480537      -3.69785316E-02  0.109384537    
   5.20580530      -3.68689597E-02  0.109754324    
   5.20680523      -3.67590226E-02  0.110123016    
   5.20780516      -3.66487168E-02  0.110490605    
   5.20880508      -3.65380421E-02  0.110857092    
   5.20980501      -3.64270024E-02  0.111222476    
   5.21080494      -3.63155976E-02  0.111586750    
   5.21180487      -3.62038277E-02  0.111949906    
   5.21280479      -3.60916965E-02  0.112311944    
   5.21380472      -3.59792039E-02  0.112672858    
   5.21480465      -3.58663537E-02  0.113032646    
   5.21580458      -3.57531421E-02  0.113391310    
   5.21680450      -3.56395729E-02  0.113748841    
   5.21780443      -3.55256461E-02  0.114105240    
   5.21880436      -3.54113616E-02  0.114460498    
   5.21980429      -3.52967232E-02  0.114814609    
   5.22080421      -3.51817347E-02  0.115167573    
   5.22180414      -3.50663923E-02  0.115519390    
   5.22280407      -3.49506959E-02  0.115870051    
   5.22380400      -3.48346494E-02  0.116219558    
   5.22480392      -3.47182564E-02  0.116567902    
   5.22580385      -3.46015133E-02  0.116915084    
   5.22680378      -3.44844274E-02  0.117261097    
   5.22780371      -3.43669951E-02  0.117605940    
   5.22880363      -3.42492163E-02  0.117949612    
   5.22980356      -3.41310948E-02  0.118292108    
   5.23080349      -3.40126306E-02  0.118633419    
   5.23180342      -3.38938273E-02  0.118973546    
   5.23280334      -3.37746851E-02  0.119312488    
   5.23380327      -3.36552039E-02  0.119650237    
   5.23480320      -3.35353874E-02  0.119986787    
   5.23580313      -3.34152319E-02  0.120322138    
   5.23680305      -3.32947411E-02  0.120656289    
   5.23780298      -3.31739187E-02  0.120989233    
   5.23880291      -3.30527611E-02  0.121320970    
   5.23980284      -3.29312757E-02  0.121651500    
   5.24080276      -3.28094587E-02  0.121980816    
   5.24180269      -3.26873139E-02  0.122308910    
   5.24280262      -3.25648412E-02  0.122635782    
   5.24380255      -3.24420407E-02  0.122961432    
   5.24480247      -3.23189162E-02  0.123285852    
   5.24580240      -3.21954712E-02  0.123609044    
   5.24680233      -3.20717022E-02  0.123930998    
   5.24780226      -3.19476128E-02  0.124251716    
   5.24880219      -3.18231992E-02  0.124571189    
   5.24980211      -3.16984691E-02  0.124889418    
   5.25080204      -3.15734185E-02  0.125206396    
   5.25180197      -3.14480551E-02  0.125522137    
   5.25280190      -3.13223749E-02  0.125836611    
   5.25380182      -3.11963819E-02  0.126149833    
   5.25480175      -3.10700759E-02  0.126461804    
   5.25580168      -3.09434589E-02  0.126772508    
   5.25680161      -3.08165327E-02  0.127081946    
   5.25780153      -3.06892954E-02  0.127390116    
   5.25880146      -3.05617526E-02  0.127697006    
   5.25980139      -3.04339025E-02  0.128002629    
   5.26080132      -3.03057469E-02  0.128306970    
   5.26180124      -3.01772896E-02  0.128610030    
   5.26280117      -3.00485287E-02  0.128911808    
   5.26380110      -2.99194660E-02  0.129212290    
   5.26480103      -2.97901053E-02  0.129511490    
   5.26580095      -2.96604447E-02  0.129809394    
   5.26680088      -2.95304861E-02  0.130106002    
   5.26780081      -2.94002332E-02  0.130401313    
   5.26880074      -2.92696841E-02  0.130695313    
   5.26980066      -2.91388407E-02  0.130988017    
   5.27080059      -2.90077068E-02  0.131279409    
   5.27180052      -2.88762823E-02  0.131569490    
   5.27280045      -2.87445672E-02  0.131858259    
   5.27380037      -2.86125652E-02  0.132145703    
   5.27480030      -2.84802765E-02  0.132431835    
   5.27580023      -2.83477027E-02  0.132716641    
   5.27680016      -2.82148439E-02  0.133000121    
   5.27780008      -2.80817021E-02  0.133282274    
   5.27880001      -2.79482808E-02  0.133563086    
   5.27979994      -2.78145783E-02  0.133842573    
   5.28079987      -2.76805963E-02  0.134120718    
   5.28179979      -2.75463369E-02  0.134397522    
   5.28279972      -2.74118017E-02  0.134672984    
   5.28379965      -2.72769909E-02  0.134947106    
   5.28479958      -2.71419082E-02  0.135219872    
   5.28579950      -2.70065516E-02  0.135491297    
   5.28679943      -2.68709268E-02  0.135761365    
   5.28779936      -2.67350320E-02  0.136030078    
   5.28879929      -2.65988670E-02  0.136297435    
   5.28979921      -2.64624376E-02  0.136563420    
   5.29079914      -2.63257418E-02  0.136828050    
   5.29179907      -2.61887815E-02  0.137091309    
   5.29279900      -2.60515604E-02  0.137353197    
   5.29379892      -2.59140767E-02  0.137613714    
   5.29479885      -2.57763322E-02  0.137872860    
   5.29579878      -2.56383307E-02  0.138130620    
   5.29679871      -2.55000722E-02  0.138387010    
   5.29779863      -2.53615584E-02  0.138642013    
   5.29879856      -2.52227895E-02  0.138895631    
   5.29979849      -2.50837673E-02  0.139147863    
   5.30079842      -2.49444954E-02  0.139398694    
   5.30179834      -2.48049721E-02  0.139648139    
   5.30279827      -2.46651992E-02  0.139896184    
   5.30379820      -2.45251805E-02  0.140142843    
   5.30479813      -2.43849140E-02  0.140388101    
   5.30579805      -2.42444053E-02  0.140631944    
   5.30679798      -2.41036527E-02  0.140874386    
   5.30779791      -2.39626579E-02  0.141115427    
   5.30879784      -2.38214228E-02  0.141355053    
   5.30979776      -2.36799493E-02  0.141593263    
   5.31079769      -2.35382374E-02  0.141830057    
   5.31179762      -2.33962908E-02  0.142065436    
   5.31279755      -2.32541077E-02  0.142299399    
   5.31379747      -2.31116936E-02  0.142531946    
   5.31479740      -2.29690466E-02  0.142763063    
   5.31579733      -2.28261687E-02  0.142992750    
   5.31679726      -2.26830617E-02  0.143221006    
   5.31779718      -2.25397274E-02  0.143447831    
   5.31879711      -2.23961659E-02  0.143673226    
   5.31979704      -2.22523808E-02  0.143897191    
   5.32079697      -2.21083723E-02  0.144119710    
   5.32179689      -2.19641421E-02  0.144340798    
   5.32279682      -2.18196921E-02  0.144560441    
   5.32379675      -2.16750223E-02  0.144778639    
   5.32479668      -2.15301365E-02  0.144995391    
   5.32579660      -2.13850327E-02  0.145210698    
   5.32679653      -2.12397166E-02  0.145424545    
   5.32779646      -2.10941862E-02  0.145636946    
   5.32879639      -2.09484436E-02  0.145847887    
   5.32979631      -2.08024923E-02  0.146057367    
   5.33079624      -2.06563305E-02  0.146265388    
   5.33179617      -2.05099620E-02  0.146471947    
   5.33279610      -2.03633867E-02  0.146677047    
   5.33379602      -2.02166066E-02  0.146880686    
   5.33479595      -2.00696252E-02  0.147082850    
   5.33579588      -1.99224409E-02  0.147283539    
   5.33679581      -1.97750591E-02  0.147482768    
   5.33779573      -1.96274780E-02  0.147680521    
   5.33879566      -1.94796994E-02  0.147876799    
   5.33979559      -1.93317253E-02  0.148071602    
   5.34079552      -1.91835575E-02  0.148264915    
   5.34179544      -1.90351978E-02  0.148456752    
   5.34279537      -1.88866463E-02  0.148647100    
   5.34379530      -1.87379047E-02  0.148835972    
   5.34479523      -1.85889751E-02  0.149023354    
   5.34579515      -1.84398592E-02  0.149209246    
   5.34679508      -1.82905588E-02  0.149393648    
   5.34779501      -1.81410741E-02  0.149576560    
   5.34879494      -1.79914068E-02  0.149757966    
   5.34979486      -1.78415589E-02  0.149937883    
   5.35079479      -1.76915321E-02  0.150116295    
   5.35179472      -1.75413284E-02  0.150293216    
   5.35279465      -1.73909478E-02  0.150468633    
   5.35379457      -1.72403920E-02  0.150642544    
   5.35479450      -1.70896631E-02  0.150814950    
   5.35579443      -1.69387627E-02  0.150985852    
   5.35679436      -1.67876929E-02  0.151155233    
   5.35779428      -1.66364536E-02  0.151323110    
   5.35879421      -1.64850466E-02  0.151489481    
   5.35979414      -1.63334757E-02  0.151654333    
   5.36079407      -1.61817390E-02  0.151817665    
   5.36179399      -1.60298422E-02  0.151979476    
   5.36279392      -1.58777833E-02  0.152139768    
   5.36379385      -1.57255642E-02  0.152298540    
   5.36479378      -1.55731877E-02  0.152455792    
   5.36579370      -1.54206539E-02  0.152611524    
   5.36679363      -1.52679654E-02  0.152765736    
   5.36779356      -1.51151232E-02  0.152918413    
   5.36879349      -1.49621293E-02  0.153069571    
   5.36979342      -1.48089854E-02  0.153219193    
   5.37079334      -1.46556916E-02  0.153367281    
   5.37179327      -1.45022506E-02  0.153513834    
   5.37279320      -1.43486643E-02  0.153658852    
   5.37379313      -1.41949337E-02  0.153802335    
   5.37479305      -1.40410606E-02  0.153944284    
   5.37579298      -1.38870468E-02  0.154084697    
   5.37679291      -1.37328925E-02  0.154223561    
   5.37779284      -1.35786003E-02  0.154360890    
   5.37879276      -1.34241711E-02  0.154496670    
   5.37979269      -1.32696070E-02  0.154630914    
   5.38079262      -1.31149096E-02  0.154763609    
   5.38179255      -1.29600810E-02  0.154894754    
   5.38279247      -1.28051210E-02  0.155024350    
   5.38379240      -1.26500325E-02  0.155152395    
   5.38479233      -1.24948164E-02  0.155278891    
   5.38579226      -1.23394756E-02  0.155403838    
   5.38679218      -1.21840099E-02  0.155527234    
   5.38779211      -1.20284222E-02  0.155649081    
   5.38879204      -1.18727125E-02  0.155769363    
   5.38979197      -1.17168836E-02  0.155888095    
   5.39079189      -1.15609365E-02  0.156005263    
   5.39179182      -1.14048738E-02  0.156120867    
   5.39279175      -1.12486957E-02  0.156234920    
   5.39379168      -1.10924048E-02  0.156347409    
   5.39479160      -1.09360013E-02  0.156458333    
   5.39579153      -1.07794879E-02  0.156567693    
   5.39679146      -1.06228665E-02  0.156675488    
   5.39779139      -1.04661379E-02  0.156781718    
   5.39879131      -1.03093041E-02  0.156886384    
   5.39979124      -1.01523669E-02  0.156989470    
   5.40079117      -9.99532640E-03  0.157090992    
   5.40179110      -9.83818527E-03  0.157190949    
   5.40279102      -9.68094449E-03  0.157289326    
   5.40379095      -9.52360686E-03  0.157386139    
   5.40479088      -9.36617330E-03  0.157481372    
   5.40579081      -9.20864567E-03  0.157575041    
   5.40679073      -9.05102491E-03  0.157667130    
   5.40779066      -8.89331196E-03  0.157757640    
   5.40879059      -8.73550959E-03  0.157846570    
   5.40979052      -8.57761968E-03  0.157933921    
   5.41079044      -8.41964316E-03  0.158019692    
   5.41179037      -8.26158188E-03  0.158103883    
   5.41279030      -8.10343679E-03  0.158186495    
   5.41379023      -7.94520974E-03  0.158267528    
   5.41479015      -7.78690260E-03  0.158346981    
   5.41579008      -7.62851629E-03  0.158424854    
   5.41679001      -7.47005315E-03  0.158501133    
   5.41778994      -7.31151458E-03  0.158575833    
   5.41878986      -7.15290196E-03  0.158648953    
   5.41978979      -6.99421717E-03  0.158720478    
   5.42078972      -6.83546159E-03  0.158790424    
   5.42178965      -6.67663710E-03  0.158858776    
   5.42278957      -6.51774462E-03  0.158925548    
   5.42378950      -6.35878649E-03  0.158990726    
   5.42478943      -6.19976409E-03  0.159054309    
   5.42578936      -6.04067836E-03  0.159116313    
   5.42678928      -5.88153163E-03  0.159176722    
   5.42778921      -5.72232576E-03  0.159235537    
   5.42878914      -5.56306168E-03  0.159292758    
   5.42978907      -5.40374080E-03  0.159348384    
   5.43078899      -5.24436543E-03  0.159402415    
   5.43178892      -5.08493697E-03  0.159454852    
   5.43278885      -4.92545636E-03  0.159505695    
   5.43378878      -4.76592593E-03  0.159554943    
   5.43478870      -4.60634707E-03  0.159602597    
   5.43578863      -4.44672164E-03  0.159648657    
   5.43678856      -4.28705057E-03  0.159693122    
   5.43778849      -4.12733620E-03  0.159735993    
   5.43878841      -3.96757992E-03  0.159777269    
   5.43978834      -3.80778289E-03  0.159816951    
   5.44078827      -3.64794675E-03  0.159855023    
   5.44178820      -3.48807359E-03  0.159891501    
   5.44278812      -3.32816457E-03  0.159926385    
   5.44378805      -3.16822156E-03  0.159959659    
   5.44478798      -3.00824596E-03  0.159991339    
   5.44578791      -2.84823938E-03  0.160021424    
   5.44678783      -2.68820371E-03  0.160049900    
   5.44778776      -2.52814032E-03  0.160076782    
   5.44878769      -2.36805086E-03  0.160102069    
   5.44978762      -2.20793695E-03  0.160125747    
   5.45078754      -2.04780023E-03  0.160147831    
   5.45178747      -1.88764208E-03  0.160168305    
   5.45278740      -1.72746438E-03  0.160187185    
   5.45378733      -1.56726851E-03  0.160204455    
   5.45478725      -1.40705623E-03  0.160220131    
   5.45578718      -1.24682905E-03  0.160234198    
   5.45678711      -1.08658860E-03  0.160246670    
   5.45778704      -9.26336506E-04  0.160257533    
   5.45878696      -7.66074285E-04  0.160266802    
   5.45978689      -6.05803623E-04  0.160274461    
   5.46078682      -4.45526122E-04  0.160280526    
   5.46178675      -2.85243354E-04  0.160284981    
   5.46278667      -1.24956932E-04  0.160287827    
   5.46378660       3.53315263E-05  0.160289079    
   5.46478653       1.95620436E-04  0.160288721    
   5.46578646       3.55908182E-04  0.160286769    
   5.46678638       5.16193162E-04  0.160283208    
   5.46778631       6.76473835E-04  0.160278052    
   5.46878624       8.36748513E-04  0.160271287    
   5.46978617       9.97015624E-04  0.160262913    
   5.47078609       1.15727354E-03  0.160252944    
   5.47178602       1.31752063E-03  0.160241365    
   5.47278595       1.47775537E-03  0.160228193    
   5.47378588       1.63797627E-03  0.160213411    
   5.47478580       1.79818156E-03  0.160197034    
   5.47578573       1.95836951E-03  0.160179049    
   5.47678566       2.11853883E-03  0.160159469    
   5.47778559       2.27868790E-03  0.160138279    
   5.47878551       2.43881484E-03  0.160115495    
   5.47978544       2.59891828E-03  0.160091102    
   5.48078537       2.75899633E-03  0.160065114    
   5.48178530       2.91904761E-03  0.160037518    
   5.48278522       3.07907048E-03  0.160008326    
   5.48378515       3.23906355E-03  0.159977540    
   5.48478508       3.39902472E-03  0.159945145    
   5.48578501       3.55895283E-03  0.159911156    
   5.48678493       3.71884624E-03  0.159875572    
   5.48778486       3.87870311E-03  0.159838378    
   5.48878479       4.03852202E-03  0.159799591    
   5.48978472       4.19830158E-03  0.159759209    
   5.49078465       4.35803970E-03  0.159717232    
   5.49178457       4.51773498E-03  0.159673646    
   5.49278450       4.67738602E-03  0.159628466    
   5.49378443       4.83699143E-03  0.159581691    
   5.49478436       4.99654887E-03  0.159533322    
   5.49578428       5.15605696E-03  0.159483358    
   5.49678421       5.31551475E-03  0.159431800    
   5.49778414       5.47491992E-03  0.159378648    
   5.49878407       5.63427107E-03  0.159323901    
   5.49978399       5.79356682E-03  0.159267560    
   5.50078392       5.95280528E-03  0.159209624    
   5.50178385       6.11198507E-03  0.159150094    
   5.50278378       6.27110433E-03  0.159088969    
   5.50378370       6.43016212E-03  0.159026265    
   5.50478363       6.58915611E-03  0.158961967    
   5.50578356       6.74808491E-03  0.158896074    
   5.50678349       6.90694759E-03  0.158828586    
   5.50778341       7.06574181E-03  0.158759519    
   5.50878334       7.22446572E-03  0.158688858    
   5.50978327       7.38311838E-03  0.158616617    
   5.51078320       7.54169840E-03  0.158542782    
   5.51178312       7.70020345E-03  0.158467367    
   5.51278305       7.85863306E-03  0.158390358    
   5.51378298       8.01698398E-03  0.158311769    
   5.51478291       8.17525573E-03  0.158231601    
   5.51578283       8.33344646E-03  0.158149853    
   5.51678276       8.49155430E-03  0.158066526    
   5.51778269       8.64957832E-03  0.157981604    
   5.51878262       8.80751666E-03  0.157895103    
   5.51978254       8.96536838E-03  0.157807022    
   5.52078247       9.12313070E-03  0.157717362    
   5.52178240       9.28080268E-03  0.157626137    
   5.52278233       9.43838246E-03  0.157533333    
   5.52378225       9.59586818E-03  0.157438949    
   5.52478218       9.75325890E-03  0.157342985    
   5.52578211       9.91055369E-03  0.157245457    
   5.52678204       1.00677498E-02  0.157146350    
   5.52778196       1.02248462E-02  0.157045677    
   5.52878189       1.03818411E-02  0.156943426    
   5.52978182       1.05387326E-02  0.156839609    
   5.53078175       1.06955189E-02  0.156734228    
   5.53178167       1.08522000E-02  0.156627268    
   5.53278160       1.10087730E-02  0.156518742    
   5.53378153       1.11652371E-02  0.156408653    
   5.53478146       1.13215903E-02  0.156296998    
   5.53578138       1.14778308E-02  0.156183779    
   5.53678131       1.16339568E-02  0.156068996    
   5.53778124       1.17899682E-02  0.155952662    
   5.53878117       1.19458623E-02  0.155834764    
   5.53978109       1.21016372E-02  0.155715302    
   5.54078102       1.22572919E-02  0.155594289    
   5.54178095       1.24128247E-02  0.155471712    
   5.54278088       1.25682335E-02  0.155347586    
   5.54378080       1.27235185E-02  0.155221909    
   5.54478073       1.28786769E-02  0.155094668    
   5.54578066       1.30337076E-02  0.154965878    
   5.54678059       1.31886080E-02  0.154835537    
   5.54778051       1.33433770E-02  0.154703647    
   5.54878044       1.34980138E-02  0.154570207    
   5.54978037       1.36525165E-02  0.154435232    
   5.55078030       1.38068842E-02  0.154298708    
   5.55178022       1.39611140E-02  0.154160634    
   5.55278015       1.41152050E-02  0.154021025    
   5.55378008       1.42691555E-02  0.153879866    
   5.55478001       1.44229634E-02  0.153737172    
   5.55577993       1.45766288E-02  0.153592944    
   5.55677986       1.47301489E-02  0.153447181    
   5.55777979       1.48835229E-02  0.153299883    
   5.55877972       1.50367487E-02  0.153151050    
   5.55977964       1.51898246E-02  0.153000683    
   5.56077957       1.53427487E-02  0.152848780    
   5.56177950       1.54955210E-02  0.152695358    
   5.56277943       1.56481378E-02  0.152540401    
   5.56377935       1.58006009E-02  0.152383924    
   5.56477928       1.59529075E-02  0.152225912    
   5.56577921       1.61050539E-02  0.152066380    
   5.56677914       1.62570402E-02  0.151905328    
   5.56777906       1.64088644E-02  0.151742756    
   5.56877899       1.65605247E-02  0.151578665    
   5.56977892       1.67120211E-02  0.151413053    
   5.57077885       1.68633498E-02  0.151245937    
   5.57177877       1.70145128E-02  0.151077300    
   5.57277870       1.71655044E-02  0.150907159    
   5.57377863       1.73163265E-02  0.150735497    
   5.57477856       1.74669772E-02  0.150562331    
   5.57577848       1.76174529E-02  0.150387660    
   5.57677841       1.77677535E-02  0.150211483    
   5.57777834       1.79178752E-02  0.150033802    
   5.57877827       1.80678200E-02  0.149854630    
   5.57977819       1.82175841E-02  0.149673954    
   5.58077812       1.83671676E-02  0.149491772    
   5.58177805       1.85165685E-02  0.149308100    
   5.58277798       1.86657831E-02  0.149122939    
   5.58377790       1.88148133E-02  0.148936287    
   5.58477783       1.89636555E-02  0.148748145    
   5.58577776       1.91123094E-02  0.148558512    
   5.58677769       1.92607734E-02  0.148367390    
   5.58777761       1.94090437E-02  0.148174778    
   5.58877754       1.95571221E-02  0.147980690    
   5.58977747       1.97050069E-02  0.147785112    
   5.59077740       1.98526941E-02  0.147588059    
   5.59177732       2.00001840E-02  0.147389531    
   5.59277725       2.01474726E-02  0.147189528    
   5.59377718       2.02945620E-02  0.146988049    
   5.59477711       2.04414502E-02  0.146785110    
   5.59577703       2.05881335E-02  0.146580696    
   5.59677696       2.07346119E-02  0.146374822    
   5.59777689       2.08808817E-02  0.146167472    
   5.59877682       2.10269447E-02  0.145958662    
   5.59977674       2.11727992E-02  0.145748392    
   5.60077667       2.13184413E-02  0.145536661    
   5.60177660       2.14638710E-02  0.145323470    
   5.60277653       2.16090865E-02  0.145108834    
   5.60377645       2.17540879E-02  0.144892737    
   5.60477638       2.18988732E-02  0.144675195    
   5.60577631       2.20434386E-02  0.144456208    
   5.60677624       2.21877843E-02  0.144235775    
   5.60777617       2.23319083E-02  0.144013897    
   5.60877609       2.24758107E-02  0.143790573    
   5.60977602       2.26194896E-02  0.143565819    
   5.61077595       2.27629412E-02  0.143339619    
   5.61177588       2.29061674E-02  0.143111989    
   5.61277580       2.30491664E-02  0.142882928    
   5.61377573       2.31919345E-02  0.142652437    
   5.61477566       2.33344715E-02  0.142420515    
   5.61577559       2.34767739E-02  0.142187178    
   5.61677551       2.36188434E-02  0.141952410    
   5.61777544       2.37606782E-02  0.141716227    
   5.61877537       2.39022747E-02  0.141478613    
   5.61977530       2.40436345E-02  0.141239583    
   5.62077522       2.41847523E-02  0.140999153    
   5.62177515       2.43256297E-02  0.140757307    
   5.62277508       2.44662669E-02  0.140514046    
   5.62377501       2.46066581E-02  0.140269384    
   5.62477493       2.47468054E-02  0.140023321    
   5.62577486       2.48867050E-02  0.139775857    
   5.62677479       2.50263568E-02  0.139526993    
   5.62777472       2.51657590E-02  0.139276728    
   5.62877464       2.53049098E-02  0.139025077    
   5.62977457       2.54438091E-02  0.138772026    
   5.63077450       2.55824551E-02  0.138517588    
   5.63177443       2.57208440E-02  0.138261765    
   5.63277435       2.58589778E-02  0.138004556    
   5.63377428       2.59968545E-02  0.137745962    
   5.63477421       2.61344705E-02  0.137485996    
   5.63577414       2.62718257E-02  0.137224644    
   5.63677406       2.64089182E-02  0.136961922    
   5.63777399       2.65457481E-02  0.136697829    
   5.63877392       2.66823135E-02  0.136432365    
   5.63977385       2.68186126E-02  0.136165544    
   5.64077377       2.69546434E-02  0.135897353    
   5.64177370       2.70904060E-02  0.135627806    
   5.64277363       2.72258986E-02  0.135356903    
   5.64377356       2.73611192E-02  0.135084644    
   5.64477348       2.74960678E-02  0.134811029    
   5.64577341       2.76307408E-02  0.134536073    
   5.64677334       2.77651399E-02  0.134259760    
   5.64777327       2.78992597E-02  0.133982107    
   5.64877319       2.80331019E-02  0.133703113    
   5.64977312       2.81666648E-02  0.133422777    
   5.65077305       2.82999463E-02  0.133141115    
   5.65177298       2.84329467E-02  0.132858112    
   5.65277290       2.85656638E-02  0.132573783    
   5.65377283       2.86980942E-02  0.132288128    
   5.65477276       2.88302395E-02  0.132001147    
   5.65577269       2.89620981E-02  0.131712839    
   5.65677261       2.90936660E-02  0.131423220    
   5.65777254       2.92249434E-02  0.131132290    
   5.65877247       2.93559302E-02  0.130840033    
   5.65977240       2.94866227E-02  0.130546480    
   5.66077232       2.96170227E-02  0.130251616    
   5.66177225       2.97471248E-02  0.129955441    
   5.66277218       2.98769306E-02  0.129657969    
   5.66377211       3.00064404E-02  0.129359201    
   5.66477203       3.01356483E-02  0.129059136    
   5.66577196       3.02645564E-02  0.128757775    
   5.66677189       3.03931627E-02  0.128455132    
   5.66777182       3.05214655E-02  0.128151193    
   5.66877174       3.06494646E-02  0.127845973    
   5.66977167       3.07771582E-02  0.127539471    
   5.67077160       3.09045427E-02  0.127231702    
   5.67177153       3.10316198E-02  0.126922652    
   5.67277145       3.11583877E-02  0.126612335    
   5.67377138       3.12848426E-02  0.126300752    
   5.67477131       3.14109884E-02  0.125987902    
   5.67577124       3.15368213E-02  0.125673786    
   5.67677116       3.16623375E-02  0.125358418    
   5.67777109       3.17875408E-02  0.125041798    
   5.67877102       3.19124237E-02  0.124723919    
   5.67977095       3.20369862E-02  0.124404795    
   5.68077087       3.21612321E-02  0.124084428    
   5.68177080       3.22851576E-02  0.123762816    
   5.68277073       3.24087590E-02  0.123439968    
   5.68377066       3.25320400E-02  0.123115882    
   5.68477058       3.26549932E-02  0.122790560    
   5.68577051       3.27776186E-02  0.122464009    
   5.68677044       3.28999199E-02  0.122136235    
   5.68777037       3.30218934E-02  0.121807232    
   5.68877029       3.31435353E-02  0.121477015    
   5.68977022       3.32648493E-02  0.121145576    
   5.69077015       3.33858281E-02  0.120812930    
   5.69177008       3.35064717E-02  0.120479070    
   5.69277000       3.36267836E-02  0.120144002    
   5.69376993       3.37467603E-02  0.119807735    
   5.69476986       3.38664018E-02  0.119470268    
   5.69576979       3.39857042E-02  0.119131602    
   5.69676971       3.41046639E-02  0.118791744    
   5.69776964       3.42232846E-02  0.118450694    
   5.69876957       3.43415625E-02  0.118108459    
   5.69976950       3.44595015E-02  0.117765047    
   5.70076942       3.45770940E-02  0.117420450    
   5.70176935       3.46943438E-02  0.117074676    
   5.70276928       3.48112434E-02  0.116727732    
   5.70376921       3.49277966E-02  0.116379619    
   5.70476913       3.50439996E-02  0.116030343    
   5.70576906       3.51598561E-02  0.115679905    
   5.70676899       3.52753624E-02  0.115328304    
   5.70776892       3.53905149E-02  0.114975549    
   5.70876884       3.55053134E-02  0.114621647    
   5.70976877       3.56197581E-02  0.114266597    
   5.71076870       3.57338451E-02  0.113910399    
   5.71176863       3.58475782E-02  0.113553062    
   5.71276855       3.59609537E-02  0.113194585    
   5.71376848       3.60739678E-02  0.112834975    
   5.71476841       3.61866243E-02  0.112474233    
   5.71576834       3.62989157E-02  0.112112366    
   5.71676826       3.64108458E-02  0.111749373    
   5.71776819       3.65224108E-02  0.111385264    
   5.71876812       3.66336145E-02  0.111020036    
   5.71976805       3.67444530E-02  0.110653698    
   5.72076797       3.68549228E-02  0.110286251    
   5.72176790       3.69650275E-02  0.109917700    
   5.72276783       3.70747596E-02  0.109548047    
   5.72376776       3.71841229E-02  0.109177299    
   5.72476768       3.72931138E-02  0.108805455    
   5.72576761       3.74017321E-02  0.108432524    
   5.72676754       3.75099778E-02  0.108058505    
   5.72776747       3.76178510E-02  0.107683405    
   5.72876740       3.77253480E-02  0.107307225    
   5.72976732       3.78324650E-02  0.106929973    
   5.73076725       3.79392058E-02  0.106551647    
   5.73176718       3.80455665E-02  0.106172256    
   5.73276711       3.81515473E-02  0.105791800    
   5.73376703       3.82571481E-02  0.105410285    
   5.73476696       3.83623689E-02  0.105027713    
   5.73576689       3.84672061E-02  0.104644090    
   5.73676682       3.85716558E-02  0.104259416    
   5.73776674       3.86757217E-02  0.103873700    
   5.73876667       3.87794003E-02  0.103486940    
   5.73976660       3.88826951E-02  0.103099145    
   5.74076653       3.89855988E-02  0.102710322    
   5.74176645       3.90881151E-02  0.102320462    
   5.74276638       3.91902402E-02  0.101929583    
   5.74376631       3.92919742E-02  0.101537682    
   5.74476624       3.93933132E-02  0.101144761    
   5.74576616       3.94942611E-02  0.100750826    
   5.74676609       3.95948142E-02  0.100355886    
   5.74776602       3.96949723E-02   9.99599397E-02
   5.74876595       3.97947356E-02   9.95629877E-02
   5.74976587       3.98941003E-02   9.91650373E-02
   5.75076580       3.99930626E-02   9.87660959E-02
   5.75176573       4.00916263E-02   9.83661637E-02
   5.75276566       4.01897915E-02   9.79652479E-02
   5.75376558       4.02875543E-02   9.75633487E-02
   5.75476551       4.03849147E-02   9.71604735E-02
   5.75576544       4.04818729E-02   9.67566222E-02
   5.75676537       4.05784287E-02   9.63518023E-02
   5.75776529       4.06745784E-02   9.59460214E-02
   5.75876522       4.07703184E-02   9.55392718E-02
   5.75976515       4.08656523E-02   9.51315686E-02
   5.76076508       4.09605801E-02   9.47229117E-02
   5.76176500       4.10550982E-02   9.43133086E-02
   5.76276493       4.11492065E-02   9.39027593E-02
   5.76376486       4.12429050E-02   9.34912637E-02
   5.76476479       4.13361900E-02   9.30788368E-02
   5.76576471       4.14290652E-02   9.26654786E-02
   5.76676464       4.15215231E-02   9.22511891E-02
   5.76776457       4.16135639E-02   9.18359756E-02
   5.76876450       4.17051911E-02   9.14198384E-02
   5.76976442       4.17964011E-02   9.10027847E-02
   5.77076435       4.18871939E-02   9.05848220E-02
   5.77176428       4.19775695E-02   9.01659504E-02
   5.77276421       4.20675278E-02   8.97461772E-02
   5.77376413       4.21570651E-02   8.93255025E-02
   5.77476406       4.22461778E-02   8.89039338E-02
   5.77576399       4.23348695E-02   8.84814709E-02
   5.77676392       4.24231403E-02   8.80581215E-02
   5.77776384       4.25109863E-02   8.76338929E-02
   5.77876377       4.25984077E-02   8.72087851E-02
   5.77976370       4.26854044E-02   8.67827982E-02
   5.78076363       4.27719764E-02   8.63559470E-02
   5.78176355       4.28581201E-02   8.59282240E-02
   5.78276348       4.29438315E-02   8.54996443E-02
   5.78376341       4.30291146E-02   8.50702077E-02
   5.78476334       4.31139693E-02   8.46399143E-02
   5.78576326       4.31983918E-02   8.42087716E-02
   5.78676319       4.32823859E-02   8.37767869E-02
   5.78776312       4.33659479E-02   8.33439603E-02
   5.78876305       4.34490740E-02   8.29102993E-02
   5.78976297       4.35317680E-02   8.24758112E-02
   5.79076290       4.36140262E-02   8.20404962E-02
   5.79176283       4.36958484E-02   8.16043541E-02
   5.79276276       4.37772349E-02   8.11673924E-02
   5.79376268       4.38581817E-02   8.07296187E-02
   5.79476261       4.39386927E-02   8.02910402E-02
   5.79576254       4.40187640E-02   7.98516497E-02
   5.79676247       4.40983959E-02   7.94114619E-02
   5.79776239       4.41775881E-02   7.89704770E-02
   5.79876232       4.42563370E-02   7.85287023E-02
   5.79976225       4.43346463E-02   7.80861378E-02
   5.80076218       4.44125086E-02   7.76427910E-02
   5.80176210       4.44899276E-02   7.71986693E-02
   5.80276203       4.45669033E-02   7.67537728E-02
   5.80376196       4.46434319E-02   7.63081014E-02
   5.80476189       4.47195172E-02   7.58616701E-02
   5.80576181       4.47951555E-02   7.54144713E-02
   5.80676174       4.48703468E-02   7.49665201E-02
   5.80776167       4.49450910E-02   7.45178163E-02
   5.80876160       4.50193845E-02   7.40683675E-02
   5.80976152       4.50932309E-02   7.36181736E-02
   5.81076145       4.51666228E-02   7.31672421E-02
   5.81176138       4.52395640E-02   7.27155730E-02
   5.81276131       4.53120507E-02   7.22631738E-02
   5.81376123       4.53840867E-02   7.18100518E-02
   5.81476116       4.54556681E-02   7.13562146E-02
   5.81576109       4.55267988E-02   7.09016547E-02
   5.81676102       4.55974750E-02   7.04463869E-02
   5.81776094       4.56676930E-02   6.99904114E-02
   5.81876087       4.57374565E-02   6.95337355E-02
   5.81976080       4.58067618E-02   6.90763593E-02
   5.82076073       4.58756126E-02   6.86182901E-02
   5.82176065       4.59440015E-02   6.81595355E-02
   5.82276058       4.60119285E-02   6.77000955E-02
   5.82376051       4.60793972E-02   6.72399774E-02
   5.82476044       4.61464077E-02   6.67791814E-02
   5.82576036       4.62129563E-02   6.63177148E-02
   5.82676029       4.62790430E-02   6.58555850E-02
   5.82776022       4.63446677E-02   6.53927922E-02
   5.82876015       4.64098305E-02   6.49293438E-02
   5.82976007       4.64745276E-02   6.44652471E-02
   5.83076000       4.65387627E-02   6.40005022E-02
   5.83175993       4.66025323E-02   6.35351166E-02
   5.83275986       4.66658324E-02   6.30690902E-02
   5.83375978       4.67286669E-02   6.26024306E-02
   5.83475971       4.67910357E-02   6.21351451E-02
   5.83575964       4.68529351E-02   6.16672337E-02
   5.83675957       4.69143689E-02   6.11987039E-02
   5.83775949       4.69753332E-02   6.07295595E-02
   5.83875942       4.70358282E-02   6.02598079E-02
   5.83975935       4.70958538E-02   5.97894490E-02
   5.84075928       4.71554101E-02   5.93184903E-02
   5.84175920       4.72144932E-02   5.88469356E-02
   5.84275913       4.72731069E-02   5.83747923E-02
   5.84375906       4.73312475E-02   5.79020604E-02
   5.84475899       4.73889112E-02   5.74287474E-02
   5.84575891       4.74461019E-02   5.69548570E-02
   5.84675884       4.75028194E-02   5.64803965E-02
   5.84775877       4.75590602E-02   5.60053699E-02
   5.84875870       4.76148278E-02   5.55297807E-02
   5.84975863       4.76701185E-02   5.50536327E-02
   5.85075855       4.77249324E-02   5.45769297E-02
   5.85175848       4.77792695E-02   5.40996790E-02
   5.85275841       4.78331298E-02   5.36218882E-02
   5.85375834       4.78865132E-02   5.31435572E-02
   5.85475826       4.79394197E-02   5.26646934E-02
   5.85575819       4.79918458E-02   5.21853007E-02
   5.85675812       4.80437912E-02   5.17053828E-02
   5.85775805       4.80952598E-02   5.12249433E-02
   5.85875797       4.81462441E-02   5.07439896E-02
   5.85975790       4.81967442E-02   5.02625257E-02
   5.86075783       4.82467636E-02   4.97805588E-02
   5.86175776       4.82963026E-02   4.92980927E-02
   5.86275768       4.83453572E-02   4.88151312E-02
   5.86375761       4.83939312E-02   4.83316779E-02
   5.86475754       4.84420210E-02   4.78477404E-02
   5.86575747       4.84896265E-02   4.73633185E-02
   5.86675739       4.85367477E-02   4.68784235E-02
   5.86775732       4.85833846E-02   4.63930555E-02
   5.86875725       4.86295372E-02   4.59072217E-02
   5.86975718       4.86752018E-02   4.54209261E-02
   5.87075710       4.87203822E-02   4.49341722E-02
   5.87175703       4.87650745E-02   4.44469675E-02
   5.87275696       4.88092788E-02   4.39593159E-02
   5.87375689       4.88529913E-02   4.34712246E-02
   5.87475681       4.88962159E-02   4.29826938E-02
   5.87575674       4.89389524E-02   4.24937308E-02
   5.87675667       4.89812009E-02   4.20043394E-02
   5.87775660       4.90229577E-02   4.15145271E-02
   5.87875652       4.90642264E-02   4.10242975E-02
   5.87975645       4.91050035E-02   4.05336544E-02
   5.88075638       4.91452925E-02   4.00426053E-02
   5.88175631       4.91850898E-02   3.95511538E-02
   5.88275623       4.92243953E-02   3.90593037E-02
   5.88375616       4.92632091E-02   3.85670587E-02
   5.88475609       4.93015312E-02   3.80744264E-02
   5.88575602       4.93393615E-02   3.75814103E-02
   5.88675594       4.93766963E-02   3.70880179E-02
   5.88775587       4.94135395E-02   3.65942493E-02
   5.88875580       4.94498871E-02   3.61001156E-02
   5.88975573       4.94857430E-02   3.56056169E-02
   5.89075565       4.95211035E-02   3.51107605E-02
   5.89175558       4.95559685E-02   3.46155502E-02
   5.89275551       4.95903343E-02   3.41199897E-02
   5.89375544       4.96242046E-02   3.36240865E-02
   5.89475536       4.96575795E-02   3.31278443E-02
   5.89575529       4.96904589E-02   3.26312669E-02
   5.89675522       4.97228391E-02   3.21343616E-02
   5.89775515       4.97547239E-02   3.16371322E-02
   5.89875507       4.97861132E-02   3.11395843E-02
   5.89975500       4.98170033E-02   3.06417234E-02
   5.90075493       4.98473942E-02   3.01435534E-02
   5.90175486       4.98772897E-02   2.96450797E-02
   5.90275478       4.99066859E-02   2.91463062E-02
   5.90375471       4.99355830E-02   2.86472403E-02
   5.90475464       4.99639809E-02   2.81478837E-02
   5.90575457       4.99918796E-02   2.76482441E-02
   5.90675449       5.00192791E-02   2.71483250E-02
   5.90775442       5.00461794E-02   2.66481321E-02
   5.90875435       5.00725769E-02   2.61476710E-02
   5.90975428       5.00984751E-02   2.56469455E-02
   5.91075420       5.01238741E-02   2.51459610E-02
   5.91175413       5.01487702E-02   2.46447213E-02
   5.91275406       5.01731671E-02   2.41432339E-02
   5.91375399       5.01970612E-02   2.36415025E-02
   5.91475391       5.02204522E-02   2.31395327E-02
   5.91575384       5.02433404E-02   2.26373281E-02
   5.91675377       5.02657294E-02   2.21348945E-02
   5.91775370       5.02876155E-02   2.16322374E-02
   5.91875362       5.03089987E-02   2.11293604E-02
   5.91975355       5.03298752E-02   2.06262711E-02
   5.92075348       5.03502488E-02   2.01229732E-02
   5.92175341       5.03701195E-02   1.96194705E-02
   5.92275333       5.03894873E-02   1.91157684E-02
   5.92375326       5.04083484E-02   1.86118744E-02
   5.92475319       5.04267067E-02   1.81077905E-02
   5.92575312       5.04445620E-02   1.76035240E-02
   5.92675304       5.04619107E-02   1.70990787E-02
   5.92775297       5.04787564E-02   1.65944602E-02
   5.92875290       5.04950993E-02   1.60896722E-02
   5.92975283       5.05109355E-02   1.55847212E-02
   5.93075275       5.05262651E-02   1.50796119E-02
   5.93175268       5.05410917E-02   1.45743489E-02
   5.93275261       5.05554117E-02   1.40689379E-02
   5.93375254       5.05692288E-02   1.35633834E-02
   5.93475246       5.05825393E-02   1.30576910E-02
   5.93575239       5.05953431E-02   1.25518655E-02
   5.93675232       5.06076403E-02   1.20459124E-02
   5.93775225       5.06194346E-02   1.15398364E-02
   5.93875217       5.06307222E-02   1.10336421E-02
   5.93975210       5.06415032E-02   1.05273351E-02
   5.94075203       5.06517775E-02   1.00209201E-02
   5.94175196       5.06615452E-02   9.51440260E-03
   5.94275188       5.06708063E-02   9.00778733E-03
   5.94375181       5.06795608E-02   8.50107893E-03
   5.94475174       5.06878085E-02   7.99428299E-03
   5.94575167       5.06955497E-02   7.48740509E-03
   5.94675159       5.07027842E-02   6.98044943E-03
   5.94775152       5.07095121E-02   6.47342158E-03
   5.94875145       5.07157333E-02   5.96632622E-03
   5.94975138       5.07214479E-02   5.45916893E-03
   5.95075130       5.07266521E-02   4.95195435E-03
   5.95175123       5.07313497E-02   4.44468763E-03
   5.95275116       5.07355407E-02   3.93737387E-03
   5.95375109       5.07392250E-02   3.43001843E-03
   5.95475101       5.07424027E-02   2.92262621E-03
   5.95575094       5.07450737E-02   2.41520209E-03
   5.95675087       5.07472344E-02   1.90775131E-03
   5.95775080       5.07488884E-02   1.40027888E-03
   5.95875072       5.07500358E-02   8.92789976E-04
   5.95975065       5.07506765E-02   3.85289604E-04
   5.96075058       5.07508069E-02  -1.22217229E-04
   5.96175051       5.07504307E-02  -6.29725284E-04
   5.96275043       5.07495478E-02  -1.13722961E-03
   5.96375036       5.07481582E-02  -1.64472510E-03
   5.96475029       5.07462583E-02  -2.15220661E-03
   5.96575022       5.07438518E-02  -2.65966915E-03
   5.96675014       5.07409386E-02  -3.16710770E-03
   5.96775007       5.07375188E-02  -3.67451715E-03
   5.96875000       5.07335924E-02  -4.18189261E-03
   5.96974993       5.07291555E-02  -4.68922872E-03
   5.97074986       5.07242121E-02  -5.19652013E-03
   5.97174978       5.07187620E-02  -5.70376217E-03
   5.97274971       5.07128052E-02  -6.21094974E-03
   5.97374964       5.07063419E-02  -6.71807770E-03
   5.97474957       5.06993718E-02  -7.22514093E-03
   5.97574949       5.06918952E-02  -7.73213478E-03
   5.97674942       5.06839082E-02  -8.23905412E-03
   5.97774935       5.06754145E-02  -8.74589290E-03
   5.97874928       5.06664142E-02  -9.25264694E-03
   5.97974920       5.06569073E-02  -9.75931063E-03
   5.98074913       5.06468937E-02  -1.02658793E-02
   5.98174906       5.06363735E-02  -1.07723484E-02
   5.98274899       5.06253466E-02  -1.12787122E-02
   5.98374891       5.06138131E-02  -1.17849661E-02
   5.98474884       5.06017730E-02  -1.22911045E-02
   5.98574877       5.05892299E-02  -1.27971219E-02
   5.98674870       5.05761802E-02  -1.33030144E-02
   5.98774862       5.05626239E-02  -1.38087766E-02
   5.98874855       5.05485609E-02  -1.43144028E-02
   5.98974848       5.05339950E-02  -1.48198884E-02
   5.99074841       5.05189225E-02  -1.53252287E-02
   5.99174833       5.05033433E-02  -1.58304181E-02
   5.99274826       5.04872613E-02  -1.63354520E-02
   5.99374819       5.04706725E-02  -1.68403238E-02
   5.99474812       5.04535772E-02  -1.73450299E-02
   5.99574804       5.04359789E-02  -1.78495664E-02
   5.99674797       5.04178777E-02  -1.83539260E-02
   5.99774790       5.03992699E-02  -1.88581049E-02
   5.99874783       5.03801592E-02  -1.93620976E-02
   5.99974775       5.03605455E-02  -1.98658984E-02
