# t x v Ek Ep ET
  0.00000000E+00  5.00000007E-02  0.00000000E+00  0.00000000E+00  2.50000018E-03  2.50000018E-03
  1.00000005E-03  4.99997512E-02 -5.00000024E-04  2.50000038E-08  2.49997503E-03  2.49999994E-03
  2.00000009E-03  4.99990024E-02 -9.99997603E-04  9.99995251E-08  2.49990029E-03  2.50000018E-03
  3.00000003E-03  4.99977544E-02 -1.49998767E-03  2.24996299E-07  2.49977550E-03  2.50000041E-03
  4.00000019E-03  4.99960035E-02 -1.99996517E-03  3.99986078E-07  2.49960041E-03  2.50000041E-03
  5.00000035E-03  4.99937534E-02 -2.49992521E-03  6.24962638E-07  2.49937549E-03  2.50000041E-03
  6.00000052E-03  4.99910042E-02 -2.99986266E-03  8.99917666E-07  2.49910052E-03  2.50000041E-03
  7.00000068E-03  4.99877557E-02 -3.49977287E-03  1.22484096E-06  2.49877572E-03  2.50000064E-03
  8.00000038E-03  4.99840081E-02 -3.99965048E-03  1.59972046E-06  2.49840110E-03  2.50000088E-03
  9.00000054E-03  4.99797575E-02 -4.49949037E-03  2.02454135E-06  2.49797618E-03  2.50000064E-03
  1.00000007E-02  4.99750078E-02 -4.99928789E-03  2.49928803E-06  2.49750144E-03  2.50000064E-03
  1.10000009E-02  4.99697588E-02 -5.49903791E-03  3.02394187E-06  2.49697687E-03  2.50000088E-03
  1.20000010E-02  4.99640107E-02 -5.99873532E-03  3.59848241E-06  2.49640248E-03  2.50000088E-03
  1.30000012E-02  4.99577634E-02 -6.49837544E-03  4.22288849E-06  2.49577803E-03  2.50000088E-03
  1.40000014E-02  4.99510169E-02 -6.99795317E-03  4.89713511E-06  2.49510398E-03  2.50000111E-03
  1.50000015E-02  4.99437712E-02 -7.49746338E-03  5.62119567E-06  2.49438034E-03  2.50000157E-03
  1.60000008E-02  4.99360226E-02 -7.99690094E-03  6.39504242E-06  2.49360641E-03  2.50000134E-03
  1.70000009E-02  4.99277748E-02 -8.49626120E-03  7.21864581E-06  2.49278266E-03  2.50000134E-03
  1.80000011E-02  4.99190278E-02 -8.99553858E-03  8.09197172E-06  2.49190931E-03  2.50000134E-03
  1.90000013E-02  4.99097817E-02 -9.49472934E-03  9.01498879E-06  2.49098637E-03  2.50000134E-03
  2.00000014E-02  4.99000363E-02 -9.99382697E-03  9.98765790E-06  2.49001360E-03  2.50000134E-03
  2.10000016E-02  4.98897918E-02 -1.04928277E-02  1.10099436E-05  2.48899125E-03  2.50000111E-03
  2.20000017E-02  4.98790480E-02 -1.09917261E-02  1.20818040E-05  2.48791953E-03  2.50000134E-03
  2.30000019E-02  4.98678051E-02 -1.14905164E-02  1.32031973E-05  2.48679798E-03  2.50000111E-03
  2.40000021E-02  4.98560667E-02 -1.19891949E-02  1.43740790E-05  2.48562731E-03  2.50000134E-03
  2.50000022E-02  4.98438291E-02 -1.24877552E-02  1.55944035E-05  2.48440728E-03  2.50000157E-03
  2.60000024E-02  4.98310924E-02 -1.29861934E-02  1.68641218E-05  2.48313765E-03  2.50000181E-03
  2.70000026E-02  4.98178564E-02 -1.34845041E-02  1.81831856E-05  2.48181890E-03  2.50000204E-03
  2.80000027E-02  4.98041213E-02 -1.39826825E-02  1.95515422E-05  2.48045055E-03  2.50000204E-03
  2.90000029E-02  4.97898906E-02 -1.44807240E-02  2.09691370E-05  2.47903331E-03  2.50000251E-03
  3.00000031E-02  4.97751608E-02 -1.49786230E-02  2.24359155E-05  2.47756671E-03  2.50000274E-03
  3.10000032E-02  4.97599319E-02 -1.54763749E-02  2.39518176E-05  2.47605075E-03  2.50000251E-03
  3.20000015E-02  4.97442074E-02 -1.59739740E-02  2.55167834E-05  2.47448613E-03  2.50000297E-03
  3.29999998E-02  4.97279838E-02 -1.64714158E-02  2.71307545E-05  2.47287238E-03  2.50000320E-03
  3.39999981E-02  4.97112609E-02 -1.69686954E-02  2.87936618E-05  2.47120950E-03  2.50000320E-03
  3.49999964E-02  4.96940427E-02 -1.74658075E-02  3.05054418E-05  2.46949797E-03  2.50000344E-03
  3.59999947E-02  4.96763289E-02 -1.79627482E-02  3.22660308E-05  2.46773777E-03  2.50000390E-03
  3.69999930E-02  4.96581160E-02 -1.84595119E-02  3.40753577E-05  2.46592844E-03  2.50000390E-03
  3.79999913E-02  4.96394075E-02 -1.89560931E-02  3.59333462E-05  2.46407068E-03  2.50000414E-03
  3.89999896E-02  4.96202037E-02 -1.94524880E-02  3.78399309E-05  2.46216450E-03  2.50000437E-03
  3.99999879E-02  4.96005006E-02 -1.99486893E-02  3.97950207E-05  2.46020965E-03  2.50000460E-03
  4.09999862E-02  4.95803021E-02 -2.04446949E-02  4.17985539E-05  2.45820638E-03  2.50000483E-03
  4.19999845E-02  4.95596081E-02 -2.09404975E-02  4.38504467E-05  2.45615467E-03  2.50000507E-03
  4.29999828E-02  4.95384187E-02 -2.14360934E-02  4.59506082E-05  2.45405501E-03  2.50000553E-03
  4.39999811E-02  4.95167375E-02 -2.19314769E-02  4.80989693E-05  2.45190738E-03  2.50000646E-03
  4.49999794E-02  4.94945608E-02 -2.24266443E-02  5.02954354E-05  2.44971155E-03  2.50000693E-03
  4.59999777E-02  4.94718887E-02 -2.29215901E-02  5.25399300E-05  2.44746776E-03  2.50000763E-03
  4.69999760E-02  4.94487211E-02 -2.34163087E-02  5.48323515E-05  2.44517601E-03  2.50000833E-03
  4.79999743E-02  4.94250581E-02 -2.39107963E-02  5.71726196E-05  2.44283630E-03  2.50000902E-03
  4.89999726E-02  4.94008996E-02 -2.44050473E-02  5.95606361E-05  2.44044885E-03  2.50000949E-03
  4.99999709E-02  4.93762493E-02 -2.48990562E-02  6.19963030E-05  2.43801391E-03  2.50001019E-03
  5.09999692E-02  4.93511036E-02 -2.53928192E-02  6.44795291E-05  2.43553147E-03  2.50001089E-03
  5.19999675E-02  4.93254662E-02 -2.58863308E-02  6.70102163E-05  2.43300153E-03  2.50001182E-03
  5.29999658E-02  4.92993332E-02 -2.63795853E-02  6.95882554E-05  2.43042433E-03  2.50001252E-03
  5.39999641E-02  4.92727086E-02 -2.68725790E-02  7.22135519E-05  2.42779986E-03  2.50001345E-03
  5.49999624E-02  4.92455885E-02 -2.73653064E-02  7.48860039E-05  2.42512790E-03  2.50001391E-03
  5.59999608E-02  4.92179766E-02 -2.78577618E-02  7.76054949E-05  2.42240913E-03  2.50001461E-03
  5.69999591E-02  4.91898730E-02 -2.83499416E-02  8.03719231E-05  2.41964357E-03  2.50001554E-03
  5.79999574E-02  4.91612777E-02 -2.88418401E-02  8.31851721E-05  2.41683121E-03  2.50001648E-03
  5.89999557E-02  4.91321906E-02 -2.93334536E-02  8.60451473E-05  2.41397205E-03  2.50001717E-03
  5.99999540E-02  4.91026118E-02 -2.98247747E-02  8.89517178E-05  2.41106655E-03  2.50001834E-03
  6.09999523E-02  4.90725413E-02 -3.03158015E-02  9.19047816E-05  2.40811426E-03  2.50001904E-03
  6.19999506E-02  4.90419790E-02 -3.08065265E-02  9.49042078E-05  2.40511564E-03  2.50001973E-03
  6.29999489E-02  4.90109250E-02 -3.12969461E-02  9.79498873E-05  2.40207068E-03  2.50002067E-03
  6.39999509E-02  4.89793830E-02 -3.17870565E-02  1.01041704E-04  2.39897985E-03  2.50002160E-03
  6.49999529E-02  4.89473492E-02 -3.22768502E-02  1.04179504E-04  2.39584292E-03  2.50002253E-03
  6.59999549E-02  4.89148274E-02 -3.27663235E-02  1.07363194E-04  2.39266036E-03  2.50002346E-03
  6.69999570E-02  4.88818139E-02 -3.32554728E-02  1.10592649E-04  2.38943170E-03  2.50002439E-03
  6.79999590E-02  4.88483123E-02 -3.37442905E-02  1.13867711E-04  2.38615763E-03  2.50002532E-03
  6.89999610E-02  4.88143228E-02 -3.42327729E-02  1.17188276E-04  2.38283817E-03  2.50002649E-03
  6.99999630E-02  4.87798452E-02 -3.47209163E-02  1.20554199E-04  2.37947330E-03  2.50002742E-03
  7.09999651E-02  4.87448834E-02 -3.52087133E-02  1.23965350E-04  2.37606373E-03  2.50002905E-03
  7.19999671E-02  4.87094335E-02 -3.56961638E-02  1.27421619E-04  2.37260899E-03  2.50003068E-03
  7.29999691E-02  4.86734957E-02 -3.61832567E-02  1.30922810E-04  2.36910908E-03  2.50003184E-03
  7.39999712E-02  4.86370698E-02 -3.66699919E-02  1.34468835E-04  2.36556446E-03  2.50003324E-03
  7.49999732E-02  4.86001559E-02 -3.71563621E-02  1.38059535E-04  2.36197514E-03  2.50003464E-03
  7.59999752E-02  4.85627577E-02 -3.76423635E-02  1.41694763E-04  2.35834136E-03  2.50003603E-03
  7.69999772E-02  4.85248715E-02 -3.81279923E-02  1.45374375E-04  2.35466310E-03  2.50003743E-03
  7.79999793E-02  4.84865010E-02 -3.86132412E-02  1.49098239E-04  2.35094083E-03  2.50003906E-03
  7.89999813E-02  4.84476462E-02 -3.90981063E-02  1.52866196E-04  2.34717433E-03  2.50004046E-03
  7.99999833E-02  4.84083071E-02 -3.95825841E-02  1.56678099E-04  2.34336429E-03  2.50004232E-03
  8.09999853E-02  4.83684838E-02 -4.00666669E-02  1.60533789E-04  2.33951025E-03  2.50004395E-03
  8.19999874E-02  4.83281761E-02 -4.05503511E-02  1.64433106E-04  2.33561266E-03  2.50004581E-03
  8.29999894E-02  4.82873842E-02 -4.10336331E-02  1.68375904E-04  2.33167154E-03  2.50004744E-03
  8.39999914E-02  4.82461080E-02 -4.15165052E-02  1.72362023E-04  2.32768687E-03  2.50004884E-03
  8.49999934E-02  4.82043475E-02 -4.19989675E-02  1.76391331E-04  2.32365914E-03  2.50005047E-03
  8.59999955E-02  4.81621064E-02 -4.24810126E-02  1.80463641E-04  2.31958856E-03  2.50005210E-03
  8.69999975E-02  4.81193848E-02 -4.29626331E-02  1.84578792E-04  2.31547514E-03  2.50005396E-03
  8.79999995E-02  4.80761789E-02 -4.34438251E-02  1.88736594E-04  2.31131888E-03  2.50005536E-03
  8.90000015E-02  4.80324924E-02 -4.39245887E-02  1.92936961E-04  2.30712024E-03  2.50005722E-03
  9.00000036E-02  4.79883291E-02 -4.44049127E-02  1.97179645E-04  2.30287970E-03  2.50005932E-03
  9.10000056E-02  4.79436852E-02 -4.48847972E-02  2.01464500E-04  2.29859701E-03  2.50006141E-03
  9.20000076E-02  4.78985608E-02 -4.53642346E-02  2.05791366E-04  2.29427218E-03  2.50006351E-03
  9.30000097E-02  4.78529595E-02 -4.58432212E-02  2.10160084E-04  2.28990568E-03  2.50006584E-03
  9.40000117E-02  4.78068776E-02 -4.63217497E-02  2.14570464E-04  2.28549750E-03  2.50006793E-03
  9.50000137E-02  4.77603190E-02 -4.67998199E-02  2.19022317E-04  2.28104810E-03  2.50007049E-03
  9.60000157E-02  4.77132797E-02 -4.72774245E-02  2.23515483E-04  2.27655703E-03  2.50007259E-03
  9.70000178E-02  4.76657636E-02 -4.77545559E-02  2.28049772E-04  2.27202498E-03  2.50007468E-03
  9.80000198E-02  4.76177707E-02 -4.82312143E-02  2.32625011E-04  2.26745219E-03  2.50007724E-03
  9.90000218E-02  4.75693010E-02 -4.87073921E-02  2.37241024E-04  2.26283842E-03  2.50007934E-03
  1.00000024E-01  4.75203544E-02 -4.91830856E-02  2.41897578E-04  2.25818413E-03  2.50008167E-03
  1.01000026E-01  4.74709347E-02 -4.96582873E-02  2.46594544E-04  2.25348957E-03  2.50008423E-03
  1.02000028E-01  4.74210382E-02 -5.01329973E-02  2.51331745E-04  2.24875496E-03  2.50008679E-03
  1.03000030E-01  4.73706685E-02 -5.06072082E-02  2.56108964E-04  2.24398030E-03  2.50008935E-03
  1.04000032E-01  4.73198220E-02 -5.10809161E-02  2.60925997E-04  2.23916559E-03  2.50009168E-03
  1.05000034E-01  4.72685024E-02 -5.15541136E-02  2.65782670E-04  2.23431131E-03  2.50009401E-03
  1.06000036E-01  4.72167134E-02 -5.20267971E-02  2.70678749E-04  2.22941814E-03  2.50009680E-03
  1.07000038E-01  4.71644513E-02 -5.24989627E-02  2.75614118E-04  2.22448539E-03  2.50009960E-03
  1.08000040E-01  4.71117161E-02 -5.29706068E-02  2.80588516E-04  2.21951376E-03  2.50010239E-03
  1.09000042E-01  4.70585115E-02 -5.34417257E-02  2.85601796E-04  2.21450347E-03  2.50010518E-03
  1.10000044E-01  4.70048338E-02 -5.39123118E-02  2.90653756E-04  2.20945431E-03  2.50010798E-03
  1.11000046E-01  4.69506867E-02 -5.43823615E-02  2.95744132E-04  2.20436696E-03  2.50011100E-03
  1.12000048E-01  4.68960702E-02 -5.48518673E-02  3.00872751E-04  2.19924143E-03  2.50011426E-03
  1.13000050E-01  4.68409844E-02 -5.53208292E-02  3.06039437E-04  2.19407771E-03  2.50011706E-03
  1.14000052E-01  4.67854291E-02 -5.57892397E-02  3.11243930E-04  2.18887627E-03  2.50012008E-03
  1.15000054E-01  4.67294045E-02 -5.62570952E-02  3.16486083E-04  2.18363735E-03  2.50012334E-03
  1.16000056E-01  4.66729142E-02 -5.67243882E-02  3.21765634E-04  2.17836094E-03  2.50012660E-03
  1.17000058E-01  4.66159545E-02 -5.71911186E-02  3.27082409E-04  2.17304728E-03  2.50012963E-03
  1.18000060E-01  4.65585291E-02 -5.76572791E-02  3.32436175E-04  2.16769660E-03  2.50013266E-03
  1.19000062E-01  4.65006419E-02 -5.81228659E-02  3.37826757E-04  2.16230960E-03  2.50013638E-03
  1.20000064E-01  4.64422889E-02 -5.85878715E-02  3.43253865E-04  2.15688627E-03  2.50014011E-03
  1.21000066E-01  4.63834703E-02 -5.90522960E-02  3.48717382E-04  2.15142639E-03  2.50014383E-03
  1.22000068E-01  4.63241860E-02 -5.95161319E-02  3.54216987E-04  2.14593019E-03  2.50014709E-03
  1.23000070E-01  4.62644398E-02 -5.99793755E-02  3.59752536E-04  2.14039837E-03  2.50015082E-03
  1.24000072E-01  4.62042280E-02 -6.04420193E-02  3.65323765E-04  2.13483069E-03  2.50015454E-03
  1.25000075E-01  4.61435542E-02 -6.09040633E-02  3.70930502E-04  2.12922762E-03  2.50015804E-03
  1.26000077E-01  4.60824184E-02 -6.13655001E-02  3.76572454E-04  2.12358939E-03  2.50016176E-03
  1.27000079E-01  4.60208207E-02 -6.18263260E-02  3.82249447E-04  2.11791601E-03  2.50016549E-03
  1.28000081E-01  4.59587649E-02 -6.22865334E-02  3.87961249E-04  2.11220817E-03  2.50016944E-03
  1.29000083E-01  4.58962470E-02 -6.27461225E-02  3.93707596E-04  2.10646540E-03  2.50017294E-03
  1.30000085E-01  4.58332710E-02 -6.32050857E-02  3.99488315E-04  2.10068864E-03  2.50017690E-03
  1.31000087E-01  4.57698368E-02 -6.36634156E-02  4.05303057E-04  2.09487788E-03  2.50018085E-03
  1.32000089E-01  4.57059443E-02 -6.41211122E-02  4.11151734E-04  2.08903337E-03  2.50018504E-03
  1.33000091E-01  4.56415974E-02 -6.45781681E-02  4.17033996E-04  2.08315533E-03  2.50018924E-03
  1.34000093E-01  4.55767922E-02 -6.50345832E-02  4.22949728E-04  2.07724399E-03  2.50019366E-03
  1.35000095E-01  4.55115288E-02 -6.54903501E-02  4.28898580E-04  2.07129936E-03  2.50019785E-03
  1.36000097E-01  4.54458110E-02 -6.59454688E-02  4.34880465E-04  2.06532166E-03  2.50020204E-03
  1.37000099E-01  4.53796387E-02 -6.63999245E-02  4.40895004E-04  2.05931161E-03  2.50020670E-03
  1.38000101E-01  4.53130119E-02 -6.68537244E-02  4.46942024E-04  2.05326895E-03  2.50021089E-03
  1.39000103E-01  4.52459306E-02 -6.73068538E-02  4.53021232E-04  2.04719417E-03  2.50021531E-03
  1.40000105E-01  4.51783948E-02 -6.77593127E-02  4.59132454E-04  2.04108725E-03  2.50021974E-03
  1.41000107E-01  4.51104082E-02 -6.82110935E-02  4.65275341E-04  2.03494891E-03  2.50022416E-03
  1.42000109E-01  4.50419709E-02 -6.86621964E-02  4.71449748E-04  2.02877913E-03  2.50022882E-03
  1.43000111E-01  4.49730866E-02 -6.91126138E-02  4.77655325E-04  2.02257861E-03  2.50023394E-03
  1.44000113E-01  4.49037515E-02 -6.95623457E-02  4.83891985E-04  2.01634690E-03  2.50023883E-03
  1.45000115E-01  4.48339656E-02 -7.00113848E-02  4.90159437E-04  2.01008446E-03  2.50024395E-03
  1.46000117E-01  4.47637290E-02 -7.04597235E-02  4.96457273E-04  2.00379151E-03  2.50024884E-03
  1.47000119E-01  4.46930453E-02 -7.09073618E-02  5.02785377E-04  1.99746829E-03  2.50025373E-03
  1.48000121E-01  4.46219146E-02 -7.13542923E-02  5.09143516E-04  1.99111528E-03  2.50025885E-03
  1.49000123E-01  4.45503369E-02 -7.18005151E-02  5.15531399E-04  1.98473246E-03  2.50026397E-03
  1.50000125E-01  4.44783121E-02 -7.22460151E-02  5.21948677E-04  1.97832030E-03  2.50026910E-03
  1.51000127E-01  4.44058441E-02 -7.26907998E-02  5.28395234E-04  1.97187904E-03  2.50027422E-03
  1.52000129E-01  4.43329290E-02 -7.31348619E-02  5.34870836E-04  1.96540868E-03  2.50027957E-03
  1.53000131E-01  4.42595705E-02 -7.35781938E-02  5.41375077E-04  1.95890968E-03  2.50028470E-03
  1.54000133E-01  4.41857725E-02 -7.40207881E-02  5.47907723E-04  1.95238250E-03  2.50029028E-03
  1.55000135E-01  4.41115312E-02 -7.44626448E-02  5.54468541E-04  1.94582716E-03  2.50029564E-03
  1.56000137E-01  4.40368503E-02 -7.49037564E-02  5.61057299E-04  1.93924422E-03  2.50030146E-03
  1.57000139E-01  4.39617261E-02 -7.53441229E-02  5.67673706E-04  1.93263334E-03  2.50030705E-03
  1.58000141E-01  4.38861623E-02 -7.57837370E-02  5.74317470E-04  1.92599522E-03  2.50031264E-03
  1.59000143E-01  4.38101590E-02 -7.62225986E-02  5.80988475E-04  1.91932998E-03  2.50031846E-03
  1.60000145E-01  4.37337160E-02 -7.66607001E-02  5.87686314E-04  1.91263796E-03  2.50032428E-03
  1.61000147E-01  4.36568372E-02 -7.70980343E-02  5.94410696E-04  1.90591940E-03  2.50033010E-03
  1.62000149E-01  4.35795188E-02 -7.75346011E-02  6.01161446E-04  1.89917441E-03  2.50033592E-03
  1.63000152E-01  4.35017683E-02 -7.79703930E-02  6.07938215E-04  1.89240382E-03  2.50034197E-03
  1.64000154E-01  4.34235819E-02 -7.84054101E-02  6.14740828E-04  1.88560749E-03  2.50034826E-03
  1.65000156E-01  4.33449596E-02 -7.88396448E-02  6.21568994E-04  1.87878555E-03  2.50035455E-03
  1.66000158E-01  4.32659052E-02 -7.92730972E-02  6.28422422E-04  1.87193858E-03  2.50036106E-03
  1.67000160E-01  4.31864150E-02 -7.97057599E-02  6.35300821E-04  1.86506647E-03  2.50036735E-03
  1.68000162E-01  4.31064926E-02 -8.01376253E-02  6.42203900E-04  1.85816968E-03  2.50037364E-03
  1.69000164E-01  4.30261381E-02 -8.05686936E-02  6.49131427E-04  1.85124855E-03  2.50037992E-03
  1.70000166E-01  4.29453552E-02 -8.09989572E-02  6.56083110E-04  1.84430357E-03  2.50038668E-03
  1.71000168E-01  4.28641401E-02 -8.14284086E-02  6.63058541E-04  1.83733448E-03  2.50039296E-03
  1.72000170E-01  4.27824967E-02 -8.18570480E-02  6.70057663E-04  1.83034199E-03  2.50039971E-03
  1.73000172E-01  4.27004285E-02 -8.22848752E-02  6.77080068E-04  1.82332657E-03  2.50040670E-03
  1.74000174E-01  4.26179320E-02 -8.27118829E-02  6.84125524E-04  1.81628810E-03  2.50041368E-03
  1.75000176E-01  4.25350070E-02 -8.31380635E-02  6.91193796E-04  1.80922681E-03  2.50042067E-03
  1.76000178E-01  4.24516574E-02 -8.35634172E-02  6.98284479E-04  1.80214318E-03  2.50042765E-03
  1.77000180E-01  4.23678830E-02 -8.39879364E-02  7.05397397E-04  1.79503753E-03  2.50043487E-03
  1.78000182E-01  4.22836840E-02 -8.44116136E-02  7.12532026E-04  1.78790989E-03  2.50044186E-03
  1.79000184E-01  4.21990603E-02 -8.48344490E-02  7.19688367E-04  1.78076071E-03  2.50044907E-03
  1.80000186E-01  4.21140119E-02 -8.52564424E-02  7.26866128E-04  1.77358999E-03  2.50045606E-03
  1.81000188E-01  4.20285426E-02 -8.56775790E-02  7.34064786E-04  1.76639843E-03  2.50046328E-03
  1.82000190E-01  4.19426560E-02 -8.60978663E-02  7.41284282E-04  1.75918639E-03  2.50047073E-03
  1.83000192E-01  4.18563485E-02 -8.65172893E-02  7.48524151E-04  1.75195397E-03  2.50047818E-03
  1.84000194E-01  4.17696238E-02 -8.69358554E-02  7.55784276E-04  1.74470141E-03  2.50048563E-03
  1.85000196E-01  4.16824780E-02 -8.73535499E-02  7.63064250E-04  1.73742895E-03  2.50049308E-03
  1.86000198E-01  4.15949151E-02 -8.77703726E-02  7.70363840E-04  1.73013692E-03  2.50050076E-03
  1.87000200E-01  4.15069349E-02 -8.81863236E-02  7.77682755E-04  1.72282569E-03  2.50050845E-03
  1.88000202E-01  4.14185412E-02 -8.86013955E-02  7.85020762E-04  1.71549560E-03  2.50051636E-03
  1.89000204E-01  4.13297303E-02 -8.90155807E-02  7.92377337E-04  1.70814665E-03  2.50052405E-03
  1.90000206E-01  4.12405096E-02 -8.94288793E-02  7.99752423E-04  1.70077966E-03  2.50053219E-03
  1.91000208E-01  4.11508754E-02 -8.98412839E-02  8.07145610E-04  1.69339450E-03  2.50054011E-03
  1.92000210E-01  4.10608277E-02 -9.02527943E-02  8.14556726E-04  1.68599153E-03  2.50054826E-03
  1.93000212E-01  4.09703702E-02 -9.06634033E-02  8.21985304E-04  1.67857122E-03  2.50055641E-03
  1.94000214E-01  4.08795029E-02 -9.10731107E-02  8.29431170E-04  1.67113380E-03  2.50056502E-03
  1.95000216E-01  4.07882258E-02 -9.14819092E-02  8.36894033E-04  1.66367937E-03  2.50057341E-03
  1.96000218E-01  4.06965390E-02 -9.18897912E-02  8.44373368E-04  1.65620830E-03  2.50058156E-03
  1.97000220E-01  4.06044461E-02 -9.22967568E-02  8.51869117E-04  1.64872105E-03  2.50059017E-03
  1.98000222E-01  4.05119471E-02 -9.27027985E-02  8.59380874E-04  1.64121785E-03  2.50059878E-03
  1.99000224E-01  4.04190421E-02 -9.31079164E-02  8.66908405E-04  1.63369894E-03  2.50060740E-03
  2.00000226E-01  4.03257348E-02 -9.35121104E-02  8.74451478E-04  1.62616489E-03  2.50061648E-03
  2.01000229E-01  4.02320214E-02 -9.39153656E-02  8.82009626E-04  1.61861558E-03  2.50062533E-03
  2.02000231E-01  4.01379056E-02 -9.43176895E-02  8.89582676E-04  1.61105150E-03  2.50063417E-03
  2.03000233E-01  4.00433876E-02 -9.47190672E-02  8.97170161E-04  1.60347286E-03  2.50064302E-03
  2.04000235E-01  3.99484672E-02 -9.51194987E-02  9.04771907E-04  1.59588002E-03  2.50065187E-03
  2.05000237E-01  3.98531482E-02 -9.55189839E-02  9.12387681E-04  1.58827344E-03  2.50066118E-03
  2.06000239E-01  3.97574306E-02 -9.59175155E-02  9.20016959E-04  1.58065325E-03  2.50067026E-03
  2.07000241E-01  3.96613143E-02 -9.63150933E-02  9.27659683E-04  1.57301989E-03  2.50067958E-03
  2.08000243E-01  3.95648032E-02 -9.67117101E-02  9.35315562E-04  1.56537362E-03  2.50068912E-03
  2.09000245E-01  3.94678935E-02 -9.71073583E-02  9.42983956E-04  1.55771466E-03  2.50069867E-03
  2.10000247E-01  3.93705890E-02 -9.75020379E-02  9.50664748E-04  1.55004323E-03  2.50070798E-03
  2.11000249E-01  3.92728895E-02 -9.78957415E-02  9.58357647E-04  1.54235982E-03  2.50071753E-03
  2.12000251E-01  3.91747952E-02 -9.82884690E-02  9.66062304E-04  1.53466454E-03  2.50072684E-03
  2.13000253E-01  3.90763097E-02 -9.86802205E-02  9.73778602E-04  1.52695796E-03  2.50073662E-03
  2.14000255E-01  3.89774367E-02 -9.90709811E-02  9.81505960E-04  1.51924056E-03  2.50074640E-03
  2.15000257E-01  3.88781726E-02 -9.94607583E-02  9.89244203E-04  1.51151232E-03  2.50075664E-03
  2.16000259E-01  3.87785174E-02 -9.98495370E-02  9.96993040E-04  1.50377338E-03  2.50076642E-03
  2.17000261E-01  3.86784747E-02 -1.00237325E-01  1.00475212E-03  1.49602443E-03  2.50077667E-03
  2.18000263E-01  3.85780446E-02 -1.00624107E-01  1.01252110E-03  1.48826558E-03  2.50078668E-03
  2.19000265E-01  3.84772271E-02 -1.01009890E-01  1.02029985E-03  1.48049695E-03  2.50079669E-03
  2.20000267E-01  3.83760221E-02 -1.01394661E-01  1.02808781E-03  1.47271913E-03  2.50080694E-03
  2.21000269E-01  3.82744335E-02 -1.01778418E-01  1.03588472E-03  1.46493223E-03  2.50081695E-03
  2.22000271E-01  3.81724648E-02 -1.02161162E-01  1.04369025E-03  1.45713706E-03  2.50082742E-03
  2.23000273E-01  3.80701125E-02 -1.02542885E-01  1.05150440E-03  1.44933350E-03  2.50083790E-03
  2.24000275E-01  3.79673801E-02 -1.02923587E-01  1.05932646E-03  1.44152192E-03  2.50084838E-03
  2.25000277E-01  3.78642678E-02 -1.03303261E-01  1.06715632E-03  1.43370277E-03  2.50085909E-03
  2.26000279E-01  3.77607755E-02 -1.03681907E-01  1.07499387E-03  1.42587617E-03  2.50087003E-03
  2.27000281E-01  3.76569033E-02 -1.04059517E-01  1.08283840E-03  1.41804235E-03  2.50088074E-03
  2.28000283E-01  3.75526547E-02 -1.04436085E-01  1.09068956E-03  1.41020189E-03  2.50089145E-03
  2.29000285E-01  3.74480337E-02 -1.04811609E-01  1.09854736E-03  1.40235526E-03  2.50090263E-03
  2.30000287E-01  3.73430364E-02 -1.05186090E-01  1.10641134E-03  1.39450235E-03  2.50091357E-03
  2.31000289E-01  3.72376628E-02 -1.05559520E-01  1.11428124E-03  1.38664350E-03  2.50092475E-03
  2.32000291E-01  3.71319167E-02 -1.05931900E-01  1.12215674E-03  1.37877918E-03  2.50093592E-03
  2.33000293E-01  3.70257981E-02 -1.06303222E-01  1.13003748E-03  1.37090974E-03  2.50094710E-03
  2.34000295E-01  3.69193070E-02 -1.06673479E-01  1.13792310E-03  1.36303518E-03  2.50095828E-03
  2.35000297E-01  3.68124470E-02 -1.07042670E-01  1.14581338E-03  1.35515630E-03  2.50096968E-03
  2.36000299E-01  3.67052220E-02 -1.07410796E-01  1.15370785E-03  1.34727336E-03  2.50098109E-03
  2.37000301E-01  3.65976281E-02 -1.07777849E-01  1.16160640E-03  1.33938633E-03  2.50099273E-03
  2.38000304E-01  3.64896692E-02 -1.08143829E-01  1.16950879E-03  1.33149594E-03  2.50100484E-03
  2.39000306E-01  3.63813415E-02 -1.08508728E-01  1.17741444E-03  1.32360205E-03  2.50101648E-03
  2.40000308E-01  3.62726487E-02 -1.08872540E-01  1.18532300E-03  1.31570501E-03  2.50102812E-03
  2.41000310E-01  3.61635946E-02 -1.09235264E-01  1.19323435E-03  1.30780553E-03  2.50103977E-03
  2.42000312E-01  3.60541753E-02 -1.09596901E-01  1.20114803E-03  1.29990361E-03  2.50105164E-03
  2.43000314E-01  3.59443985E-02 -1.09957442E-01  1.20906392E-03  1.29199983E-03  2.50106375E-03
  2.44000316E-01  3.58342640E-02 -1.10316887E-01  1.21698156E-03  1.28409453E-03  2.50107609E-03
  2.45000318E-01  3.57237682E-02 -1.10675231E-01  1.22490071E-03  1.27618760E-03  2.50108819E-03
  2.46000320E-01  3.56129147E-02 -1.11032471E-01  1.23282091E-03  1.26827974E-03  2.50110077E-03
  2.47000322E-01  3.55017036E-02 -1.11388601E-01  1.24074204E-03  1.26037095E-03  2.50111287E-03
  2.48000324E-01  3.53901349E-02 -1.11743622E-01  1.24866364E-03  1.25246169E-03  2.50112545E-03
  2.49000326E-01  3.52782160E-02 -1.12097524E-01  1.25658547E-03  1.24455255E-03  2.50113802E-03
  2.50000328E-01  3.51659432E-02 -1.12450309E-01  1.26450730E-03  1.23664353E-03  2.50115083E-03
  2.51000315E-01  3.50533165E-02 -1.12801969E-01  1.27242843E-03  1.22873497E-03  2.50116340E-03
  2.52000302E-01  3.49403396E-02 -1.13152504E-01  1.28034898E-03  1.22082734E-03  2.50117620E-03
  2.53000289E-01  3.48270126E-02 -1.13501906E-01  1.28826825E-03  1.21292076E-03  2.50118901E-03
  2.54000276E-01  3.47133353E-02 -1.13850176E-01  1.29618624E-03  1.20501569E-03  2.50120182E-03
  2.55000263E-01  3.45993116E-02 -1.14197306E-01  1.30410248E-03  1.19711237E-03  2.50121485E-03
  2.56000251E-01  3.44849415E-02 -1.14543296E-01  1.31201674E-03  1.18921115E-03  2.50122789E-03
  2.57000238E-01  3.43702286E-02 -1.14888147E-01  1.31992868E-03  1.18131260E-03  2.50124140E-03
  2.58000225E-01  3.42551693E-02 -1.15231849E-01  1.32783793E-03  1.17341662E-03  2.50125444E-03
  2.59000212E-01  3.41397673E-02 -1.15574405E-01  1.33574428E-03  1.16552366E-03  2.50126794E-03
  2.60000199E-01  3.40240225E-02 -1.15915805E-01  1.34364737E-03  1.15763408E-03  2.50128144E-03
  2.61000186E-01  3.39079350E-02 -1.16256043E-01  1.35154685E-03  1.14974810E-03  2.50129495E-03
  2.62000173E-01  3.37915085E-02 -1.16595119E-01  1.35944213E-03  1.14186609E-03  2.50130822E-03
  2.63000160E-01  3.36747468E-02 -1.16933033E-01  1.36733346E-03  1.13398861E-03  2.50132196E-03
  2.64000148E-01  3.35576460E-02 -1.17269777E-01  1.37522013E-03  1.12611556E-03  2.50133569E-03
  2.65000135E-01  3.34402099E-02 -1.17605351E-01  1.38310192E-03  1.11824763E-03  2.50134943E-03
  2.66000122E-01  3.33224386E-02 -1.17939755E-01  1.39097858E-03  1.11038494E-03  2.50136340E-03
  2.67000109E-01  3.32043320E-02 -1.18272983E-01  1.39884988E-03  1.10252772E-03  2.50137760E-03
  2.68000096E-01  3.30858901E-02 -1.18605025E-01  1.40671514E-03  1.09467609E-03  2.50139134E-03
  2.69000083E-01  3.29671204E-02 -1.18935883E-01  1.41457445E-03  1.08683098E-03  2.50140531E-03
  2.70000070E-01  3.28480192E-02 -1.19265556E-01  1.42242736E-03  1.07899238E-03  2.50141975E-03
  2.71000057E-01  3.27285901E-02 -1.19594038E-01  1.43027341E-03  1.07116066E-03  2.50143418E-03
  2.72000045E-01  3.26088332E-02 -1.19921327E-01  1.43811246E-03  1.06333604E-03  2.50144862E-03
  2.73000032E-01  3.24887484E-02 -1.20247416E-01  1.44594419E-03  1.05551875E-03  2.50146305E-03
  2.74000019E-01  3.23683359E-02 -1.20572306E-01  1.45376811E-03  1.04770914E-03  2.50147725E-03
  2.75000006E-01  3.22476029E-02 -1.20895989E-01  1.46158400E-03  1.03990792E-03  2.50149192E-03
  2.75999993E-01  3.21265459E-02 -1.21218465E-01  1.46939175E-03  1.03211496E-03  2.50150682E-03
  2.76999980E-01  3.20051685E-02 -1.21539734E-01  1.47719064E-03  1.02433085E-03  2.50152149E-03
  2.77999967E-01  3.18834670E-02 -1.21859789E-01  1.48498081E-03  1.01655547E-03  2.50153616E-03
  2.78999954E-01  3.17614488E-02 -1.22178622E-01  1.49276154E-03  1.00878964E-03  2.50155106E-03
  2.79999942E-01  3.16391103E-02 -1.22496232E-01  1.50053273E-03  1.00103335E-03  2.50156596E-03
  2.80999929E-01  3.15164588E-02 -1.22812621E-01  1.50829402E-03  9.93287191E-04  2.50158133E-03
  2.81999916E-01  3.13934907E-02 -1.23127788E-01  1.51604530E-03  9.85551276E-04  2.50159670E-03
  2.82999903E-01  3.12702060E-02 -1.23441726E-01  1.52378599E-03  9.77825839E-04  2.50161183E-03
  2.83999890E-01  3.11466083E-02 -1.23754427E-01  1.53151585E-03  9.70111229E-04  2.50162696E-03
  2.84999877E-01  3.10226977E-02 -1.24065891E-01  1.53923454E-03  9.62407794E-04  2.50164233E-03
  2.85999864E-01  3.08984779E-02 -1.24376118E-01  1.54694193E-03  9.54715942E-04  2.50165793E-03
  2.86999851E-01  3.07739470E-02 -1.24685101E-01  1.55463745E-03  9.47035791E-04  2.50167330E-03
  2.87999839E-01  3.06491069E-02 -1.24992840E-01  1.56232098E-03  9.39367746E-04  2.50168866E-03
  2.88999826E-01  3.05239614E-02 -1.25299335E-01  1.56999228E-03  9.31712217E-04  2.50170450E-03
  2.89999813E-01  3.03985085E-02 -1.25604570E-01  1.57765078E-03  9.24069318E-04  2.50172010E-03
  2.90999800E-01  3.02727520E-02 -1.25908554E-01  1.58529636E-03  9.16439516E-04  2.50173593E-03
  2.91999787E-01  3.01466919E-02 -1.26211286E-01  1.59292889E-03  9.08823044E-04  2.50175199E-03
  2.92999774E-01  3.00203301E-02 -1.26512751E-01  1.60054769E-03  9.01220192E-04  2.50176783E-03
  2.93999761E-01  2.98936665E-02 -1.26812950E-01  1.60815252E-03  8.93631310E-04  2.50178389E-03
  2.94999748E-01  2.97667049E-02 -1.27111882E-01  1.61574304E-03  8.86056747E-04  2.50179972E-03
  2.95999736E-01  2.96394434E-02 -1.27409548E-01  1.62331935E-03  8.78496619E-04  2.50181602E-03
  2.96999723E-01  2.95118857E-02 -1.27705947E-01  1.63088087E-03  8.70951393E-04  2.50183232E-03
  2.97999710E-01  2.93840319E-02 -1.28001064E-01  1.63842726E-03  8.63421359E-04  2.50184862E-03
  2.98999697E-01  2.92558838E-02 -1.28294900E-01  1.64595805E-03  8.55906750E-04  2.50186492E-03
  2.99999684E-01  2.91274413E-02 -1.28587455E-01  1.65347324E-03  8.48407857E-04  2.50188122E-03
  3.00999671E-01  2.89987084E-02 -1.28878728E-01  1.66097272E-03  8.40925088E-04  2.50189775E-03
  3.01999658E-01  2.88696848E-02 -1.29168719E-01  1.66845589E-03  8.33458675E-04  2.50191451E-03
  3.02999645E-01  2.87403725E-02 -1.29457414E-01  1.67592231E-03  8.26009025E-04  2.50193127E-03
  3.03999633E-01  2.86107715E-02 -1.29744813E-01  1.68337172E-03  8.18576256E-04  2.50194804E-03
  3.04999620E-01  2.84808837E-02 -1.30030915E-01  1.69080391E-03  8.11160717E-04  2.50196457E-03
  3.05999607E-01  2.83507109E-02 -1.30315721E-01  1.69821864E-03  8.03762814E-04  2.50198133E-03
  3.06999594E-01  2.82202531E-02 -1.30599231E-01  1.70561601E-03  7.96382665E-04  2.50199856E-03
  3.07999581E-01  2.80895121E-02 -1.30881429E-01  1.71299488E-03  7.89020676E-04  2.50201556E-03
  3.08999568E-01  2.79584918E-02 -1.31162331E-01  1.72035571E-03  7.81677256E-04  2.50203302E-03
  3.09999555E-01  2.78271902E-02 -1.31441921E-01  1.72769779E-03  7.74352520E-04  2.50205025E-03
  3.10999542E-01  2.76956093E-02 -1.31720200E-01  1.73502124E-03  7.67046760E-04  2.50206795E-03
  3.11999530E-01  2.75637507E-02 -1.31997153E-01  1.74232479E-03  7.59760384E-04  2.50208518E-03
  3.12999517E-01  2.74316166E-02 -1.32272795E-01  1.74960925E-03  7.52493565E-04  2.50210287E-03
  3.13999504E-01  2.72992067E-02 -1.32547110E-01  1.75687380E-03  7.45246711E-04  2.50212057E-03
  3.14999491E-01  2.71665230E-02 -1.32820100E-01  1.76411797E-03  7.38019997E-04  2.50213803E-03
  3.15999478E-01  2.70335674E-02 -1.33091763E-01  1.77134166E-03  7.30813772E-04  2.50215549E-03
  3.16999465E-01  2.69003399E-02 -1.33362100E-01  1.77854509E-03  7.23628269E-04  2.50217342E-03
  3.17999452E-01  2.67668441E-02 -1.33631110E-01  1.78572745E-03  7.16463954E-04  2.50219135E-03
  3.18999439E-01  2.66330782E-02 -1.33898780E-01  1.79288839E-03  7.09320884E-04  2.50220927E-03
  3.19999427E-01  2.64990479E-02 -1.34165108E-01  1.80002768E-03  7.02199526E-04  2.50222720E-03
  3.20999414E-01  2.63647512E-02 -1.34430096E-01  1.80714508E-03  6.95100112E-04  2.50224513E-03
  3.21999401E-01  2.62301881E-02 -1.34693742E-01  1.81424047E-03  6.88022759E-04  2.50226329E-03
  3.22999388E-01  2.60953642E-02 -1.34956047E-01  1.82131340E-03  6.80968049E-04  2.50228145E-03
  3.23999375E-01  2.59602778E-02 -1.35216996E-01  1.82836351E-03  6.73936040E-04  2.50229961E-03
  3.24999362E-01  2.58249305E-02 -1.35476604E-01  1.83539116E-03  6.66927022E-04  2.50231824E-03
  3.25999349E-01  2.56893262E-02 -1.35734856E-01  1.84239505E-03  6.59941463E-04  2.50233663E-03
  3.26999336E-01  2.55534630E-02 -1.35991752E-01  1.84937567E-03  6.52979477E-04  2.50235526E-03
  3.27999324E-01  2.54173428E-02 -1.36247292E-01  1.85633253E-03  6.46041299E-04  2.50237389E-03
  3.28999311E-01  2.52809692E-02 -1.36501461E-01  1.86326483E-03  6.39127393E-04  2.50239228E-03
  3.29999298E-01  2.51443405E-02 -1.36754274E-01  1.87017326E-03  6.32237876E-04  2.50241114E-03
  3.30999285E-01  2.50074621E-02 -1.37005717E-01  1.87705667E-03  6.25373155E-04  2.50242976E-03
  3.31999272E-01  2.48703323E-02 -1.37255788E-01  1.88391504E-03  6.18533406E-04  2.50244839E-03
  3.32999259E-01  2.47329511E-02 -1.37504488E-01  1.89074839E-03  6.11718860E-04  2.50246725E-03
  3.33999246E-01  2.45953240E-02 -1.37751818E-01  1.89755636E-03  6.04929985E-04  2.50248634E-03
  3.34999233E-01  2.44574491E-02 -1.37997776E-01  1.90433860E-03  5.98166836E-04  2.50250543E-03
  3.35999221E-01  2.43193284E-02 -1.38242349E-01  1.91109476E-03  5.91429707E-04  2.50252453E-03
  3.36999208E-01  2.41809655E-02 -1.38485536E-01  1.91782438E-03  5.84719121E-04  2.50254339E-03
  3.37999195E-01  2.40423586E-02 -1.38727352E-01  1.92452781E-03  5.78035018E-04  2.50256294E-03
  3.38999182E-01  2.39035096E-02 -1.38967782E-01  1.93120446E-03  5.71377750E-04  2.50258227E-03
  3.39999169E-01  2.37644222E-02 -1.39206812E-01  1.93785375E-03  5.64747781E-04  2.50260159E-03
  3.40999156E-01  2.36250963E-02 -1.39444456E-01  1.94447569E-03  5.58145170E-04  2.50262092E-03
  3.41999143E-01  2.34855339E-02 -1.39680713E-01  1.95107015E-03  5.51570323E-04  2.50264048E-03
  3.42999130E-01  2.33457349E-02 -1.39915571E-01  1.95763679E-03  5.45023358E-04  2.50266027E-03
  3.43999118E-01  2.32057013E-02 -1.40149027E-01  1.96417491E-03  5.38504566E-04  2.50267936E-03
  3.44999105E-01  2.30654366E-02 -1.40381083E-01  1.97068485E-03  5.32014354E-04  2.50269915E-03
  3.45999092E-01  2.29249392E-02 -1.40611738E-01  1.97716616E-03  5.25552838E-04  2.50271894E-03
  3.46999079E-01  2.27842126E-02 -1.40840992E-01  1.98361860E-03  5.19120367E-04  2.50273896E-03
  3.47999066E-01  2.26432588E-02 -1.41068831E-01  1.99004146E-03  5.12717175E-04  2.50275852E-03
  3.48999053E-01  2.25020759E-02 -1.41295269E-01  1.99643523E-03  5.06343436E-04  2.50277855E-03
  3.49999040E-01  2.23606694E-02 -1.41520292E-01  2.00279942E-03  4.99999558E-04  2.50279903E-03
  3.50999027E-01  2.22190376E-02 -1.41743898E-01  2.00913334E-03  4.93685657E-04  2.50281906E-03
  3.51999015E-01  2.20771823E-02 -1.41966090E-01  2.01543700E-03  4.87401965E-04  2.50283908E-03
  3.52999002E-01  2.19351072E-02 -1.42186865E-01  2.02171039E-03  4.81148920E-04  2.50285934E-03
  3.53998989E-01  2.17928104E-02 -1.42406210E-01  2.02795281E-03  4.74926579E-04  2.50287936E-03
  3.54998976E-01  2.16502957E-02 -1.42624140E-01  2.03416473E-03  4.68735292E-04  2.50290008E-03
  3.55998963E-01  2.15075631E-02 -1.42840639E-01  2.04034499E-03  4.62575263E-04  2.50292034E-03
  3.56998950E-01  2.13646144E-02 -1.43055707E-01  2.04649358E-03  4.56446753E-04  2.50294036E-03
  3.57998937E-01  2.12214533E-02 -1.43269360E-01  2.05261097E-03  4.50350082E-04  2.50296108E-03
  3.58998924E-01  2.10780781E-02 -1.43481568E-01  2.05869600E-03  4.44285368E-04  2.50298134E-03
  3.59998912E-01  2.09344905E-02 -1.43692344E-01  2.06474913E-03  4.38252900E-04  2.50300206E-03
  3.60998899E-01  2.07906943E-02 -1.43901691E-01  2.07076967E-03  4.32252971E-04  2.50302255E-03
  3.61998886E-01  2.06466876E-02 -1.44109592E-01  2.07675761E-03  4.26285696E-04  2.50304327E-03
  3.62998873E-01  2.05024760E-02 -1.44316062E-01  2.08271272E-03  4.20351513E-04  2.50306423E-03
  3.63998860E-01  2.03580577E-02 -1.44521087E-01  2.08863453E-03  4.14450507E-04  2.50308495E-03
  3.64998847E-01  2.02134345E-02 -1.44724667E-01  2.09452282E-03  4.08582942E-04  2.50310567E-03
  3.65998834E-01  2.00686101E-02 -1.44926801E-01  2.10037781E-03  4.02749109E-04  2.50312686E-03
  3.66998821E-01  1.99235827E-02 -1.45127490E-01  2.10619881E-03  3.96949152E-04  2.50314805E-03
  3.67998809E-01  1.97783560E-02 -1.45326719E-01  2.11198558E-03  3.91183363E-04  2.50316900E-03
  3.68998796E-01  1.96329299E-02 -1.45524502E-01  2.11773813E-03  3.85451945E-04  2.50319019E-03
  3.69998783E-01  1.94873065E-02 -1.45720825E-01  2.12345598E-03  3.79755103E-04  2.50321114E-03
  3.70998770E-01  1.93414893E-02 -1.45915702E-01  2.12913915E-03  3.74093215E-04  2.50323233E-03
  3.71998757E-01  1.91954765E-02 -1.46109119E-01  2.13478762E-03  3.68466310E-04  2.50325399E-03
  3.72998744E-01  1.90492701E-02 -1.46301076E-01  2.14040070E-03  3.62874678E-04  2.50327541E-03
  3.73998731E-01  1.89028736E-02 -1.46491572E-01  2.14597816E-03  3.57318640E-04  2.50329683E-03
  3.74998719E-01  1.87562872E-02 -1.46680608E-01  2.15152022E-03  3.51798313E-04  2.50331848E-03
  3.75998706E-01  1.86095126E-02 -1.46868169E-01  2.15702597E-03  3.46313958E-04  2.50333990E-03
  3.76998693E-01  1.84625518E-02 -1.47054270E-01  2.16249586E-03  3.40865809E-04  2.50336155E-03
  3.77998680E-01  1.83154047E-02 -1.47238895E-01  2.16792920E-03  3.35454039E-04  2.50338321E-03
  3.78998667E-01  1.81680750E-02 -1.47422045E-01  2.17332598E-03  3.30078939E-04  2.50340486E-03
  3.79998654E-01  1.80205610E-02 -1.47603720E-01  2.17868574E-03  3.24740628E-04  2.50342628E-03
  3.80998641E-01  1.78728681E-02 -1.47783920E-01  2.18400871E-03  3.19439423E-04  2.50344817E-03
  3.81998628E-01  1.77249946E-02 -1.47962645E-01  2.18929444E-03  3.14175442E-04  2.50346982E-03
  3.82998616E-01  1.75769422E-02 -1.48139894E-01  2.19454290E-03  3.08948889E-04  2.50349171E-03
  3.83998603E-01  1.74287148E-02 -1.48315668E-01  2.19975389E-03  3.03760113E-04  2.50351406E-03
  3.84998590E-01  1.72803123E-02 -1.48489952E-01  2.20492645E-03  2.98609200E-04  2.50353571E-03
  3.85998577E-01  1.71317365E-02 -1.48662761E-01  2.21006176E-03  2.93496385E-04  2.50355806E-03
  3.86998564E-01  1.69829875E-02 -1.48834080E-01  2.21515843E-03  2.88421870E-04  2.50358041E-03
  3.87998551E-01  1.68340672E-02 -1.49003908E-01  2.22021644E-03  2.83385831E-04  2.50360230E-03
  3.88998538E-01  1.66849792E-02 -1.49172246E-01  2.22523580E-03  2.78388528E-04  2.50362442E-03
  3.89998525E-01  1.65357236E-02 -1.49339095E-01  2.23021652E-03  2.73430167E-04  2.50364677E-03
  3.90998513E-01  1.63863022E-02 -1.49504453E-01  2.23515811E-03  2.68510892E-04  2.50366889E-03
  3.91998500E-01  1.62367150E-02 -1.49668321E-01  2.24006060E-03  2.63630907E-04  2.50369147E-03
  3.92998487E-01  1.60869639E-02 -1.49830684E-01  2.24492350E-03  2.58790416E-04  2.50371383E-03
  3.93998474E-01  1.59370527E-02 -1.49991557E-01  2.24974682E-03  2.53989652E-04  2.50373641E-03
  3.94998461E-01  1.57869812E-02 -1.50150925E-01  2.25453009E-03  2.49228789E-04  2.50375876E-03
  3.95998448E-01  1.56367514E-02 -1.50308788E-01  2.25927308E-03  2.44508003E-04  2.50378111E-03
  3.96998435E-01  1.54863643E-02 -1.50465161E-01  2.26397649E-03  2.39827481E-04  2.50380393E-03
  3.97998422E-01  1.53358215E-02 -1.50620028E-01  2.26863916E-03  2.35187428E-04  2.50382652E-03
  3.98998410E-01  1.51851252E-02 -1.50773391E-01  2.27326155E-03  2.30588033E-04  2.50384957E-03
  3.99998397E-01  1.50342751E-02 -1.50925249E-01  2.27784319E-03  2.26029428E-04  2.50387262E-03
  4.00998384E-01  1.48832742E-02 -1.51075587E-01  2.28238339E-03  2.21511858E-04  2.50389520E-03
  4.01998371E-01  1.47321243E-02 -1.51224419E-01  2.28688261E-03  2.17035486E-04  2.50391802E-03
  4.02998358E-01  1.45808263E-02 -1.51371747E-01  2.29134061E-03  2.12600498E-04  2.50394107E-03
  4.03998345E-01  1.44293820E-02 -1.51517555E-01  2.29575695E-03  2.08207071E-04  2.50396412E-03
  4.04998332E-01  1.42777925E-02 -1.51661843E-01  2.30013160E-03  2.03855365E-04  2.50398694E-03
  4.05998319E-01  1.41260587E-02 -1.51804626E-01  2.30446435E-03  1.99545539E-04  2.50400999E-03
  4.06998307E-01  1.39741832E-02 -1.51945889E-01  2.30875541E-03  1.95277797E-04  2.50403327E-03
  4.07998294E-01  1.38221672E-02 -1.52085632E-01  2.31300388E-03  1.91052299E-04  2.50405609E-03
  4.08998281E-01  1.36700124E-02 -1.52223855E-01  2.31721043E-03  1.86869234E-04  2.50407960E-03
  4.09998268E-01  1.35177206E-02 -1.52360559E-01  2.32137414E-03  1.82728778E-04  2.50410289E-03
  4.10998255E-01  1.33652920E-02 -1.52495742E-01  2.32549524E-03  1.78631031E-04  2.50412617E-03
  4.11998242E-01  1.32127292E-02 -1.52629390E-01  2.32957304E-03  1.74576213E-04  2.50414922E-03
  4.12998229E-01  1.30600333E-02 -1.52761519E-01  2.33360822E-03  1.70564468E-04  2.50417273E-03
  4.13998216E-01  1.29072070E-02 -1.52892113E-01  2.33759987E-03  1.66595986E-04  2.50419579E-03
  4.14998204E-01  1.27542503E-02 -1.53021187E-01  2.34154845E-03  1.62670898E-04  2.50421930E-03
  4.15998191E-01  1.26011660E-02 -1.53148726E-01  2.34545325E-03  1.58789378E-04  2.50424258E-03
  4.16998178E-01  1.24479542E-02 -1.53274730E-01  2.34931428E-03  1.54951558E-04  2.50426587E-03
  4.17998165E-01  1.22946175E-02 -1.53399214E-01  2.35313200E-03  1.51157612E-04  2.50428962E-03
  4.18998152E-01  1.21411569E-02 -1.53522164E-01  2.35690549E-03  1.47407685E-04  2.50431313E-03
  4.19998139E-01  1.19875744E-02 -1.53643578E-01  2.36063497E-03  1.43701938E-04  2.50433688E-03
  4.20998126E-01  1.18338708E-02 -1.53763458E-01  2.36432021E-03  1.40040502E-04  2.50436063E-03
  4.21998113E-01  1.16800480E-02 -1.53881803E-01  2.36796099E-03  1.36423521E-04  2.50438461E-03
  4.22998101E-01  1.15261078E-02 -1.53998598E-01  2.37155682E-03  1.32851157E-04  2.50440789E-03
  4.23998088E-01  1.13720512E-02 -1.54113859E-01  2.37510819E-03  1.29323555E-04  2.50443164E-03
  4.24998075E-01  1.12178801E-02 -1.54227585E-01  2.37861485E-03  1.25840830E-04  2.50445562E-03
  4.25998062E-01  1.10635962E-02 -1.54339761E-01  2.38207611E-03  1.22403158E-04  2.50447937E-03
  4.26998049E-01  1.09092016E-02 -1.54450402E-01  2.38549267E-03  1.19010678E-04  2.50450335E-03
  4.27998036E-01  1.07546961E-02 -1.54559493E-01  2.38886359E-03  1.15663490E-04  2.50452710E-03
  4.28998023E-01  1.06000826E-02 -1.54667035E-01  2.39218934E-03  1.12361748E-04  2.50455108E-03
  4.29998010E-01  1.04453629E-02 -1.54773042E-01  2.39546946E-03  1.09105604E-04  2.50457507E-03
  4.30997998E-01  1.02905380E-02 -1.54877499E-01  2.39870395E-03  1.05895175E-04  2.50459905E-03
  4.31997985E-01  1.01356097E-02 -1.54980406E-01  2.40189279E-03  1.02730584E-04  2.50462350E-03
  4.32997972E-01  9.98057891E-03 -1.55081764E-01  2.40503531E-03  9.96119561E-05  2.50464724E-03
  4.33997959E-01  9.82544664E-03 -1.55181572E-01  2.40813196E-03  9.65393992E-05  2.50467146E-03
  4.34997946E-01  9.67021566E-03 -1.55279830E-01  2.41118274E-03  9.35130738E-05  2.50469591E-03
  4.35997933E-01  9.51488782E-03 -1.55376539E-01  2.41418695E-03  9.05330890E-05  2.50472012E-03
  4.36997920E-01  9.35946405E-03 -1.55471683E-01  2.41714437E-03  8.75995684E-05  2.50474387E-03
  4.37997907E-01  9.20394622E-03 -1.55565277E-01  2.42005545E-03  8.47126284E-05  2.50476808E-03
  4.38997895E-01  9.04833525E-03 -1.55657321E-01  2.42292020E-03  8.18723711E-05  2.50479253E-03
  4.39997882E-01  8.89263209E-03 -1.55747801E-01  2.42573768E-03  7.90789054E-05  2.50481651E-03
  4.40997869E-01  8.73683952E-03 -1.55836731E-01  2.42850883E-03  7.63323624E-05  2.50484119E-03
  4.41997856E-01  8.58095940E-03 -1.55924097E-01  2.43123248E-03  7.36328657E-05  2.50486541E-03
  4.42997843E-01  8.42499267E-03 -1.56009912E-01  2.43390934E-03  7.09805026E-05  2.50488985E-03
  4.43997830E-01  8.26894119E-03 -1.56094164E-01  2.43653893E-03  6.83753897E-05  2.50491430E-03
  4.44997817E-01  8.11280590E-03 -1.56176850E-01  2.43912078E-03  6.58176214E-05  2.50493851E-03
  4.45997804E-01  7.95658771E-03 -1.56257972E-01  2.44165561E-03  6.33072850E-05  2.50496296E-03
  4.46997792E-01  7.80029036E-03 -1.56337544E-01  2.44414294E-03  6.08445298E-05  2.50498741E-03
  4.47997779E-01  7.64391385E-03 -1.56415552E-01  2.44658254E-03  5.84294175E-05  2.50501186E-03
  4.48997766E-01  7.48746004E-03 -1.56491995E-01  2.44897441E-03  5.60620574E-05  2.50503654E-03
  4.49997753E-01  7.33093079E-03 -1.56566873E-01  2.45131855E-03  5.37425476E-05  2.50506098E-03
  4.50997740E-01  7.17432704E-03 -1.56640187E-01  2.45361472E-03  5.14709682E-05  2.50508566E-03
  4.51997727E-01  7.01765111E-03 -1.56711936E-01  2.45586317E-03  4.92474283E-05  2.50511058E-03
  4.52997714E-01  6.86090440E-03 -1.56782106E-01  2.45806295E-03  4.70720079E-05  2.50513502E-03
  4.53997701E-01  6.70408783E-03 -1.56850711E-01  2.46021454E-03  4.49447944E-05  2.50515924E-03
  4.54997689E-01  6.54720375E-03 -1.56917751E-01  2.46231793E-03  4.28658786E-05  2.50518392E-03
  4.55997676E-01  6.39025355E-03 -1.56983227E-01  2.46437336E-03  4.08353408E-05  2.50520860E-03
  4.56997663E-01  6.23323815E-03 -1.57047123E-01  2.46637990E-03  3.88532571E-05  2.50523305E-03
  4.57997650E-01  6.07615989E-03 -1.57109454E-01  2.46833800E-03  3.69197187E-05  2.50525773E-03
  4.58997637E-01  5.91902016E-03 -1.57170221E-01  2.47024791E-03  3.50347982E-05  2.50528264E-03
  4.59997624E-01  5.76181989E-03 -1.57229409E-01  2.47210870E-03  3.31985684E-05  2.50530732E-03
  4.60997611E-01  5.60456142E-03 -1.57287031E-01  2.47392105E-03  3.14111094E-05  2.50533223E-03
  4.61997598E-01  5.44724660E-03 -1.57343075E-01  2.47568428E-03  2.96724957E-05  2.50535668E-03
  4.62997586E-01  5.28987637E-03 -1.57397553E-01  2.47739884E-03  2.79827927E-05  2.50538159E-03
  4.63997573E-01  5.13245212E-03 -1.57450452E-01  2.47906451E-03  2.63420643E-05  2.50540650E-03
  4.64997560E-01  4.97497618E-03 -1.57501772E-01  2.48068082E-03  2.47503885E-05  2.50543118E-03
  4.65997547E-01  4.81744995E-03 -1.57551527E-01  2.48224824E-03  2.32078237E-05  2.50545610E-03
  4.66997534E-01  4.65987436E-03 -1.57599702E-01  2.48376676E-03  2.17144297E-05  2.50548124E-03
  4.67997521E-01  4.50225128E-03 -1.57646298E-01  2.48523569E-03  2.02702668E-05  2.50550592E-03
  4.68997508E-01  4.34458256E-03 -1.57691315E-01  2.48665526E-03  1.88753984E-05  2.50553060E-03
  4.69997495E-01  4.18686913E-03 -1.57734767E-01  2.48802570E-03  1.75298737E-05  2.50555552E-03
  4.70997483E-01  4.02911333E-03 -1.57776639E-01  2.48934678E-03  1.62337546E-05  2.50558043E-03
  4.71997470E-01  3.87131632E-03 -1.57816932E-01  2.49061850E-03  1.49870903E-05  2.50560557E-03
  4.72997457E-01  3.71347996E-03 -1.57855645E-01  2.49184063E-03  1.37899333E-05  2.50563049E-03
  4.73997444E-01  3.55560565E-03 -1.57892779E-01  2.49301293E-03  1.26423320E-05  2.50565517E-03
  4.74997431E-01  3.39769525E-03 -1.57928333E-01  2.49413587E-03  1.15443327E-05  2.50568031E-03
  4.75997418E-01  3.23974993E-03 -1.57962307E-01  2.49520922E-03  1.04959800E-05  2.50570523E-03
  4.76997405E-01  3.08177131E-03 -1.57994702E-01  2.49623274E-03  9.49731475E-06  2.50573014E-03
  4.77997392E-01  2.92376126E-03 -1.58025518E-01  2.49720644E-03  8.54837981E-06  2.50575482E-03
  4.78997380E-01  2.76572118E-03 -1.58054754E-01  2.49813055E-03  7.64921333E-06  2.50577973E-03
  4.79997367E-01  2.60765268E-03 -1.58082411E-01  2.49900483E-03  6.79985260E-06  2.50580464E-03
  4.80997354E-01  2.44955719E-03 -1.58108488E-01  2.49982951E-03  6.00033036E-06  2.50582979E-03
  4.81997341E-01  2.29143631E-03 -1.58132985E-01  2.50060414E-03  5.25068026E-06  2.50585470E-03
  4.82997328E-01  2.13329191E-03 -1.58155903E-01  2.50132917E-03  4.55093459E-06  2.50588008E-03
  4.83997315E-01  1.97512540E-03 -1.58177242E-01  2.50200415E-03  3.90112018E-06  2.50590523E-03
  4.84997302E-01  1.81693828E-03 -1.58196986E-01  2.50262860E-03  3.30126477E-06  2.50592991E-03
  4.85997289E-01  1.65873219E-03 -1.58215150E-01  2.50320346E-03  2.75139246E-06  2.50595482E-03
  4.86997277E-01  1.50050875E-03 -1.58231735E-01  2.50372826E-03  2.25152644E-06  2.50597973E-03
  4.87997264E-01  1.34226959E-03 -1.58246741E-01  2.50420324E-03  1.80168763E-06  2.50600488E-03
  4.88997251E-01  1.18401612E-03 -1.58260167E-01  2.50462792E-03  1.40189411E-06  2.50602979E-03
  4.89997238E-01  1.02574995E-03 -1.58272013E-01  2.50500324E-03  1.05216293E-06  2.50605540E-03
  4.90997225E-01  8.67472845E-04 -1.58282265E-01  2.50532757E-03  7.52509152E-07  2.50608008E-03
  4.91997212E-01  7.09186192E-04 -1.58290938E-01  2.50560208E-03  5.02945056E-07  2.50610500E-03
  4.92997199E-01  5.50891680E-04 -1.58298030E-01  2.50582653E-03  3.03481642E-07  2.50612991E-03
  4.93997186E-01  3.92590882E-04 -1.58303544E-01  2.50600139E-03  1.54127605E-07  2.50615552E-03
  4.94997174E-01  2.34285370E-04 -1.58307463E-01  2.50612549E-03  5.48896359E-08  2.50618043E-03
  4.95997161E-01  7.59767208E-05 -1.58309802E-01  2.50619929E-03  5.77246206E-09  2.50620511E-03
  4.96997148E-01 -8.23334631E-05 -1.58310562E-01  2.50622351E-03  6.77879930E-09  2.50623026E-03
  4.97997135E-01 -2.40643625E-04 -1.58309743E-01  2.50619743E-03  5.79093538E-08  2.50625541E-03
  4.98997122E-01 -3.98952194E-04 -1.58307344E-01  2.50612153E-03  1.59162852E-07  2.50628078E-03
  4.99997109E-01 -5.57257561E-04 -1.58303350E-01  2.50599510E-03  3.10535995E-07  2.50630570E-03
  5.00997126E-01 -7.15558126E-04 -1.58297777E-01  2.50581861E-03  5.12023405E-07  2.50633061E-03
  5.01997113E-01 -8.73852347E-04 -1.58290625E-01  2.50559230E-03  7.63617948E-07  2.50635599E-03
  5.02997100E-01 -1.03213859E-03 -1.58281893E-01  2.50531593E-03  1.06531013E-06  2.50638113E-03
  5.03997087E-01 -1.19041535E-03 -1.58271566E-01  2.50498904E-03  1.41708870E-06  2.50640605E-03
  5.04997075E-01 -1.34868093E-03 -1.58259660E-01  2.50461209E-03  1.81894029E-06  2.50643096E-03
  5.05997062E-01 -1.50693383E-03 -1.58246174E-01  2.50418531E-03  2.27084956E-06  2.50645611E-03
  5.06997049E-01 -1.66517240E-03 -1.58231109E-01  2.50370847E-03  2.77279923E-06  2.50648125E-03
  5.07997036E-01 -1.82339514E-03 -1.58214465E-01  2.50318157E-03  3.32476975E-06  2.50650640E-03
  5.08997023E-01 -1.98160042E-03 -1.58196226E-01  2.50260462E-03  3.92674019E-06  2.50653131E-03
  5.09997010E-01 -2.13978672E-03 -1.58176407E-01  2.50197761E-03  4.57868737E-06  2.50655622E-03
  5.10996997E-01 -2.29795231E-03 -1.58155009E-01  2.50130077E-03  5.28058490E-06  2.50658137E-03
  5.11996984E-01 -2.45609600E-03 -1.58132032E-01  2.50057387E-03  6.03240778E-06  2.50660628E-03
  5.12996972E-01 -2.61421571E-03 -1.58107474E-01  2.49979738E-03  6.83412372E-06  2.50663143E-03
  5.13996959E-01 -2.77231005E-03 -1.58081338E-01  2.49897107E-03  7.68570317E-06  2.50665681E-03
  5.14996946E-01 -2.93037738E-03 -1.58053622E-01  2.49809469E-03  8.58711155E-06  2.50668172E-03
  5.15996933E-01 -3.08841630E-03 -1.58024311E-01  2.49716826E-03  9.53831568E-06  2.50670663E-03
  5.16996920E-01 -3.24642519E-03 -1.57993421E-01  2.49619200E-03  1.05392764E-05  2.50673131E-03
  5.17996907E-01 -3.40440241E-03 -1.57960951E-01  2.49516638E-03  1.15899556E-05  2.50675622E-03
  5.18996894E-01 -3.56234633E-03 -1.57926902E-01  2.49409070E-03  1.26903115E-05  2.50678090E-03
  5.19996881E-01 -3.72025534E-03 -1.57891273E-01  2.49296543E-03  1.38403002E-05  2.50680582E-03
  5.20996869E-01 -3.87812802E-03 -1.57854065E-01  2.49179057E-03  1.50398773E-05  2.50683050E-03
  5.21996856E-01 -4.03596275E-03 -1.57815278E-01  2.49056611E-03  1.62889955E-05  2.50685518E-03
  5.22996843E-01 -4.19375813E-03 -1.57774925E-01  2.48929276E-03  1.75876066E-05  2.50688032E-03
  5.23996830E-01 -4.35151206E-03 -1.57732993E-01  2.48796982E-03  1.89356579E-05  2.50690547E-03
  5.24996817E-01 -4.50922316E-03 -1.57689482E-01  2.48659728E-03  2.03330928E-05  2.50693038E-03
  5.25996804E-01 -4.66689048E-03 -1.57644391E-01  2.48517538E-03  2.17798661E-05  2.50695529E-03
  5.26996791E-01 -4.82451171E-03 -1.57597721E-01  2.48370413E-03  2.32759139E-05  2.50697997E-03
  5.27996778E-01 -4.98208543E-03 -1.57549471E-01  2.48218374E-03  2.48211745E-05  2.50700489E-03
  5.28996766E-01 -5.13961026E-03 -1.57499656E-01  2.48061423E-03  2.64155933E-05  2.50702980E-03
  5.29996753E-01 -5.29708434E-03 -1.57448262E-01  2.47899559E-03  2.80591030E-05  2.50705471E-03
  5.30996740E-01 -5.45450626E-03 -1.57395288E-01  2.47732783E-03  2.97516381E-05  2.50707939E-03
  5.31996727E-01 -5.61187416E-03 -1.57340750E-01  2.47561117E-03  3.14931312E-05  2.50710431E-03
  5.32996714E-01 -5.76918712E-03 -1.57284632E-01  2.47384561E-03  3.32835189E-05  2.50712922E-03
  5.33996701E-01 -5.92644280E-03 -1.57226935E-01  2.47203093E-03  3.51227245E-05  2.50715367E-03
  5.34996688E-01 -6.08363980E-03 -1.57167673E-01  2.47016782E-03  3.70106718E-05  2.50717858E-03
  5.35996675E-01 -6.24077721E-03 -1.57106832E-01  2.46825581E-03  3.89472989E-05  2.50720303E-03
  5.36996663E-01 -6.39785267E-03 -1.57044426E-01  2.46629515E-03  4.09325185E-05  2.50722771E-03
  5.37996650E-01 -6.55486481E-03 -1.56980440E-01  2.46428582E-03  4.29662541E-05  2.50725215E-03
  5.38996637E-01 -6.71181269E-03 -1.56914890E-01  2.46222829E-03  4.50484295E-05  2.50727683E-03
  5.39996624E-01 -6.86869398E-03 -1.56847775E-01  2.46012257E-03  4.71789572E-05  2.50730151E-03
  5.40996611E-01 -7.02550728E-03 -1.56779081E-01  2.45796796E-03  4.93577536E-05  2.50732573E-03
  5.41996598E-01 -7.18225166E-03 -1.56708822E-01  2.45576561E-03  5.15847387E-05  2.50735041E-03
  5.42996585E-01 -7.33892480E-03 -1.56636998E-01  2.45351507E-03  5.38598179E-05  2.50737485E-03
  5.43996572E-01 -7.49552483E-03 -1.56563610E-01  2.45121657E-03  5.61828929E-05  2.50739953E-03
  5.44996560E-01 -7.65205128E-03 -1.56488657E-01  2.44887010E-03  5.85538874E-05  2.50742398E-03
  5.45996547E-01 -7.80850183E-03 -1.56412140E-01  2.44647590E-03  6.09726994E-05  2.50744866E-03
  5.46996534E-01 -7.96487462E-03 -1.56334057E-01  2.44403374E-03  6.34392272E-05  2.50747288E-03
  5.47996521E-01 -8.12116824E-03 -1.56254411E-01  2.44154409E-03  6.59533762E-05  2.50749756E-03
  5.48996508E-01 -8.27738177E-03 -1.56173199E-01  2.43900693E-03  6.85150517E-05  2.50752200E-03
  5.49996495E-01 -8.43351427E-03 -1.56090423E-01  2.43642204E-03  7.11241664E-05  2.50754622E-03
  5.50996482E-01 -8.58956296E-03 -1.56006083E-01  2.43378966E-03  7.37805894E-05  2.50757020E-03
  5.51996469E-01 -8.74552596E-03 -1.55920193E-01  2.43111071E-03  7.64842262E-05  2.50759488E-03
  5.52996457E-01 -8.90140235E-03 -1.55832738E-01  2.42838426E-03  7.92349674E-05  2.50761933E-03
  5.53996444E-01 -9.05719027E-03 -1.55743718E-01  2.42561079E-03  8.20326968E-05  2.50764354E-03
  5.54996431E-01 -9.21288878E-03 -1.55653149E-01  2.42279028E-03  8.48773198E-05  2.50766752E-03
  5.55996418E-01 -9.36849602E-03 -1.55561015E-01  2.41992297E-03  8.77687198E-05  2.50769174E-03
  5.56996405E-01 -9.52401012E-03 -1.55467331E-01  2.41700909E-03  9.07067661E-05  2.50771595E-03
  5.57996392E-01 -9.67943016E-03 -1.55372098E-01  2.41404888E-03  9.36913711E-05  2.50774017E-03
  5.58996379E-01 -9.83475428E-03 -1.55275300E-01  2.41104211E-03  9.67223896E-05  2.50776438E-03
  5.59996367E-01 -9.98998061E-03 -1.55176952E-01  2.40798877E-03  9.97997122E-05  2.50778859E-03
  5.60996354E-01 -1.01451073E-02 -1.55077055E-01  2.40488932E-03  1.02923201E-04  2.50781258E-03
  5.61996341E-01 -1.03001343E-02 -1.54975608E-01  2.40174378E-03  1.06092768E-04  2.50783656E-03
  5.62996328E-01 -1.04550589E-02 -1.54872611E-01  2.39855261E-03  1.09308254E-04  2.50786077E-03
  5.63996315E-01 -1.06098792E-02 -1.54768065E-01  2.39531556E-03  1.12569534E-04  2.50788499E-03
  5.64996302E-01 -1.07645942E-02 -1.54661968E-01  2.39203242E-03  1.15876486E-04  2.50790897E-03
  5.65996289E-01 -1.09192021E-02 -1.54554322E-01  2.38870387E-03  1.19228978E-04  2.50793295E-03
  5.66996276E-01 -1.10737011E-02 -1.54445127E-01  2.38532969E-03  1.22626850E-04  2.50795647E-03
  5.67996264E-01 -1.12280911E-02 -1.54334396E-01  2.38191057E-03  1.26070023E-04  2.50798068E-03
  5.68996251E-01 -1.13823693E-02 -1.54222116E-01  2.37844605E-03  1.29558335E-04  2.50800443E-03
  5.69996238E-01 -1.15365349E-02 -1.54108286E-01  2.37493659E-03  1.33091642E-04  2.50802818E-03
  5.70996225E-01 -1.16905859E-02 -1.53992921E-01  2.37138197E-03  1.36669798E-04  2.50805169E-03
  5.71996212E-01 -1.18445205E-02 -1.53876022E-01  2.36778311E-03  1.40292672E-04  2.50807567E-03
  5.72996199E-01 -1.19983368E-02 -1.53757572E-01  2.36413907E-03  1.43960089E-04  2.50809919E-03
  5.73996186E-01 -1.21520348E-02 -1.53637588E-01  2.36045080E-03  1.47671948E-04  2.50812271E-03
  5.74996173E-01 -1.23056117E-02 -1.53516069E-01  2.35671829E-03  1.51428074E-04  2.50814646E-03
  5.75996161E-01 -1.24590667E-02 -1.53393015E-01  2.35294178E-03  1.55228350E-04  2.50817020E-03
  5.76996148E-01 -1.26123978E-02 -1.53268427E-01  2.34912126E-03  1.59072573E-04  2.50819372E-03
  5.77996135E-01 -1.27656031E-02 -1.53142303E-01  2.34525651E-03  1.62960627E-04  2.50821724E-03
  5.78996122E-01 -1.29186809E-02 -1.53014645E-01  2.34134821E-03  1.66892321E-04  2.50824052E-03
  5.79996109E-01 -1.30716311E-02 -1.52885452E-01  2.33739614E-03  1.70867541E-04  2.50826357E-03
  5.80996096E-01 -1.32244518E-02 -1.52754739E-01  2.33340100E-03  1.74886125E-04  2.50828709E-03
  5.81996083E-01 -1.33771403E-02 -1.52622491E-01  2.32936256E-03  1.78947885E-04  2.50831037E-03
  5.82996070E-01 -1.35296956E-02 -1.52488723E-01  2.32528127E-03  1.83052660E-04  2.50833388E-03
  5.83996058E-01 -1.36821168E-02 -1.52353421E-01  2.32115644E-03  1.87200319E-04  2.50835670E-03
  5.84996045E-01 -1.38344020E-02 -1.52216598E-01  2.31698924E-03  1.91390674E-04  2.50837998E-03
  5.85996032E-01 -1.39865493E-02 -1.52078256E-01  2.31277966E-03  1.95623565E-04  2.50840327E-03
  5.86996019E-01 -1.41385579E-02 -1.51938394E-01  2.30852771E-03  1.99898815E-04  2.50842655E-03
  5.87996006E-01 -1.42904259E-02 -1.51797011E-01  2.30423338E-03  2.04216267E-04  2.50844960E-03
  5.88995993E-01 -1.44421514E-02 -1.51654109E-01  2.29989691E-03  2.08575744E-04  2.50847265E-03
  5.89995980E-01 -1.45937325E-02 -1.51509687E-01  2.29551853E-03  2.12977029E-04  2.50849547E-03
  5.90995967E-01 -1.47451693E-02 -1.51363745E-01  2.29109847E-03  2.17420020E-04  2.50851852E-03
  5.91995955E-01 -1.48964599E-02 -1.51216298E-01  2.28663697E-03  2.21904513E-04  2.50854157E-03
  5.92995942E-01 -1.50476014E-02 -1.51067331E-01  2.28213402E-03  2.26430304E-04  2.50856439E-03
  5.93995929E-01 -1.51985930E-02 -1.50916860E-01  2.27758987E-03  2.30997233E-04  2.50858720E-03
  5.94995916E-01 -1.53494338E-02 -1.50764868E-01  2.27300450E-03  2.35605112E-04  2.50860956E-03
  5.95995903E-01 -1.55001227E-02 -1.50611371E-01  2.26837839E-03  2.40253808E-04  2.50863214E-03
  5.96995890E-01 -1.56506561E-02 -1.50456369E-01  2.26371200E-03  2.44943047E-04  2.50865496E-03
  5.97995877E-01 -1.58010349E-02 -1.50299862E-01  2.25900486E-03  2.49672710E-04  2.50867754E-03
  5.98995864E-01 -1.59512572E-02 -1.50141850E-01  2.25425768E-03  2.54442595E-04  2.50870036E-03
  5.99995852E-01 -1.61013193E-02 -1.49982333E-01  2.24946998E-03  2.59252498E-04  2.50872248E-03
  6.00995839E-01 -1.62512213E-02 -1.49821326E-01  2.24464294E-03  2.64102186E-04  2.50874506E-03
  6.01995826E-01 -1.64009612E-02 -1.49658814E-01  2.23977608E-03  2.68991542E-04  2.50876765E-03
  6.02995813E-01 -1.65505372E-02 -1.49494797E-01  2.23486940E-03  2.73920276E-04  2.50878977E-03
  6.03995800E-01 -1.66999493E-02 -1.49329290E-01  2.22992385E-03  2.78888299E-04  2.50881212E-03
  6.04995787E-01 -1.68491956E-02 -1.49162292E-01  2.22493894E-03  2.83895381E-04  2.50883424E-03
  6.05995774E-01 -1.69982743E-02 -1.48993805E-01  2.21991539E-03  2.88941315E-04  2.50885682E-03
  6.06995761E-01 -1.71471816E-02 -1.48823828E-01  2.21485319E-03  2.94025842E-04  2.50887894E-03
  6.07995749E-01 -1.72959194E-02 -1.48652360E-01  2.20975257E-03  2.99148815E-04  2.50890129E-03
  6.08995736E-01 -1.74444858E-02 -1.48479402E-01  2.20461329E-03  3.04310088E-04  2.50892341E-03
  6.09995723E-01 -1.75928771E-02 -1.48304954E-01  2.19943607E-03  3.09509313E-04  2.50894530E-03
  6.10995710E-01 -1.77410953E-02 -1.48129031E-01  2.19422090E-03  3.14746459E-04  2.50896742E-03
  6.11995697E-01 -1.78891346E-02 -1.47951618E-01  2.18896824E-03  3.20021150E-04  2.50898930E-03
  6.12995684E-01 -1.80369969E-02 -1.47772729E-01  2.18367809E-03  3.25333269E-04  2.50901142E-03
  6.13995671E-01 -1.81846805E-02 -1.47592366E-01  2.17835070E-03  3.30682611E-04  2.50903331E-03
  6.14995658E-01 -1.83321815E-02 -1.47410512E-01  2.17298581E-03  3.36068886E-04  2.50905473E-03
  6.15995646E-01 -1.84795000E-02 -1.47227183E-01  2.16758437E-03  3.41491919E-04  2.50907638E-03
  6.16995633E-01 -1.86266340E-02 -1.47042394E-01  2.16214661E-03  3.46951507E-04  2.50909803E-03
  6.17995620E-01 -1.87735837E-02 -1.46856129E-01  2.15667230E-03  3.52447445E-04  2.50911969E-03
  6.18995607E-01 -1.89203471E-02 -1.46668389E-01  2.15116167E-03  3.57979530E-04  2.50914111E-03
  6.19995594E-01 -1.90669205E-02 -1.46479189E-01  2.14561517E-03  3.63547471E-04  2.50916276E-03
  6.20995581E-01 -1.92133039E-02 -1.46288514E-01  2.14003283E-03  3.69151036E-04  2.50918395E-03
  6.21995568E-01 -1.93594955E-02 -1.46096379E-01  2.13441509E-03  3.74790077E-04  2.50920514E-03
  6.22995555E-01 -1.95054952E-02 -1.45902783E-01  2.12876219E-03  3.80464335E-04  2.50922656E-03
  6.23995543E-01 -1.96513012E-02 -1.45707726E-01  2.12307437E-03  3.86173633E-04  2.50924798E-03
  6.24995530E-01 -1.97969098E-02 -1.45511210E-01  2.11735140E-03  3.91917623E-04  2.50926893E-03
  6.25995517E-01 -1.99423227E-02 -1.45313248E-01  2.11159396E-03  3.97696247E-04  2.50929012E-03
  6.26995504E-01 -2.00875346E-02 -1.45113826E-01  2.10580230E-03  4.03509039E-04  2.50931131E-03
  6.27995491E-01 -2.02325471E-02 -1.44912943E-01  2.09997618E-03  4.09355969E-04  2.50933226E-03
  6.28995478E-01 -2.03773603E-02 -1.44710615E-01  2.09411629E-03  4.15236806E-04  2.50935322E-03
  6.29995465E-01 -2.05219686E-02 -1.44506842E-01  2.08822265E-03  4.21151199E-04  2.50937394E-03
  6.30995452E-01 -2.06663739E-02 -1.44301623E-01  2.08229595E-03  4.27099003E-04  2.50939489E-03
  6.31995440E-01 -2.08105724E-02 -1.44094959E-01  2.07633595E-03  4.33079927E-04  2.50941585E-03
  6.32995427E-01 -2.09545624E-02 -1.43886849E-01  2.07034266E-03  4.39093681E-04  2.50943634E-03
  6.33995414E-01 -2.10983455E-02 -1.43677309E-01  2.06431700E-03  4.45140176E-04  2.50945706E-03
  6.34995401E-01 -2.12419163E-02 -1.43466324E-01  2.05825875E-03  4.51219006E-04  2.50947778E-03
  6.35995388E-01 -2.13852767E-02 -1.43253908E-01  2.05216813E-03  4.57330054E-04  2.50949827E-03
  6.36995375E-01 -2.15284247E-02 -1.43040061E-01  2.04604585E-03  4.63473058E-04  2.50951899E-03
  6.37995362E-01 -2.16713566E-02 -1.42824784E-01  2.03989190E-03  4.69647697E-04  2.50953948E-03
  6.38995349E-01 -2.18140725E-02 -1.42608076E-01  2.03370652E-03  4.75853769E-04  2.50956020E-03
  6.39995337E-01 -2.19565704E-02 -1.42389938E-01  2.02748948E-03  4.82090982E-04  2.50958046E-03
  6.40995324E-01 -2.20988505E-02 -1.42170370E-01  2.02124147E-03  4.88359190E-04  2.50960072E-03
  6.41995311E-01 -2.22409107E-02 -1.41949385E-01  2.01496272E-03  4.94658132E-04  2.50962097E-03
  6.42995298E-01 -2.23827474E-02 -1.41726971E-01  2.00865348E-03  5.00987400E-04  2.50964100E-03
  6.43995285E-01 -2.25243624E-02 -1.41503140E-01  2.00231397E-03  5.07346878E-04  2.50966079E-03
  6.44995272E-01 -2.26657540E-02 -1.41277894E-01  1.99594442E-03  5.13736391E-04  2.50968081E-03
  6.45995259E-01 -2.28069182E-02 -1.41051233E-01  1.98954507E-03  5.20155532E-04  2.50970060E-03
  6.46995246E-01 -2.29478553E-02 -1.40823171E-01  1.98311661E-03  5.26604068E-04  2.50972062E-03
  6.47995234E-01 -2.30885632E-02 -1.40593693E-01  1.97665859E-03  5.33081766E-04  2.50974041E-03
  6.48995221E-01 -2.32290421E-02 -1.40362814E-01  1.97017193E-03  5.39588393E-04  2.50976020E-03
  6.49995208E-01 -2.33692899E-02 -1.40130520E-01  1.96365616E-03  5.46123716E-04  2.50977976E-03
  6.50995195E-01 -2.35093031E-02 -1.39896825E-01  1.95711222E-03  5.52687328E-04  2.50979955E-03
  6.51995182E-01 -2.36490835E-02 -1.39661729E-01  1.95053988E-03  5.59279171E-04  2.50981911E-03
  6.52995169E-01 -2.37886272E-02 -1.39425233E-01  1.94393960E-03  5.65898779E-04  2.50983844E-03
  6.53995156E-01 -2.39279326E-02 -1.39187351E-01  1.93731196E-03  5.72545978E-04  2.50985799E-03
  6.54995143E-01 -2.40670014E-02 -1.38948068E-01  1.93065649E-03  5.79220534E-04  2.50987709E-03
  6.55995131E-01 -2.42058281E-02 -1.38707399E-01  1.92397425E-03  5.85922098E-04  2.50989641E-03
  6.56995118E-01 -2.43444145E-02 -1.38465345E-01  1.91726524E-03  5.92650496E-04  2.50991574E-03
  6.57995105E-01 -2.44827587E-02 -1.38221905E-01  1.91052945E-03  5.99405495E-04  2.50993483E-03
  6.58995092E-01 -2.46208571E-02 -1.37977079E-01  1.90376758E-03  6.06186630E-04  2.50995415E-03
  6.59995079E-01 -2.47587115E-02 -1.37730867E-01  1.89697917E-03  6.12993783E-04  2.50997301E-03
  6.60995066E-01 -2.48963200E-02 -1.37483284E-01  1.89016538E-03  6.19826722E-04  2.50999210E-03
  6.61995053E-01 -2.50336789E-02 -1.37234315E-01  1.88332575E-03  6.26685098E-04  2.51001073E-03
  6.62995040E-01 -2.51707882E-02 -1.36983976E-01  1.87646097E-03  6.33568561E-04  2.51002959E-03
  6.63995028E-01 -2.53076460E-02 -1.36732265E-01  1.86957128E-03  6.40476937E-04  2.51004822E-03
  6.64995015E-01 -2.54442524E-02 -1.36479184E-01  1.86265667E-03  6.47409994E-04  2.51006661E-03
  6.65995002E-01 -2.55806055E-02 -1.36224747E-01  1.85571820E-03  6.54367381E-04  2.51008570E-03
  6.66994989E-01 -2.57167015E-02 -1.35968938E-01  1.84875529E-03  6.61348749E-04  2.51010410E-03
  6.67994976E-01 -2.58525424E-02 -1.35711774E-01  1.84176862E-03  6.68353925E-04  2.51012249E-03
  6.68994963E-01 -2.59881262E-02 -1.35453254E-01  1.83475844E-03  6.75382675E-04  2.51014112E-03
  6.69994950E-01 -2.61234492E-02 -1.35193378E-01  1.82772509E-03  6.82434591E-04  2.51015974E-03
  6.70994937E-01 -2.62585115E-02 -1.34932145E-01  1.82066846E-03  6.89509441E-04  2.51017790E-03
  6.71994925E-01 -2.63933130E-02 -1.34669557E-01  1.81358901E-03  6.96606992E-04  2.51019606E-03
  6.72994912E-01 -2.65278500E-02 -1.34405628E-01  1.80648733E-03  7.03726837E-04  2.51021422E-03
  6.73994899E-01 -2.66621225E-02 -1.34140342E-01  1.79936306E-03  7.10868801E-04  2.51023192E-03
  6.74994886E-01 -2.67961286E-02 -1.33873716E-01  1.79221726E-03  7.18032534E-04  2.51024985E-03
  6.75994873E-01 -2.69298684E-02 -1.33605748E-01  1.78504956E-03  7.25217804E-04  2.51026731E-03
  6.76994860E-01 -2.70633399E-02 -1.33336455E-01  1.77786115E-03  7.32424378E-04  2.51028547E-03
  6.77994847E-01 -2.71965396E-02 -1.33065820E-01  1.77065120E-03  7.39651790E-04  2.51030293E-03
  6.78994834E-01 -2.73294691E-02 -1.32793859E-01  1.76342099E-03  7.46899866E-04  2.51032086E-03
  6.79994822E-01 -2.74621267E-02 -1.32520571E-01  1.75617018E-03  7.54168374E-04  2.51033856E-03
  6.80994809E-01 -2.75945086E-02 -1.32245943E-01  1.74889900E-03  7.61456904E-04  2.51035579E-03
  6.81994796E-01 -2.77266167E-02 -1.31970003E-01  1.74160826E-03  7.68765283E-04  2.51037348E-03
  6.82994783E-01 -2.78584491E-02 -1.31692737E-01  1.73429772E-03  7.76093162E-04  2.51039094E-03
  6.83994770E-01 -2.79900022E-02 -1.31414160E-01  1.72696821E-03  7.83440250E-04  2.51040841E-03
  6.84994757E-01 -2.81212758E-02 -1.31134257E-01  1.71961938E-03  7.90806138E-04  2.51042563E-03
  6.85994744E-01 -2.82522701E-02 -1.30853042E-01  1.71225180E-03  7.98190769E-04  2.51044263E-03
  6.86994731E-01 -2.83829812E-02 -1.30570516E-01  1.70486595E-03  8.05593620E-04  2.51045963E-03
  6.87994719E-01 -2.85134111E-02 -1.30286694E-01  1.69746228E-03  8.13014631E-04  2.51047686E-03
  6.88994706E-01 -2.86435541E-02 -1.30001560E-01  1.69004058E-03  8.20453162E-04  2.51049362E-03
  6.89994693E-01 -2.87734121E-02 -1.29715130E-01  1.68260152E-03  8.27909273E-04  2.51051085E-03
  6.90994680E-01 -2.89029833E-02 -1.29427388E-01  1.67514500E-03  8.35382438E-04  2.51052738E-03
  6.91994667E-01 -2.90322658E-02 -1.29138365E-01  1.66767172E-03  8.42872483E-04  2.51054415E-03
  6.92994654E-01 -2.91612595E-02 -1.28848046E-01  1.66018202E-03  8.50379060E-04  2.51056114E-03
  6.93994641E-01 -2.92899627E-02 -1.28556430E-01  1.65267556E-03  8.57901934E-04  2.51057744E-03
  6.94994628E-01 -2.94183716E-02 -1.28263533E-01  1.64515339E-03  8.65440583E-04  2.51059397E-03
  6.95994616E-01 -2.95464881E-02 -1.27969354E-01  1.63761561E-03  8.72994948E-04  2.51061050E-03
  6.96994603E-01 -2.96743102E-02 -1.27673894E-01  1.63006224E-03  8.80564679E-04  2.51062680E-03
  6.97994590E-01 -2.98018344E-02 -1.27377152E-01  1.62249396E-03  8.88149312E-04  2.51064333E-03
  6.98994577E-01 -2.99290624E-02 -1.27079129E-01  1.61491055E-03  8.95748788E-04  2.51065940E-03
  6.99994564E-01 -3.00559923E-02 -1.26779839E-01  1.60731282E-03  9.03362699E-04  2.51067546E-03
  7.00994551E-01 -3.01826205E-02 -1.26479283E-01  1.59970101E-03  9.10990580E-04  2.51069153E-03
  7.01994538E-01 -3.03089488E-02 -1.26177460E-01  1.59207510E-03  9.18632373E-04  2.51070736E-03
  7.02994525E-01 -3.04349754E-02 -1.25874370E-01  1.58443570E-03  9.26287728E-04  2.51072343E-03
  7.03994513E-01 -3.05606965E-02 -1.25570014E-01  1.57678279E-03  9.33956180E-04  2.51073902E-03
  7.04994500E-01 -3.06861140E-02 -1.25264406E-01  1.56911730E-03  9.41637612E-04  2.51075486E-03
  7.05994487E-01 -3.08112260E-02 -1.24957547E-01  1.56143890E-03  9.49331676E-04  2.51077069E-03
  7.06994474E-01 -3.09360288E-02 -1.24649435E-01  1.55374815E-03  9.57037904E-04  2.51078606E-03
  7.07994461E-01 -3.10605243E-02 -1.24340072E-01  1.54604542E-03  9.64756182E-04  2.51080166E-03
  7.08994448E-01 -3.11847106E-02 -1.24029465E-01  1.53833081E-03  9.72486159E-04  2.51081702E-03
  7.09994435E-01 -3.13085839E-02 -1.23717621E-01  1.53060502E-03  9.80227371E-04  2.51083239E-03
  7.10994422E-01 -3.14321443E-02 -1.23404533E-01  1.52286782E-03  9.87979700E-04  2.51084752E-03
  7.11994410E-01 -3.15553918E-02 -1.23090208E-01  1.51511992E-03  9.95742739E-04  2.51086266E-03
  7.12994397E-01 -3.16783264E-02 -1.22774653E-01  1.50736154E-03  1.00351637E-03  2.51087779E-03
  7.13994384E-01 -3.18009406E-02 -1.22457869E-01  1.49959303E-03  1.01129978E-03  2.51089269E-03
  7.14994371E-01 -3.19232382E-02 -1.22139856E-01  1.49181450E-03  1.01909309E-03  2.51090759E-03
  7.15994358E-01 -3.20452191E-02 -1.21820621E-01  1.48402643E-03  1.02689606E-03  2.51092250E-03
  7.16994345E-01 -3.21668796E-02 -1.21500172E-01  1.47622917E-03  1.03470811E-03  2.51093740E-03
  7.17994332E-01 -3.22882198E-02 -1.21178500E-01  1.46842294E-03  1.04252913E-03  2.51095206E-03
  7.18994319E-01 -3.24092396E-02 -1.20855615E-01  1.46060798E-03  1.05035875E-03  2.51096673E-03
  7.19994307E-01 -3.25299352E-02 -1.20531522E-01  1.45278487E-03  1.05819665E-03  2.51098163E-03
  7.20994294E-01 -3.26503031E-02 -1.20206222E-01  1.44495361E-03  1.06604234E-03  2.51099607E-03
  7.21994281E-01 -3.27703469E-02 -1.19879723E-01  1.43711490E-03  1.07389560E-03  2.51101051E-03
  7.22994268E-01 -3.28900628E-02 -1.19552016E-01  1.42926851E-03  1.08175620E-03  2.51102471E-03
  7.23994255E-01 -3.30094509E-02 -1.19223118E-01  1.42141513E-03  1.08962390E-03  2.51103891E-03
  7.24994242E-01 -3.31285112E-02 -1.18893020E-01  1.41355500E-03  1.09749823E-03  2.51105335E-03
  7.25994229E-01 -3.32472399E-02 -1.18561737E-01  1.40568858E-03  1.10537896E-03  2.51106755E-03
  7.26994216E-01 -3.33656333E-02 -1.18229263E-01  1.39781588E-03  1.11326552E-03  2.51108129E-03
  7.27994204E-01 -3.34836952E-02 -1.17895603E-01  1.38993736E-03  1.12115790E-03  2.51109526E-03
  7.28994191E-01 -3.36014219E-02 -1.17560767E-01  1.38205336E-03  1.12905551E-03  2.51110876E-03
  7.29994178E-01 -3.37188132E-02 -1.17224753E-01  1.37416425E-03  1.13695837E-03  2.51112273E-03
  7.30994165E-01 -3.38358693E-02 -1.16887562E-01  1.36627024E-03  1.14486599E-03  2.51113623E-03
  7.31994152E-01 -3.39525901E-02 -1.16549201E-01  1.35837158E-03  1.15277839E-03  2.51114997E-03
  7.32994139E-01 -3.40689681E-02 -1.16209678E-01  1.35046896E-03  1.16069464E-03  2.51116371E-03
  7.33994126E-01 -3.41850072E-02 -1.15868986E-01  1.34256226E-03  1.16861472E-03  2.51117698E-03
  7.34994113E-01 -3.43007036E-02 -1.15527138E-01  1.33465196E-03  1.17653830E-03  2.51119025E-03
  7.35994101E-01 -3.44160609E-02 -1.15184128E-01  1.32673827E-03  1.18446525E-03  2.51120352E-03
  7.36994088E-01 -3.45310755E-02 -1.14839971E-01  1.31882192E-03  1.19239523E-03  2.51121726E-03
  7.37994075E-01 -3.46457437E-02 -1.14494659E-01  1.31090265E-03  1.20032753E-03  2.51123030E-03
  7.38994062E-01 -3.47600617E-02 -1.14148200E-01  1.30298117E-03  1.20826194E-03  2.51124310E-03
  7.39994049E-01 -3.48740332E-02 -1.13800600E-01  1.29505771E-03  1.21619820E-03  2.51125591E-03
  7.40994036E-01 -3.49876583E-02 -1.13451861E-01  1.28713250E-03  1.22413621E-03  2.51126871E-03
  7.41994023E-01 -3.51009369E-02 -1.13101982E-01  1.27920590E-03  1.23207574E-03  2.51128152E-03
  7.42994010E-01 -3.52138653E-02 -1.12750970E-01  1.27127813E-03  1.24001631E-03  2.51129456E-03
  7.43993998E-01 -3.53264399E-02 -1.12398833E-01  1.26334978E-03  1.24795735E-03  2.51130713E-03
  7.44993985E-01 -3.54386643E-02 -1.12045571E-01  1.25542097E-03  1.25589897E-03  2.51131994E-03
  7.45993972E-01 -3.55505310E-02 -1.11691184E-01  1.24749204E-03  1.26384024E-03  2.51133228E-03
  7.46993959E-01 -3.56620438E-02 -1.11335680E-01  1.23956334E-03  1.27178140E-03  2.51134485E-03
  7.47993946E-01 -3.57731991E-02 -1.10979058E-01  1.23163511E-03  1.27972174E-03  2.51135696E-03
  7.48993933E-01 -3.58840004E-02 -1.10621326E-01  1.22370780E-03  1.28766149E-03  2.51136930E-03
  7.49993920E-01 -3.59944440E-02 -1.10262483E-01  1.21578155E-03  1.29559997E-03  2.51138164E-03
  7.50993907E-01 -3.61045264E-02 -1.09902538E-01  1.20785681E-03  1.30353682E-03  2.51139374E-03
  7.51993895E-01 -3.62142511E-02 -1.09541491E-01  1.19993382E-03  1.31147204E-03  2.51140585E-03
  7.52993882E-01 -3.63236107E-02 -1.09179348E-01  1.19201303E-03  1.31940469E-03  2.51141773E-03
  7.53993869E-01 -3.64326090E-02 -1.08816110E-01  1.18409458E-03  1.32733502E-03  2.51142960E-03
  7.54993856E-01 -3.65412422E-02 -1.08451784E-01  1.17617892E-03  1.33526232E-03  2.51144124E-03
  7.55993843E-01 -3.66495103E-02 -1.08086370E-01  1.16826629E-03  1.34318660E-03  2.51145288E-03
  7.56993830E-01 -3.67574133E-02 -1.07719876E-01  1.16035715E-03  1.35110738E-03  2.51146453E-03
  7.57993817E-01 -3.68649513E-02 -1.07352301E-01  1.15245173E-03  1.35902467E-03  2.51147640E-03
  7.58993804E-01 -3.69721204E-02 -1.06983654E-01  1.14455016E-03  1.36693765E-03  2.51148781E-03
  7.59993792E-01 -3.70789170E-02 -1.06613934E-01  1.13665313E-03  1.37484609E-03  2.51149922E-03
  7.60993779E-01 -3.71853448E-02 -1.06243148E-01  1.12876063E-03  1.38274988E-03  2.51151063E-03
  7.61993766E-01 -3.72914001E-02 -1.05871297E-01  1.12087314E-03  1.39064854E-03  2.51152180E-03
  7.62993753E-01 -3.73970866E-02 -1.05498381E-01  1.11299090E-03  1.39854208E-03  2.51153298E-03
  7.63993740E-01 -3.75024006E-02 -1.05124407E-01  1.10511412E-03  1.40643003E-03  2.51154415E-03
  7.64993727E-01 -3.76073383E-02 -1.04749382E-01  1.09724328E-03  1.41431193E-03  2.51155533E-03
  7.65993714E-01 -3.77118997E-02 -1.04373306E-01  1.08937873E-03  1.42218743E-03  2.51156604E-03
  7.66993701E-01 -3.78160812E-02 -1.03996187E-01  1.08152069E-03  1.43005594E-03  2.51157675E-03
  7.67993689E-01 -3.79198864E-02 -1.03618026E-01  1.07366953E-03  1.43791782E-03  2.51158746E-03
  7.68993676E-01 -3.80233154E-02 -1.03238828E-01  1.06582558E-03  1.44577248E-03  2.51159817E-03
  7.69993663E-01 -3.81263644E-02 -1.02858596E-01  1.05798908E-03  1.45361968E-03  2.51160888E-03
  7.70993650E-01 -3.82290334E-02 -1.02477334E-01  1.05016050E-03  1.46145897E-03  2.51161959E-03
  7.71993637E-01 -3.83313224E-02 -1.02095045E-01  1.04233983E-03  1.46929023E-03  2.51163007E-03
  7.72993624E-01 -3.84332277E-02 -1.01711735E-01  1.03452778E-03  1.47711299E-03  2.51164078E-03
  7.73993611E-01 -3.85347456E-02 -1.01327404E-01  1.02672435E-03  1.48492667E-03  2.51165102E-03
  7.74993598E-01 -3.86358798E-02 -1.00942060E-01  1.01892999E-03  1.49273116E-03  2.51166103E-03
  7.75993586E-01 -3.87366265E-02 -1.00555703E-01  1.01114495E-03  1.50052621E-03  2.51167128E-03
  7.76993573E-01 -3.88369896E-02 -1.00168340E-01  1.00336957E-03  1.50831172E-03  2.51168129E-03
  7.77993560E-01 -3.89369652E-02 -9.97799709E-02  9.95604205E-04  1.51608721E-03  2.51169130E-03
  7.78993547E-01 -3.90365496E-02 -9.93906036E-02  9.87849198E-04  1.52385223E-03  2.51170155E-03
  7.79993534E-01 -3.91357467E-02 -9.90002379E-02  9.80104669E-04  1.53160666E-03  2.51171133E-03
  7.80993521E-01 -3.92345488E-02 -9.86088812E-02  9.72371199E-04  1.53934979E-03  2.51172110E-03
  7.81993508E-01 -3.93329598E-02 -9.82165337E-02  9.64648731E-04  1.54708175E-03  2.51173042E-03
  7.82993495E-01 -3.94309796E-02 -9.78232026E-02  9.56937845E-04  1.55480218E-03  2.51173996E-03
  7.83993483E-01 -3.95286046E-02 -9.74288955E-02  9.49239009E-04  1.56251062E-03  2.51174951E-03
  7.84993470E-01 -3.96258347E-02 -9.70336124E-02  9.41552222E-04  1.57020672E-03  2.51175882E-03
  7.85993457E-01 -3.97226699E-02 -9.66373533E-02  9.33877833E-04  1.57789048E-03  2.51176837E-03
  7.86993444E-01 -3.98191102E-02 -9.62401256E-02  9.26216133E-04  1.58556155E-03  2.51177768E-03
  7.87993431E-01 -3.99151519E-02 -9.58419368E-02  9.18567646E-04  1.59321935E-03  2.51178700E-03
  7.88993418E-01 -4.00107913E-02 -9.54427868E-02  9.10932606E-04  1.60086341E-03  2.51179608E-03
  7.89993405E-01 -4.01060320E-02 -9.50426757E-02  9.03311011E-04  1.60849385E-03  2.51180492E-03
  7.90993392E-01 -4.02008742E-02 -9.46416184E-02  8.95703619E-04  1.61611033E-03  2.51181400E-03
  7.91993380E-01 -4.02953140E-02 -9.42396075E-02  8.88110313E-04  1.62371236E-03  2.51182262E-03
  7.92993367E-01 -4.03893515E-02 -9.38366577E-02  8.80531908E-04  1.63129973E-03  2.51183170E-03
  7.93993354E-01 -4.04829867E-02 -9.34327617E-02  8.72968172E-04  1.63887220E-03  2.51184031E-03
  7.94993341E-01 -4.05762196E-02 -9.30279344E-02  8.65419686E-04  1.64642965E-03  2.51184939E-03
  7.95993328E-01 -4.06690463E-02 -9.26221758E-02  8.57886800E-04  1.65397138E-03  2.51185824E-03
  7.96993315E-01 -4.07614633E-02 -9.22154859E-02  8.50369630E-04  1.66149694E-03  2.51186662E-03
  7.97993302E-01 -4.08534743E-02 -9.18078721E-02  8.42868525E-04  1.66900631E-03  2.51187477E-03
  7.98993289E-01 -4.09450755E-02 -9.13993344E-02  8.35383893E-04  1.67649926E-03  2.51188315E-03
  7.99993277E-01 -4.10362706E-02 -9.09898803E-02  8.27915908E-04  1.68397545E-03  2.51189130E-03
  8.00993264E-01 -4.11270559E-02 -9.05795172E-02  8.20464920E-04  1.69143477E-03  2.51189969E-03
  8.01993251E-01 -4.12174314E-02 -9.01682451E-02  8.13031220E-04  1.69887661E-03  2.51190783E-03
  8.02993238E-01 -4.13073935E-02 -8.97560716E-02  8.05615273E-04  1.70630077E-03  2.51191598E-03
  8.03993225E-01 -4.13969457E-02 -8.93429965E-02  7.98217137E-04  1.71370711E-03  2.51192413E-03
  8.04993212E-01 -4.14860807E-02 -8.89290273E-02  7.90837221E-04  1.72109494E-03  2.51193205E-03
  8.05993199E-01 -4.15748022E-02 -8.85141641E-02  7.83475756E-04  1.72846415E-03  2.51193997E-03
  8.06993186E-01 -4.16631065E-02 -8.80984142E-02  7.76133093E-04  1.73581450E-03  2.51194765E-03
  8.07993174E-01 -4.17509973E-02 -8.76817852E-02  7.68809521E-04  1.74314575E-03  2.51195533E-03
  8.08993161E-01 -4.18384708E-02 -8.72642770E-02  7.61505391E-04  1.75045768E-03  2.51196302E-03
  8.09993148E-01 -4.19255272E-02 -8.68458897E-02  7.54220877E-04  1.75774982E-03  2.51197070E-03
  8.10993135E-01 -4.20121662E-02 -8.64266381E-02  7.46956386E-04  1.76502205E-03  2.51197838E-03
  8.11993122E-01 -4.20983844E-02 -8.60065147E-02  7.39712035E-04  1.77227391E-03  2.51198607E-03
  8.12993109E-01 -4.21841778E-02 -8.55855346E-02  7.32488406E-04  1.77950482E-03  2.51199328E-03
  8.13993096E-01 -4.22695503E-02 -8.51636901E-02  7.25285441E-04  1.78671489E-03  2.51200027E-03
  8.14993083E-01 -4.23545018E-02 -8.47409964E-02  7.18103664E-04  1.79390376E-03  2.51200749E-03
  8.15993071E-01 -4.24390286E-02 -8.43174532E-02  7.10943306E-04  1.80107111E-03  2.51201447E-03
  8.16993058E-01 -4.25231345E-02 -8.38930607E-02  7.03804602E-04  1.80821691E-03  2.51202146E-03
  8.17993045E-01 -4.26068157E-02 -8.34678262E-02  6.96687843E-04  1.81534071E-03  2.51202844E-03
  8.18993032E-01 -4.26900722E-02 -8.30417573E-02  6.89593318E-04  1.82244228E-03  2.51203566E-03
  8.19993019E-01 -4.27729003E-02 -8.26148540E-02  6.82521437E-04  1.82952103E-03  2.51204241E-03
  8.20993006E-01 -4.28553037E-02 -8.21871236E-02  6.75472373E-04  1.83657708E-03  2.51204940E-03
  8.21992993E-01 -4.29372750E-02 -8.17585737E-02  6.68446475E-04  1.84360961E-03  2.51205615E-03
  8.22992980E-01 -4.30188179E-02 -8.13292041E-02  6.61443977E-04  1.85061875E-03  2.51206267E-03
  8.23992968E-01 -4.30999324E-02 -8.08990151E-02  6.54465053E-04  1.85760413E-03  2.51206919E-03
  8.24992955E-01 -4.31806147E-02 -8.04680139E-02  6.47510111E-04  1.86456554E-03  2.51207571E-03
  8.25992942E-01 -4.32608649E-02 -8.00362080E-02  6.40579441E-04  1.87150238E-03  2.51208176E-03
  8.26992929E-01 -4.33406867E-02 -7.96035975E-02  6.33673277E-04  1.87841512E-03  2.51208851E-03
  8.27992916E-01 -4.34200726E-02 -7.91701898E-02  6.26791909E-04  1.88530271E-03  2.51209456E-03
  8.28992903E-01 -4.34990264E-02 -7.87359923E-02  6.19935687E-04  1.89216528E-03  2.51210108E-03
  8.29992890E-01 -4.35775481E-02 -7.83010051E-02  6.13104727E-04  1.89900270E-03  2.51210737E-03
  8.30992877E-01 -4.36556339E-02 -7.78652281E-02  6.06299378E-04  1.90581440E-03  2.51211366E-03
  8.31992865E-01 -4.37332802E-02 -7.74286687E-02  5.99519874E-04  1.91259978E-03  2.51211971E-03
  8.32992852E-01 -4.38104905E-02 -7.69913346E-02  5.92766562E-04  1.91935909E-03  2.51212576E-03
  8.33992839E-01 -4.38872613E-02 -7.65532330E-02  5.86039794E-04  1.92609173E-03  2.51213158E-03
  8.34992826E-01 -4.39635962E-02 -7.61143640E-02  5.79339627E-04  1.93279784E-03  2.51213741E-03
  8.35992813E-01 -4.40394916E-02 -7.56747276E-02  5.72666468E-04  1.93947682E-03  2.51214323E-03
  8.36992800E-01 -4.41149473E-02 -7.52343312E-02  5.66020492E-04  1.94612856E-03  2.51214905E-03
  8.37992787E-01 -4.41899635E-02 -7.47931823E-02  5.59402048E-04  1.95275282E-03  2.51215487E-03
  8.38992774E-01 -4.42645364E-02 -7.43512809E-02  5.52811311E-04  1.95934926E-03  2.51216069E-03
  8.39992762E-01 -4.43386696E-02 -7.39086345E-02  5.46248630E-04  1.96591765E-03  2.51216628E-03
  8.40992749E-01 -4.44123559E-02 -7.34652504E-02  5.39714296E-04  1.97245739E-03  2.51217163E-03
  8.41992736E-01 -4.44855988E-02 -7.30211288E-02  5.33208542E-04  1.97896850E-03  2.51217699E-03
  8.42992723E-01 -4.45583947E-02 -7.25762695E-02  5.26731543E-04  1.98545051E-03  2.51218211E-03
  8.43992710E-01 -4.46307473E-02 -7.21306875E-02  5.20283589E-04  1.99190364E-03  2.51218723E-03
  8.44992697E-01 -4.47026528E-02 -7.16843829E-02  5.13865089E-04  1.99832721E-03  2.51219235E-03
  8.45992684E-01 -4.47741151E-02 -7.12373555E-02  5.07476099E-04  2.00472143E-03  2.51219748E-03
  8.46992671E-01 -4.48451303E-02 -7.07896128E-02  5.01116912E-04  2.01108563E-03  2.51220260E-03
  8.47992659E-01 -4.49156947E-02 -7.03411624E-02  4.94787935E-04  2.01741955E-03  2.51220749E-03
  8.48992646E-01 -4.49858122E-02 -6.98920041E-02  4.88489226E-04  2.02372321E-03  2.51221238E-03
  8.49992633E-01 -4.50554788E-02 -6.94421455E-02  4.82221192E-04  2.02999613E-03  2.51221727E-03
  8.50992620E-01 -4.51246984E-02 -6.89915940E-02  4.75984038E-04  2.03623832E-03  2.51222239E-03
  8.51992607E-01 -4.51934636E-02 -6.85403496E-02  4.69777966E-04  2.04244908E-03  2.51222705E-03
  8.52992594E-01 -4.52617779E-02 -6.80884123E-02  4.63603210E-04  2.04862864E-03  2.51223193E-03
  8.53992581E-01 -4.53296378E-02 -6.76357970E-02  4.57460119E-04  2.05477607E-03  2.51223613E-03
  8.54992568E-01 -4.53970470E-02 -6.71825036E-02  4.51348868E-04  2.06089183E-03  2.51224078E-03
  8.55992556E-01 -4.54640016E-02 -6.67285323E-02  4.45269718E-04  2.06697546E-03  2.51224521E-03
  8.56992543E-01 -4.55305018E-02 -6.62738904E-02  4.39222873E-04  2.07302650E-03  2.51224940E-03
  8.57992530E-01 -4.55965474E-02 -6.58185855E-02  4.33208625E-04  2.07904517E-03  2.51225382E-03
  8.58992517E-01 -4.56621386E-02 -6.53626174E-02  4.27227205E-04  2.08503101E-03  2.51225824E-03
  8.59992504E-01 -4.57272753E-02 -6.49059936E-02  4.21278790E-04  2.09098379E-03  2.51226267E-03
  8.60992491E-01 -4.57919538E-02 -6.44487217E-02  4.15363786E-04  2.09690304E-03  2.51226686E-03
  8.61992478E-01 -4.58561741E-02 -6.39908016E-02  4.09482280E-04  2.10278877E-03  2.51227105E-03
  8.62992465E-01 -4.59199324E-02 -6.35322407E-02  4.03634564E-04  2.10864027E-03  2.51227478E-03
  8.63992453E-01 -4.59832326E-02 -6.30730391E-02  3.97820811E-04  2.11445778E-03  2.51227850E-03
  8.64992440E-01 -4.60460745E-02 -6.26132041E-02  3.92041373E-04  2.12024106E-03  2.51228246E-03
  8.65992427E-01 -4.61084582E-02 -6.21527433E-02  3.86296364E-04  2.12598988E-03  2.51228618E-03
  8.66992414E-01 -4.61703800E-02 -6.16916604E-02  3.80586105E-04  2.13170401E-03  2.51229014E-03
  8.67992401E-01 -4.62318398E-02 -6.12299554E-02  3.74910742E-04  2.13738298E-03  2.51229363E-03
  8.68992388E-01 -4.62928377E-02 -6.07676357E-02  3.69270565E-04  2.14302680E-03  2.51229736E-03
  8.69992375E-01 -4.63533737E-02 -6.03047088E-02  3.63665808E-04  2.14863522E-03  2.51230109E-03
  8.70992362E-01 -4.64134477E-02 -5.98411746E-02  3.58096644E-04  2.15420802E-03  2.51230458E-03
  8.71992350E-01 -4.64730561E-02 -5.93770407E-02  3.52563307E-04  2.15974497E-03  2.51230830E-03
  8.72992337E-01 -4.65322025E-02 -5.89123107E-02  3.47066059E-04  2.16524582E-03  2.51231180E-03
  8.73992324E-01 -4.65908833E-02 -5.84469885E-02  3.41605046E-04  2.17071036E-03  2.51231529E-03
  8.74992311E-01 -4.66490947E-02 -5.79810813E-02  3.36180587E-04  2.17613811E-03  2.51231878E-03
  8.75992298E-01 -4.67068404E-02 -5.75145893E-02  3.30792798E-04  2.18152883E-03  2.51232157E-03
  8.76992285E-01 -4.67641205E-02 -5.70475198E-02  3.25441943E-04  2.18688301E-03  2.51232507E-03
  8.77992272E-01 -4.68209349E-02 -5.65798804E-02  3.20128282E-04  2.19219993E-03  2.51232833E-03
  8.78992260E-01 -4.68772799E-02 -5.61116710E-02  3.14851961E-04  2.19747936E-03  2.51233135E-03
  8.79992247E-01 -4.69331555E-02 -5.56428991E-02  3.09613242E-04  2.20272108E-03  2.51233438E-03
  8.80992234E-01 -4.69885655E-02 -5.51735684E-02  3.04412271E-04  2.20792531E-03  2.51233764E-03
  8.81992221E-01 -4.70435061E-02 -5.47036827E-02  2.99249281E-04  2.21309136E-03  2.51234067E-03
  8.82992208E-01 -4.70979735E-02 -5.42332493E-02  2.94124533E-04  2.21821922E-03  2.51234369E-03
  8.83992195E-01 -4.71519716E-02 -5.37622683E-02  2.89038144E-04  2.22330843E-03  2.51234649E-03
  8.84992182E-01 -4.72055003E-02 -5.32907471E-02  2.83990375E-04  2.22835923E-03  2.51234951E-03
  8.85992169E-01 -4.72585559E-02 -5.28186932E-02  2.78981432E-04  2.23337114E-03  2.51235254E-03
  8.86992157E-01 -4.73111384E-02 -5.23461066E-02  2.74011487E-04  2.23834370E-03  2.51235510E-03
  8.87992144E-01 -4.73632514E-02 -5.18729948E-02  2.69080774E-04  2.24327762E-03  2.51235836E-03
  8.88992131E-01 -4.74148877E-02 -5.13993613E-02  2.64189439E-04  2.24817148E-03  2.51236092E-03
  8.89992118E-01 -4.74660471E-02 -5.09252138E-02  2.59337743E-04  2.25302554E-03  2.51236325E-03
  8.90992105E-01 -4.75167334E-02 -5.04505523E-02  2.54525832E-04  2.25784001E-03  2.51236581E-03
  8.91992092E-01 -4.75669466E-02 -4.99753840E-02  2.49753910E-04  2.26261443E-03  2.51236837E-03
  8.92992079E-01 -4.76166829E-02 -4.94997129E-02  2.45022180E-04  2.26734858E-03  2.51237070E-03
  8.93992066E-01 -4.76659425E-02 -4.90235463E-02  2.40330817E-04  2.27204198E-03  2.51237280E-03
  8.94992054E-01 -4.77147289E-02 -4.85468879E-02  2.35680025E-04  2.27669533E-03  2.51237536E-03
  8.95992041E-01 -4.77630384E-02 -4.80697416E-02  2.31070007E-04  2.28130794E-03  2.51237792E-03
  8.96992028E-01 -4.78108712E-02 -4.75921109E-02  2.26500910E-04  2.28587934E-03  2.51238025E-03
  8.97992015E-01 -4.78582233E-02 -4.71140034E-02  2.21972936E-04  2.29040952E-03  2.51238234E-03
  8.98992002E-01 -4.79050986E-02 -4.66354229E-02  2.17486275E-04  2.29489850E-03  2.51238467E-03
  8.99991989E-01 -4.79514971E-02 -4.61563729E-02  2.13041087E-04  2.29934603E-03  2.51238700E-03
  9.00991976E-01 -4.79974151E-02 -4.56768572E-02  2.08637546E-04  2.30375188E-03  2.51238933E-03
  9.01991963E-01 -4.80428524E-02 -4.51968834E-02  2.04275828E-04  2.30811560E-03  2.51239142E-03
  9.02991951E-01 -4.80878092E-02 -4.47164550E-02  1.99956150E-04  2.31243740E-03  2.51239352E-03
  9.03991938E-01 -4.81322818E-02 -4.42355759E-02  1.95678629E-04  2.31671659E-03  2.51239515E-03
  9.04991925E-01 -4.81762737E-02 -4.37542535E-02  1.91443469E-04  2.32095341E-03  2.51239678E-03
  9.05991912E-01 -4.82197851E-02 -4.32724915E-02  1.87250858E-04  2.32514762E-03  2.51239841E-03
  9.06991899E-01 -4.82628159E-02 -4.27902937E-02  1.83100929E-04  2.32929946E-03  2.51240050E-03
  9.07991886E-01 -4.83053625E-02 -4.23076637E-02  1.78993840E-04  2.33340799E-03  2.51240190E-03
  9.08991873E-01 -4.83474284E-02 -4.18246090E-02  1.74929795E-04  2.33747391E-03  2.51240376E-03
  9.09991860E-01 -4.83890101E-02 -4.13411334E-02  1.70908927E-04  2.34149629E-03  2.51240516E-03
  9.10991848E-01 -4.84301075E-02 -4.08572443E-02  1.66931452E-04  2.34547537E-03  2.51240679E-03
  9.11991835E-01 -4.84707244E-02 -4.03729416E-02  1.62997443E-04  2.34941114E-03  2.51240865E-03
  9.12991822E-01 -4.85108569E-02 -3.98882329E-02  1.59107120E-04  2.35330313E-03  2.51241028E-03
  9.13991809E-01 -4.85505015E-02 -3.94031256E-02  1.55260641E-04  2.35715113E-03  2.51241168E-03
  9.14991796E-01 -4.85896617E-02 -3.89176197E-02  1.51458124E-04  2.36095511E-03  2.51241331E-03
  9.15991783E-01 -4.86283377E-02 -3.84317227E-02  1.47699728E-04  2.36471533E-03  2.51241494E-03
  9.16991770E-01 -4.86665256E-02 -3.79454382E-02  1.43985628E-04  2.36843061E-03  2.51241634E-03
  9.17991757E-01 -4.87042293E-02 -3.74587737E-02  1.40315969E-04  2.37210188E-03  2.51241773E-03
  9.18991745E-01 -4.87414449E-02 -3.69717330E-02  1.36690898E-04  2.37572845E-03  2.51241936E-03
  9.19991732E-01 -4.87781763E-02 -3.64843197E-02  1.33110560E-04  2.37931055E-03  2.51242099E-03
  9.20991719E-01 -4.88144197E-02 -3.59965377E-02  1.29575070E-04  2.38284748E-03  2.51242262E-03
  9.21991706E-01 -4.88501713E-02 -3.55083942E-02  1.26084604E-04  2.38633924E-03  2.51242379E-03
  9.22991693E-01 -4.88854349E-02 -3.50198932E-02  1.22639292E-04  2.38978583E-03  2.51242518E-03
  9.23991680E-01 -4.89202105E-02 -3.45310383E-02  1.19239259E-04  2.39318702E-03  2.51242635E-03
  9.24991667E-01 -4.89544943E-02 -3.40418369E-02  1.15884664E-04  2.39654258E-03  2.51242728E-03
  9.25991654E-01 -4.89882901E-02 -3.35522927E-02  1.12575632E-04  2.39985250E-03  2.51242821E-03
  9.26991642E-01 -4.90215980E-02 -3.30624096E-02  1.09312292E-04  2.40311702E-03  2.51242938E-03
  9.27991629E-01 -4.90544140E-02 -3.25721949E-02  1.06094791E-04  2.40633544E-03  2.51243031E-03
  9.28991616E-01 -4.90867421E-02 -3.20816524E-02  1.02923244E-04  2.40950822E-03  2.51243147E-03
  9.29991603E-01 -4.91185784E-02 -3.15907858E-02  9.97977841E-05  2.41263467E-03  2.51243240E-03
  9.30991590E-01 -4.91499230E-02 -3.10996007E-02  9.67185188E-05  2.41571502E-03  2.51243357E-03
  9.31991577E-01 -4.91807759E-02 -3.06081008E-02  9.36855868E-05  2.41874880E-03  2.51243450E-03
  9.32991564E-01 -4.92111370E-02 -3.01162936E-02  9.06991118E-05  2.42173602E-03  2.51243520E-03
  9.33991551E-01 -4.92410064E-02 -2.96241827E-02  8.77592174E-05  2.42467667E-03  2.51243589E-03
  9.34991539E-01 -4.92703840E-02 -2.91317720E-02  8.48660129E-05  2.42757075E-03  2.51243683E-03
  9.35991526E-01 -4.92992699E-02 -2.86390688E-02  8.20196292E-05  2.43041804E-03  2.51243776E-03
  9.36991513E-01 -4.93276641E-02 -2.81460769E-02  7.92201681E-05  2.43321853E-03  2.51243869E-03
  9.37991500E-01 -4.93555628E-02 -2.76528001E-02  7.64677388E-05  2.43597152E-03  2.51243915E-03
  9.38991487E-01 -4.93829697E-02 -2.71592438E-02  7.37624578E-05  2.43867771E-03  2.51244009E-03
  9.39991474E-01 -4.94098850E-02 -2.66654138E-02  7.11044340E-05  2.44133663E-03  2.51244102E-03
  9.40991461E-01 -4.94363047E-02 -2.61713155E-02  6.84937768E-05  2.44394829E-03  2.51244218E-03
  9.41991448E-01 -4.94622290E-02 -2.56769527E-02  6.59305879E-05  2.44651199E-03  2.51244265E-03
  9.42991436E-01 -4.94876616E-02 -2.51823310E-02  6.34149765E-05  2.44902866E-03  2.51244358E-03
  9.43991423E-01 -4.95125987E-02 -2.46874541E-02  6.09470408E-05  2.45149736E-03  2.51244451E-03
  9.44991410E-01 -4.95370403E-02 -2.41923276E-02  5.85268717E-05  2.45391834E-03  2.51244521E-03
  9.45991397E-01 -4.95609865E-02 -2.36969572E-02  5.61545785E-05  2.45629135E-03  2.51244591E-03
  9.46991384E-01 -4.95844334E-02 -2.32013464E-02  5.38302484E-05  2.45861593E-03  2.51244614E-03
  9.47991371E-01 -4.96073849E-02 -2.27055028E-02  5.15539832E-05  2.46089255E-03  2.51244660E-03
  9.48991358E-01 -4.96298410E-02 -2.22094283E-02  4.93258704E-05  2.46312120E-03  2.51244707E-03
  9.49991345E-01 -4.96518016E-02 -2.17131302E-02  4.71460044E-05  2.46530143E-03  2.51244754E-03
  9.50991333E-01 -4.96732667E-02 -2.12166123E-02  4.50144653E-05  2.46743346E-03  2.51244800E-03
  9.51991320E-01 -4.96942326E-02 -2.07198802E-02  4.29313441E-05  2.46951682E-03  2.51244823E-03
  9.52991307E-01 -4.97147031E-02 -2.02229377E-02  4.08967207E-05  2.47155176E-03  2.51244847E-03
  9.53991294E-01 -4.97346781E-02 -1.97257902E-02  3.89106826E-05  2.47353828E-03  2.51244893E-03
  9.54991281E-01 -4.97541539E-02 -1.92284435E-02  3.69733061E-05  2.47547589E-03  2.51244917E-03
  9.55991268E-01 -4.97731343E-02 -1.87309012E-02  3.50846640E-05  2.47736485E-03  2.51244940E-03
  9.56991255E-01 -4.97916155E-02 -1.82331689E-02  3.32448471E-05  2.47920491E-03  2.51244986E-03
  9.57991242E-01 -4.98095974E-02 -1.77352522E-02  3.14539175E-05  2.48099607E-03  2.51245010E-03
  9.58991230E-01 -4.98270839E-02 -1.72371566E-02  2.97119586E-05  2.48273835E-03  2.51245033E-03
  9.59991217E-01 -4.98440713E-02 -1.67388860E-02  2.80190325E-05  2.48443149E-03  2.51245056E-03
  9.60991204E-01 -4.98605594E-02 -1.62404459E-02  2.63752099E-05  2.48607527E-03  2.51245056E-03
  9.61991191E-01 -4.98765521E-02 -1.57418400E-02  2.47805528E-05  2.48767040E-03  2.51245103E-03
  9.62991178E-01 -4.98920456E-02 -1.52430749E-02  2.32351340E-05  2.48921616E-03  2.51245126E-03
  9.63991165E-01 -4.99070399E-02 -1.47441542E-02  2.17390098E-05  2.49071256E-03  2.51245149E-03
  9.64991152E-01 -4.99215350E-02 -1.42450836E-02  2.02922420E-05  2.49215961E-03  2.51245196E-03
  9.65991139E-01 -4.99355309E-02 -1.37458686E-02  1.88948907E-05  2.49355729E-03  2.51245219E-03
  9.66991127E-01 -4.99490276E-02 -1.32465130E-02  1.75470104E-05  2.49490538E-03  2.51245243E-03
  9.67991114E-01 -4.99620251E-02 -1.27470223E-02  1.62486594E-05  2.49620387E-03  2.51245243E-03
  9.68991101E-01 -4.99745235E-02 -1.22474022E-02  1.49998859E-05  2.49745301E-03  2.51245289E-03
  9.69991088E-01 -4.99865226E-02 -1.17476573E-02  1.38007454E-05  2.49865255E-03  2.51245336E-03
  9.70991075E-01 -4.99980189E-02 -1.12477923E-02  1.26512841E-05  2.49980181E-03  2.51245312E-03
  9.71991062E-01 -5.00090159E-02 -1.07478118E-02  1.15515459E-05  2.50090170E-03  2.51245336E-03
  9.72991049E-01 -5.00195138E-02 -1.02477213E-02  1.05015797E-05  2.50195176E-03  2.51245336E-03
  9.73991036E-01 -5.00295125E-02 -9.74752568E-03  9.50142567E-06  2.50295224E-03  2.51245359E-03
  9.74991024E-01 -5.00390120E-02 -9.24723037E-03  8.55112648E-06  2.50390265E-03  2.51245382E-03
  9.75991011E-01 -5.00480086E-02 -8.74684006E-03  7.65072127E-06  2.50480324E-03  2.51245406E-03
  9.76990998E-01 -5.00565059E-02 -8.24636035E-03  6.80024596E-06  2.50565377E-03  2.51245406E-03
  9.77990985E-01 -5.00645041E-02 -7.74579542E-03  5.99973464E-06  2.50645448E-03  2.51245429E-03
  9.78990972E-01 -5.00719994E-02 -7.24515039E-03  5.24922052E-06  2.50720512E-03  2.51245429E-03
  9.79990959E-01 -5.00789955E-02 -6.74443040E-03  4.54873407E-06  2.50790571E-03  2.51245452E-03
  9.80990946E-01 -5.00854887E-02 -6.24364056E-03  3.89830484E-06  2.50855624E-03  2.51245452E-03
  9.81990933E-01 -5.00914827E-02 -5.74278552E-03  3.29795853E-06  2.50915671E-03  2.51245475E-03
  9.82990921E-01 -5.00969775E-02 -5.24187088E-03  2.74772106E-06  2.50970712E-03  2.51245475E-03
  9.83990908E-01 -5.01019694E-02 -4.74090129E-03  2.24761447E-06  2.51020724E-03  2.51245475E-03
  9.84990895E-01 -5.01064621E-02 -4.23988141E-03  1.79765937E-06  2.51065753E-03  2.51245522E-03
  9.85990882E-01 -5.01104519E-02 -3.73881683E-03  1.39787517E-06  2.51105730E-03  2.51245522E-03
  9.86990869E-01 -5.01139425E-02 -3.23771220E-03  1.04827802E-06  2.51140725E-03  2.51245545E-03
  9.87990856E-01 -5.01169302E-02 -2.73657264E-03  7.48882997E-07  2.51170667E-03  2.51245545E-03
  9.88990843E-01 -5.01194187E-02 -2.23540328E-03  4.99702765E-07  2.51195603E-03  2.51245569E-03
  9.89990830E-01 -5.01214042E-02 -1.73420901E-03  3.00748098E-07  2.51215510E-03  2.51245592E-03
  9.90990818E-01 -5.01228906E-02 -1.23299495E-03  1.52027653E-07  2.51230411E-03  2.51245615E-03
  9.91990805E-01 -5.01238741E-02 -7.31765991E-04  5.35481490E-08  2.51240283E-03  2.51245638E-03
  9.92990792E-01 -5.01243547E-02 -2.30527192E-04  5.31427879E-09  2.51245103E-03  2.51245638E-03
  9.93990779E-01 -5.01243360E-02  2.70716380E-04  7.32873628E-09  2.51244917E-03  2.51245638E-03
  9.94990766E-01 -5.01238145E-02  7.71959778E-04  5.95921925E-08  2.51239678E-03  2.51245638E-03
  9.95990753E-01 -5.01227938E-02  1.27319805E-03  1.62103333E-07  2.51229457E-03  2.51245662E-03
  9.96990740E-01 -5.01212701E-02  1.77442597E-03  3.14858738E-07  2.51214183E-03  2.51245662E-03
  9.97990727E-01 -5.01192473E-02  2.27563875E-03  5.17853209E-07  2.51193903E-03  2.51245685E-03
  9.98990715E-01 -5.01167215E-02  2.77683116E-03  7.71079158E-07  2.51168571E-03  2.51245685E-03
  9.99990702E-01 -5.01136966E-02  3.27799842E-03  1.07452740E-06  2.51138257E-03  2.51245708E-03
  1.00099075E+00 -5.01101688E-02  3.77913541E-03  1.42818647E-06  2.51102890E-03  2.51245708E-03
  1.00199080E+00 -5.01061417E-02  4.28023702E-03  1.83204281E-06  2.51062540E-03  2.51245755E-03
  1.00299084E+00 -5.01016118E-02  4.78129834E-03  2.28608133E-06  2.51017162E-03  2.51245778E-03
  1.00399089E+00 -5.00965826E-02  5.28231449E-03  2.79028473E-06  2.50966754E-03  2.51245778E-03
  1.00499094E+00 -5.00910506E-02  5.78328036E-03  3.34463334E-06  2.50911340E-03  2.51245801E-03
  1.00599098E+00 -5.00850193E-02  6.28419081E-03  3.94910558E-06  2.50850921E-03  2.51245825E-03
  1.00699103E+00 -5.00784852E-02  6.78504119E-03  4.60367846E-06  2.50785472E-03  2.51245848E-03
  1.00799108E+00 -5.00714518E-02  7.28582591E-03  5.30832585E-06  2.50715017E-03  2.51245848E-03
  1.00899112E+00 -5.00639156E-02  7.78654031E-03  6.06302092E-06  2.50639557E-03  2.51245848E-03
  1.00999117E+00 -5.00558801E-02  8.28717928E-03  6.86773410E-06  2.50559114E-03  2.51245894E-03
  1.01099122E+00 -5.00473417E-02  8.78773816E-03  7.72243493E-06  2.50473642E-03  2.51245894E-03
  1.01199126E+00 -5.00383042E-02  9.28821135E-03  8.62708748E-06  2.50383187E-03  2.51245894E-03
  1.01299131E+00 -5.00287674E-02  9.78859421E-03  9.58165765E-06  2.50287750E-03  2.51245918E-03
  1.01399136E+00 -5.00187278E-02  1.02888821E-02  1.05861100E-05  2.50187307E-03  2.51245918E-03
  1.01499140E+00 -5.00081889E-02  1.07890693E-02  1.16404017E-05  2.50081904E-03  2.51245941E-03
  1.01599145E+00 -4.99971509E-02  1.12891514E-02  1.27444946E-05  2.49971519E-03  2.51245964E-03
  1.01699150E+00 -4.99856137E-02  1.17891226E-02  1.38983405E-05  2.49856152E-03  2.51245988E-03
  1.01799154E+00 -4.99735735E-02  1.22889783E-02  1.51018994E-05  2.49735801E-03  2.51245988E-03
  1.01899159E+00 -4.99610342E-02  1.27887139E-02  1.63551213E-05  2.49610492E-03  2.51246011E-03
  1.01999164E+00 -4.99479957E-02  1.32883247E-02  1.76579579E-05  2.49480223E-03  2.51246011E-03
  1.02099168E+00 -4.99344580E-02  1.37878051E-02  1.90103583E-05  2.49345019E-03  2.51246057E-03
  1.02199173E+00 -4.99204211E-02  1.42871495E-02  2.04122643E-05  2.49204854E-03  2.51246081E-03
  1.02299178E+00 -4.99058850E-02  1.47863533E-02  2.18636251E-05  2.49059731E-03  2.51246104E-03
  1.02399182E+00 -4.98908497E-02  1.52854118E-02  2.33643823E-05  2.48909695E-03  2.51246127E-03
  1.02499187E+00 -4.98753153E-02  1.57843195E-02  2.49144741E-05  2.48754700E-03  2.51246151E-03
  1.02599192E+00 -4.98592816E-02  1.62830725E-02  2.65138460E-05  2.48594792E-03  2.51246174E-03
  1.02699196E+00 -4.98427488E-02  1.67816654E-02  2.81624289E-05  2.48429971E-03  2.51246220E-03
  1.02799201E+00 -4.98257168E-02  1.72800925E-02  2.98601608E-05  2.48260214E-03  2.51246220E-03
  1.02899206E+00 -4.98081855E-02  1.77783500E-02  3.16069745E-05  2.48085544E-03  2.51246244E-03
  1.02999210E+00 -4.97901589E-02  1.82764325E-02  3.34027973E-05  2.47905985E-03  2.51246267E-03
  1.03099215E+00 -4.97716330E-02  1.87743343E-02  3.52475618E-05  2.47721537E-03  2.51246290E-03
  1.03199220E+00 -4.97526079E-02  1.92720499E-02  3.71411916E-05  2.47532199E-03  2.51246314E-03
  1.03299224E+00 -4.97330874E-02  1.97695754E-02  3.90836140E-05  2.47337995E-03  2.51246360E-03
  1.03399229E+00 -4.97130677E-02  2.02669054E-02  4.10747452E-05  2.47138902E-03  2.51246383E-03
  1.03499234E+00 -4.96925525E-02  2.07640361E-02  4.31145199E-05  2.46934989E-03  2.51246430E-03
  1.03599238E+00 -4.96715382E-02  2.12609619E-02  4.52028507E-05  2.46726163E-03  2.51246453E-03
  1.03699243E+00 -4.96500283E-02  2.17576772E-02  4.73396503E-05  2.46512541E-03  2.51246500E-03
  1.03799248E+00 -4.96280193E-02  2.22541783E-02  4.95248496E-05  2.46294029E-03  2.51246523E-03
  1.03899252E+00 -4.96055149E-02  2.27504577E-02  5.17583358E-05  2.46070721E-03  2.51246546E-03
  1.03999257E+00 -4.95825149E-02  2.32465137E-02  5.40400397E-05  2.45842570E-03  2.51246570E-03
  1.04099262E+00 -4.95590195E-02  2.37423386E-02  5.63698668E-05  2.45609647E-03  2.51246640E-03
  1.04199266E+00 -4.95350286E-02  2.42379289E-02  5.87477189E-05  2.45371903E-03  2.51246686E-03
  1.04299271E+00 -4.95105460E-02  2.47332789E-02  6.11735086E-05  2.45129410E-03  2.51246756E-03
  1.04399276E+00 -4.94855680E-02  2.52283849E-02  6.36471377E-05  2.44882144E-03  2.51246849E-03
  1.04499280E+00 -4.94600944E-02  2.57232413E-02  6.61685117E-05  2.44630105E-03  2.51246965E-03
  1.04599285E+00 -4.94341254E-02  2.62178425E-02  6.87375286E-05  2.44373269E-03  2.51247012E-03
  1.04699290E+00 -4.94076610E-02  2.67121829E-02  7.13540721E-05  2.44111707E-03  2.51247105E-03
  1.04799294E+00 -4.93807048E-02  2.72062588E-02  7.40180549E-05  2.43845396E-03  2.51247198E-03
  1.04899299E+00 -4.93532531E-02  2.77000666E-02  7.67293677E-05  2.43574358E-03  2.51247291E-03
  1.04999304E+00 -4.93253060E-02  2.81935986E-02  7.94879015E-05  2.43298570E-03  2.51247361E-03
  1.05099308E+00 -4.92968671E-02  2.86868513E-02  8.22935472E-05  2.43018102E-03  2.51247454E-03
  1.05199313E+00 -4.92679328E-02  2.91798208E-02  8.51461955E-05  2.42732931E-03  2.51247548E-03
  1.05299318E+00 -4.92385067E-02  2.96724997E-02  8.80457228E-05  2.42443057E-03  2.51247641E-03
  1.05399323E+00 -4.92085889E-02  3.01648844E-02  9.09920273E-05  2.42148526E-03  2.51247734E-03
  1.05499327E+00 -4.91781794E-02  3.06569710E-02  9.39849924E-05  2.41849339E-03  2.51247827E-03
  1.05599332E+00 -4.91472781E-02  3.11487522E-02  9.70244801E-05  2.41545495E-03  2.51247943E-03
  1.05699337E+00 -4.91158850E-02  3.16402242E-02  1.00110381E-04  2.41237017E-03  2.51248060E-03
  1.05799341E+00 -4.90840003E-02  3.21313813E-02  1.03242572E-04  2.40923907E-03  2.51248153E-03
  1.05899346E+00 -4.90516238E-02  3.26222219E-02  1.06420943E-04  2.40606186E-03  2.51248269E-03
  1.05999351E+00 -4.90187556E-02  3.31127383E-02  1.09645342E-04  2.40283832E-03  2.51248362E-03
  1.06099355E+00 -4.89853956E-02  3.36029269E-02  1.12915666E-04  2.39956891E-03  2.51248456E-03
  1.06199360E+00 -4.89515476E-02  3.40927802E-02  1.16231771E-04  2.39625410E-03  2.51248595E-03
  1.06299365E+00 -4.89172079E-02  3.45822945E-02  1.19593511E-04  2.39289319E-03  2.51248665E-03
  1.06399369E+00 -4.88823801E-02  3.50714661E-02  1.23000777E-04  2.38948711E-03  2.51248782E-03
  1.06499374E+00 -4.88470644E-02  3.55602913E-02  1.26453437E-04  2.38603563E-03  2.51248898E-03
  1.06599379E+00 -4.88112569E-02  3.60487625E-02  1.29951324E-04  2.38253875E-03  2.51249014E-03
  1.06699383E+00 -4.87749614E-02  3.65368761E-02  1.33494337E-04  2.37899693E-03  2.51249131E-03
  1.06799388E+00 -4.87381816E-02  3.70246246E-02  1.37082287E-04  2.37541040E-03  2.51249271E-03
  1.06899393E+00 -4.87009138E-02  3.75120081E-02  1.40715085E-04  2.37177894E-03  2.51249410E-03
  1.06999397E+00 -4.86631580E-02  3.79990190E-02  1.44392543E-04  2.36810301E-03  2.51249550E-03
  1.07099402E+00 -4.86249179E-02  3.84856500E-02  1.48114530E-04  2.36438261E-03  2.51249713E-03
  1.07199407E+00 -4.85861897E-02  3.89719009E-02  1.51880915E-04  2.36061774E-03  2.51249876E-03
  1.07299411E+00 -4.85469773E-02  3.94577645E-02  1.55691523E-04  2.35680910E-03  2.51250062E-03
  1.07399416E+00 -4.85072769E-02  3.99432331E-02  1.59546194E-04  2.35295598E-03  2.51250225E-03
  1.07499421E+00 -4.84670922E-02  4.04283069E-02  1.63444798E-04  2.34905910E-03  2.51250388E-03
  1.07599425E+00 -4.84264232E-02  4.09129784E-02  1.67387174E-04  2.34511844E-03  2.51250551E-03
  1.07699430E+00 -4.83852699E-02  4.13972437E-02  1.71373176E-04  2.34113424E-03  2.51250737E-03
  1.07799435E+00 -4.83436324E-02  4.18810956E-02  1.75402616E-04  2.33710674E-03  2.51250947E-03
  1.07899439E+00 -4.83015105E-02  4.23645303E-02  1.79475348E-04  2.33303593E-03  2.51251133E-03
  1.07999444E+00 -4.82589044E-02  4.28475440E-02  1.83591197E-04  2.32892181E-03  2.51251296E-03
  1.08099449E+00 -4.82158139E-02  4.33301330E-02  1.87750047E-04  2.32476462E-03  2.51251459E-03
  1.08199453E+00 -4.81722429E-02  4.38122898E-02  1.91951680E-04  2.32056505E-03  2.51251669E-03
  1.08299458E+00 -4.81281877E-02  4.42940108E-02  1.96195935E-04  2.31632241E-03  2.51251832E-03
  1.08399463E+00 -4.80836518E-02  4.47752923E-02  2.00482697E-04  2.31203763E-03  2.51252041E-03
  1.08499467E+00 -4.80386354E-02  4.52561304E-02  2.04811731E-04  2.30771047E-03  2.51252227E-03
  1.08599472E+00 -4.79931422E-02  4.57365178E-02  2.09182894E-04  2.30334164E-03  2.51252460E-03
  1.08699477E+00 -4.79471684E-02  4.62164506E-02  2.13596039E-04  2.29893089E-03  2.51252693E-03
  1.08799481E+00 -4.79007140E-02  4.66959216E-02  2.18050904E-04  2.29447847E-03  2.51252949E-03
  1.08899486E+00 -4.78537790E-02  4.71749306E-02  2.22547402E-04  2.28998414E-03  2.51253159E-03
  1.08999491E+00 -4.78063673E-02  4.76534702E-02  2.27085315E-04  2.28544883E-03  2.51253415E-03
  1.09099495E+00 -4.77584749E-02  4.81315330E-02  2.31664439E-04  2.28087185E-03  2.51253624E-03
  1.09199500E+00 -4.77101058E-02  4.86091189E-02  2.36284643E-04  2.27625412E-03  2.51253881E-03
  1.09299505E+00 -4.76612598E-02  4.90862206E-02  2.40945708E-04  2.27159564E-03  2.51254137E-03
  1.09399509E+00 -4.76119369E-02  4.95628342E-02  2.45647476E-04  2.26689642E-03  2.51254393E-03
  1.09499514E+00 -4.75621372E-02  5.00389524E-02  2.50389683E-04  2.26215692E-03  2.51254672E-03
  1.09599519E+00 -4.75118607E-02  5.05145751E-02  2.55172228E-04  2.25737691E-03  2.51254905E-03
  1.09699523E+00 -4.74611074E-02  5.09896949E-02  2.59994908E-04  2.25255662E-03  2.51255161E-03
  1.09799528E+00 -4.74098809E-02  5.14643043E-02  2.64857459E-04  2.24769674E-03  2.51255417E-03
  1.09899533E+00 -4.73581776E-02  5.19384034E-02  2.69759767E-04  2.24279705E-03  2.51255673E-03
  1.09999537E+00 -4.73060012E-02  5.24119847E-02  2.74701597E-04  2.23785779E-03  2.51255929E-03
  1.10099542E+00 -4.72533554E-02  5.28850444E-02  2.79682776E-04  2.23287963E-03  2.51256232E-03
  1.10199547E+00 -4.72002365E-02  5.33575788E-02  2.84703128E-04  2.22786237E-03  2.51256558E-03
  1.10299551E+00 -4.71466444E-02  5.38295805E-02  2.89762364E-04  2.22280598E-03  2.51256838E-03
  1.10399556E+00 -4.70925793E-02  5.43010458E-02  2.94860365E-04  2.21771095E-03  2.51257140E-03
  1.10499561E+00 -4.70380448E-02  5.47719710E-02  2.99996900E-04  2.21257773E-03  2.51257466E-03
  1.10599566E+00 -4.69830371E-02  5.52423522E-02  3.05171765E-04  2.20740587E-03  2.51257769E-03
  1.10699570E+00 -4.69275601E-02  5.57121821E-02  3.10384727E-04  2.20219581E-03  2.51258048E-03
  1.10799575E+00 -4.68716137E-02  5.61814569E-02  3.15635611E-04  2.19694828E-03  2.51258397E-03
  1.10899580E+00 -4.68151979E-02  5.66501729E-02  3.20924213E-04  2.19166279E-03  2.51258700E-03
  1.10999584E+00 -4.67583127E-02  5.71183264E-02  3.26250331E-04  2.18633981E-03  2.51259003E-03
  1.11099589E+00 -4.67009582E-02  5.75859100E-02  3.31613701E-04  2.18097959E-03  2.51259329E-03
  1.11199594E+00 -4.66431379E-02  5.80529198E-02  3.37014179E-04  2.17558234E-03  2.51259655E-03
  1.11299598E+00 -4.65848520E-02  5.85193522E-02  3.42451473E-04  2.17014854E-03  2.51260004E-03
  1.11399603E+00 -4.65260968E-02  5.89851998E-02  3.47925379E-04  2.16467772E-03  2.51260307E-03
  1.11499608E+00 -4.64668795E-02  5.94504625E-02  3.53435753E-04  2.15917081E-03  2.51260656E-03
  1.11599612E+00 -4.64071967E-02  5.99151328E-02  3.58982332E-04  2.15362781E-03  2.51261005E-03
  1.11699617E+00 -4.63470519E-02  6.03792034E-02  3.64564825E-04  2.14804919E-03  2.51261401E-03
  1.11799622E+00 -4.62864414E-02  6.08426742E-02  3.70183116E-04  2.14243471E-03  2.51261774E-03
  1.11899626E+00 -4.62253690E-02  6.13055378E-02  3.75836913E-04  2.13678484E-03  2.51262169E-03
  1.11999631E+00 -4.61638309E-02  6.17677905E-02  3.81526013E-04  2.13109935E-03  2.51262542E-03
  1.12099636E+00 -4.61018309E-02  6.22294284E-02  3.87250184E-04  2.12537870E-03  2.51262891E-03
  1.12199640E+00 -4.60393690E-02  6.26904443E-02  3.93009192E-04  2.11962359E-03  2.51263287E-03
  1.12299645E+00 -4.59764488E-02  6.31508380E-02  3.98802862E-04  2.11383379E-03  2.51263659E-03
  1.12399650E+00 -4.59130667E-02  6.36106059E-02  4.04630933E-04  2.10800976E-03  2.51264079E-03
  1.12499654E+00 -4.58492264E-02  6.40697330E-02  4.10493085E-04  2.10215151E-03  2.51264451E-03
  1.12599659E+00 -4.57849242E-02  6.45282269E-02  4.16389201E-04  2.09625927E-03  2.51264847E-03
  1.12699664E+00 -4.57201675E-02  6.49860725E-02  4.22318990E-04  2.09033373E-03  2.51265266E-03
  1.12799668E+00 -4.56549525E-02  6.54432774E-02  4.28282248E-04  2.08437466E-03  2.51265685E-03
  1.12899673E+00 -4.55892831E-02  6.58998266E-02  4.34278714E-04  2.07838276E-03  2.51266151E-03
  1.12999678E+00 -4.55231555E-02  6.63557202E-02  4.40308184E-04  2.07235757E-03  2.51266570E-03
  1.13099682E+00 -4.54565734E-02  6.68109506E-02  4.46370308E-04  2.06630002E-03  2.51267035E-03
  1.13199687E+00 -4.53895368E-02  6.72655180E-02  4.52464999E-04  2.06021010E-03  2.51267501E-03
  1.13299692E+00 -4.53220457E-02  6.77194148E-02  4.58591909E-04  2.05408782E-03  2.51267967E-03
  1.13399696E+00 -4.52541001E-02  6.81726336E-02  4.64750774E-04  2.04793364E-03  2.51268432E-03
  1.13499701E+00 -4.51857001E-02  6.86251745E-02  4.70941479E-04  2.04174756E-03  2.51268898E-03
  1.13599706E+00 -4.51168492E-02  6.90770298E-02  4.77163587E-04  2.03553005E-03  2.51269364E-03
  1.13699710E+00 -4.50475439E-02  6.95281997E-02  4.83417040E-04  2.02928111E-03  2.51269806E-03
  1.13799715E+00 -4.49777916E-02  6.99786767E-02  4.89701517E-04  2.02300167E-03  2.51270318E-03
  1.13899720E+00 -4.49075885E-02  7.04284534E-02  4.96016757E-04  2.01669149E-03  2.51270831E-03
  1.13999724E+00 -4.48369384E-02  7.08775297E-02  5.02362440E-04  2.01035105E-03  2.51271343E-03
  1.14099729E+00 -4.47658375E-02  7.13258982E-02  5.08738391E-04  2.00398010E-03  2.51271855E-03
  1.14199734E+00 -4.46942896E-02  7.17735589E-02  5.15144377E-04  1.99757959E-03  2.51272391E-03
  1.14299738E+00 -4.46222909E-02  7.22205043E-02  5.21580165E-04  1.99114881E-03  2.51272903E-03
  1.14399743E+00 -4.45498452E-02  7.26667270E-02  5.28045348E-04  1.98468869E-03  2.51273392E-03
  1.14499748E+00 -4.44769561E-02  7.31122270E-02  5.34539751E-04  1.97819970E-03  2.51273951E-03
  1.14599752E+00 -4.44036201E-02  7.35569969E-02  5.41063200E-04  1.97168137E-03  2.51274463E-03
  1.14699757E+00 -4.43298407E-02  7.40010366E-02  5.47615346E-04  1.96513487E-03  2.51275022E-03
  1.14799762E+00 -4.42556180E-02  7.44443387E-02  5.54196013E-04  1.95855973E-03  2.51275580E-03
  1.14899766E+00 -4.41809557E-02  7.48868957E-02  5.60804736E-04  1.95195689E-03  2.51276162E-03
  1.14999771E+00 -4.41058502E-02  7.53287077E-02  5.67441457E-04  1.94532599E-03  2.51276745E-03
  1.15099776E+00 -4.40303013E-02  7.57697672E-02  5.74105768E-04  1.93866738E-03  2.51277303E-03
  1.15199780E+00 -4.39543128E-02  7.62100667E-02  5.80797438E-04  1.93198165E-03  2.51277909E-03
  1.15299785E+00 -4.38778847E-02  7.66496062E-02  5.87516231E-04  1.92526879E-03  2.51278514E-03
  1.15399790E+00 -4.38010171E-02  7.70883858E-02  5.94261975E-04  1.91852904E-03  2.51279096E-03
  1.15499794E+00 -4.37237099E-02  7.75263980E-02  6.01034262E-04  1.91176275E-03  2.51279701E-03
  1.15599799E+00 -4.36459631E-02  7.79636353E-02  6.07832859E-04  1.90497003E-03  2.51280284E-03
  1.15699804E+00 -4.35677804E-02  7.84000978E-02  6.14657532E-04  1.89815147E-03  2.51280889E-03
  1.15799809E+00 -4.34891656E-02  7.88357779E-02  6.21507992E-04  1.89130753E-03  2.51281541E-03
  1.15899813E+00 -4.34101149E-02  7.92706683E-02  6.28383888E-04  1.88443810E-03  2.51282193E-03
  1.15999818E+00 -4.33306284E-02  7.97047690E-02  6.35285047E-04  1.87754340E-03  2.51282845E-03
  1.16099823E+00 -4.32507060E-02  8.01380724E-02  6.42211118E-04  1.87062356E-03  2.51283473E-03
  1.16199827E+00 -4.31703515E-02  8.05705786E-02  6.49161811E-04  1.86367927E-03  2.51284102E-03
  1.16299832E+00 -4.30895649E-02  8.10022801E-02  6.56136952E-04  1.85671065E-03  2.51284754E-03
  1.16399837E+00 -4.30083461E-02  8.14331770E-02  6.63136248E-04  1.84971781E-03  2.51285406E-03
  1.16499841E+00 -4.29266952E-02  8.18632618E-02  6.70159410E-04  1.84270111E-03  2.51286058E-03
  1.16599846E+00 -4.28446159E-02  8.22925270E-02  6.77206030E-04  1.83566113E-03  2.51286710E-03
  1.16699851E+00 -4.27621081E-02  8.27209726E-02  6.84275932E-04  1.82859786E-03  2.51287385E-03
  1.16799855E+00 -4.26791757E-02  8.31485912E-02  6.91368827E-04  1.82151201E-03  2.51288083E-03
  1.16899860E+00 -4.25958149E-02  8.35753828E-02  6.98484480E-04  1.81440345E-03  2.51288805E-03
  1.16999865E+00 -4.25120257E-02  8.40013400E-02  7.05622544E-04  1.80727232E-03  2.51289480E-03
  1.17099869E+00 -4.24278118E-02  8.44264627E-02  7.12782785E-04  1.80011918E-03  2.51290202E-03
  1.17199874E+00 -4.23431732E-02  8.48507434E-02  7.19964912E-04  1.79294427E-03  2.51290924E-03
  1.17299879E+00 -4.22581099E-02  8.52741748E-02  7.27168459E-04  1.78574782E-03  2.51291622E-03
  1.17399883E+00 -4.21726219E-02  8.56967568E-02  7.34393427E-04  1.77853007E-03  2.51292344E-03
  1.17499888E+00 -4.20867130E-02  8.61184821E-02  7.41639349E-04  1.77129137E-03  2.51293066E-03
  1.17599893E+00 -4.20003869E-02  8.65393505E-02  7.48905935E-04  1.76403252E-03  2.51293834E-03
  1.17699897E+00 -4.19136398E-02  8.69593546E-02  7.56192952E-04  1.75675319E-03  2.51294626E-03
  1.17799902E+00 -4.18264717E-02  8.73784944E-02  7.63500109E-04  1.74945372E-03  2.51295371E-03
  1.17899907E+00 -4.17388864E-02  8.77967626E-02  7.70827173E-04  1.74213469E-03  2.51296186E-03
  1.17999911E+00 -4.16508801E-02  8.82141516E-02  7.78173679E-04  1.73479586E-03  2.51296954E-03
  1.18099916E+00 -4.15624566E-02  8.86306614E-02  7.85539392E-04  1.72743783E-03  2.51297723E-03
  1.18199921E+00 -4.14736159E-02  8.90462846E-02  7.92924024E-04  1.72006083E-03  2.51298491E-03
  1.18299925E+00 -4.13843617E-02  8.94610211E-02  8.00327398E-04  1.71266543E-03  2.51299283E-03
  1.18399930E+00 -4.12946902E-02  8.98748636E-02  8.07749107E-04  1.70525140E-03  2.51300051E-03
  1.18499935E+00 -4.12046090E-02  9.02878121E-02  8.15188920E-04  1.69781980E-03  2.51300866E-03
  1.18599939E+00 -4.11141180E-02  9.06998590E-02  8.22646485E-04  1.69037073E-03  2.51301727E-03
  1.18699944E+00 -4.10232134E-02  9.11109969E-02  8.30121338E-04  1.68290408E-03  2.51302542E-03
  1.18799949E+00 -4.09318991E-02  9.15212259E-02  8.37613479E-04  1.67542032E-03  2.51303380E-03
  1.18899953E+00 -4.08401713E-02  9.19305459E-02  8.45122559E-04  1.66791957E-03  2.51304219E-03
  1.18999958E+00 -4.07480374E-02  9.23389494E-02  8.52648169E-04  1.66040251E-03  2.51305057E-03
  1.19099963E+00 -4.06554937E-02  9.27464291E-02  8.60190019E-04  1.65286916E-03  2.51305918E-03
  1.19199967E+00 -4.05625440E-02  9.31529850E-02  8.67747876E-04  1.64531998E-03  2.51306780E-03
  1.19299972E+00 -4.04691882E-02  9.35586095E-02  8.75321333E-04  1.63775519E-03  2.51307664E-03
  1.19399977E+00 -4.03754301E-02  9.39633027E-02  8.82910215E-04  1.63017539E-03  2.51308549E-03
  1.19499981E+00 -4.02812660E-02  9.43670571E-02  8.90514173E-04  1.62258034E-03  2.51309457E-03
  1.19599986E+00 -4.01866995E-02  9.47698727E-02  8.98132857E-04  1.61497085E-03  2.51310365E-03
  1.19699991E+00 -4.00917269E-02  9.51717421E-02  9.05766094E-04  1.60734658E-03  2.51311273E-03
  1.19799995E+00 -3.99963558E-02  9.55726579E-02  9.13413358E-04  1.59970846E-03  2.51312181E-03
  1.19900000E+00 -3.99005823E-02  9.59726200E-02  9.21074417E-04  1.59205648E-03  2.51313089E-03
  1.20000005E+00 -3.98044102E-02  9.63716283E-02  9.28749039E-04  1.58439111E-03  2.51314021E-03
  1.20100009E+00 -3.97078395E-02  9.67696756E-02  9.36437049E-04  1.57671247E-03  2.51314952E-03
  1.20200014E+00 -3.96108739E-02  9.71667543E-02  9.44137864E-04  1.56902138E-03  2.51315930E-03
  1.20300019E+00 -3.95135097E-02  9.75628644E-02  9.51851252E-04  1.56131748E-03  2.51316885E-03
  1.20400023E+00 -3.94157507E-02  9.79579985E-02  9.59576981E-04  1.55360135E-03  2.51317839E-03
  1.20500028E+00 -3.93175967E-02  9.83521566E-02  9.67314641E-04  1.54587335E-03  2.51318794E-03
  1.20600033E+00 -3.92190479E-02  9.87453312E-02  9.75064002E-04  1.53813371E-03  2.51319772E-03
  1.20700037E+00 -3.91201042E-02  9.91375223E-02  9.82824829E-04  1.53038255E-03  2.51320750E-03
  1.20800042E+00 -3.90207693E-02  9.95287225E-02  9.90596716E-04  1.52262044E-03  2.51321727E-03
  1.20900047E+00 -3.89210470E-02  9.99189317E-02  9.98379313E-04  1.51484786E-03  2.51322705E-03
  1.21000051E+00 -3.88209336E-02  1.00308143E-01  1.00617239E-03  1.50706491E-03  2.51323730E-03
  1.21100056E+00 -3.87204327E-02  1.00696355E-01  1.01397559E-03  1.49927195E-03  2.51324754E-03
  1.21200061E+00 -3.86195444E-02  1.01083562E-01  1.02178869E-03  1.49146921E-03  2.51325779E-03
  1.21300066E+00 -3.85182686E-02  1.01469755E-01  1.02961110E-03  1.48365705E-03  2.51326803E-03
  1.21400070E+00 -3.84166054E-02  1.01854935E-01  1.03744282E-03  1.47583557E-03  2.51327828E-03
  1.21500075E+00 -3.83145586E-02  1.02239102E-01  1.04528340E-03  1.46800536E-03  2.51328875E-03
  1.21600080E+00 -3.82121280E-02  1.02622248E-01  1.05313258E-03  1.46016676E-03  2.51329923E-03
  1.21700084E+00 -3.81093174E-02  1.03004366E-01  1.06099003E-03  1.45232002E-03  2.51330994E-03
  1.21800089E+00 -3.80061232E-02  1.03385456E-01  1.06885529E-03  1.44446536E-03  2.51332065E-03
  1.21900094E+00 -3.79025489E-02  1.03765517E-01  1.07672834E-03  1.43660326E-03  2.51333159E-03
  1.22000098E+00 -3.77985947E-02  1.04144543E-01  1.08460861E-03  1.42873381E-03  2.51334254E-03
  1.22100103E+00 -3.76942605E-02  1.04522526E-01  1.09249586E-03  1.42085727E-03  2.51335325E-03
  1.22200108E+00 -3.75895463E-02  1.04899466E-01  1.10038975E-03  1.41297397E-03  2.51336372E-03
  1.22300112E+00 -3.74844596E-02  1.05275363E-01  1.10829016E-03  1.40508474E-03  2.51337490E-03
  1.22400117E+00 -3.73789966E-02  1.05650209E-01  1.11619662E-03  1.39718933E-03  2.51338584E-03
  1.22500122E+00 -3.72731611E-02  1.06023997E-01  1.12410879E-03  1.38928858E-03  2.51339749E-03
  1.22600126E+00 -3.71669494E-02  1.06396727E-01  1.13202631E-03  1.38138211E-03  2.51340843E-03
  1.22700131E+00 -3.70603651E-02  1.06768399E-01  1.13994908E-03  1.37347064E-03  2.51341984E-03
  1.22800136E+00 -3.69534120E-02  1.07139006E-01  1.14787673E-03  1.36555464E-03  2.51343148E-03
  1.22900140E+00 -3.68460864E-02  1.07508540E-01  1.15580868E-03  1.35763409E-03  2.51344265E-03
  1.23000145E+00 -3.67383957E-02  1.07877001E-01  1.16374472E-03  1.34970970E-03  2.51345430E-03
  1.23100150E+00 -3.66303362E-02  1.08244382E-01  1.17168471E-03  1.34178158E-03  2.51346640E-03
  1.23200154E+00 -3.65219079E-02  1.08610682E-01  1.17962807E-03  1.33384974E-03  2.51347781E-03
  1.23300159E+00 -3.64131145E-02  1.08975902E-01  1.18757482E-03  1.32591487E-03  2.51348969E-03
  1.23400164E+00 -3.63039561E-02  1.09340034E-01  1.19552435E-03  1.31797721E-03  2.51350156E-03
  1.23500168E+00 -3.61944325E-02  1.09703071E-01  1.20347633E-03  1.31003698E-03  2.51351343E-03
  1.23600173E+00 -3.60845476E-02  1.10065013E-01  1.21143076E-03  1.30209455E-03  2.51352531E-03
  1.23700178E+00 -3.59743051E-02  1.10425860E-01  1.21938705E-03  1.29415060E-03  2.51353765E-03
  1.23800182E+00 -3.58637013E-02  1.10785604E-01  1.22734508E-03  1.28620502E-03  2.51355022E-03
  1.23900187E+00 -3.57527360E-02  1.11144237E-01  1.23530417E-03  1.27825816E-03  2.51356233E-03
  1.24000192E+00 -3.56414132E-02  1.11501768E-01  1.24326441E-03  1.27031037E-03  2.51357490E-03
  1.24100196E+00 -3.55297327E-02  1.11858182E-01  1.25122524E-03  1.26236188E-03  2.51358701E-03
  1.24200201E+00 -3.54176946E-02  1.12213477E-01  1.25918654E-03  1.25441304E-03  2.51359958E-03
  1.24300206E+00 -3.53053026E-02  1.12567656E-01  1.26714772E-03  1.24646444E-03  2.51361215E-03
  1.24400210E+00 -3.51925604E-02  1.12920709E-01  1.27510866E-03  1.23851630E-03  2.51362496E-03
  1.24500215E+00 -3.50794643E-02  1.13272637E-01  1.28306902E-03  1.23056886E-03  2.51363777E-03
  1.24600220E+00 -3.49660181E-02  1.13623433E-01  1.29102846E-03  1.22262246E-03  2.51365080E-03
  1.24700224E+00 -3.48522179E-02  1.13973096E-01  1.29898672E-03  1.21467712E-03  2.51366384E-03
  1.24800229E+00 -3.47380713E-02  1.14321619E-01  1.30694325E-03  1.20673364E-03  2.51367688E-03
  1.24900234E+00 -3.46235745E-02  1.14669003E-01  1.31489802E-03  1.19879190E-03  2.51368992E-03
  1.25000238E+00 -3.45087349E-02  1.15015239E-01  1.32285047E-03  1.19085284E-03  2.51370342E-03
  1.25100243E+00 -3.43935490E-02  1.15360327E-01  1.33080059E-03  1.18291622E-03  2.51371693E-03
  1.25200248E+00 -3.42780165E-02  1.15704261E-01  1.33874768E-03  1.17498240E-03  2.51372997E-03
  1.25300252E+00 -3.41621414E-02  1.16047040E-01  1.34669151E-03  1.16705196E-03  2.51374347E-03
  1.25400257E+00 -3.40459235E-02  1.16388664E-01  1.35463208E-03  1.15912489E-03  2.51375698E-03
  1.25500262E+00 -3.39293629E-02  1.16729125E-01  1.36256893E-03  1.15120166E-03  2.51377048E-03
  1.25600266E+00 -3.38124633E-02  1.17068417E-01  1.37050147E-03  1.14328263E-03  2.51378398E-03
  1.25700271E+00 -3.36952284E-02  1.17406540E-01  1.37842959E-03  1.13536837E-03  2.51379795E-03
  1.25800276E+00 -3.35776545E-02  1.17743492E-01  1.38635305E-03  1.12745888E-03  2.51381192E-03
  1.25900280E+00 -3.34597416E-02  1.18079267E-01  1.39427138E-03  1.11955428E-03  2.51382566E-03
  1.26000285E+00 -3.33414935E-02  1.18413866E-01  1.40218437E-03  1.11165515E-03  2.51383940E-03
  1.26100290E+00 -3.32229137E-02  1.18747279E-01  1.41009165E-03  1.10376196E-03  2.51385360E-03
  1.26200294E+00 -3.31039988E-02  1.19079508E-01  1.41799299E-03  1.09587470E-03  2.51386780E-03
  1.26300299E+00 -3.29847559E-02  1.19410545E-01  1.42588781E-03  1.08799408E-03  2.51388177E-03
  1.26400304E+00 -3.28651816E-02  1.19740389E-01  1.43377611E-03  1.08012022E-03  2.51389621E-03
  1.26500309E+00 -3.27452756E-02  1.20069042E-01  1.44165743E-03  1.07225310E-03  2.51391064E-03
  1.26600313E+00 -3.26250419E-02  1.20396495E-01  1.44953164E-03  1.06439332E-03  2.51392508E-03
  1.26700318E+00 -3.25044803E-02  1.20722748E-01  1.45739818E-03  1.05654122E-03  2.51393951E-03
  1.26800323E+00 -3.23835947E-02  1.21047795E-01  1.46525691E-03  1.04869716E-03  2.51395395E-03
  1.26900327E+00 -3.22623849E-02  1.21371634E-01  1.47310738E-03  1.04086148E-03  2.51396885E-03
  1.27000332E+00 -3.21408547E-02  1.21694259E-01  1.48094934E-03  1.03303452E-03  2.51398375E-03
  1.27100337E+00 -3.20190005E-02  1.22015670E-01  1.48878235E-03  1.02521642E-03  2.51399865E-03
  1.27200341E+00 -3.18968259E-02  1.22335859E-01  1.49660627E-03  1.01740751E-03  2.51401379E-03
  1.27300346E+00 -3.17743309E-02  1.22654825E-01  1.50442065E-03  1.00960815E-03  2.51402892E-03
  1.27400351E+00 -3.16515155E-02  1.22972570E-01  1.51222537E-03  1.00181845E-03  2.51404382E-03
  1.27500355E+00 -3.15283872E-02  1.23289086E-01  1.52001984E-03  9.94039234E-04  2.51405919E-03
  1.27600360E+00 -3.14049423E-02  1.23604372E-01  1.52780407E-03  9.86270374E-04  2.51407456E-03
  1.27700365E+00 -3.12811807E-02  1.23918422E-01  1.53557758E-03  9.78512224E-04  2.51408992E-03
  1.27800369E+00 -3.11571062E-02  1.24231234E-01  1.54334004E-03  9.70765250E-04  2.51410529E-03
  1.27900374E+00 -3.10327187E-02  1.24542803E-01  1.55109097E-03  9.63029626E-04  2.51412066E-03
  1.28000379E+00 -3.09080221E-02  1.24853127E-01  1.55883038E-03  9.55305819E-04  2.51413626E-03
  1.28100383E+00 -3.07830144E-02  1.25162214E-01  1.56655803E-03  9.47594002E-04  2.51415209E-03
  1.28200388E+00 -3.06576975E-02  1.25470042E-01  1.57427322E-03  9.39894409E-04  2.51416769E-03
  1.28300393E+00 -3.05320751E-02  1.25776619E-01  1.58197584E-03  9.32207622E-04  2.51418352E-03
  1.28400397E+00 -3.04061454E-02  1.26081944E-01  1.58966554E-03  9.24533699E-04  2.51419935E-03
  1.28500402E+00 -3.02799102E-02  1.26386002E-01  1.59734208E-03  9.16872988E-04  2.51421519E-03
  1.28600407E+00 -3.01533733E-02  1.26688808E-01  1.60500535E-03  9.09225899E-04  2.51423125E-03
  1.28700411E+00 -3.00265327E-02  1.26990348E-01  1.61265489E-03  9.01592663E-04  2.51424755E-03
  1.28800416E+00 -2.98993923E-02  1.27290606E-01  1.62028987E-03  8.93973687E-04  2.51426362E-03
  1.28900421E+00 -2.97719520E-02  1.27589598E-01  1.62791053E-03  8.86369147E-04  2.51427968E-03
  1.29000425E+00 -2.96442136E-02  1.27887323E-01  1.63551688E-03  8.78779392E-04  2.51429621E-03
  1.29100430E+00 -2.95161773E-02  1.28183767E-01  1.64310785E-03  8.71204713E-04  2.51431251E-03
  1.29200435E+00 -2.93878466E-02  1.28478929E-01  1.65068358E-03  8.63645517E-04  2.51432904E-03
  1.29300439E+00 -2.92592198E-02  1.28772810E-01  1.65824371E-03  8.56101920E-04  2.51434557E-03
  1.29400444E+00 -2.91303005E-02  1.29065409E-01  1.66578800E-03  8.48574389E-04  2.51436234E-03
  1.29500449E+00 -2.90010907E-02  1.29356712E-01  1.67331588E-03  8.41063273E-04  2.51437910E-03
  1.29600453E+00 -2.88715884E-02  1.29646719E-01  1.68082712E-03  8.33568629E-04  2.51439586E-03
  1.29700458E+00 -2.87417956E-02  1.29935429E-01  1.68832147E-03  8.26090807E-04  2.51441216E-03
  1.29800463E+00 -2.86117159E-02  1.30222842E-01  1.69579894E-03  8.18630273E-04  2.51442916E-03
  1.29900467E+00 -2.84813493E-02  1.30508959E-01  1.70325884E-03  8.11187259E-04  2.51444615E-03
  1.30000472E+00 -2.83506997E-02  1.30793780E-01  1.71070138E-03  8.03762174E-04  2.51446362E-03
  1.30100477E+00 -2.82197651E-02  1.31077290E-01  1.71812554E-03  7.96355132E-04  2.51448061E-03
  1.30200481E+00 -2.80885454E-02  1.31359488E-01  1.72553153E-03  7.88966368E-04  2.51449784E-03
  1.30300486E+00 -2.79570464E-02  1.31640375E-01  1.73291878E-03  7.81596464E-04  2.51451530E-03
  1.30400491E+00 -2.78252661E-02  1.31919950E-01  1.74028729E-03  7.74245418E-04  2.51453277E-03
  1.30500495E+00 -2.76932064E-02  1.32198200E-01  1.74763636E-03  7.66913698E-04  2.51455000E-03
  1.30600500E+00 -2.75608711E-02  1.32475138E-01  1.75496622E-03  7.59601593E-04  2.51456769E-03
  1.30700505E+00 -2.74282582E-02  1.32750750E-01  1.76227617E-03  7.52309337E-04  2.51458539E-03
  1.30800509E+00 -2.72953697E-02  1.33025035E-01  1.76956598E-03  7.45037221E-04  2.51460308E-03
  1.30900514E+00 -2.71622092E-02  1.33297995E-01  1.77683553E-03  7.37785595E-04  2.51462124E-03
  1.31000519E+00 -2.70287748E-02  1.33569613E-01  1.78408425E-03  7.30554690E-04  2.51463894E-03
  1.31100523E+00 -2.68950686E-02  1.33839905E-01  1.79131201E-03  7.23344740E-04  2.51465663E-03
  1.31200528E+00 -2.67610941E-02  1.34108856E-01  1.79851858E-03  7.16156152E-04  2.51467479E-03
  1.31300533E+00 -2.66268514E-02  1.34376466E-01  1.80570350E-03  7.08989217E-04  2.51469272E-03
  1.31400537E+00 -2.64923424E-02  1.34642735E-01  1.81286677E-03  7.01844227E-04  2.51471112E-03
  1.31500542E+00 -2.63575669E-02  1.34907663E-01  1.82000769E-03  6.94721355E-04  2.51472904E-03
  1.31600547E+00 -2.62225270E-02  1.35171235E-01  1.82712625E-03  6.87620952E-04  2.51474720E-03
  1.31700552E+00 -2.60872245E-02  1.35433465E-01  1.83422235E-03  6.80543308E-04  2.51476560E-03
  1.31800556E+00 -2.59516612E-02  1.35694340E-01  1.84129539E-03  6.73488714E-04  2.51478422E-03
  1.31900561E+00 -2.58158371E-02  1.35953858E-01  1.84834527E-03  6.66457461E-04  2.51480285E-03
  1.32000566E+00 -2.56797541E-02  1.36212021E-01  1.85537152E-03  6.59449783E-04  2.51482124E-03
  1.32100570E+00 -2.55434141E-02  1.36468813E-01  1.86237379E-03  6.52466028E-04  2.51483987E-03
  1.32200575E+00 -2.54068170E-02  1.36724249E-01  1.86935195E-03  6.45506370E-04  2.51485826E-03
  1.32300580E+00 -2.52699666E-02  1.36978313E-01  1.87630579E-03  6.38571219E-04  2.51487689E-03
  1.32400584E+00 -2.51328610E-02  1.37231007E-01  1.88323506E-03  6.31660689E-04  2.51489575E-03
  1.32500589E+00 -2.49955058E-02  1.37482330E-01  1.89013907E-03  6.24775304E-04  2.51491438E-03
  1.32600594E+00 -2.48578992E-02  1.37732282E-01  1.89701829E-03  6.17915124E-04  2.51493347E-03
  1.32700598E+00 -2.47200429E-02  1.37980863E-01  1.90387189E-03  6.11080497E-04  2.51495233E-03
  1.32800603E+00 -2.45819390E-02  1.38228059E-01  1.91069953E-03  6.04271714E-04  2.51497119E-03
  1.32900608E+00 -2.44435873E-02  1.38473883E-01  1.91750180E-03  5.97488950E-04  2.51499075E-03
  1.33000612E+00 -2.43049897E-02  1.38718322E-01  1.92427728E-03  5.90732554E-04  2.51500984E-03
  1.33100617E+00 -2.41661500E-02  1.38961375E-01  1.93102646E-03  5.84002817E-04  2.51502916E-03
  1.33200622E+00 -2.40270682E-02  1.39203042E-01  1.93774875E-03  5.77300030E-04  2.51504872E-03
  1.33300626E+00 -2.38877460E-02  1.39443308E-01  1.94444356E-03  5.70624426E-04  2.51506804E-03
  1.33400631E+00 -2.37481836E-02  1.39682189E-01  1.95111136E-03  5.63976238E-04  2.51508760E-03
  1.33500636E+00 -2.36083828E-02  1.39919668E-01  1.95775158E-03  5.57355757E-04  2.51510739E-03
  1.33600640E+00 -2.34683454E-02  1.40155748E-01  1.96436327E-03  5.50763216E-04  2.51512649E-03
  1.33700645E+00 -2.33280715E-02  1.40390426E-01  1.97094725E-03  5.44198905E-04  2.51514604E-03
  1.33800650E+00 -2.31875628E-02  1.40623704E-01  1.97750260E-03  5.37663058E-04  2.51516560E-03
  1.33900654E+00 -2.30468232E-02  1.40855581E-01  1.98402954E-03  5.31156082E-04  2.51518562E-03
  1.34000659E+00 -2.29058526E-02  1.41086042E-01  1.99052715E-03  5.24678093E-04  2.51520518E-03
  1.34100664E+00 -2.27646530E-02  1.41315103E-01  1.99699588E-03  5.18229441E-04  2.51522521E-03
  1.34200668E+00 -2.26232242E-02  1.41542748E-01  2.00343481E-03  5.11810300E-04  2.51524523E-03
  1.34300673E+00 -2.24815682E-02  1.41768977E-01  2.00984417E-03  5.05420903E-04  2.51526502E-03
  1.34400678E+00 -2.23396868E-02  1.41993791E-01  2.01622373E-03  4.99061600E-04  2.51528528E-03
  1.34500682E+00 -2.21975818E-02  1.42217189E-01  2.02257303E-03  4.92732623E-04  2.51530576E-03
  1.34600687E+00 -2.20552534E-02  1.42439172E-01  2.02889182E-03  4.86434205E-04  2.51532602E-03
  1.34700692E+00 -2.19127052E-02  1.42659724E-01  2.03517987E-03  4.80166636E-04  2.51534651E-03
  1.34800696E+00 -2.17699353E-02  1.42878845E-01  2.04143650E-03  4.73930093E-04  2.51536653E-03
  1.34900701E+00 -2.16269493E-02  1.43096551E-01  2.04766239E-03  4.67724924E-04  2.51538726E-03
  1.35000706E+00 -2.14837454E-02  1.43312827E-01  2.05385662E-03  4.61551332E-04  2.51540798E-03
  1.35100710E+00 -2.13403255E-02  1.43527657E-01  2.06001895E-03  4.55409492E-04  2.51542847E-03
  1.35200715E+00 -2.11966913E-02  1.43741056E-01  2.06614914E-03  4.49299725E-04  2.51544896E-03
  1.35300720E+00 -2.10528448E-02  1.43953025E-01  2.07224744E-03  4.43222263E-04  2.51546968E-03
  1.35400724E+00 -2.09087860E-02  1.44163549E-01  2.07831291E-03  4.37177339E-04  2.51549017E-03
  1.35500729E+00 -2.07645185E-02  1.44372642E-01  2.08434602E-03  4.31165216E-04  2.51551112E-03
  1.35600734E+00 -2.06200425E-02  1.44580290E-01  2.09034607E-03  4.25186154E-04  2.51553231E-03
  1.35700738E+00 -2.04753596E-02  1.44786492E-01  2.09631282E-03  4.19240358E-04  2.51555326E-03
  1.35800743E+00 -2.03304701E-02  1.44991249E-01  2.10224628E-03  4.13328002E-04  2.51557422E-03
  1.35900748E+00 -2.01853756E-02  1.45194560E-01  2.10814620E-03  4.07449377E-04  2.51559564E-03
  1.36000752E+00 -2.00400800E-02  1.45396411E-01  2.11401167E-03  4.01604804E-04  2.51561636E-03
  1.36100757E+00 -1.98945832E-02  1.45596817E-01  2.11984338E-03  3.95794428E-04  2.51563778E-03
  1.36200762E+00 -1.97488870E-02  1.45795763E-01  2.12564040E-03  3.90018540E-04  2.51565897E-03
  1.36300766E+00 -1.96029916E-02  1.45993248E-01  2.13140296E-03  3.84277286E-04  2.51568016E-03
  1.36400771E+00 -1.94568988E-02  1.46189272E-01  2.13713036E-03  3.78570898E-04  2.51570134E-03
  1.36500776E+00 -1.93106122E-02  1.46383837E-01  2.14282284E-03  3.72899754E-04  2.51572253E-03
  1.36600780E+00 -1.91641320E-02  1.46576941E-01  2.14847992E-03  3.67263943E-04  2.51574395E-03
  1.36700785E+00 -1.90174598E-02  1.46768585E-01  2.15410185E-03  3.61663784E-04  2.51576561E-03
  1.36800790E+00 -1.88705958E-02  1.46958753E-01  2.15968746E-03  3.56099394E-04  2.51578679E-03
  1.36900795E+00 -1.87235419E-02  1.47147462E-01  2.16523767E-03  3.50571034E-04  2.51580868E-03
  1.37000799E+00 -1.85763016E-02  1.47334695E-01  2.17075134E-03  3.45078995E-04  2.51583033E-03
  1.37100804E+00 -1.84288733E-02  1.47520453E-01  2.17622845E-03  3.39623366E-04  2.51585175E-03
  1.37200809E+00 -1.82812624E-02  1.47704735E-01  2.18166900E-03  3.34204553E-04  2.51587364E-03
  1.37300813E+00 -1.81334671E-02  1.47887543E-01  2.18707253E-03  3.28822614E-04  2.51589506E-03
  1.37400818E+00 -1.79854874E-02  1.48068875E-01  2.19243928E-03  3.23477754E-04  2.51591695E-03
  1.37500823E+00 -1.78373288E-02  1.48248732E-01  2.19776877E-03  3.18170292E-04  2.51593906E-03
  1.37600827E+00 -1.76889915E-02  1.48427099E-01  2.20306031E-03  3.12900433E-04  2.51596072E-03
  1.37700832E+00 -1.75404772E-02  1.48603991E-01  2.20831460E-03  3.07668350E-04  2.51598284E-03
  1.37800837E+00 -1.73917860E-02  1.48779392E-01  2.21353094E-03  3.02474218E-04  2.51600519E-03
  1.37900841E+00 -1.72429197E-02  1.48953304E-01  2.21870863E-03  2.97318271E-04  2.51602684E-03
  1.38000846E+00 -1.70938801E-02  1.49125740E-01  2.22384860E-03  2.92200741E-04  2.51604943E-03
  1.38100851E+00 -1.69446692E-02  1.49296686E-01  2.22894992E-03  2.87121802E-04  2.51607178E-03
  1.38200855E+00 -1.67952888E-02  1.49466127E-01  2.23401235E-03  2.82081717E-04  2.51609413E-03
  1.38300860E+00 -1.66457389E-02  1.49634078E-01  2.23903591E-03  2.77080631E-04  2.51611648E-03
  1.38400865E+00 -1.64960213E-02  1.49800539E-01  2.24402011E-03  2.72118719E-04  2.51613883E-03
  1.38500869E+00 -1.63461380E-02  1.49965495E-01  2.24896497E-03  2.67196214E-04  2.51616118E-03
  1.38600874E+00 -1.61960907E-02  1.50128961E-01  2.25387048E-03  2.62313348E-04  2.51618377E-03
  1.38700879E+00 -1.60458814E-02  1.50290921E-01  2.25873617E-03  2.57470325E-04  2.51620659E-03
  1.38800883E+00 -1.58955101E-02  1.50451377E-01  2.26356159E-03  2.52667232E-04  2.51622871E-03
  1.38900888E+00 -1.57449786E-02  1.50610328E-01  2.26834719E-03  2.47904361E-04  2.51625152E-03
  1.39000893E+00 -1.55942887E-02  1.50767773E-01  2.27309228E-03  2.43181843E-04  2.51627411E-03
  1.39100897E+00 -1.54434424E-02  1.50923714E-01  2.27779686E-03  2.38499910E-04  2.51629669E-03
  1.39200902E+00 -1.52924415E-02  1.51078150E-01  2.28246092E-03  2.33858766E-04  2.51631974E-03
  1.39300907E+00 -1.51412869E-02  1.51231080E-01  2.28708400E-03  2.29258570E-04  2.51634256E-03
  1.39400911E+00 -1.49899805E-02  1.51382491E-01  2.29166588E-03  2.24699514E-04  2.51636538E-03
  1.39500916E+00 -1.48385232E-02  1.51532397E-01  2.29620677E-03  2.20181770E-04  2.51638843E-03
  1.39600921E+00 -1.46869160E-02  1.51680782E-01  2.30070599E-03  2.15705499E-04  2.51641148E-03
  1.39700925E+00 -1.45351617E-02  1.51827648E-01  2.30516354E-03  2.11270919E-04  2.51643453E-03
  1.39800930E+00 -1.43832611E-02  1.51972994E-01  2.30957917E-03  2.06878205E-04  2.51645735E-03
  1.39900935E+00 -1.42312162E-02  1.52116820E-01  2.31395266E-03  2.02527517E-04  2.51648016E-03
  1.40000939E+00 -1.40790287E-02  1.52259126E-01  2.31828424E-03  1.98219044E-04  2.51650321E-03
  1.40100944E+00 -1.39266988E-02  1.52399912E-01  2.32257345E-03  1.93952947E-04  2.51652650E-03
  1.40200949E+00 -1.37742292E-02  1.52539179E-01  2.32682005E-03  1.89729384E-04  2.51654955E-03
  1.40300953E+00 -1.36216208E-02  1.52676925E-01  2.33102450E-03  1.85548561E-04  2.51657306E-03
  1.40400958E+00 -1.34688755E-02  1.52813137E-01  2.33518565E-03  1.81410607E-04  2.51659635E-03
  1.40500963E+00 -1.33159952E-02  1.52947828E-01  2.33930396E-03  1.77315727E-04  2.51661963E-03
  1.40600967E+00 -1.31629817E-02  1.53080985E-01  2.34337873E-03  1.73264081E-04  2.51664291E-03
  1.40700972E+00 -1.30098350E-02  1.53212622E-01  2.34741066E-03  1.69255814E-04  2.51666643E-03
  1.40800977E+00 -1.28565570E-02  1.53342724E-01  2.35139928E-03  1.65291058E-04  2.51669041E-03
  1.40900981E+00 -1.27031496E-02  1.53471291E-01  2.35534366E-03  1.61370015E-04  2.51671369E-03
  1.41000986E+00 -1.25496145E-02  1.53598323E-01  2.35924451E-03  1.57492832E-04  2.51673744E-03
  1.41100991E+00 -1.23959538E-02  1.53723821E-01  2.36310135E-03  1.53659668E-04  2.51676096E-03
  1.41200995E+00 -1.22421673E-02  1.53847784E-01  2.36691418E-03  1.49870655E-04  2.51678494E-03
  1.41301000E+00 -1.20882578E-02  1.53970212E-01  2.37068255E-03  1.46125982E-04  2.51680845E-03
  1.41401005E+00 -1.19342273E-02  1.54091090E-01  2.37440644E-03  1.42425779E-04  2.51683220E-03
  1.41501009E+00 -1.17800767E-02  1.54210433E-01  2.37808586E-03  1.38770207E-04  2.51685595E-03
  1.41601014E+00 -1.16258077E-02  1.54328227E-01  2.38172035E-03  1.35159411E-04  2.51687970E-03
  1.41701019E+00 -1.14714215E-02  1.54444486E-01  2.38530990E-03  1.31593508E-04  2.51690345E-03
  1.41801023E+00 -1.13169188E-02  1.54559195E-01  2.38885451E-03  1.28072657E-04  2.51692720E-03
  1.41901028E+00 -1.11623025E-02  1.54672369E-01  2.39235419E-03  1.24596991E-04  2.51695118E-03
  1.42001033E+00 -1.10075744E-02  1.54783994E-01  2.39580846E-03  1.21166697E-04  2.51697516E-03
  1.42101038E+00 -1.08527355E-02  1.54894069E-01  2.39921734E-03  1.17781870E-04  2.51699914E-03
  1.42201042E+00 -1.06977876E-02  1.55002594E-01  2.40258034E-03  1.14442657E-04  2.51702289E-03
  1.42301047E+00 -1.05427317E-02  1.55109569E-01  2.40589795E-03  1.11149195E-04  2.51704711E-03
  1.42401052E+00 -1.03875687E-02  1.55214995E-01  2.40916945E-03  1.07901586E-04  2.51707109E-03
  1.42501056E+00 -1.02323014E-02  1.55318871E-01  2.41239532E-03  1.04699990E-04  2.51709530E-03
  1.42601061E+00 -1.00769317E-02  1.55421197E-01  2.41557485E-03  1.01544552E-04  2.51711952E-03
  1.42701066E+00 -9.92146041E-03  1.55521974E-01  2.41870852E-03  9.84353755E-05  2.51714396E-03
  1.42801070E+00 -9.76588950E-03  1.55621186E-01  2.42179539E-03  9.53725976E-05  2.51716794E-03
  1.42901075E+00 -9.61021986E-03  1.55718848E-01  2.42483593E-03  9.23563275E-05  2.51719216E-03
  1.43001080E+00 -9.45445243E-03  1.55814946E-01  2.42782990E-03  8.93866672E-05  2.51721661E-03
  1.43101084E+00 -9.29859001E-03  1.55909494E-01  2.43077707E-03  8.64637768E-05  2.51724082E-03
  1.43201089E+00 -9.14263353E-03  1.56002477E-01  2.43367720E-03  8.35877509E-05  2.51726503E-03
  1.43301094E+00 -8.98658577E-03  1.56093910E-01  2.43653101E-03  8.07587203E-05  2.51728971E-03
  1.43401098E+00 -8.83044675E-03  1.56183779E-01  2.43933732E-03  7.79767870E-05  2.51731416E-03
  1.43501103E+00 -8.67421925E-03  1.56272084E-01  2.44209636E-03  7.52420819E-05  2.51733838E-03
  1.43601108E+00 -8.51790328E-03  1.56358823E-01  2.44480814E-03  7.25546779E-05  2.51736282E-03
  1.43701112E+00 -8.36150162E-03  1.56443998E-01  2.44747265E-03  6.99147058E-05  2.51738727E-03
  1.43801117E+00 -8.20501614E-03  1.56527609E-01  2.45008920E-03  6.73222894E-05  2.51741149E-03
  1.43901122E+00 -8.04844778E-03  1.56609654E-01  2.45265826E-03  6.47775087E-05  2.51743570E-03
  1.44001126E+00 -7.89179839E-03  1.56690136E-01  2.45518005E-03  6.22804801E-05  2.51746061E-03
  1.44101131E+00 -7.73506844E-03  1.56769052E-01  2.45765364E-03  5.98312836E-05  2.51748483E-03
  1.44201136E+00 -7.57826073E-03  1.56846404E-01  2.46007950E-03  5.74300357E-05  2.51750951E-03
  1.44301140E+00 -7.42137665E-03  1.56922191E-01  2.46245763E-03  5.50768309E-05  2.51753442E-03
  1.44401145E+00 -7.26441713E-03  1.56996399E-01  2.46478687E-03  5.27717566E-05  2.51755863E-03
  1.44501150E+00 -7.10738450E-03  1.57069042E-01  2.46706861E-03  5.05149146E-05  2.51758355E-03
  1.44601154E+00 -6.95028016E-03  1.57140121E-01  2.46930192E-03  4.83063959E-05  2.51760823E-03
  1.44701159E+00 -6.79310504E-03  1.57209620E-01  2.47148657E-03  4.61462769E-05  2.51763291E-03
  1.44801164E+00 -6.63586147E-03  1.57277554E-01  2.47362303E-03  4.40346557E-05  2.51765759E-03
  1.44901168E+00 -6.47855084E-03  1.57343909E-01  2.47571059E-03  4.19716198E-05  2.51768227E-03
  1.45001173E+00 -6.32117409E-03  1.57408699E-01  2.47774995E-03  3.99572418E-05  2.51770718E-03
  1.45101178E+00 -6.16373355E-03  1.57471910E-01  2.47974019E-03  3.79916128E-05  2.51773186E-03
  1.45201182E+00 -6.00623107E-03  1.57533541E-01  2.48168176E-03  3.60748127E-05  2.51775654E-03
  1.45301187E+00 -5.84866758E-03  1.57593608E-01  2.48357444E-03  3.42069143E-05  2.51778145E-03
  1.45401192E+00 -5.69104450E-03  1.57652095E-01  2.48541846E-03  3.23879867E-05  2.51780637E-03
  1.45501196E+00 -5.53336414E-03  1.57709002E-01  2.48721312E-03  3.06181173E-05  2.51783128E-03
  1.45601201E+00 -5.37562743E-03  1.57764331E-01  2.48895842E-03  2.88973697E-05  2.51785573E-03
  1.45701206E+00 -5.21783624E-03  1.57818094E-01  2.49065529E-03  2.72258148E-05  2.51788110E-03
  1.45801210E+00 -5.05999196E-03  1.57870278E-01  2.49230256E-03  2.56035182E-05  2.51790602E-03
  1.45901215E+00 -4.90209647E-03  1.57920882E-01  2.49390048E-03  2.40305490E-05  2.51793093E-03
  1.46001220E+00 -4.74415068E-03  1.57969907E-01  2.49544927E-03  2.25069653E-05  2.51795631E-03
  1.46101224E+00 -4.58615692E-03  1.58017352E-01  2.49694823E-03  2.10328362E-05  2.51798099E-03
  1.46201229E+00 -4.42811660E-03  1.58063218E-01  2.49839830E-03  1.96082165E-05  2.51800660E-03
  1.46301234E+00 -4.27003112E-03  1.58107504E-01  2.49979831E-03  1.82331660E-05  2.51803151E-03
  1.46401238E+00 -4.11190232E-03  1.58150211E-01  2.50114896E-03  1.69077412E-05  2.51805666E-03
  1.46501243E+00 -3.95373162E-03  1.58191323E-01  2.50244956E-03  1.56319929E-05  2.51808157E-03
  1.46601248E+00 -3.79552040E-03  1.58230856E-01  2.50370032E-03  1.44059750E-05  2.51810625E-03
  1.46701252E+00 -3.63727054E-03  1.58268809E-01  2.50490173E-03  1.32297373E-05  2.51813140E-03
  1.46801257E+00 -3.47898365E-03  1.58305183E-01  2.50605308E-03  1.21033272E-05  2.51815631E-03
  1.46901262E+00 -3.32066091E-03  1.58339977E-01  2.50715483E-03  1.10267893E-05  2.51818169E-03
  1.47001266E+00 -3.16230441E-03  1.58373177E-01  2.50820629E-03  1.00001689E-05  2.51820637E-03
  1.47101271E+00 -3.00391531E-03  1.58404797E-01  2.50920816E-03  9.02350712E-06  2.51823175E-03
  1.47201276E+00 -2.84549547E-03  1.58434838E-01  2.51015997E-03  8.09684479E-06  2.51825689E-03
  1.47301280E+00 -2.68704654E-03  1.58463299E-01  2.51106173E-03  7.22021923E-06  2.51828204E-03
  1.47401285E+00 -2.52856966E-03  1.58490166E-01  2.51191342E-03  6.39366453E-06  2.51830718E-03
  1.47501290E+00 -2.37006694E-03  1.58515453E-01  2.51271483E-03  5.61721708E-06  2.51833210E-03
  1.47601295E+00 -2.21153954E-03  1.58539161E-01  2.51346664E-03  4.89090735E-06  2.51835748E-03
  1.47701299E+00 -2.05298932E-03  1.58561274E-01  2.51416769E-03  4.21476534E-06  2.51838239E-03
  1.47801304E+00 -1.89441780E-03  1.58581808E-01  2.51481915E-03  3.58881880E-06  2.51840800E-03
  1.47901309E+00 -1.73582660E-03  1.58600748E-01  2.51541985E-03  3.01309410E-06  2.51843291E-03
  1.48001313E+00 -1.57721713E-03  1.58618107E-01  2.51597050E-03  2.48761398E-06  2.51845806E-03
  1.48101318E+00 -1.41859113E-03  1.58633873E-01  2.51647062E-03  2.01240073E-06  2.51848297E-03
  1.48201323E+00 -1.25995011E-03  1.58648059E-01  2.51692068E-03  1.58747423E-06  2.51850812E-03
  1.48301327E+00 -1.10129570E-03  1.58660665E-01  2.51732068E-03  1.21285223E-06  2.51853350E-03
  1.48401332E+00 -9.42629471E-04  1.58671677E-01  2.51767016E-03  8.88550346E-07  2.51855864E-03
  1.48501337E+00 -7.83953059E-04  1.58681110E-01  2.51796958E-03  6.14582405E-07  2.51858425E-03
  1.48601341E+00 -6.25268032E-04  1.58688948E-01  2.51821824E-03  3.90960111E-07  2.51860917E-03
  1.48701346E+00 -4.66575962E-04  1.58695206E-01  2.51841685E-03  2.17693128E-07  2.51863454E-03
  1.48801351E+00 -3.07878421E-04  1.58699870E-01  2.51856493E-03  9.47891223E-08  2.51865969E-03
  1.48901355E+00 -1.49176994E-04  1.58702955E-01  2.51866295E-03  2.22537757E-08  2.51868530E-03
  1.49001360E+00  9.52672053E-06  1.58704445E-01  2.51871021E-03  9.07584008E-11  2.51871021E-03
  1.49101365E+00  1.68231127E-04  1.58704355E-01  2.51870742E-03  2.83017112E-08  2.51873583E-03
  1.49201369E+00  3.26934649E-04  1.58702672E-01  2.51865387E-03  1.06886262E-07  2.51876074E-03
  1.49301374E+00  4.85635712E-04  1.58699408E-01  2.51855026E-03  2.35842052E-07  2.51878612E-03
  1.49401379E+00  6.44332671E-04  1.58694550E-01  2.51839613E-03  4.15164578E-07  2.51881126E-03
  1.49501383E+00  8.03024042E-04  1.58688113E-01  2.51819170E-03  6.44847603E-07  2.51883664E-03
  1.49601388E+00  9.61708138E-04  1.58680081E-01  2.51793675E-03  9.24882556E-07  2.51886155E-03
  1.49701393E+00  1.12038350E-03  1.58670470E-01  2.51763198E-03  1.25525924E-06  2.51888717E-03
  1.49801397E+00  1.27904839E-03  1.58659264E-01  2.51727621E-03  1.63596474E-06  2.51891208E-03
  1.49901402E+00  1.43770128E-03  1.58646479E-01  2.51687062E-03  2.06698496E-06  2.51893769E-03
  1.50001407E+00  1.59634056E-03  1.58632100E-01  2.51641427E-03  2.54830320E-06  2.51896260E-03
  1.50101411E+00  1.75496459E-03  1.58616140E-01  2.51590810E-03  3.07990081E-06  2.51898798E-03
  1.50201416E+00  1.91357196E-03  1.58598587E-01  2.51535117E-03  3.66175755E-06  2.51901289E-03
  1.50301421E+00  2.07216106E-03  1.58579454E-01  2.51474441E-03  4.29385136E-06  2.51903827E-03
  1.50401425E+00  2.23073037E-03  1.58558726E-01  2.51408713E-03  4.97615792E-06  2.51906319E-03
  1.50501430E+00  2.38927803E-03  1.58536419E-01  2.51337956E-03  5.70864950E-06  2.51908810E-03
  1.50601435E+00  2.54780264E-03  1.58512533E-01  2.51262239E-03  6.49129834E-06  2.51911371E-03
  1.50701439E+00  2.70630233E-03  1.58487052E-01  2.51181470E-03  7.32407216E-06  2.51913886E-03
  1.50801444E+00  2.86477595E-03  1.58459991E-01  2.51095695E-03  8.20694095E-06  2.51916400E-03
  1.50901449E+00  3.02322162E-03  1.58431336E-01  2.51004891E-03  9.13986878E-06  2.51918868E-03
  1.51001453E+00  3.18163773E-03  1.58401102E-01  2.50909082E-03  1.01228188E-05  2.51921359E-03
  1.51101458E+00  3.34002310E-03  1.58369288E-01  2.50808313E-03  1.11557547E-05  2.51923897E-03
  1.51201463E+00  3.49837565E-03  1.58335894E-01  2.50702561E-03  1.22386318E-05  2.51926435E-03
  1.51301467E+00  3.65669397E-03  1.58300906E-01  2.50591780E-03  1.33714111E-05  2.51928926E-03
  1.51401472E+00  3.81497643E-03  1.58264339E-01  2.50476017E-03  1.45540453E-05  2.51931418E-03
  1.51501477E+00  3.97322187E-03  1.58226192E-01  2.50355294E-03  1.57864924E-05  2.51933932E-03
  1.51601481E+00  4.13142797E-03  1.58186466E-01  2.50229589E-03  1.70686963E-05  2.51936447E-03
  1.51701486E+00  4.28959401E-03  1.58145145E-01  2.50098878E-03  1.84006167E-05  2.51938938E-03
  1.51801491E+00  4.44771769E-03  1.58102244E-01  2.49963207E-03  1.97821919E-05  2.51941429E-03
  1.51901495E+00  4.60579759E-03  1.58057764E-01  2.49822577E-03  2.12133709E-05  2.51943921E-03
  1.52001500E+00  4.76383232E-03  1.58011705E-01  2.49676988E-03  2.26940974E-05  2.51946389E-03
  1.52101505E+00  4.92182048E-03  1.57964066E-01  2.49526463E-03  2.42243168E-05  2.51948903E-03
  1.52201509E+00  5.07975975E-03  1.57914847E-01  2.49371002E-03  2.58039599E-05  2.51951395E-03
  1.52301514E+00  5.23764919E-03  1.57864049E-01  2.49210582E-03  2.74329686E-05  2.51953886E-03
  1.52401519E+00  5.39548695E-03  1.57811671E-01  2.49045226E-03  2.91112792E-05  2.51956354E-03
  1.52501523E+00  5.55327162E-03  1.57757714E-01  2.48874980E-03  3.08388262E-05  2.51958868E-03
  1.52601528E+00  5.71100134E-03  1.57702178E-01  2.48699775E-03  3.26155350E-05  2.51961336E-03
  1.52701533E+00  5.86867519E-03  1.57645062E-01  2.48519657E-03  3.44413493E-05  2.51963781E-03
  1.52801538E+00  6.02629082E-03  1.57586381E-01  2.48334673E-03  3.63161816E-05  2.51966296E-03
  1.52901542E+00  6.18384685E-03  1.57526121E-01  2.48144800E-03  3.82399630E-05  2.51968787E-03
  1.53001547E+00  6.34134235E-03  1.57464281E-01  2.47949990E-03  4.02126243E-05  2.51971255E-03
  1.53101552E+00  6.49877498E-03  1.57400861E-01  2.47750315E-03  4.22340745E-05  2.51973723E-03
  1.53201556E+00  6.65614335E-03  1.57335877E-01  2.47545796E-03  4.43042445E-05  2.51976214E-03
  1.53301561E+00  6.81344606E-03  1.57269314E-01  2.47336365E-03  4.64230470E-05  2.51978659E-03
  1.53401566E+00  6.97068125E-03  1.57201186E-01  2.47122138E-03  4.85903984E-05  2.51981174E-03
  1.53501570E+00  7.12784752E-03  1.57131478E-01  2.46903021E-03  5.08062112E-05  2.51983642E-03
  1.53601575E+00  7.28494301E-03  1.57060206E-01  2.46679084E-03  5.30703946E-05  2.51986133E-03
  1.53701580E+00  7.44196679E-03  1.56987354E-01  2.46450282E-03  5.53828686E-05  2.51988578E-03
  1.53801584E+00  7.59891700E-03  1.56912938E-01  2.46216706E-03  5.77435385E-05  2.51991069E-03
  1.53901589E+00  7.75579177E-03  1.56836942E-01  2.45978264E-03  6.01523061E-05  2.51993490E-03
  1.54001594E+00  7.91258924E-03  1.56759381E-01  2.45735026E-03  6.26090696E-05  2.51995935E-03
  1.54101598E+00  8.06930941E-03  1.56680256E-01  2.45487015E-03  6.51137525E-05  2.51998380E-03
  1.54201603E+00  8.22594948E-03  1.56599566E-01  2.45234254E-03  6.76662457E-05  2.52000871E-03
  1.54301608E+00  8.38250853E-03  1.56517312E-01  2.44976697E-03  7.02664474E-05  2.52003339E-03
  1.54401612E+00  8.53898376E-03  1.56433493E-01  2.44714390E-03  7.29142412E-05  2.52005807E-03
  1.54501617E+00  8.69537424E-03  1.56348109E-01  2.44447310E-03  7.56095324E-05  2.52008252E-03
  1.54601622E+00  8.85167904E-03  1.56261161E-01  2.44175526E-03  7.83522191E-05  2.52010743E-03
  1.54701626E+00  9.00789537E-03  1.56172648E-01  2.43898970E-03  8.11421778E-05  2.52013188E-03
  1.54801631E+00  9.16402321E-03  1.56082571E-01  2.43617687E-03  8.39793211E-05  2.52015609E-03
  1.54901636E+00  9.32005979E-03  1.55990928E-01  2.43331701E-03  8.68635179E-05  2.52018054E-03
  1.55001640E+00  9.47600417E-03  1.55897722E-01  2.43040989E-03  8.97946520E-05  2.52020452E-03
  1.55101645E+00  9.63185448E-03  1.55802965E-01  2.42745643E-03  9.27726214E-05  2.52022897E-03
  1.55201650E+00  9.78760887E-03  1.55706644E-01  2.42445595E-03  9.57972879E-05  2.52025318E-03
  1.55301654E+00  9.94326640E-03  1.55608773E-01  2.42140912E-03  9.88685497E-05  2.52027763E-03
  1.55401659E+00  1.00988261E-02  1.55509338E-01  2.41831550E-03  1.01986290E-04  2.52030184E-03
  1.55501664E+00  1.02542853E-02  1.55408353E-01  2.41517555E-03  1.05150364E-04  2.52032583E-03
  1.55601668E+00  1.04096420E-02  1.55305803E-01  2.41198926E-03  1.08360648E-04  2.52034981E-03
  1.55701673E+00  1.05648953E-02  1.55201703E-01  2.40875687E-03  1.11617017E-04  2.52037379E-03
  1.55801678E+00  1.07200444E-02  1.55096054E-01  2.40547862E-03  1.14919349E-04  2.52039800E-03
  1.55901682E+00  1.08750863E-02  1.54988855E-01  2.40215450E-03  1.18267504E-04  2.52042199E-03
  1.56001687E+00  1.10300211E-02  1.54880106E-01  2.39878474E-03  1.21661367E-04  2.52044620E-03
  1.56101692E+00  1.11848461E-02  1.54769808E-01  2.39536935E-03  1.25100778E-04  2.52047018E-03
  1.56201696E+00  1.13395602E-02  1.54657960E-01  2.39190855E-03  1.28585627E-04  2.52049416E-03
  1.56301701E+00  1.14941616E-02  1.54544562E-01  2.38840212E-03  1.32115747E-04  2.52051791E-03
  1.56401706E+00  1.16486484E-02  1.54429615E-01  2.38485052E-03  1.35691007E-04  2.52054143E-03
  1.56501710E+00  1.18030198E-02  1.54313132E-01  2.38125445E-03  1.39311276E-04  2.52056564E-03
  1.56601715E+00  1.19572738E-02  1.54195100E-01  2.37761298E-03  1.42976394E-04  2.52058939E-03
  1.56701720E+00  1.21114096E-02  1.54075533E-01  2.37392704E-03  1.46686245E-04  2.52061337E-03
  1.56801724E+00  1.22654242E-02  1.53954417E-01  2.37019616E-03  1.50440639E-04  2.52063689E-03
  1.56901729E+00  1.24193169E-02  1.53831765E-01  2.36642128E-03  1.54239431E-04  2.52066064E-03
  1.57001734E+00  1.25730867E-02  1.53707579E-01  2.36260216E-03  1.58082505E-04  2.52068462E-03
  1.57101738E+00  1.27267307E-02  1.53581843E-01  2.35873833E-03  1.61969670E-04  2.52070790E-03
  1.57201743E+00  1.28802489E-02  1.53454572E-01  2.35483050E-03  1.65900812E-04  2.52073142E-03
  1.57301748E+00  1.30336396E-02  1.53325766E-01  2.35087913E-03  1.69875755E-04  2.52075493E-03
  1.57401752E+00  1.31868999E-02  1.53195426E-01  2.34688399E-03  1.73894325E-04  2.52077822E-03
  1.57501757E+00  1.33400289E-02  1.53063551E-01  2.34284508E-03  1.77956375E-04  2.52080150E-03
  1.57601762E+00  1.34930257E-02  1.52930155E-01  2.33876333E-03  1.82061747E-04  2.52082502E-03
  1.57701766E+00  1.36458892E-02  1.52795225E-01  2.33463827E-03  1.86210294E-04  2.52084853E-03
  1.57801771E+00  1.37986168E-02  1.52658761E-01  2.33046967E-03  1.90401828E-04  2.52087158E-03
  1.57901776E+00  1.39512066E-02  1.52520776E-01  2.32625869E-03  1.94636159E-04  2.52089486E-03
  1.58001781E+00  1.41036576E-02  1.52381271E-01  2.32200511E-03  1.98913156E-04  2.52091838E-03
  1.58101785E+00  1.42559679E-02  1.52240232E-01  2.31770868E-03  2.03232616E-04  2.52094120E-03
  1.58201790E+00  1.44081367E-02  1.52097672E-01  2.31337035E-03  2.07594407E-04  2.52096471E-03
  1.58301795E+00  1.45601630E-02  1.51953593E-01  2.30898964E-03  2.11998340E-04  2.52098800E-03
  1.58401799E+00  1.47120440E-02  1.51807994E-01  2.30456679E-03  2.16444241E-04  2.52101105E-03
  1.58501804E+00  1.48637788E-02  1.51660874E-01  2.30010203E-03  2.20931921E-04  2.52103386E-03
  1.58601809E+00  1.50153656E-02  1.51512235E-01  2.29559583E-03  2.25461205E-04  2.52105715E-03
  1.58701813E+00  1.51668023E-02  1.51362076E-01  2.29104771E-03  2.30031888E-04  2.52107950E-03
  1.58801818E+00  1.53180892E-02  1.51210412E-01  2.28645909E-03  2.34643856E-04  2.52110302E-03
  1.58901823E+00  1.54692233E-02  1.51057228E-01  2.28182855E-03  2.39296874E-04  2.52112537E-03
  1.59001827E+00  1.56202028E-02  1.50902539E-01  2.27715774E-03  2.43990740E-04  2.52114842E-03
  1.59101832E+00  1.57710277E-02  1.50746331E-01  2.27244571E-03  2.48725322E-04  2.52117100E-03
  1.59201837E+00  1.59216952E-02  1.50588617E-01  2.26769317E-03  2.53500388E-04  2.52119359E-03
  1.59301841E+00  1.60722043E-02  1.50429398E-01  2.26290035E-03  2.58315762E-04  2.52121617E-03
  1.59401846E+00  1.62225533E-02  1.50268674E-01  2.25806748E-03  2.63171241E-04  2.52123876E-03
  1.59501851E+00  1.63727403E-02  1.50106445E-01  2.25319457E-03  2.68066622E-04  2.52126111E-03
  1.59601855E+00  1.65227652E-02  1.49942711E-01  2.24828161E-03  2.73001759E-04  2.52128346E-03
  1.59701860E+00  1.66726261E-02  1.49777487E-01  2.24332954E-03  2.77976476E-04  2.52130604E-03
  1.59801865E+00  1.68223195E-02  1.49610758E-01  2.23833788E-03  2.82990426E-04  2.52132840E-03
  1.59901869E+00  1.69718470E-02  1.49442539E-01  2.23330734E-03  2.88043579E-04  2.52135098E-03
  1.60001874E+00  1.71212032E-02  1.49272814E-01  2.22823746E-03  2.93135614E-04  2.52137310E-03
  1.60101879E+00  1.72703899E-02  1.49101600E-01  2.22312869E-03  2.98266357E-04  2.52139498E-03
  1.60201883E+00  1.74194053E-02  1.48928896E-01  2.21798173E-03  3.03435692E-04  2.52141734E-03
  1.60301888E+00  1.75682474E-02  1.48754701E-01  2.21279613E-03  3.08643328E-04  2.52143946E-03
  1.60401893E+00  1.77169144E-02  1.48579016E-01  2.20757234E-03  3.13889061E-04  2.52146134E-03
  1.60501897E+00  1.78654045E-02  1.48401842E-01  2.20231060E-03  3.19172686E-04  2.52148323E-03
  1.60601902E+00  1.80137176E-02  1.48223191E-01  2.19701137E-03  3.24494031E-04  2.52150535E-03
  1.60701907E+00  1.81618519E-02  1.48043051E-01  2.19167466E-03  3.29852861E-04  2.52152747E-03
  1.60801911E+00  1.83098037E-02  1.47861436E-01  2.18630047E-03  3.35248915E-04  2.52154935E-03
  1.60901916E+00  1.84575748E-02  1.47678331E-01  2.18088902E-03  3.40682076E-04  2.52157100E-03
  1.61001921E+00  1.86051596E-02  1.47493750E-01  2.17544078E-03  3.46151966E-04  2.52159266E-03
  1.61101925E+00  1.87525600E-02  1.47307694E-01  2.16995575E-03  3.51658498E-04  2.52161431E-03
  1.61201930E+00  1.88997742E-02  1.47120163E-01  2.16443441E-03  3.57201468E-04  2.52163596E-03
  1.61301935E+00  1.90468002E-02  1.46931171E-01  2.15887697E-03  3.62780585E-04  2.52165762E-03
  1.61401939E+00  1.91936363E-02  1.46740705E-01  2.15328345E-03  3.68395675E-04  2.52167904E-03
  1.61501944E+00  1.93402804E-02  1.46548763E-01  2.14765407E-03  3.74046445E-04  2.52170046E-03
  1.61601949E+00  1.94867328E-02  1.46355361E-01  2.14198930E-03  3.79732752E-04  2.52172211E-03
  1.61701953E+00  1.96329914E-02  1.46160498E-01  2.13628914E-03  3.85454361E-04  2.52174353E-03
  1.61801958E+00  1.97790526E-02  1.45964175E-01  2.13055406E-03  3.91210924E-04  2.52176495E-03
  1.61901963E+00  1.99249182E-02  1.45766392E-01  2.12478428E-03  3.97002354E-04  2.52178661E-03
  1.62001967E+00  2.00705864E-02  1.45567149E-01  2.11897935E-03  4.02828446E-04  2.52180779E-03
  1.62101972E+00  2.02160534E-02  1.45366445E-01  2.11314042E-03  4.08688822E-04  2.52182921E-03
  1.62201977E+00  2.03613192E-02  1.45164281E-01  2.10726704E-03  4.14583308E-04  2.52185040E-03
  1.62301981E+00  2.05063801E-02  1.44960672E-01  2.10135966E-03  4.20511613E-04  2.52187136E-03
  1.62401986E+00  2.06512380E-02  1.44755602E-01  2.09541852E-03  4.26473620E-04  2.52189208E-03
  1.62501991E+00  2.07958911E-02  1.44549087E-01  2.08944385E-03  4.32469096E-04  2.52191303E-03
  1.62601995E+00  2.09403355E-02  1.44341126E-01  2.08343612E-03  4.38497664E-04  2.52193375E-03
  1.62702000E+00  2.10845731E-02  1.44131720E-01  2.07739533E-03  4.44559235E-04  2.52195448E-03
  1.62802005E+00  2.12285984E-02  1.43920869E-01  2.07132171E-03  4.50653402E-04  2.52197520E-03
  1.62902009E+00  2.13724133E-02  1.43708587E-01  2.06521596E-03  4.56780050E-04  2.52199592E-03
  1.63002014E+00  2.15160158E-02  1.43494859E-01  2.05907761E-03  4.62938944E-04  2.52201664E-03
  1.63102019E+00  2.16594022E-02  1.43279701E-01  2.05290737E-03  4.69129707E-04  2.52203713E-03
  1.63202024E+00  2.18025744E-02  1.43063113E-01  2.04670546E-03  4.75352252E-04  2.52205762E-03
  1.63302028E+00  2.19455268E-02  1.42845094E-01  2.04047211E-03  4.81606141E-04  2.52207834E-03
  1.63402033E+00  2.20882613E-02  1.42625645E-01  2.03420757E-03  4.87891288E-04  2.52209883E-03
  1.63502038E+00  2.22307779E-02  1.42404765E-01  2.02791183E-03  4.94207488E-04  2.52211932E-03
  1.63602042E+00  2.23730709E-02  1.42182454E-01  2.02158513E-03  5.00554277E-04  2.52213934E-03
  1.63702047E+00  2.25151423E-02  1.41958728E-01  2.01522815E-03  5.06931625E-04  2.52215983E-03
  1.63802052E+00  2.26569902E-02  1.41733572E-01  2.00884067E-03  5.13339182E-04  2.52217986E-03
  1.63902056E+00  2.27986109E-02  1.41507000E-01  2.00242316E-03  5.19776659E-04  2.52219988E-03
  1.64002061E+00  2.29400042E-02  1.41279012E-01  1.99597585E-03  5.26243821E-04  2.52221967E-03
  1.64102066E+00  2.30811685E-02  1.41049609E-01  1.98949943E-03  5.32740320E-04  2.52223969E-03
  1.64202070E+00  2.32221019E-02  1.40818790E-01  1.98299321E-03  5.39266039E-04  2.52225925E-03
  1.64302075E+00  2.33628061E-02  1.40586570E-01  1.97645836E-03  5.45820687E-04  2.52227904E-03
  1.64402080E+00  2.35032756E-02  1.40352935E-01  1.96989463E-03  5.52403973E-04  2.52229860E-03
  1.64502084E+00  2.36435104E-02  1.40117899E-01  1.96330249E-03  5.59015607E-04  2.52231816E-03
  1.64602089E+00  2.37835106E-02  1.39881462E-01  1.95668242E-03  5.65655355E-04  2.52233772E-03
  1.64702094E+00  2.39232723E-02  1.39643624E-01  1.95003417E-03  5.72322984E-04  2.52235727E-03
  1.64802098E+00  2.40627974E-02  1.39404386E-01  1.94335822E-03  5.79018204E-04  2.52237637E-03
  1.64902103E+00  2.42020804E-02  1.39163762E-01  1.93665538E-03  5.85740723E-04  2.52239616E-03
  1.65002108E+00  2.43411232E-02  1.38921738E-01  1.92992506E-03  5.92490251E-04  2.52241525E-03
  1.65102112E+00  2.44799238E-02  1.38678327E-01  1.92316796E-03  5.99266670E-04  2.52243457E-03
  1.65202117E+00  2.46184785E-02  1.38433531E-01  1.91638432E-03  6.06069458E-04  2.52245367E-03
  1.65302122E+00  2.47567892E-02  1.38187349E-01  1.90957438E-03  6.12898613E-04  2.52247299E-03
  1.65402126E+00  2.48948541E-02  1.37939781E-01  1.90273847E-03  6.19753730E-04  2.52249232E-03
  1.65502131E+00  2.50326693E-02  1.37690827E-01  1.89587648E-03  6.26634515E-04  2.52251094E-03
  1.65602136E+00  2.51702350E-02  1.37440503E-01  1.88898912E-03  6.33540738E-04  2.52252980E-03
  1.65702140E+00  2.53075492E-02  1.37188807E-01  1.88207685E-03  6.40472048E-04  2.52254889E-03
  1.65802145E+00  2.54446119E-02  1.36935726E-01  1.87513919E-03  6.47428271E-04  2.52256752E-03
  1.65902150E+00  2.55814213E-02  1.36681274E-01  1.86817709E-03  6.54409116E-04  2.52258615E-03
  1.66002154E+00  2.57179737E-02  1.36425465E-01  1.86119077E-03  6.61414175E-04  2.52260501E-03
  1.66102159E+00  2.58542709E-02  1.36168286E-01  1.85418024E-03  6.68443332E-04  2.52262363E-03
  1.66202164E+00  2.59903111E-02  1.35909736E-01  1.84714573E-03  6.75496296E-04  2.52264203E-03
  1.66302168E+00  2.61260904E-02  1.35649830E-01  1.84008759E-03  6.82572601E-04  2.52266019E-03
  1.66402173E+00  2.62616090E-02  1.35388568E-01  1.83300639E-03  6.89672132E-04  2.52267858E-03
  1.66502178E+00  2.63968669E-02  1.35125950E-01  1.82590226E-03  6.96794596E-04  2.52269674E-03
  1.66602182E+00  2.65318602E-02  1.34861976E-01  1.81877520E-03  7.03939586E-04  2.52271490E-03
  1.66702187E+00  2.66665891E-02  1.34596661E-01  1.81162625E-03  7.11106986E-04  2.52273330E-03
  1.66802192E+00  2.68010516E-02  1.34329990E-01  1.80445460E-03  7.18296389E-04  2.52275099E-03
  1.66902196E+00  2.69352477E-02  1.34061977E-01  1.79726153E-03  7.25507562E-04  2.52276915E-03
  1.67002201E+00  2.70691756E-02  1.33792624E-01  1.79004669E-03  7.32740271E-04  2.52278708E-03
  1.67102206E+00  2.72028316E-02  1.33521929E-01  1.78281055E-03  7.39994051E-04  2.52280454E-03
  1.67202210E+00  2.73362175E-02  1.33249894E-01  1.77555345E-03  7.47268787E-04  2.52282224E-03
  1.67302215E+00  2.74693314E-02  1.32976532E-01  1.76827575E-03  7.54564186E-04  2.52283993E-03
  1.67402220E+00  2.76021697E-02  1.32701844E-01  1.76097790E-03  7.61879783E-04  2.52285763E-03
  1.67502224E+00  2.77347341E-02  1.32425815E-01  1.75365980E-03  7.69215461E-04  2.52287532E-03
  1.67602229E+00  2.78670229E-02  1.32148474E-01  1.74632191E-03  7.76570989E-04  2.52289278E-03
  1.67702234E+00  2.79990323E-02  1.31869808E-01  1.73896458E-03  7.83945783E-04  2.52291048E-03
  1.67802238E+00  2.81307623E-02  1.31589815E-01  1.73158792E-03  7.91339786E-04  2.52292771E-03
  1.67902243E+00  2.82622110E-02  1.31308511E-01  1.72419252E-03  7.98752590E-04  2.52294517E-03
  1.68002248E+00  2.83933785E-02  1.31025895E-01  1.71677861E-03  8.06183962E-04  2.52296263E-03
  1.68102252E+00  2.85242628E-02  1.30741969E-01  1.70934631E-03  8.13633553E-04  2.52297986E-03
  1.68202257E+00  2.86548622E-02  1.30456731E-01  1.70189596E-03  8.21101130E-04  2.52299709E-03
  1.68302262E+00  2.87851747E-02  1.30170181E-01  1.69442769E-03  8.28586286E-04  2.52301386E-03
  1.68402267E+00  2.89152022E-02  1.29882336E-01  1.68694218E-03  8.36088904E-04  2.52303109E-03
  1.68502271E+00  2.90449392E-02  1.29593179E-01  1.67943933E-03  8.43608519E-04  2.52304785E-03
  1.68602276E+00  2.91743875E-02  1.29302725E-01  1.67191948E-03  8.51144898E-04  2.52306438E-03
  1.68702281E+00  2.93035451E-02  1.29010975E-01  1.66438322E-03  8.58697749E-04  2.52308091E-03
  1.68802285E+00  2.94324085E-02  1.28717944E-01  1.65683089E-03  8.66266666E-04  2.52309768E-03
  1.68902290E+00  2.95609795E-02  1.28423616E-01  1.64926262E-03  8.73851532E-04  2.52311421E-03
  1.69002295E+00  2.96892561E-02  1.28128007E-01  1.64167862E-03  8.81451939E-04  2.52313050E-03
  1.69102299E+00  2.98172347E-02  1.27831116E-01  1.63407938E-03  8.89067480E-04  2.52314680E-03
  1.69202304E+00  2.99449172E-02  1.27532944E-01  1.62646512E-03  8.96698039E-04  2.52316310E-03
  1.69302309E+00  3.00723016E-02  1.27233490E-01  1.61883608E-03  9.04343324E-04  2.52317940E-03
  1.69402313E+00  3.01993843E-02  1.26932770E-01  1.61119294E-03  9.12002812E-04  2.52319570E-03
  1.69502318E+00  3.03261671E-02  1.26630783E-01  1.60353561E-03  9.19676386E-04  2.52321200E-03
  1.69602323E+00  3.04526463E-02  1.26327515E-01  1.59586407E-03  9.27363639E-04  2.52322759E-03
  1.69702327E+00  3.05788219E-02  1.26022995E-01  1.58817961E-03  9.35064338E-04  2.52324389E-03
  1.69802332E+00  3.07046920E-02  1.25717208E-01  1.58048165E-03  9.42778133E-04  2.52325973E-03
  1.69902337E+00  3.08302566E-02  1.25410154E-01  1.57277065E-03  9.50504735E-04  2.52327533E-03
  1.70002341E+00  3.09555121E-02  1.25101849E-01  1.56504742E-03  9.58243734E-04  2.52329116E-03
  1.70102346E+00  3.10804602E-02  1.24792293E-01  1.55731163E-03  9.65995016E-04  2.52330676E-03
  1.70202351E+00  3.12050972E-02  1.24481492E-01  1.54956419E-03  9.73758113E-04  2.52332236E-03
  1.70302355E+00  3.13294232E-02  1.24169439E-01  1.54180499E-03  9.81532736E-04  2.52333772E-03
  1.70402360E+00  3.14534344E-02  1.23856142E-01  1.53403438E-03  9.89318476E-04  2.52335286E-03
  1.70502365E+00  3.15771326E-02  1.23541608E-01  1.52625295E-03  9.97115276E-04  2.52336822E-03
  1.70602369E+00  3.17005180E-02  1.23225838E-01  1.51846081E-03  1.00492279E-03  2.52338359E-03
  1.70702374E+00  3.18235829E-02  1.22908831E-01  1.51065807E-03  1.01274042E-03  2.52339849E-03
  1.70802379E+00  3.19463313E-02  1.22590594E-01  1.50284532E-03  1.02056807E-03  2.52341339E-03
  1.70902383E+00  3.20687629E-02  1.22271128E-01  1.49502291E-03  1.02840550E-03  2.52342829E-03
  1.71002388E+00  3.21908742E-02  1.21950440E-01  1.48719107E-03  1.03625236E-03  2.52344343E-03
  1.71102393E+00  3.23126651E-02  1.21628530E-01  1.47934991E-03  1.04410830E-03  2.52345810E-03
  1.71202397E+00  3.24341320E-02  1.21305406E-01  1.47150026E-03  1.05197297E-03  2.52347323E-03
  1.71302402E+00  3.25552747E-02  1.20981067E-01  1.46364188E-03  1.05984590E-03  2.52348790E-03
  1.71402407E+00  3.26760933E-02  1.20655514E-01  1.45577535E-03  1.06772711E-03  2.52350233E-03
  1.71502411E+00  3.27965841E-02  1.20328754E-01  1.44790101E-03  1.07561587E-03  2.52351677E-03
  1.71602416E+00  3.29167508E-02  1.20000787E-01  1.44001888E-03  1.08351244E-03  2.52353121E-03
  1.71702421E+00  3.30365859E-02  1.19671620E-01  1.43212965E-03  1.09141599E-03  2.52354564E-03
  1.71802425E+00  3.31560932E-02  1.19341254E-01  1.42423355E-03  1.09932653E-03  2.52356008E-03
  1.71902430E+00  3.32752652E-02  1.19009696E-01  1.41633081E-03  1.10724324E-03  2.52357405E-03
  1.72002435E+00  3.33941057E-02  1.18676946E-01  1.40842178E-03  1.11516635E-03  2.52358802E-03
  1.72102439E+00  3.35126147E-02  1.18343003E-01  1.40050671E-03  1.12309540E-03  2.52360199E-03
  1.72202444E+00  3.36307883E-02  1.18007876E-01  1.39258592E-03  1.13102992E-03  2.52361596E-03
  1.72302449E+00  3.37486304E-02  1.17671572E-01  1.38465990E-03  1.13897002E-03  2.52362993E-03
  1.72402453E+00  3.38661335E-02  1.17334083E-01  1.37672876E-03  1.14691502E-03  2.52364390E-03
  1.72502458E+00  3.39833014E-02  1.16995424E-01  1.36879296E-03  1.15486479E-03  2.52365787E-03
  1.72602463E+00  3.41001265E-02  1.16655588E-01  1.36085262E-03  1.16281863E-03  2.52367137E-03
  1.72702467E+00  3.42166089E-02  1.16314590E-01  1.35290844E-03  1.17077632E-03  2.52368487E-03
  1.72802472E+00  3.43327522E-02  1.15972422E-01  1.34496030E-03  1.17873785E-03  2.52369815E-03
  1.72902477E+00  3.44485529E-02  1.15629092E-01  1.33700867E-03  1.18670275E-03  2.52371142E-03
  1.73002481E+00  3.45640108E-02  1.15284607E-01  1.32905401E-03  1.19467080E-03  2.52372492E-03
  1.73102486E+00  3.46791223E-02  1.14938967E-01  1.32109667E-03  1.20264152E-03  2.52373819E-03
  1.73202491E+00  3.47938873E-02  1.14592172E-01  1.31313666E-03  1.21061457E-03  2.52375123E-03
  1.73302495E+00  3.49083059E-02  1.14244230E-01  1.30517443E-03  1.21858984E-03  2.52376427E-03
  1.73402500E+00  3.50223742E-02  1.13895148E-01  1.29721046E-03  1.22656673E-03  2.52377708E-03
  1.73502505E+00  3.51360925E-02  1.13544926E-01  1.28924509E-03  1.23454502E-03  2.52379011E-03
  1.73602509E+00  3.52494605E-02  1.13193564E-01  1.28127832E-03  1.24252448E-03  2.52380269E-03
  1.73702514E+00  3.53624783E-02  1.12841070E-01  1.27331074E-03  1.25050487E-03  2.52381572E-03
  1.73802519E+00  3.54751460E-02  1.12487443E-01  1.26534246E-03  1.25848595E-03  2.52382830E-03
  1.73902524E+00  3.55874561E-02  1.12132691E-01  1.25737407E-03  1.26646704E-03  2.52384110E-03
  1.74002528E+00  3.56994085E-02  1.11776814E-01  1.24940567E-03  1.27444777E-03  2.52385344E-03
  1.74102533E+00  3.58110070E-02  1.11419819E-01  1.24143763E-03  1.28242827E-03  2.52386602E-03
  1.74202538E+00  3.59222479E-02  1.11061707E-01  1.23347028E-03  1.29040785E-03  2.52387812E-03
  1.74302542E+00  3.60331312E-02  1.10702485E-01  1.22550398E-03  1.29838649E-03  2.52389046E-03
  1.74402547E+00  3.61436531E-02  1.10342152E-01  1.21753907E-03  1.30636361E-03  2.52390280E-03
  1.74502552E+00  3.62538137E-02  1.09980717E-01  1.20957580E-03  1.31433900E-03  2.52391491E-03
  1.74602556E+00  3.63636129E-02  1.09618180E-01  1.20161462E-03  1.32231240E-03  2.52392702E-03
  1.74702561E+00  3.64730470E-02  1.09254546E-01  1.19365554E-03  1.33028312E-03  2.52393866E-03
  1.74802566E+00  3.65821198E-02  1.08889818E-01  1.18569925E-03  1.33825152E-03  2.52395077E-03
  1.74902570E+00  3.66908275E-02  1.08523995E-01  1.17774575E-03  1.34621677E-03  2.52396241E-03
  1.75002575E+00  3.67991701E-02  1.08157083E-01  1.16979552E-03  1.35417888E-03  2.52397452E-03
  1.75102580E+00  3.69071439E-02  1.07789092E-01  1.16184889E-03  1.36213726E-03  2.52398616E-03
  1.75202584E+00  3.70147452E-02  1.07420020E-01  1.15390611E-03  1.37009134E-03  2.52399733E-03
  1.75302589E+00  3.71219777E-02  1.07049875E-01  1.14596763E-03  1.37804123E-03  2.52400897E-03
  1.75402594E+00  3.72288413E-02  1.06678657E-01  1.13803369E-03  1.38598657E-03  2.52402015E-03
  1.75502598E+00  3.73353325E-02  1.06306367E-01  1.13010441E-03  1.39392703E-03  2.52403133E-03
  1.75602603E+00  3.74414511E-02  1.05933011E-01  1.12218026E-03  1.40186225E-03  2.52404250E-03
  1.75702608E+00  3.75471972E-02  1.05558597E-01  1.11426169E-03  1.40979199E-03  2.52405368E-03
  1.75802612E+00  3.76525708E-02  1.05183125E-01  1.10634905E-03  1.41771603E-03  2.52406509E-03
  1.75902617E+00  3.77575643E-02  1.04806602E-01  1.09844236E-03  1.42563367E-03  2.52407603E-03
  1.76002622E+00  3.78621817E-02  1.04429029E-01  1.09054230E-03  1.43354479E-03  2.52408721E-03
  1.76102626E+00  3.79664190E-02  1.04050405E-01  1.08264876E-03  1.44144893E-03  2.52409768E-03
  1.76202631E+00  3.80702801E-02  1.03670739E-01  1.07476220E-03  1.44934619E-03  2.52410839E-03
  1.76302636E+00  3.81737612E-02  1.03290036E-01  1.06688321E-03  1.45723601E-03  2.52411934E-03
  1.76402640E+00  3.82768624E-02  1.02908298E-01  1.05901179E-03  1.46511814E-03  2.52413005E-03
  1.76502645E+00  3.83795798E-02  1.02525532E-01  1.05114852E-03  1.47299212E-03  2.52414076E-03
  1.76602650E+00  3.84819098E-02  1.02141738E-01  1.04329351E-03  1.48085738E-03  2.52415100E-03
  1.76702654E+00  3.85838561E-02  1.01756915E-01  1.03544700E-03  1.48871390E-03  2.52416078E-03
  1.76802659E+00  3.86854187E-02  1.01371080E-01  1.02760957E-03  1.49656157E-03  2.52417102E-03
  1.76902664E+00  3.87865975E-02  1.00984223E-01  1.01978134E-03  1.50440016E-03  2.52418150E-03
  1.77002668E+00  3.88873890E-02  1.00596361E-01  1.01196289E-03  1.51222898E-03  2.52419198E-03
  1.77102673E+00  3.89877930E-02  1.00207485E-01  1.00415410E-03  1.52004801E-03  2.52420222E-03
  1.77202678E+00  3.90878059E-02  9.98176038E-02  9.96355433E-04  1.52785657E-03  2.52421200E-03
  1.77302682E+00  3.91874313E-02  9.94267240E-02  9.88567364E-04  1.53565477E-03  2.52422225E-03
  1.77402687E+00  3.92866619E-02  9.90348533E-02  9.80790239E-04  1.54344179E-03  2.52423203E-03
  1.77502692E+00  3.93854976E-02  9.86419842E-02  9.73024115E-04  1.55121740E-03  2.52424157E-03
  1.77602696E+00  3.94839421E-02  9.82481316E-02  9.65269573E-04  1.55898172E-03  2.52425135E-03
  1.77702701E+00  3.95819917E-02  9.78532955E-02  9.57526732E-04  1.56673405E-03  2.52426090E-03
  1.77802706E+00  3.96796465E-02  9.74574760E-02  9.49795940E-04  1.57447439E-03  2.52427021E-03
  1.77902710E+00  3.97769064E-02  9.70606804E-02  9.42077604E-04  1.58220227E-03  2.52427999E-03
  1.78002715E+00  3.98737714E-02  9.66629088E-02  9.34371841E-04  1.58991769E-03  2.52428954E-03
  1.78102720E+00  3.99702340E-02  9.62641686E-02  9.26679000E-04  1.59761962E-03  2.52429862E-03
  1.78202724E+00  4.00662981E-02  9.58644673E-02  9.18999605E-04  1.60530827E-03  2.52430793E-03
  1.78302729E+00  4.01619598E-02  9.54638049E-02  9.11333773E-04  1.61298306E-03  2.52431678E-03
  1.78402734E+00  4.02572230E-02  9.50621888E-02  9.03681968E-04  1.62064401E-03  2.52432609E-03
  1.78502738E+00  4.03520837E-02  9.46596190E-02  8.96044367E-04  1.62829063E-03  2.52433494E-03
  1.78602743E+00  4.04465422E-02  9.42560956E-02  8.88421200E-04  1.63592282E-03  2.52434402E-03
  1.78702748E+00  4.05405983E-02  9.38516334E-02  8.80812935E-04  1.64354010E-03  2.52435310E-03
  1.78802752E+00  4.06342484E-02  9.34462249E-02  8.73219687E-04  1.65114214E-03  2.52436195E-03
  1.78902757E+00  4.07274887E-02  9.30398852E-02  8.65641981E-04  1.65872835E-03  2.52437033E-03
  1.79002762E+00  4.08203229E-02  9.26326066E-02  8.58080050E-04  1.66629872E-03  2.52437871E-03
  1.79102767E+00  4.09127511E-02  9.22244042E-02  8.50534067E-04  1.67385326E-03  2.52438732E-03
  1.79202771E+00  4.10047695E-02  9.18152779E-02  8.43004498E-04  1.68139115E-03  2.52439571E-03
  1.79302776E+00  4.10963781E-02  9.14052278E-02  8.35491519E-04  1.68891228E-03  2.52440386E-03
  1.79402781E+00  4.11875769E-02  9.09942612E-02  8.27995595E-04  1.69641653E-03  2.52441224E-03
  1.79502785E+00  4.12783660E-02  9.05823857E-02  8.20516900E-04  1.70390354E-03  2.52442039E-03
  1.79602790E+00  4.13687453E-02  9.01696011E-02  8.13055725E-04  1.71137310E-03  2.52442877E-03
  1.79702795E+00  4.14587073E-02  8.97559151E-02  8.05612479E-04  1.71882438E-03  2.52443692E-03
  1.79802799E+00  4.15482558E-02  8.93413275E-02  7.98187335E-04  1.72625761E-03  2.52444483E-03
  1.79902804E+00  4.16373871E-02  8.89258459E-02  7.90780585E-04  1.73367199E-03  2.52445252E-03
  1.80002809E+00  4.17261049E-02  8.85094702E-02  7.83392636E-04  1.74106786E-03  2.52446043E-03
  1.80102813E+00  4.18144055E-02  8.80922079E-02  7.76023720E-04  1.74844451E-03  2.52446812E-03
  1.80202818E+00  4.19022888E-02  8.76740664E-02  7.68674247E-04  1.75580184E-03  2.52447603E-03
  1.80302823E+00  4.19897549E-02  8.72550458E-02  7.61344272E-04  1.76313950E-03  2.52448372E-03
  1.80402827E+00  4.20768000E-02  8.68351460E-02  7.54034263E-04  1.77045714E-03  2.52449140E-03
  1.80502832E+00  4.21634279E-02  8.64143744E-02  7.46744394E-04  1.77775463E-03  2.52449908E-03
  1.80602837E+00  4.22496311E-02  8.59927386E-02  7.39475130E-04  1.78503129E-03  2.52450630E-03
  1.80702841E+00  4.23354134E-02  8.55702460E-02  7.32226705E-04  1.79228722E-03  2.52451398E-03
  1.80802846E+00  4.24207710E-02  8.51468891E-02  7.24999292E-04  1.79952185E-03  2.52452120E-03
  1.80902851E+00  4.25057039E-02  8.47226828E-02  7.17793300E-04  1.80673483E-03  2.52452819E-03
  1.81002855E+00  4.25902158E-02  8.42976272E-02  7.10609020E-04  1.81392650E-03  2.52453564E-03
  1.81102860E+00  4.26742993E-02  8.38717222E-02  7.03446567E-04  1.82109582E-03  2.52454239E-03
  1.81202865E+00  4.27579582E-02  8.34449828E-02  6.96306524E-04  1.82824302E-03  2.52454961E-03
  1.81302869E+00  4.28411923E-02  8.30174014E-02  6.89188892E-04  1.83536776E-03  2.52455659E-03
  1.81402874E+00  4.29239944E-02  8.25889930E-02  6.82094193E-04  1.84246933E-03  2.52456358E-03
  1.81502879E+00  4.30063680E-02  8.21597502E-02  6.75022486E-04  1.84954773E-03  2.52457010E-03
  1.81602883E+00  4.30883132E-02  8.17296878E-02  6.67974178E-04  1.85660273E-03  2.52457685E-03
  1.81702888E+00  4.31698263E-02  8.12988058E-02  6.60949561E-04  1.86363386E-03  2.52458337E-03
  1.81802893E+00  4.32509072E-02  8.08671042E-02  6.53948868E-04  1.87064102E-03  2.52458989E-03
  1.81902897E+00  4.33315597E-02  8.04345980E-02  6.46972505E-04  1.87762408E-03  2.52459664E-03
  1.82002902E+00  4.34117764E-02  8.00012797E-02  6.40020473E-04  1.88458234E-03  2.52460269E-03
  1.82102907E+00  4.34915610E-02  7.95671642E-02  6.33093354E-04  1.89151592E-03  2.52460921E-03
  1.82202911E+00  4.35709134E-02  7.91322514E-02  6.26191322E-04  1.89842447E-03  2.52461573E-03
  1.82302916E+00  4.36498299E-02  7.86965415E-02  6.19314553E-04  1.90530764E-03  2.52462225E-03
  1.82402921E+00  4.37283069E-02  7.82600418E-02  6.12463453E-04  1.91216485E-03  2.52462830E-03
  1.82502925E+00  4.38063480E-02  7.78227597E-02  6.05638197E-04  1.91899610E-03  2.52463436E-03
  1.82602930E+00  4.38839495E-02  7.73846954E-02  5.98839135E-04  1.92580104E-03  2.52464018E-03
  1.82702935E+00  4.39611152E-02  7.69458562E-02  5.92066499E-04  1.93257967E-03  2.52464623E-03
  1.82802939E+00  4.40378413E-02  7.65062422E-02  5.85320522E-04  1.93933141E-03  2.52465205E-03
  1.82902944E+00  4.41141278E-02  7.60658607E-02  5.78601554E-04  1.94605626E-03  2.52465787E-03
  1.83002949E+00  4.41899747E-02  7.56247193E-02  5.71909826E-04  1.95275387E-03  2.52466369E-03
  1.83102953E+00  4.42653783E-02  7.51828179E-02  5.65245631E-04  1.95942377E-03  2.52466928E-03
  1.83202958E+00  4.43403423E-02  7.47401640E-02  5.58609201E-04  1.96606596E-03  2.52467510E-03
  1.83302963E+00  4.44148593E-02  7.42967576E-02  5.52000827E-04  1.97267975E-03  2.52468046E-03
  1.83402967E+00  4.44889329E-02  7.38526061E-02  5.45420742E-04  1.97926513E-03  2.52468581E-03
  1.83502972E+00  4.45625633E-02  7.34077170E-02  5.38869295E-04  1.98582211E-03  2.52469140E-03
  1.83602977E+00  4.46357466E-02  7.29620904E-02  5.32346719E-04  1.99234998E-03  2.52469676E-03
  1.83702981E+00  4.47084866E-02  7.25157335E-02  5.25853189E-04  1.99884875E-03  2.52470188E-03
  1.83802986E+00  4.47807796E-02  7.20686466E-02  5.19388996E-04  2.00531818E-03  2.52470723E-03
  1.83902991E+00  4.48526256E-02  7.16208369E-02  5.12954430E-04  2.01175804E-03  2.52471259E-03
  1.84002995E+00  4.49240245E-02  7.11723119E-02  5.06549783E-04  2.01816787E-03  2.52471771E-03
  1.84103000E+00  4.49949726E-02  7.07230717E-02  5.00175287E-04  2.02454766E-03  2.52472283E-03
  1.84203005E+00  4.50654738E-02  7.02731237E-02  4.93831176E-04  2.03089695E-03  2.52472819E-03
  1.84303010E+00  4.51355241E-02  6.98224679E-02  4.87517711E-04  2.03721551E-03  2.52473331E-03
  1.84403014E+00  4.52051200E-02  6.93711117E-02  4.81235096E-04  2.04350287E-03  2.52473797E-03
  1.84503019E+00  4.52742651E-02  6.89190626E-02  4.74983739E-04  2.04975903E-03  2.52474286E-03
  1.84603024E+00  4.53429557E-02  6.84663206E-02  4.68763727E-04  2.05598352E-03  2.52474728E-03
  1.84703028E+00  4.54111956E-02  6.80128932E-02  4.62575350E-04  2.06217659E-03  2.52475194E-03
  1.84803033E+00  4.54789810E-02  6.75587803E-02  4.56418900E-04  2.06833775E-03  2.52475659E-03
  1.84903038E+00  4.55463119E-02  6.71039894E-02  4.50294552E-04  2.07446655E-03  2.52476102E-03
  1.85003042E+00  4.56131883E-02  6.66485280E-02  4.44202655E-04  2.08056299E-03  2.52476567E-03
  1.85103047E+00  4.56796102E-02  6.61923960E-02  4.38143325E-04  2.08662683E-03  2.52477010E-03
  1.85203052E+00  4.57455739E-02  6.57356009E-02  4.32116911E-04  2.09265761E-03  2.52477452E-03
  1.85303056E+00  4.58110832E-02  6.52781427E-02  4.26123588E-04  2.09865533E-03  2.52477895E-03
  1.85403061E+00  4.58761342E-02  6.48200288E-02  4.20163618E-04  2.10461975E-03  2.52478337E-03
  1.85503066E+00  4.59407233E-02  6.43612668E-02  4.14237293E-04  2.11054995E-03  2.52478733E-03
  1.85603070E+00  4.60048541E-02  6.39018565E-02  4.08344727E-04  2.11644662E-03  2.52479129E-03
  1.85703075E+00  4.60685268E-02  6.34418055E-02  4.02486272E-04  2.12230906E-03  2.52479524E-03
  1.85803080E+00  4.61317375E-02  6.29811212E-02  3.96662159E-04  2.12813728E-03  2.52479943E-03
  1.85903084E+00  4.61944863E-02  6.25198036E-02  3.90872592E-04  2.13393057E-03  2.52480316E-03
  1.86003089E+00  4.62567769E-02  6.20578602E-02  3.85117804E-04  2.13968940E-03  2.52480712E-03
  1.86103094E+00  4.63186055E-02  6.15952909E-02  3.79397970E-04  2.14541331E-03  2.52481131E-03
  1.86203098E+00  4.63799685E-02  6.11321032E-02  3.73713410E-04  2.15110159E-03  2.52481503E-03
  1.86303103E+00  4.64408696E-02  6.06683046E-02  3.68064328E-04  2.15675426E-03  2.52481853E-03
  1.86403108E+00  4.65013087E-02  6.02038950E-02  3.62450897E-04  2.16237176E-03  2.52482272E-03
  1.86503112E+00  4.65612821E-02  5.97388819E-02  3.56873410E-04  2.16795295E-03  2.52482644E-03
  1.86603117E+00  4.66207899E-02  5.92732690E-02  3.51332041E-04  2.17349804E-03  2.52483017E-03
  1.86703122E+00  4.66798283E-02  5.88070601E-02  3.45827051E-04  2.17900635E-03  2.52483343E-03
  1.86803126E+00  4.67384011E-02  5.83402626E-02  3.40358645E-04  2.18447810E-03  2.52483669E-03
  1.86903131E+00  4.67965081E-02  5.78728803E-02  3.34927026E-04  2.18991307E-03  2.52484018E-03
  1.87003136E+00  4.68541458E-02  5.74049167E-02  3.29532457E-04  2.19531101E-03  2.52484344E-03
  1.87103140E+00  4.69113179E-02  5.69363758E-02  3.24175082E-04  2.20067170E-03  2.52484670E-03
  1.87203145E+00  4.69680205E-02  5.64672612E-02  3.18855164E-04  2.20599491E-03  2.52484996E-03
  1.87303150E+00  4.70242538E-02  5.59975803E-02  3.13572906E-04  2.21128040E-03  2.52485322E-03
  1.87403154E+00  4.70800176E-02  5.55273369E-02  3.08328512E-04  2.21652817E-03  2.52485671E-03
  1.87503159E+00  4.71353121E-02  5.50565384E-02  3.03122244E-04  2.22173776E-03  2.52485997E-03
  1.87603164E+00  4.71901335E-02  5.45851849E-02  2.97954248E-04  2.22690869E-03  2.52486300E-03
  1.87703168E+00  4.72444855E-02  5.41132838E-02  2.92824756E-04  2.23204144E-03  2.52486626E-03
  1.87803173E+00  4.72983643E-02  5.36408387E-02  2.87733943E-04  2.23713531E-03  2.52486928E-03
  1.87903178E+00  4.73517701E-02  5.31678535E-02  2.82682071E-04  2.24219006E-03  2.52487208E-03
  1.88003182E+00  4.74046990E-02  5.26943356E-02  2.77669315E-04  2.24720547E-03  2.52487487E-03
  1.88103187E+00  4.74571548E-02  5.22202887E-02  2.72695877E-04  2.25218153E-03  2.52487743E-03
  1.88203192E+00  4.75091375E-02  5.17457165E-02  2.67761934E-04  2.25711823E-03  2.52488023E-03
  1.88303196E+00  4.75606434E-02  5.12706265E-02  2.62867718E-04  2.26201490E-03  2.52488256E-03
  1.88403201E+00  4.76116762E-02  5.07950187E-02  2.58013402E-04  2.26687174E-03  2.52488512E-03
  1.88503206E+00  4.76622321E-02  5.03189005E-02  2.53199192E-04  2.27168831E-03  2.52488744E-03
  1.88603210E+00  4.77123111E-02  4.98422794E-02  2.48425291E-04  2.27646460E-03  2.52489001E-03
  1.88703215E+00  4.77619134E-02  4.93651554E-02  2.43691873E-04  2.28120037E-03  2.52489233E-03
  1.88803220E+00  4.78110388E-02  4.88875359E-02  2.38999128E-04  2.28589540E-03  2.52489443E-03
  1.88903224E+00  4.78596874E-02  4.84094247E-02  2.34347230E-04  2.29054969E-03  2.52489699E-03
  1.89003229E+00  4.79078591E-02  4.79308292E-02  2.29736441E-04  2.29516299E-03  2.52489932E-03
  1.89103234E+00  4.79555503E-02  4.74517494E-02  2.25166863E-04  2.29973486E-03  2.52490165E-03
  1.89203238E+00  4.80027646E-02  4.69721928E-02  2.20638700E-04  2.30426551E-03  2.52490421E-03
  1.89303243E+00  4.80494983E-02  4.64921668E-02  2.16152155E-04  2.30875425E-03  2.52490630E-03
  1.89403248E+00  4.80957516E-02  4.60116714E-02  2.11707389E-04  2.31320132E-03  2.52490863E-03
  1.89503253E+00  4.81415205E-02  4.55307141E-02  2.07304591E-04  2.31760601E-03  2.52491049E-03
  1.89603257E+00  4.81868088E-02  4.50492986E-02  2.02943920E-04  2.32196855E-03  2.52491236E-03
  1.89703262E+00  4.82316166E-02  4.45674323E-02  1.98625610E-04  2.32628873E-03  2.52491422E-03
  1.89803267E+00  4.82759401E-02  4.40851152E-02  1.94349734E-04  2.33056629E-03  2.52491608E-03
  1.89903271E+00  4.83197831E-02  4.36023548E-02  1.90116538E-04  2.33480148E-03  2.52491795E-03
  1.90003276E+00  4.83631417E-02  4.31191586E-02  1.85926197E-04  2.33899336E-03  2.52491958E-03
  1.90103281E+00  4.84060198E-02  4.26355265E-02  1.81778814E-04  2.34314264E-03  2.52492144E-03
  1.90203285E+00  4.84484136E-02  4.21514660E-02  1.77674621E-04  2.34724884E-03  2.52492353E-03
  1.90303290E+00  4.84903231E-02  4.16669808E-02  1.73613735E-04  2.35131150E-03  2.52492516E-03
  1.90403295E+00  4.85317484E-02  4.11820784E-02  1.69596358E-04  2.35533062E-03  2.52492703E-03
  1.90503299E+00  4.85726893E-02  4.06967625E-02  1.65622652E-04  2.35930621E-03  2.52492889E-03
  1.90603304E+00  4.86131422E-02  4.02110368E-02  1.61692747E-04  2.36323755E-03  2.52493029E-03
  1.90703309E+00  4.86531109E-02  3.97249050E-02  1.57806819E-04  2.36712513E-03  2.52493192E-03
  1.90803313E+00  4.86925952E-02  3.92383747E-02  1.53965011E-04  2.37096893E-03  2.52493401E-03
  1.90903318E+00  4.87315916E-02  3.87514494E-02  1.50167485E-04  2.37476802E-03  2.52493541E-03
  1.91003323E+00  4.87700999E-02  3.82641330E-02  1.46414386E-04  2.37852265E-03  2.52493704E-03
  1.91103327E+00  4.88081202E-02  3.77764329E-02  1.42705889E-04  2.38223257E-03  2.52493843E-03
  1.91203332E+00  4.88456525E-02  3.72883528E-02  1.39042138E-04  2.38589779E-03  2.52493983E-03
  1.91303337E+00  4.88826968E-02  3.67998965E-02  1.35423252E-04  2.38951808E-03  2.52494123E-03
  1.91403341E+00  4.89192493E-02  3.63110676E-02  1.31849360E-04  2.39309296E-03  2.52494239E-03
  1.91503346E+00  4.89553139E-02  3.58218737E-02  1.28320666E-04  2.39662267E-03  2.52494332E-03
  1.91603351E+00  4.89908904E-02  3.53323221E-02  1.24837301E-04  2.40010745E-03  2.52494472E-03
  1.91703355E+00  4.90259752E-02  3.48424129E-02  1.21399375E-04  2.40354636E-03  2.52494565E-03
  1.91803360E+00  4.90605719E-02  3.43521535E-02  1.18007047E-04  2.40693963E-03  2.52494658E-03
  1.91903365E+00  4.90946770E-02  3.38615477E-02  1.14660441E-04  2.41028727E-03  2.52494775E-03
  1.92003369E+00  4.91282940E-02  3.33705992E-02  1.11359688E-04  2.41358927E-03  2.52494891E-03
  1.92103374E+00  4.91614193E-02  3.28793153E-02  1.08104934E-04  2.41684518E-03  2.52495008E-03
  1.92203379E+00  4.91940528E-02  3.23876999E-02  1.04896309E-04  2.42005475E-03  2.52495101E-03
  1.92303383E+00  4.92261946E-02  3.18957604E-02  1.01733953E-04  2.42321822E-03  2.52495217E-03
  1.92403388E+00  4.92578447E-02  3.14034969E-02  9.86179584E-05  2.42633536E-03  2.52495334E-03
  1.92503393E+00  4.92890030E-02  3.09109185E-02  9.55484866E-05  2.42940593E-03  2.52495450E-03
  1.92603397E+00  4.93196696E-02  3.04180291E-02  9.25256463E-05  2.43242970E-03  2.52495543E-03
  1.92703402E+00  4.93498407E-02  2.99248323E-02  8.95495614E-05  2.43540667E-03  2.52495613E-03
  1.92803407E+00  4.93795201E-02  2.94313338E-02  8.66203409E-05  2.43833708E-03  2.52495753E-03
  1.92903411E+00  4.94087040E-02  2.89375391E-02  8.37381158E-05  2.44121999E-03  2.52495799E-03
  1.93003416E+00  4.94373962E-02  2.84434520E-02  8.09029953E-05  2.44405610E-03  2.52495916E-03
  1.93103421E+00  4.94655930E-02  2.79490780E-02  7.81150957E-05  2.44684494E-03  2.52496009E-03
  1.93203425E+00  4.94932979E-02  2.74544228E-02  7.53745335E-05  2.44958652E-03  2.52496102E-03
  1.93303430E+00  4.95205075E-02  2.69594900E-02  7.26814105E-05  2.45228061E-03  2.52496195E-03
  1.93403435E+00  4.95472215E-02  2.64642853E-02  7.00358432E-05  2.45492719E-03  2.52496311E-03
  1.93503439E+00  4.95734364E-02  2.59688124E-02  6.74379262E-05  2.45752558E-03  2.52496358E-03
  1.93603444E+00  4.95991558E-02  2.54730787E-02  6.48877758E-05  2.46007624E-03  2.52496405E-03
  1.93703449E+00  4.96243797E-02  2.49770880E-02  6.23854939E-05  2.46257917E-03  2.52496474E-03
  1.93803453E+00  4.96491082E-02  2.44808439E-02  5.99311716E-05  2.46503390E-03  2.52496498E-03
  1.93903458E+00  4.96733412E-02  2.39843521E-02  5.75249142E-05  2.46744091E-03  2.52496591E-03
  1.94003463E+00  4.96970750E-02  2.34876182E-02  5.51668236E-05  2.46979925E-03  2.52496614E-03
  1.94103467E+00  4.97203134E-02  2.29906477E-02  5.28569872E-05  2.47210963E-03  2.52496661E-03
  1.94203472E+00  4.97430563E-02  2.24934444E-02  5.05955031E-05  2.47437158E-03  2.52496707E-03
  1.94303477E+00  4.97653000E-02  2.19960138E-02  4.83824624E-05  2.47658510E-03  2.52496754E-03
  1.94403481E+00  4.97870483E-02  2.14983616E-02  4.62179560E-05  2.47875019E-03  2.52496824E-03
  1.94503486E+00  4.98082973E-02  2.10004915E-02  4.41020638E-05  2.48086639E-03  2.52496847E-03
  1.94603491E+00  4.98290472E-02  2.05024090E-02  4.20348770E-05  2.48293392E-03  2.52496870E-03
  1.94703496E+00  4.98493016E-02  2.00041179E-02  4.00164718E-05  2.48495280E-03  2.52496917E-03
  1.94803500E+00  4.98690568E-02  1.95056256E-02  3.80469428E-05  2.48692278E-03  2.52496963E-03
  1.94903505E+00  4.98883128E-02  1.90069359E-02  3.61263628E-05  2.48884386E-03  2.52497033E-03
  1.95003510E+00  4.99070697E-02  1.85080525E-02  3.42548010E-05  2.49071559E-03  2.52497033E-03
  1.95103514E+00  4.99253273E-02  1.80089809E-02  3.24323410E-05  2.49253842E-03  2.52497080E-03
  1.95203519E+00  4.99430858E-02  1.75097268E-02  3.06590518E-05  2.49431189E-03  2.52497103E-03
  1.95303524E+00  4.99603450E-02  1.70102958E-02  2.89350173E-05  2.49603600E-03  2.52497103E-03
  1.95403528E+00  4.99771051E-02  1.65106915E-02  2.72602920E-05  2.49771099E-03  2.52497126E-03
  1.95503533E+00  4.99933660E-02  1.60109196E-02  2.56349540E-05  2.49933661E-03  2.52497150E-03
  1.95603538E+00  5.00091277E-02  1.55109856E-02  2.40590671E-05  2.50091287E-03  2.52497196E-03
  1.95703542E+00  5.00243902E-02  1.50108943E-02  2.25326949E-05  2.50243954E-03  2.52497219E-03
  1.95803547E+00  5.00391498E-02  1.45106502E-02  2.10558974E-05  2.50391662E-03  2.52497243E-03
  1.95903552E+00  5.00534102E-02  1.40102590E-02  1.96287347E-05  2.50534387E-03  2.52497266E-03
  1.96003556E+00  5.00671715E-02  1.35097252E-02  1.82512686E-05  2.50672176E-03  2.52497313E-03
  1.96103561E+00  5.00804298E-02  1.30090537E-02  1.69235482E-05  2.50804937E-03  2.52497289E-03
  1.96203566E+00  5.00931889E-02  1.25082489E-02  1.56456281E-05  2.50932761E-03  2.52497313E-03
  1.96303570E+00  5.01054488E-02  1.20073166E-02  1.44175647E-05  2.51055602E-03  2.52497359E-03
  1.96403575E+00  5.01172058E-02  1.15062622E-02  1.32394071E-05  2.51173438E-03  2.52497382E-03
  1.96503580E+00  5.01284637E-02  1.10050905E-02  1.21112016E-05  2.51286291E-03  2.52497406E-03
  1.96603584E+00  5.01392186E-02  1.05038062E-02  1.10329947E-05  2.51394114E-03  2.52497406E-03
  1.96703589E+00  5.01494743E-02  1.00024138E-02  1.00048283E-05  2.51496979E-03  2.52497452E-03
  1.96803594E+00  5.01592271E-02  9.50091891E-03  9.02674583E-06  2.51594814E-03  2.52497499E-03
  1.96903598E+00  5.01684770E-02  8.99932627E-03  8.09878748E-06  2.51687597E-03  2.52497476E-03
  1.97003603E+00  5.01772277E-02  8.49764142E-03  7.22099094E-06  2.51775421E-03  2.52497522E-03
  1.97103608E+00  5.01854755E-02  7.99586903E-03  6.39339214E-06  2.51858192E-03  2.52497522E-03
  1.97203612E+00  5.01932204E-02  7.49401422E-03  5.61602519E-06  2.51935935E-03  2.52497545E-03
  1.97303617E+00  5.02004661E-02  6.99208211E-03  4.88892101E-06  2.52008671E-03  2.52497569E-03
  1.97403622E+00  5.02072088E-02  6.49007736E-03  4.21211053E-06  2.52076378E-03  2.52497592E-03
  1.97503626E+00  5.02134487E-02  5.98800508E-03  3.58562079E-06  2.52139033E-03  2.52497592E-03
  1.97603631E+00  5.02191857E-02  5.48587041E-03  3.00947750E-06  2.52196658E-03  2.52497615E-03
  1.97703636E+00  5.02244234E-02  4.98367846E-03  2.48370520E-06  2.52249278E-03  2.52497639E-03
  1.97803640E+00  5.02291583E-02  4.48143436E-03  2.00832551E-06  2.52296845E-03  2.52497685E-03
  1.97903645E+00  5.02333902E-02  3.97914276E-03  1.58335774E-06  2.52339360E-03  2.52497685E-03
  1.98003650E+00  5.02371192E-02  3.47680878E-03  1.20881998E-06  2.52376823E-03  2.52497708E-03
  1.98103654E+00  5.02403453E-02  2.97443755E-03  8.84727910E-07  2.52409233E-03  2.52497708E-03
  1.98203659E+00  5.02430685E-02  2.47203419E-03  6.11095345E-07  2.52436590E-03  2.52497708E-03
  1.98303664E+00  5.02452925E-02  1.96960336E-03  3.87933738E-07  2.52458942E-03  2.52497732E-03
  1.98403668E+00  5.02470136E-02  1.46715040E-03  2.15253024E-07  2.52476241E-03  2.52497778E-03
  1.98503673E+00  5.02482317E-02  9.64680221E-04  9.30607982E-08  2.52488488E-03  2.52497802E-03
  1.98603678E+00  5.02489470E-02  4.62197873E-04  2.13626876E-08  2.52495660E-03  2.52497802E-03
  1.98703682E+00  5.02491593E-02 -4.02915757E-05  1.62341113E-10  2.52497802E-03  2.52497825E-03
  1.98803687E+00  5.02488688E-02 -5.42783178E-04  2.94613596E-08  2.52494891E-03  2.52497848E-03
  1.98903692E+00  5.02480753E-02 -1.04527187E-03  1.09259325E-07  2.52486905E-03  2.52497825E-03
  1.99003696E+00  5.02467789E-02 -1.54775265E-03  2.39553827E-07  2.52473890E-03  2.52497848E-03
  1.99103701E+00  5.02449833E-02 -2.05022050E-03  4.20340399E-07  2.52455845E-03  2.52497871E-03
  1.99203706E+00  5.02426848E-02 -2.55267043E-03  6.51612652E-07  2.52432749E-03  2.52497918E-03
  1.99303710E+00  5.02398834E-02 -3.05509730E-03  9.33361946E-07  2.52404599E-03  2.52497941E-03
  1.99403715E+00  5.02365790E-02 -3.55749624E-03  1.26557802E-06  2.52371398E-03  2.52497965E-03
  1.99503720E+00  5.02327718E-02 -4.05986188E-03  1.64824780E-06  2.52333144E-03  2.52497965E-03
  1.99603724E+00  5.02284616E-02 -4.56218980E-03  2.08135748E-06  2.52289837E-03  2.52497965E-03
  1.99703729E+00  5.02236485E-02 -5.06447442E-03  2.56489034E-06  2.52241478E-03  2.52497965E-03
  1.99803734E+00  5.02183363E-02 -5.56671107E-03  3.09882716E-06  2.52188137E-03  2.52498011E-03
  1.99903738E+00  5.02125211E-02 -6.06889464E-03  3.68314841E-06  2.52129720E-03  2.52498034E-03
  2.00003743E+00  5.02062030E-02 -6.57102000E-03  4.31783064E-06  2.52066273E-03  2.52498058E-03
  2.00103736E+00  5.01993820E-02 -7.07308203E-03  5.00284887E-06  2.51997798E-03  2.52498081E-03
  2.00203729E+00  5.01920581E-02 -7.57507607E-03  5.73817806E-06  2.51924270E-03  2.52498081E-03
  2.00303721E+00  5.01842350E-02 -8.07699654E-03  6.52378731E-06  2.51845736E-03  2.52498104E-03
  2.00403714E+00  5.01759090E-02 -8.57883878E-03  7.35964704E-06  2.51762173E-03  2.52498128E-03
  2.00503707E+00  5.01670800E-02 -9.08059813E-03  8.24572635E-06  2.51673581E-03  2.52498151E-03
  2.00603700E+00  5.01577482E-02 -9.58226901E-03  9.18198839E-06  2.51579960E-03  2.52498151E-03
  2.00703692E+00  5.01479171E-02 -1.00838467E-02  1.01683972E-05  2.51481356E-03  2.52498197E-03
  2.00803685E+00  5.01375832E-02 -1.05853258E-02  1.12049120E-05  2.51377723E-03  2.52498221E-03
  2.00903678E+00  5.01267500E-02 -1.10867014E-02  1.22914953E-05  2.51269108E-03  2.52498267E-03
  2.01003671E+00  5.01154140E-02 -1.15879690E-02  1.34281026E-05  2.51155463E-03  2.52498267E-03
  2.01103663E+00  5.01035750E-02 -1.20891230E-02  1.46146895E-05  2.51036813E-03  2.52498291E-03
  2.01203656E+00  5.00912368E-02 -1.25901587E-02  1.58512103E-05  2.50913203E-03  2.52498314E-03
  2.01303649E+00  5.00783958E-02 -1.30910715E-02  1.71376159E-05  2.50784564E-03  2.52498314E-03
  2.01403642E+00  5.00650555E-02 -1.35918558E-02  1.84738547E-05  2.50650989E-03  2.52498384E-03
  2.01503634E+00  5.00512123E-02 -1.40925059E-02  1.98598718E-05  2.50512385E-03  2.52498360E-03
  2.01603627E+00  5.00368699E-02 -1.45930182E-02  2.12956184E-05  2.50368845E-03  2.52498407E-03
  2.01703620E+00  5.00220284E-02 -1.50933871E-02  2.27810342E-05  2.50220322E-03  2.52498430E-03
  2.01803613E+00  5.00066839E-02 -1.55936070E-02  2.43160594E-05  2.50066840E-03  2.52498453E-03
  2.01903605E+00  4.99908403E-02 -1.60936732E-02  2.59006320E-05  2.49908422E-03  2.52498477E-03
  2.02003598E+00  4.99744974E-02 -1.65935811E-02  2.75346956E-05  2.49745045E-03  2.52498523E-03
  2.02103591E+00  4.99576554E-02 -1.70933269E-02  2.92181830E-05  2.49576732E-03  2.52498547E-03
  2.02203584E+00  4.99403141E-02 -1.75929032E-02  3.09510251E-05  2.49403506E-03  2.52498616E-03
  2.02303576E+00  4.99224700E-02 -1.80923063E-02  3.27331545E-05  2.49225297E-03  2.52498616E-03
  2.02403569E+00  4.99041267E-02 -1.85915306E-02  3.45645021E-05  2.49042176E-03  2.52498616E-03
  2.02503562E+00  4.98852842E-02 -1.90905724E-02  3.64449952E-05  2.48854165E-03  2.52498663E-03
  2.02603555E+00  4.98659424E-02 -1.95894260E-02  3.83745610E-05  2.48661218E-03  2.52498663E-03
  2.02703547E+00  4.98461053E-02 -2.00880859E-02  4.03531194E-05  2.48463429E-03  2.52498733E-03
  2.02803540E+00  4.98257689E-02 -2.05865465E-02  4.23805905E-05  2.48260726E-03  2.52498779E-03
  2.02903533E+00  4.98049334E-02 -2.10848041E-02  4.44568977E-05  2.48053134E-03  2.52498826E-03
  2.03003526E+00  4.97835986E-02 -2.15828530E-02  4.65819576E-05  2.47840676E-03  2.52498873E-03
  2.03103518E+00  4.97617647E-02 -2.20806897E-02  4.87556863E-05  2.47623329E-03  2.52498896E-03
  2.03203511E+00  4.97394353E-02 -2.25783065E-02  5.09779893E-05  2.47401139E-03  2.52498942E-03
  2.03303504E+00  4.97166067E-02 -2.30757017E-02  5.32488011E-05  2.47174106E-03  2.52498989E-03
  2.03403497E+00  4.96932827E-02 -2.35728677E-02  5.55680090E-05  2.46942230E-03  2.52499036E-03
  2.03503489E+00  4.96694595E-02 -2.40698010E-02  5.79355365E-05  2.46705511E-03  2.52499059E-03
  2.03603482E+00  4.96451408E-02 -2.45664958E-02  6.03512744E-05  2.46463995E-03  2.52499129E-03
  2.03703475E+00  4.96203229E-02 -2.50629466E-02  6.28151320E-05  2.46217637E-03  2.52499152E-03
  2.03803468E+00  4.95950095E-02 -2.55591497E-02  6.53270108E-05  2.45966506E-03  2.52499199E-03
  2.03903461E+00  4.95692007E-02 -2.60550994E-02  6.78868237E-05  2.45710555E-03  2.52499245E-03
  2.04003453E+00  4.95428964E-02 -2.65507922E-02  7.04944541E-05  2.45449855E-03  2.52499292E-03
  2.04103446E+00  4.95161004E-02 -2.70462204E-02  7.31498076E-05  2.45184428E-03  2.52499408E-03
  2.04203439E+00  4.94888090E-02 -2.75413822E-02  7.58527749E-05  2.44914228E-03  2.52499501E-03
  2.04303432E+00  4.94610220E-02 -2.80362703E-02  7.86032469E-05  2.44639278E-03  2.52499594E-03
  2.04403424E+00  4.94327396E-02 -2.85308808E-02  8.14011146E-05  2.44359579E-03  2.52499687E-03
  2.04503417E+00  4.94039617E-02 -2.90252082E-02  8.42462687E-05  2.44075153E-03  2.52499781E-03
  2.04603410E+00  4.93746921E-02 -2.95192488E-02  8.71386073E-05  2.43786024E-03  2.52499874E-03
  2.04703403E+00  4.93449271E-02 -3.00129950E-02  9.00779851E-05  2.43492192E-03  2.52499990E-03
  2.04803395E+00  4.93146665E-02 -3.05064451E-02  9.30643218E-05  2.43193633E-03  2.52500060E-03
  2.04903388E+00  4.92839143E-02 -3.09995916E-02  9.60974648E-05  2.42890418E-03  2.52500153E-03
  2.05003381E+00  4.92526703E-02 -3.14924307E-02  9.91773195E-05  2.42582546E-03  2.52500270E-03
  2.05103374E+00  4.92209308E-02 -3.19849588E-02  1.02303762E-04  2.42269994E-03  2.52500363E-03
  2.05203366E+00  4.91886996E-02 -3.24771665E-02  1.05476640E-04  2.41952809E-03  2.52500479E-03
  2.05303359E+00  4.91559766E-02 -3.29690538E-02  1.08695858E-04  2.41631013E-03  2.52500596E-03
  2.05403352E+00  4.91227619E-02 -3.34606133E-02  1.11961264E-04  2.41304585E-03  2.52500712E-03
  2.05503345E+00  4.90890555E-02 -3.39518413E-02  1.15272756E-04  2.40973546E-03  2.52500828E-03
  2.05603337E+00  4.90548573E-02 -3.44427302E-02  1.18630174E-04  2.40637898E-03  2.52500921E-03
  2.05703330E+00  4.90201674E-02 -3.49332802E-02  1.22033409E-04  2.40297685E-03  2.52501015E-03
  2.05803323E+00  4.89849895E-02 -3.54234837E-02  1.25482315E-04  2.39952910E-03  2.52501131E-03
  2.05903316E+00  4.89493199E-02 -3.59133333E-02  1.28976753E-04  2.39603594E-03  2.52501271E-03
  2.06003308E+00  4.89131622E-02 -3.64028253E-02  1.32516579E-04  2.39249738E-03  2.52501387E-03
  2.06103301E+00  4.88765128E-02 -3.68919559E-02  1.36101648E-04  2.38891342E-03  2.52501504E-03
  2.06203294E+00  4.88393754E-02 -3.73807214E-02  1.39731841E-04  2.38528452E-03  2.52501643E-03
  2.06303287E+00  4.88017499E-02 -3.78691144E-02  1.43406985E-04  2.38161068E-03  2.52501760E-03
  2.06403279E+00  4.87636365E-02 -3.83571312E-02  1.47126950E-04  2.37789215E-03  2.52501899E-03
  2.06503272E+00  4.87250388E-02 -3.88447680E-02  1.50891603E-04  2.37412937E-03  2.52502086E-03
  2.06603265E+00  4.86859530E-02 -3.93320173E-02  1.54700756E-04  2.37032212E-03  2.52502295E-03
  2.06703258E+00  4.86463793E-02 -3.98188755E-02  1.58554278E-04  2.36647017E-03  2.52502435E-03
  2.06803250E+00  4.86063175E-02 -4.03053388E-02  1.62452037E-04  2.36257399E-03  2.52502598E-03
  2.06903243E+00  4.85657714E-02 -4.07914035E-02  1.66393860E-04  2.35863426E-03  2.52502807E-03
  2.07003236E+00  4.85247374E-02 -4.12770621E-02  1.70379586E-04  2.35465006E-03  2.52502970E-03
  2.07103229E+00  4.84832190E-02 -4.17623110E-02  1.74409055E-04  2.35062256E-03  2.52503157E-03
  2.07203221E+00  4.84412163E-02 -4.22471426E-02  1.78482107E-04  2.34655151E-03  2.52503366E-03
  2.07303214E+00  4.83987257E-02 -4.27315533E-02  1.82598567E-04  2.34243670E-03  2.52503529E-03
  2.07403207E+00  4.83557507E-02 -4.32155393E-02  1.86758276E-04  2.33827857E-03  2.52503692E-03
  2.07503200E+00  4.83122915E-02 -4.36990969E-02  1.90961102E-04  2.33407761E-03  2.52503878E-03
  2.07603192E+00  4.82683517E-02 -4.41822186E-02  1.95206841E-04  2.32983381E-03  2.52504065E-03
  2.07703185E+00  4.82239276E-02 -4.46649007E-02  1.99495335E-04  2.32554716E-03  2.52504251E-03
  2.07803178E+00  4.81790192E-02 -4.51471396E-02  2.03826421E-04  2.32121791E-03  2.52504437E-03
  2.07903171E+00  4.81336303E-02 -4.56289314E-02  2.08199941E-04  2.31684628E-03  2.52504623E-03
  2.08003163E+00  4.80877608E-02 -4.61102687E-02  2.12615691E-04  2.31243274E-03  2.52504833E-03
  2.08103156E+00  4.80414070E-02 -4.65911478E-02  2.17073510E-04  2.30797683E-03  2.52505043E-03
  2.08203149E+00  4.79945764E-02 -4.70715612E-02  2.21573195E-04  2.30347947E-03  2.52505275E-03
  2.08303142E+00  4.79472652E-02 -4.75515053E-02  2.26114571E-04  2.29894021E-03  2.52505485E-03
  2.08403134E+00  4.78994735E-02 -4.80309762E-02  2.30697478E-04  2.29435950E-03  2.52505695E-03
  2.08503127E+00  4.78512049E-02 -4.85099703E-02  2.35321728E-04  2.28973781E-03  2.52505951E-03
  2.08603120E+00  4.78024557E-02 -4.89884838E-02  2.39987159E-04  2.28507468E-03  2.52506183E-03
  2.08703113E+00  4.77532297E-02 -4.94665094E-02  2.44693569E-04  2.28037103E-03  2.52506463E-03
  2.08803105E+00  4.77035232E-02 -4.99440432E-02  2.49440753E-04  2.27562618E-03  2.52506696E-03
  2.08903098E+00  4.76533398E-02 -5.04210778E-02  2.54228507E-04  2.27084081E-03  2.52506929E-03
  2.09003091E+00  4.76026796E-02 -5.08976094E-02  2.59056658E-04  2.26601516E-03  2.52507185E-03
  2.09103084E+00  4.75515425E-02 -5.13736345E-02  2.63925031E-04  2.26114923E-03  2.52507417E-03
  2.09203076E+00  4.74999286E-02 -5.18491492E-02  2.68833450E-04  2.25624326E-03  2.52507674E-03
  2.09303069E+00  4.74478416E-02 -5.23241498E-02  2.73781683E-04  2.25129770E-03  2.52507930E-03
  2.09403062E+00  4.73952778E-02 -5.27986288E-02  2.78769527E-04  2.24631233E-03  2.52508186E-03
  2.09503055E+00  4.73422408E-02 -5.32725826E-02  2.83796806E-04  2.24128785E-03  2.52508465E-03
  2.09603047E+00  4.72887307E-02 -5.37460037E-02  2.88863288E-04  2.23622401E-03  2.52508721E-03
  2.09703040E+00  4.72347513E-02 -5.42188920E-02  2.93968827E-04  2.23112176E-03  2.52509071E-03
  2.09803033E+00  4.71802987E-02 -5.46912402E-02  2.99113191E-04  2.22598063E-03  2.52509373E-03
  2.09903026E+00  4.71253730E-02 -5.51630445E-02  3.04296147E-04  2.22080084E-03  2.52509699E-03
  2.10003018E+00  4.70699742E-02 -5.56342974E-02  3.09517520E-04  2.21558241E-03  2.52510002E-03
  2.10103011E+00  4.70141061E-02 -5.61049953E-02  3.14777048E-04  2.21032626E-03  2.52510328E-03
  2.10203004E+00  4.69577648E-02 -5.65751381E-02  3.20074614E-04  2.20503169E-03  2.52510631E-03
  2.10302997E+00  4.69009541E-02 -5.70447147E-02  3.25409957E-04  2.19969940E-03  2.52510933E-03
  2.10402989E+00  4.68436740E-02 -5.75137250E-02  3.30782874E-04  2.19432986E-03  2.52511282E-03
  2.10502982E+00  4.67859246E-02 -5.79821616E-02  3.36193101E-04  2.18892284E-03  2.52511585E-03
  2.10602975E+00  4.67277095E-02 -5.84500208E-02  3.41640494E-04  2.18347879E-03  2.52511934E-03
  2.10702968E+00  4.66690250E-02 -5.89172989E-02  3.47124820E-04  2.17799796E-03  2.52512284E-03
  2.10802960E+00  4.66098748E-02 -5.93839884E-02  3.52645817E-04  2.17248034E-03  2.52512610E-03
  2.10902953E+00  4.65502553E-02 -5.98500855E-02  3.58203280E-04  2.16692616E-03  2.52512936E-03
  2.11002946E+00  4.64901738E-02 -6.03155866E-02  3.63797008E-04  2.16133636E-03  2.52513331E-03
  2.11102939E+00  4.64296266E-02 -6.07804880E-02  3.69426765E-04  2.15571024E-03  2.52513704E-03
  2.11202931E+00  4.63686138E-02 -6.12447858E-02  3.75092379E-04  2.15004827E-03  2.52514053E-03
  2.11302924E+00  4.63071391E-02 -6.17084727E-02  3.80793557E-04  2.14435114E-03  2.52514472E-03
  2.11402917E+00  4.62451987E-02 -6.21715449E-02  3.86530097E-04  2.13861838E-03  2.52514845E-03
  2.11502910E+00  4.61827964E-02 -6.26339987E-02  3.92301794E-04  2.13285070E-03  2.52515241E-03
  2.11602902E+00  4.61199321E-02 -6.30958304E-02  3.98108357E-04  2.12704809E-03  2.52515636E-03
  2.11702895E+00  4.60566059E-02 -6.35570288E-02  4.03949583E-04  2.12121103E-03  2.52516055E-03
  2.11802888E+00  4.59928177E-02 -6.40175939E-02  4.09825239E-04  2.11533927E-03  2.52516451E-03
  2.11902881E+00  4.59285676E-02 -6.44775257E-02  4.15735150E-04  2.10943329E-03  2.52516847E-03
  2.12002873E+00  4.58638594E-02 -6.49368092E-02  4.21678938E-04  2.10349355E-03  2.52517243E-03
  2.12102866E+00  4.57986929E-02 -6.53954446E-02  4.27656429E-04  2.09752028E-03  2.52517662E-03
  2.12202859E+00  4.57330719E-02 -6.58534318E-02  4.33667476E-04  2.09151395E-03  2.52518151E-03
  2.12302852E+00  4.56669927E-02 -6.63107634E-02  4.39711759E-04  2.08547432E-03  2.52518617E-03
  2.12402844E+00  4.56004553E-02 -6.67674318E-02  4.45789017E-04  2.07940163E-03  2.52519059E-03
  2.12502837E+00  4.55334596E-02 -6.72234371E-02  4.51899046E-04  2.07329588E-03  2.52519501E-03
  2.12602830E+00  4.54660095E-02 -6.76787719E-02  4.58041643E-04  2.06715800E-03  2.52519967E-03
  2.12702823E+00  4.53981049E-02 -6.81334287E-02  4.64216428E-04  2.06098799E-03  2.52520433E-03
  2.12802815E+00  4.53297459E-02 -6.85874075E-02  4.70423227E-04  2.05478584E-03  2.52520898E-03
  2.12902808E+00  4.52609323E-02 -6.90407082E-02  4.76661924E-04  2.04855204E-03  2.52521387E-03
  2.13002801E+00  4.51916642E-02 -6.94933161E-02  4.82932111E-04  2.04228656E-03  2.52521876E-03
  2.13102794E+00  4.51219454E-02 -6.99452311E-02  4.89233527E-04  2.03598989E-03  2.52522342E-03
  2.13202786E+00  4.50517721E-02 -7.03964531E-02  4.95566055E-04  2.02966225E-03  2.52522831E-03
  2.13302779E+00  4.49811518E-02 -7.08469674E-02  5.01929258E-04  2.02330411E-03  2.52523343E-03
  2.13402772E+00  4.49100807E-02 -7.12967813E-02  5.08323137E-04  2.01691524E-03  2.52523832E-03
  2.13502765E+00  4.48385589E-02 -7.17458799E-02  5.14747109E-04  2.01049633E-03  2.52524344E-03
  2.13602757E+00  4.47665900E-02 -7.21942633E-02  5.21201175E-04  2.00404762E-03  2.52524880E-03
  2.13702750E+00  4.46941704E-02 -7.26419315E-02  5.27685042E-04  1.99756888E-03  2.52525392E-03
  2.13802743E+00  4.46213037E-02 -7.30888769E-02  5.34198422E-04  1.99106080E-03  2.52525927E-03
  2.13902736E+00  4.45479900E-02 -7.35350922E-02  5.40740963E-04  1.98452338E-03  2.52526440E-03
  2.14002728E+00  4.44742329E-02 -7.39805698E-02  5.47312491E-04  1.97795732E-03  2.52526975E-03
  2.14102721E+00  4.44000289E-02 -7.44253099E-02  5.53912658E-04  1.97136262E-03  2.52527534E-03
  2.14202714E+00  4.43253815E-02 -7.48693123E-02  5.60541404E-04  1.96473952E-03  2.52528093E-03
  2.14302707E+00  4.42502908E-02 -7.53125697E-02  5.67198324E-04  1.95808825E-03  2.52528652E-03
  2.14402699E+00  4.41747569E-02 -7.57550746E-02  5.73883124E-04  1.95140915E-03  2.52529234E-03
  2.14502692E+00  4.40987833E-02 -7.61968195E-02  5.80595515E-04  1.94470270E-03  2.52529816E-03
  2.14602685E+00  4.40223664E-02 -7.66378045E-02  5.87335322E-04  1.93796877E-03  2.52530398E-03
  2.14702678E+00  4.39455099E-02 -7.70780295E-02  5.94102254E-04  1.93120784E-03  2.52531003E-03
  2.14802670E+00  4.38682139E-02 -7.75174871E-02  6.00896077E-04  1.92442024E-03  2.52531632E-03
  2.14902663E+00  4.37904783E-02 -7.79561698E-02  6.07716443E-04  1.91760599E-03  2.52532237E-03
  2.15002656E+00  4.37123030E-02 -7.83940777E-02  6.14563178E-04  1.91076542E-03  2.52532866E-03
  2.15102649E+00  4.36336882E-02 -7.88312033E-02  6.21435873E-04  1.90389878E-03  2.52533471E-03
  2.15202641E+00  4.35546376E-02 -7.92675391E-02  6.28334295E-04  1.89700641E-03  2.52534077E-03
  2.15302634E+00  4.34751548E-02 -7.97030851E-02  6.35258155E-04  1.89008913E-03  2.52534728E-03
  2.15402627E+00  4.33952361E-02 -8.01378340E-02  6.42207277E-04  1.88314647E-03  2.52535380E-03
  2.15502620E+00  4.33148816E-02 -8.05717856E-02  6.49181253E-04  1.87617901E-03  2.52536032E-03
  2.15602612E+00  4.32340950E-02 -8.10049325E-02  6.56179909E-04  1.86918699E-03  2.52536684E-03
  2.15702605E+00  4.31528725E-02 -8.14372748E-02  6.63202954E-04  1.86217041E-03  2.52537336E-03
  2.15802598E+00  4.30712178E-02 -8.18688050E-02  6.70250156E-04  1.85512984E-03  2.52537988E-03
  2.15902591E+00  4.29891348E-02 -8.22995156E-02  6.77321048E-04  1.84806576E-03  2.52538687E-03
  2.16002584E+00  4.29066196E-02 -8.27294067E-02  6.84415456E-04  1.84097805E-03  2.52539339E-03
  2.16102576E+00  4.28236723E-02 -8.31584707E-02  6.91533147E-04  1.83386693E-03  2.52540014E-03
  2.16202569E+00  4.27403003E-02 -8.35867077E-02  6.98673772E-04  1.82673323E-03  2.52540689E-03
  2.16302562E+00  4.26564999E-02 -8.40141103E-02  7.05837097E-04  1.81957695E-03  2.52541411E-03
  2.16402555E+00  4.25722748E-02 -8.44406784E-02  7.13022833E-04  1.81239855E-03  2.52542133E-03
  2.16502547E+00  4.24876213E-02 -8.48664045E-02  7.20230688E-04  1.80519791E-03  2.52542854E-03
  2.16602540E+00  4.24025431E-02 -8.52912813E-02  7.27460254E-04  1.79797562E-03  2.52543576E-03
  2.16702533E+00  4.23170403E-02 -8.57153088E-02  7.34711473E-04  1.79073191E-03  2.52544344E-03
  2.16802526E+00  4.22311127E-02 -8.61384794E-02  7.41983764E-04  1.78346690E-03  2.52545066E-03
  2.16902518E+00  4.21447605E-02 -8.65607932E-02  7.49277126E-04  1.77618081E-03  2.52545788E-03
  2.17002511E+00  4.20579873E-02 -8.69822428E-02  7.56591035E-04  1.76887435E-03  2.52546533E-03
  2.17102504E+00  4.19707969E-02 -8.74028206E-02  7.63925316E-04  1.76154776E-03  2.52547301E-03
  2.17202497E+00  4.18831855E-02 -8.78225267E-02  7.71279621E-04  1.75420125E-03  2.52548093E-03
  2.17302489E+00  4.17951532E-02 -8.82413611E-02  7.78653834E-04  1.74683484E-03  2.52548861E-03
  2.17402482E+00  4.17067036E-02 -8.86593163E-02  7.86047429E-04  1.73944910E-03  2.52549653E-03
  2.17502475E+00  4.16178368E-02 -8.90763849E-02  7.93460233E-04  1.73204439E-03  2.52550468E-03
  2.17602468E+00  4.15285528E-02 -8.94925669E-02  8.00891954E-04  1.72462070E-03  2.52551259E-03
  2.17702460E+00  4.14388515E-02 -8.99078548E-02  8.08342302E-04  1.71717838E-03  2.52552074E-03
  2.17802453E+00  4.13487367E-02 -9.03222412E-02  8.15810752E-04  1.70971802E-03  2.52552889E-03
  2.17902446E+00  4.12582085E-02 -9.07357261E-02  8.23297189E-04  1.70223974E-03  2.52553681E-03
  2.18002439E+00  4.11672667E-02 -9.11483094E-02  8.30801378E-04  1.69474387E-03  2.52554519E-03
  2.18102431E+00  4.10759151E-02 -9.15599838E-02  8.38323031E-04  1.68723078E-03  2.52555381E-03
  2.18202424E+00  4.09841500E-02 -9.19707417E-02  8.45861738E-04  1.67970057E-03  2.52556242E-03
  2.18302417E+00  4.08919752E-02 -9.23805833E-02  8.53417267E-04  1.67215359E-03  2.52557080E-03
  2.18402410E+00  4.07993905E-02 -9.27895010E-02  8.60989210E-04  1.66459032E-03  2.52557965E-03
  2.18502402E+00  4.07063961E-02 -9.31974947E-02  8.68577335E-04  1.65701064E-03  2.52558803E-03
  2.18602395E+00  4.06129919E-02 -9.36045572E-02  8.76181293E-04  1.64941512E-03  2.52559641E-03
  2.18702388E+00  4.05191816E-02 -9.40106884E-02  8.83800909E-04  1.64180412E-03  2.52560503E-03
  2.18802381E+00  4.04249690E-02 -9.44158807E-02  8.91435891E-04  1.63417810E-03  2.52561411E-03
  2.18902373E+00  4.03303504E-02 -9.48201269E-02  8.99085717E-04  1.62653718E-03  2.52562296E-03
  2.19002366E+00  4.02353294E-02 -9.52234268E-02  9.06750094E-04  1.61888171E-03  2.52563180E-03
  2.19102359E+00  4.01399061E-02 -9.56257805E-02  9.14429023E-04  1.61121204E-03  2.52564112E-03
  2.19202352E+00  4.00440805E-02 -9.60271806E-02  9.22121981E-04  1.60352839E-03  2.52565043E-03
  2.19302344E+00  3.99478525E-02 -9.64276195E-02  9.29828559E-04  1.59583089E-03  2.52565951E-03
  2.19402337E+00  3.98512222E-02 -9.68270972E-02  9.37548641E-04  1.58811989E-03  2.52566859E-03
  2.19502330E+00  3.97541970E-02 -9.72256064E-02  9.45281878E-04  1.58039620E-03  2.52567814E-03
  2.19602323E+00  3.96567732E-02 -9.76231471E-02  9.53027920E-04  1.57265970E-03  2.52568768E-03
  2.19702315E+00  3.95589508E-02 -9.80197117E-02  9.60786361E-04  1.56491064E-03  2.52569700E-03
  2.19802308E+00  3.94607335E-02 -9.84153003E-02  9.68557142E-04  1.55714946E-03  2.52570654E-03
  2.19902301E+00  3.93621214E-02 -9.88099054E-02  9.76339739E-04  1.54937664E-03  2.52571632E-03
  2.20002294E+00  3.92631143E-02 -9.92035270E-02  9.84134036E-04  1.54159218E-03  2.52572633E-03
  2.20102286E+00  3.91637124E-02 -9.95961577E-02  9.91939451E-04  1.53379631E-03  2.52573565E-03
  2.20202279E+00  3.90639193E-02 -9.99877974E-02  9.99756041E-04  1.52598985E-03  2.52574589E-03
  2.20302272E+00  3.89637388E-02 -1.00378439E-01  1.00758311E-03  1.51817291E-03  2.52575614E-03
  2.20402265E+00  3.88631672E-02 -1.00768074E-01  1.01542042E-03  1.51034573E-03  2.52576615E-03
  2.20502257E+00  3.87622043E-02 -1.01156704E-01  1.02326786E-03  1.50250853E-03  2.52577639E-03
  2.20602250E+00  3.86608541E-02 -1.01544328E-01  1.03112508E-03  1.49466167E-03  2.52578687E-03
  2.20702243E+00  3.85591164E-02 -1.01930939E-01  1.03899173E-03  1.48680550E-03  2.52579711E-03
  2.20802236E+00  3.84569913E-02 -1.02316529E-01  1.04686723E-03  1.47894013E-03  2.52580736E-03
  2.20902228E+00  3.83544825E-02 -1.02701098E-01  1.05475157E-03  1.47106638E-03  2.52581807E-03
  2.21002221E+00  3.82515900E-02 -1.03084646E-01  1.06264453E-03  1.46318413E-03  2.52582878E-03
  2.21102214E+00  3.81483138E-02 -1.03467159E-01  1.07054540E-03  1.45529385E-03  2.52583926E-03
  2.21202207E+00  3.80446576E-02 -1.03848644E-01  1.07845408E-03  1.44739600E-03  2.52585020E-03
  2.21302199E+00  3.79406177E-02 -1.04229093E-01  1.08637044E-03  1.43949047E-03  2.52586091E-03
  2.21402192E+00  3.78361978E-02 -1.04608499E-01  1.09429378E-03  1.43157784E-03  2.52587162E-03
  2.21502185E+00  3.77313979E-02 -1.04986861E-01  1.10222411E-03  1.42365834E-03  2.52588233E-03
  2.21602178E+00  3.76262218E-02 -1.05364174E-01  1.11016096E-03  1.41573255E-03  2.52589351E-03
  2.21702170E+00  3.75206694E-02 -1.05740435E-01  1.11810397E-03  1.40780059E-03  2.52590468E-03
  2.21802163E+00  3.74147445E-02 -1.06115639E-01  1.12605293E-03  1.39986316E-03  2.52591609E-03
  2.21902156E+00  3.73084433E-02 -1.06489785E-01  1.13400747E-03  1.39191991E-03  2.52592750E-03
  2.22002149E+00  3.72017659E-02 -1.06862873E-01  1.14196737E-03  1.38397142E-03  2.52593867E-03
  2.22102141E+00  3.70947160E-02 -1.07234888E-01  1.14993216E-03  1.37601793E-03  2.52595008E-03
  2.22202134E+00  3.69872935E-02 -1.07605837E-01  1.15790160E-03  1.36805989E-03  2.52596149E-03
  2.22302127E+00  3.68795022E-02 -1.07975714E-01  1.16587558E-03  1.36009767E-03  2.52597313E-03
  2.22402120E+00  3.67713422E-02 -1.08344510E-01  1.17385329E-03  1.35213160E-03  2.52598478E-03
  2.22502112E+00  3.66628133E-02 -1.08712226E-01  1.18183484E-03  1.34416192E-03  2.52599688E-03
  2.22602105E+00  3.65539193E-02 -1.09078854E-01  1.18981965E-03  1.33618899E-03  2.52600852E-03
  2.22702098E+00  3.64446566E-02 -1.09444395E-01  1.19780761E-03  1.32821302E-03  2.52602063E-03
  2.22802091E+00  3.63350287E-02 -1.09808840E-01  1.20579812E-03  1.32023427E-03  2.52603227E-03
  2.22902083E+00  3.62250358E-02 -1.10172190E-01  1.21379120E-03  1.31225318E-03  2.52604438E-03
  2.23002076E+00  3.61146815E-02 -1.10534437E-01  1.22178614E-03  1.30427023E-03  2.52605649E-03
  2.23102069E+00  3.60039696E-02 -1.10895582E-01  1.22978294E-03  1.29628577E-03  2.52606859E-03
  2.23202062E+00  3.58928964E-02 -1.11255623E-01  1.23778137E-03  1.28830003E-03  2.52608140E-03
  2.23302054E+00  3.57814617E-02 -1.11614555E-01  1.24578085E-03  1.28031301E-03  2.52609374E-03
  2.23402047E+00  3.56696695E-02 -1.11972369E-01  1.25378126E-03  1.27232529E-03  2.52610655E-03
  2.23502040E+00  3.55575196E-02 -1.12329066E-01  1.26178190E-03  1.26433722E-03  2.52611912E-03
  2.23602033E+00  3.54450122E-02 -1.12684637E-01  1.26978278E-03  1.25634891E-03  2.52613169E-03
  2.23702025E+00  3.53321470E-02 -1.13039084E-01  1.27778342E-03  1.24836061E-03  2.52614403E-03
  2.23802018E+00  3.52189317E-02 -1.13392405E-01  1.28578383E-03  1.24037312E-03  2.52615707E-03
  2.23902011E+00  3.51053625E-02 -1.13744594E-01  1.29378331E-03  1.23238645E-03  2.52616964E-03
  2.24002004E+00  3.49914432E-02 -1.14095651E-01  1.30178174E-03  1.22440106E-03  2.52618268E-03
  2.24101996E+00  3.48771736E-02 -1.14445567E-01  1.30977889E-03  1.21641729E-03  2.52619619E-03
  2.24201989E+00  3.47625539E-02 -1.14794336E-01  1.31777395E-03  1.20843516E-03  2.52620922E-03
  2.24301982E+00  3.46475840E-02 -1.15141965E-01  1.32576725E-03  1.20045512E-03  2.52622226E-03
  2.24401975E+00  3.45322676E-02 -1.15488440E-01  1.33375800E-03  1.19247753E-03  2.52623553E-03
  2.24501967E+00  3.44166085E-02 -1.15833759E-01  1.34174607E-03  1.18450297E-03  2.52624904E-03
  2.24601960E+00  3.43006030E-02 -1.16177924E-01  1.34973100E-03  1.17653131E-03  2.52626231E-03
  2.24701953E+00  3.41842547E-02 -1.16520926E-01  1.35771267E-03  1.16856326E-03  2.52627581E-03
  2.24801946E+00  3.40675637E-02 -1.16862766E-01  1.36569061E-03  1.16059894E-03  2.52628955E-03
  2.24901938E+00  3.39505300E-02 -1.17203444E-01  1.37366483E-03  1.15263846E-03  2.52630329E-03
  2.25001931E+00  3.38331535E-02 -1.17542952E-01  1.38163462E-03  1.14468229E-03  2.52631679E-03
  2.25101924E+00  3.37154418E-02 -1.17881283E-01  1.38959975E-03  1.13673101E-03  2.52633076E-03
  2.25201917E+00  3.35973911E-02 -1.18218437E-01  1.39755988E-03  1.12878473E-03  2.52634473E-03
  2.25301909E+00  3.34790051E-02 -1.18554413E-01  1.40551489E-03  1.12084381E-03  2.52635870E-03
  2.25401902E+00  3.33602838E-02 -1.18889205E-01  1.41346431E-03  1.11290859E-03  2.52637290E-03
  2.25501895E+00  3.32412273E-02 -1.19222805E-01  1.42140768E-03  1.10497919E-03  2.52638687E-03
  2.25601888E+00  3.31218354E-02 -1.19555220E-01  1.42934511E-03  1.09705597E-03  2.52640108E-03
  2.25701880E+00  3.30021158E-02 -1.19886436E-01  1.43727579E-03  1.08913961E-03  2.52641551E-03
  2.25801873E+00  3.28820646E-02 -1.20216459E-01  1.44519971E-03  1.08123012E-03  2.52642995E-03
  2.25901866E+00  3.27616856E-02 -1.20545283E-01  1.45311654E-03  1.07332808E-03  2.52644462E-03
  2.26001859E+00  3.26409750E-02 -1.20872900E-01  1.46102579E-03  1.06543326E-03  2.52645905E-03
  2.26101851E+00  3.25199366E-02 -1.21199310E-01  1.46892725E-03  1.05754624E-03  2.52647349E-03
  2.26201844E+00  3.23985741E-02 -1.21524513E-01  1.47682079E-03  1.04966760E-03  2.52648839E-03
  2.26301837E+00  3.22768912E-02 -1.21848501E-01  1.48470572E-03  1.04179769E-03  2.52650352E-03
  2.26401830E+00  3.21548842E-02 -1.22171268E-01  1.49258191E-03  1.03393663E-03  2.52651842E-03
  2.26501822E+00  3.20325531E-02 -1.22492820E-01  1.50044903E-03  1.02608441E-03  2.52653332E-03
  2.26601815E+00  3.19099016E-02 -1.22813143E-01  1.50830683E-03  1.01824186E-03  2.52654869E-03
  2.26701808E+00  3.17869298E-02 -1.23132244E-01  1.51615497E-03  1.01040886E-03  2.52656383E-03
  2.26801801E+00  3.16636376E-02 -1.23450115E-01  1.52399309E-03  1.00258598E-03  2.52657896E-03
  2.26901793E+00  3.15400325E-02 -1.23766750E-01  1.53182086E-03  9.94773698E-04  2.52659456E-03
  2.27001786E+00  3.14161107E-02 -1.24082148E-01  1.53963803E-03  9.86972009E-04  2.52661016E-03
  2.27101779E+00  3.12918723E-02 -1.24396309E-01  1.54744415E-03  9.79181263E-04  2.52662553E-03
  2.27201772E+00  3.11673190E-02 -1.24709226E-01  1.55523920E-03  9.71401751E-04  2.52664089E-03
  2.27301764E+00  3.10424529E-02 -1.25020906E-01  1.56302273E-03  9.63633880E-04  2.52665672E-03
  2.27401757E+00  3.09172776E-02 -1.25331327E-01  1.57079415E-03  9.55878058E-04  2.52667209E-03
  2.27501750E+00  3.07917912E-02 -1.25640497E-01  1.57855346E-03  9.48134402E-04  2.52668792E-03
  2.27601743E+00  3.06659956E-02 -1.25948414E-01  1.58630032E-03  9.40403261E-04  2.52670352E-03
  2.27701735E+00  3.05398945E-02 -1.26255080E-01  1.59403461E-03  9.32685158E-04  2.52671982E-03
  2.27801728E+00  3.04134861E-02 -1.26560479E-01  1.60175550E-03  9.24980151E-04  2.52673565E-03
  2.27901721E+00  3.02867722E-02 -1.26864612E-01  1.60946313E-03  9.17288591E-04  2.52675172E-03
  2.28001714E+00  3.01597565E-02 -1.27167478E-01  1.61715678E-03  9.09610942E-04  2.52676778E-03
  2.28101707E+00  3.00324373E-02 -1.27469078E-01  1.62483659E-03  9.01947264E-04  2.52678385E-03
  2.28201699E+00  2.99048182E-02 -1.27769396E-01  1.63250195E-03  8.94298137E-04  2.52680015E-03
  2.28301692E+00  2.97768991E-02 -1.28068447E-01  1.64015277E-03  8.86663736E-04  2.52681645E-03
  2.28401685E+00  2.96486821E-02 -1.28366217E-01  1.64778868E-03  8.79044353E-04  2.52683298E-03
  2.28501678E+00  2.95201670E-02 -1.28662705E-01  1.65540911E-03  8.71440279E-04  2.52684951E-03
  2.28601670E+00  2.93913577E-02 -1.28957912E-01  1.66301429E-03  8.63851921E-04  2.52686627E-03
  2.28701663E+00  2.92622522E-02 -1.29251823E-01  1.67060352E-03  8.56279396E-04  2.52688304E-03
  2.28801656E+00  2.91328523E-02 -1.29544452E-01  1.67817646E-03  8.48723110E-04  2.52689957E-03
  2.28901649E+00  2.90031619E-02 -1.29835784E-01  1.68573321E-03  8.41183413E-04  2.52691656E-03
  2.29001641E+00  2.88731810E-02 -1.30125821E-01  1.69327296E-03  8.33660597E-04  2.52693356E-03
  2.29101634E+00  2.87429094E-02 -1.30414546E-01  1.70079549E-03  8.26154836E-04  2.52695032E-03
  2.29201627E+00  2.86123510E-02 -1.30701974E-01  1.70830067E-03  8.18666653E-04  2.52696732E-03
  2.29301620E+00  2.84815058E-02 -1.30988091E-01  1.71578804E-03  8.11196165E-04  2.52698408E-03
  2.29401612E+00  2.83503756E-02 -1.31272912E-01  1.72325782E-03  8.03743780E-04  2.52700155E-03
  2.29501605E+00  2.82189604E-02 -1.31556422E-01  1.73070922E-03  7.96309731E-04  2.52701901E-03
  2.29601598E+00  2.80872621E-02 -1.31838605E-01  1.73814187E-03  7.88894307E-04  2.52703624E-03
  2.29701591E+00  2.79552843E-02 -1.32119477E-01  1.74555555E-03  7.81497918E-04  2.52705347E-03
  2.29801583E+00  2.78230254E-02 -1.32399023E-01  1.75295013E-03  7.74120737E-04  2.52707093E-03
  2.29901576E+00  2.76904870E-02 -1.32677257E-01  1.76032539E-03  7.66763056E-04  2.52708839E-03
  2.30001569E+00  2.75576711E-02 -1.32954165E-01  1.76768098E-03  7.59425224E-04  2.52710609E-03
  2.30101562E+00  2.74245795E-02 -1.33229747E-01  1.77501666E-03  7.52107531E-04  2.52712425E-03
  2.30201554E+00  2.72912122E-02 -1.33503988E-01  1.78233150E-03  7.44810270E-04  2.52714171E-03
  2.30301547E+00  2.71575730E-02 -1.33776903E-01  1.78962597E-03  7.37533788E-04  2.52715964E-03
  2.30401540E+00  2.70236600E-02 -1.34048477E-01  1.79689936E-03  7.30278203E-04  2.52717757E-03
  2.30501533E+00  2.68894751E-02 -1.34318709E-01  1.80415157E-03  7.23043864E-04  2.52719549E-03
  2.30601525E+00  2.67550219E-02 -1.34587601E-01  1.81138224E-03  7.15831178E-04  2.52721342E-03
  2.30701518E+00  2.66203005E-02 -1.34855151E-01  1.81859115E-03  7.08640378E-04  2.52723158E-03
  2.30801511E+00  2.64853127E-02 -1.35121360E-01  1.82577816E-03  7.01471814E-04  2.52724998E-03
  2.30901504E+00  2.63500586E-02 -1.35386214E-01  1.83294271E-03  6.94325601E-04  2.52726837E-03
  2.31001496E+00  2.62145400E-02 -1.35649711E-01  1.84008444E-03  6.87202089E-04  2.52728653E-03
  2.31101489E+00  2.60787606E-02 -1.35911852E-01  1.84720312E-03  6.80101744E-04  2.52730493E-03
  2.31201482E+00  2.59427186E-02 -1.36172637E-01  1.85429864E-03  6.73024624E-04  2.52732332E-03
  2.31301475E+00  2.58064158E-02 -1.36432067E-01  1.86137098E-03  6.65971078E-04  2.52734218E-03
  2.31401467E+00  2.56698560E-02 -1.36690125E-01  1.86841900E-03  6.58941513E-04  2.52736057E-03
  2.31501460E+00  2.55330373E-02 -1.36946827E-01  1.87544338E-03  6.51935989E-04  2.52737943E-03
  2.31601453E+00  2.53959615E-02 -1.37202159E-01  1.88244320E-03  6.44954853E-04  2.52739806E-03
  2.31701446E+00  2.52586324E-02 -1.37456119E-01  1.88941846E-03  6.37998513E-04  2.52741692E-03
  2.31801438E+00  2.51210500E-02 -1.37708709E-01  1.89636892E-03  6.31067145E-04  2.52743601E-03
  2.31901431E+00  2.49832161E-02 -1.37959912E-01  1.90329365E-03  6.24161097E-04  2.52745487E-03
  2.32001424E+00  2.48451307E-02 -1.38209745E-01  1.91019347E-03  6.17280544E-04  2.52747396E-03
  2.32101417E+00  2.47067958E-02 -1.38458192E-01  1.91706722E-03  6.10425777E-04  2.52749305E-03
  2.32201409E+00  2.45682150E-02 -1.38705254E-01  1.92391488E-03  6.03597204E-04  2.52751214E-03
  2.32301402E+00  2.44293865E-02 -1.38950929E-01  1.93073601E-03  5.96794940E-04  2.52753100E-03
  2.32401395E+00  2.42903121E-02 -1.39195219E-01  1.93753093E-03  5.90019277E-04  2.52755033E-03
  2.32501388E+00  2.41509955E-02 -1.39438123E-01  1.94429909E-03  5.83270565E-04  2.52756965E-03
  2.32601380E+00  2.40114368E-02 -1.39679626E-01  1.95103977E-03  5.76549093E-04  2.52758898E-03
  2.32701373E+00  2.38716379E-02 -1.39919743E-01  1.95775344E-03  5.69855096E-04  2.52760854E-03
  2.32801366E+00  2.37315986E-02 -1.40158460E-01  1.96443941E-03  5.63188747E-04  2.52762809E-03
  2.32901359E+00  2.35913210E-02 -1.40395775E-01  1.97109743E-03  5.56550396E-04  2.52764788E-03
  2.33001351E+00  2.34508086E-02 -1.40631691E-01  1.97772728E-03  5.49940451E-04  2.52766768E-03
  2.33101344E+00  2.33100597E-02 -1.40866205E-01  1.98432873E-03  5.43358910E-04  2.52768770E-03
  2.33201337E+00  2.31690761E-02 -1.41099304E-01  1.99090131E-03  5.36806067E-04  2.52770726E-03
  2.33301330E+00  2.30278615E-02 -1.41331002E-01  1.99744524E-03  5.30282385E-04  2.52772775E-03
  2.33401322E+00  2.28864141E-02 -1.41561285E-01  2.00395985E-03  5.23787923E-04  2.52774777E-03
  2.33501315E+00  2.27447394E-02 -1.41790152E-01  2.01044488E-03  5.17323148E-04  2.52776803E-03
  2.33601308E+00  2.26028357E-02 -1.42017603E-01  2.01689987E-03  5.10888174E-04  2.52778805E-03
  2.33701301E+00  2.24607047E-02 -1.42243639E-01  2.02332530E-03  5.04483236E-04  2.52780854E-03
  2.33801293E+00  2.23183502E-02 -1.42468244E-01  2.02972023E-03  4.98108740E-04  2.52782903E-03
  2.33901286E+00  2.21757703E-02 -1.42691433E-01  2.03608465E-03  4.91764804E-04  2.52784952E-03
  2.34001279E+00  2.20329668E-02 -1.42913193E-01  2.04241811E-03  4.85451630E-04  2.52786977E-03
  2.34101272E+00  2.18899436E-02 -1.43133521E-01  2.04872037E-03  4.79169626E-04  2.52789003E-03
  2.34201264E+00  2.17467006E-02 -1.43352419E-01  2.05499167E-03  4.72918997E-04  2.52791075E-03
  2.34301257E+00  2.16032397E-02 -1.43569887E-01  2.06123129E-03  4.66699974E-04  2.52793124E-03
  2.34401250E+00  2.14595608E-02 -1.43785924E-01  2.06743926E-03  4.60512761E-04  2.52795196E-03
  2.34501243E+00  2.13156678E-02 -1.44000515E-01  2.07361486E-03  4.54357680E-04  2.52797245E-03
  2.34601235E+00  2.11715605E-02 -1.44213676E-01  2.07975856E-03  4.48234961E-04  2.52799364E-03
  2.34701228E+00  2.10272409E-02 -1.44425392E-01  2.08586943E-03  4.42144868E-04  2.52801436E-03
  2.34801221E+00  2.08827108E-02 -1.44635662E-01  2.09194771E-03  4.36087605E-04  2.52803531E-03
  2.34901214E+00  2.07379702E-02 -1.44844487E-01  2.09799269E-03  4.30063403E-04  2.52805604E-03
  2.35001206E+00  2.05930211E-02 -1.45051867E-01  2.10400461E-03  4.24072525E-04  2.52807722E-03
  2.35101199E+00  2.04478670E-02 -1.45257801E-01  2.10998277E-03  4.18115262E-04  2.52809795E-03
  2.35201192E+00  2.03025062E-02 -1.45462275E-01  2.11592740E-03  4.12191759E-04  2.52811913E-03
  2.35301185E+00  2.01569442E-02 -1.45665303E-01  2.12183804E-03  4.06302395E-04  2.52814032E-03
  2.35401177E+00  2.00111791E-02 -1.45866871E-01  2.12771446E-03  4.00447287E-04  2.52816174E-03
  2.35501170E+00  1.98652111E-02 -1.46066979E-01  2.13355641E-03  3.94626608E-04  2.52818293E-03
  2.35601163E+00  1.97190456E-02 -1.46265626E-01  2.13936321E-03  3.88840766E-04  2.52820388E-03
  2.35701156E+00  1.95726808E-02 -1.46462813E-01  2.14513554E-03  3.83089820E-04  2.52822530E-03
  2.35801148E+00  1.94261186E-02 -1.46658540E-01  2.15087272E-03  3.77374090E-04  2.52824672E-03
  2.35901141E+00  1.92793626E-02 -1.46852806E-01  2.15657474E-03  3.71693837E-04  2.52826861E-03
  2.36001134E+00  1.91324130E-02 -1.47045597E-01  2.16224091E-03  3.66049237E-04  2.52829026E-03
  2.36101127E+00  1.89852715E-02 -1.47236928E-01  2.16787122E-03  3.60440521E-04  2.52831168E-03
  2.36201119E+00  1.88379399E-02 -1.47426784E-01  2.17346568E-03  3.54867982E-04  2.52833357E-03
  2.36301112E+00  1.86904185E-02 -1.47615165E-01  2.17902358E-03  3.49331734E-04  2.52835522E-03
  2.36401105E+00  1.85427107E-02 -1.47802070E-01  2.18454539E-03  3.43832129E-04  2.52837758E-03
  2.36501098E+00  1.83948148E-02 -1.47987500E-01  2.19002995E-03  3.38369224E-04  2.52839923E-03
  2.36601090E+00  1.82467364E-02 -1.48171455E-01  2.19547818E-03  3.32943397E-04  2.52842158E-03
  2.36701083E+00  1.80984735E-02 -1.48353919E-01  2.20088847E-03  3.27554735E-04  2.52844323E-03
  2.36801076E+00  1.79500282E-02 -1.48534909E-01  2.20626197E-03  3.22203501E-04  2.52846535E-03
  2.36901069E+00  1.78014040E-02 -1.48714408E-01  2.21159752E-03  3.16889986E-04  2.52848747E-03
  2.37001061E+00  1.76526010E-02 -1.48892418E-01  2.21689511E-03  3.11614334E-04  2.52850936E-03
  2.37101054E+00  1.75036211E-02 -1.49068937E-01  2.22215499E-03  3.06376751E-04  2.52853171E-03
  2.37201047E+00  1.73544642E-02 -1.49243966E-01  2.22737622E-03  3.01177439E-04  2.52855360E-03
  2.37301040E+00  1.72051322E-02 -1.49417505E-01  2.23255903E-03  2.96016573E-04  2.52857571E-03
  2.37401032E+00  1.70556288E-02 -1.49589553E-01  2.23770342E-03  2.90894473E-04  2.52859783E-03
  2.37501025E+00  1.69059541E-02 -1.49760112E-01  2.24280916E-03  2.85811286E-04  2.52862042E-03
  2.37601018E+00  1.67561099E-02 -1.49929166E-01  2.24787556E-03  2.80767214E-04  2.52864277E-03
  2.37701011E+00  1.66060962E-02 -1.50096729E-01  2.25290284E-03  2.75762432E-04  2.52866535E-03
  2.37801003E+00  1.64559148E-02 -1.50262788E-01  2.25789077E-03  2.70797143E-04  2.52868794E-03
  2.37900996E+00  1.63055696E-02 -1.50427341E-01  2.26283865E-03  2.65871611E-04  2.52871029E-03
  2.38000989E+00  1.61550604E-02 -1.50590390E-01  2.26774672E-03  2.60985980E-04  2.52873264E-03
  2.38100982E+00  1.60043892E-02 -1.50751933E-01  2.27261451E-03  2.56140484E-04  2.52875499E-03
  2.38200974E+00  1.58535577E-02 -1.50911972E-01  2.27744225E-03  2.51335296E-04  2.52877758E-03
  2.38300967E+00  1.57025661E-02 -1.51070505E-01  2.28222995E-03  2.46570591E-04  2.52880063E-03
  2.38400960E+00  1.55514171E-02 -1.51227534E-01  2.28697690E-03  2.41846574E-04  2.52882345E-03
  2.38500953E+00  1.54001126E-02 -1.51383042E-01  2.29168264E-03  2.37163462E-04  2.52884603E-03
  2.38600945E+00  1.52486525E-02 -1.51537046E-01  2.29634764E-03  2.32521401E-04  2.52886908E-03
  2.38700938E+00  1.50970388E-02 -1.51689529E-01  2.30097142E-03  2.27920580E-04  2.52889190E-03
  2.38800931E+00  1.49452742E-02 -1.51840493E-01  2.30555353E-03  2.23361218E-04  2.52891472E-03
  2.38900924E+00  1.47933587E-02 -1.51989952E-01  2.31009466E-03  2.18843459E-04  2.52893800E-03
  2.39000916E+00  1.46412952E-02 -1.52137890E-01  2.31459388E-03  2.14367523E-04  2.52896128E-03
  2.39100909E+00  1.44890836E-02 -1.52284309E-01  2.31905119E-03  2.09933540E-04  2.52898480E-03
  2.39200902E+00  1.43367266E-02 -1.52429193E-01  2.32346612E-03  2.05541728E-04  2.52900785E-03
  2.39300895E+00  1.41842254E-02 -1.52572557E-01  2.32783868E-03  2.01192248E-04  2.52903090E-03
  2.39400887E+00  1.40315816E-02 -1.52714401E-01  2.33216886E-03  1.96885288E-04  2.52905418E-03
  2.39500880E+00  1.38787972E-02 -1.52854711E-01  2.33645621E-03  1.92621010E-04  2.52907723E-03
  2.39600873E+00  1.37258722E-02 -1.52993500E-01  2.34070118E-03  1.88399572E-04  2.52910075E-03
  2.39700866E+00  1.35728093E-02 -1.53130755E-01  2.34490284E-03  1.84221150E-04  2.52912403E-03
  2.39800858E+00  1.34196104E-02 -1.53266490E-01  2.34906166E-03  1.80085946E-04  2.52914755E-03
  2.39900851E+00  1.32662766E-02 -1.53400689E-01  2.35317717E-03  1.75994093E-04  2.52917130E-03
  2.40000844E+00  1.31128095E-02 -1.53533354E-01  2.35724915E-03  1.71945780E-04  2.52919504E-03
  2.40100837E+00  1.29592111E-02 -1.53664485E-01  2.36127735E-03  1.67941151E-04  2.52921856E-03
  2.40200830E+00  1.28054814E-02 -1.53794080E-01  2.36526201E-03  1.63980352E-04  2.52924231E-03
  2.40300822E+00  1.26516232E-02 -1.53922141E-01  2.36920244E-03  1.60063573E-04  2.52926606E-03
  2.40400815E+00  1.24976374E-02 -1.54048651E-01  2.37309886E-03  1.56190945E-04  2.52928981E-03
  2.40500808E+00  1.23435268E-02 -1.54173627E-01  2.37695081E-03  1.52362656E-04  2.52931355E-03
  2.40600801E+00  1.21892914E-02 -1.54297069E-01  2.38075852E-03  1.48578823E-04  2.52933730E-03
  2.40700793E+00  1.20349340E-02 -1.54418960E-01  2.38452153E-03  1.44839636E-04  2.52936129E-03
  2.40800786E+00  1.18804546E-02 -1.54539317E-01  2.38824007E-03  1.41145196E-04  2.52938527E-03
  2.40900779E+00  1.17258560E-02 -1.54658124E-01  2.39191367E-03  1.37495692E-04  2.52940925E-03
  2.41000772E+00  1.15711391E-02 -1.54775381E-01  2.39554187E-03  1.33891255E-04  2.52943323E-03
  2.41100764E+00  1.14163058E-02 -1.54891089E-01  2.39912490E-03  1.30332031E-04  2.52945698E-03
  2.41200757E+00  1.12613579E-02 -1.55005246E-01  2.40266277E-03  1.26818180E-04  2.52948096E-03
  2.41300750E+00  1.11062964E-02 -1.55117854E-01  2.40615499E-03  1.23349819E-04  2.52950471E-03
  2.41400743E+00  1.09511223E-02 -1.55228913E-01  2.40960158E-03  1.19927077E-04  2.52952869E-03
  2.41500735E+00  1.07958382E-02 -1.55338421E-01  2.41300254E-03  1.16550123E-04  2.52955267E-03
  2.41600728E+00  1.06404461E-02 -1.55446380E-01  2.41635786E-03  1.13219096E-04  2.52957689E-03
  2.41700721E+00  1.04849469E-02 -1.55552790E-01  2.41966709E-03  1.09934110E-04  2.52960110E-03
  2.41800714E+00  1.03293415E-02 -1.55657634E-01  2.42292997E-03  1.06695297E-04  2.52962532E-03
  2.41900706E+00  1.01736328E-02 -1.55760929E-01  2.42614676E-03  1.03502804E-04  2.52964953E-03
  2.42000699E+00  1.00178206E-02 -1.55862659E-01  2.42931698E-03  1.00356730E-04  2.52967374E-03
  2.42100692E+00  9.86190792E-03 -1.55962840E-01  2.43244087E-03  9.72572307E-05  2.52969819E-03
  2.42200685E+00  9.70589556E-03 -1.56061456E-01  2.43551796E-03  9.42044062E-05  2.52972241E-03
  2.42300677E+00  9.54978541E-03 -1.56158522E-01  2.43854849E-03  9.11984025E-05  2.52974685E-03
  2.42400670E+00  9.39357933E-03 -1.56254023E-01  2.44153198E-03  8.82393360E-05  2.52977130E-03
  2.42500663E+00  9.23727918E-03 -1.56347960E-01  2.44446844E-03  8.53273232E-05  2.52979575E-03
  2.42600656E+00  9.08088498E-03 -1.56440333E-01  2.44735787E-03  8.24624731E-05  2.52982043E-03
  2.42700648E+00  8.92439857E-03 -1.56531140E-01  2.45019980E-03  7.96448876E-05  2.52984464E-03
  2.42800641E+00  8.76782276E-03 -1.56620383E-01  2.45299446E-03  7.68747195E-05  2.52986909E-03
  2.42900634E+00  8.61115847E-03 -1.56708062E-01  2.45574187E-03  7.41520489E-05  2.52989400E-03
  2.43000627E+00  8.45440757E-03 -1.56794176E-01  2.45844130E-03  7.14770067E-05  2.52991822E-03
  2.43100619E+00  8.29757191E-03 -1.56878725E-01  2.46109348E-03  6.88497021E-05  2.52994313E-03
  2.43200612E+00  8.14065151E-03 -1.56961694E-01  2.46369722E-03  6.62702078E-05  2.52996734E-03
  2.43300605E+00  7.98364915E-03 -1.57043099E-01  2.46625370E-03  6.37386547E-05  2.52999226E-03
  2.43400598E+00  7.82656576E-03 -1.57122940E-01  2.46876176E-03  6.12551303E-05  2.53001694E-03
  2.43500590E+00  7.66940368E-03 -1.57201201E-01  2.47122184E-03  5.88197545E-05  2.53004162E-03
  2.43600583E+00  7.51216430E-03 -1.57277897E-01  2.47363374E-03  5.64326110E-05  2.53006630E-03
  2.43700576E+00  7.35484855E-03 -1.57353014E-01  2.47599720E-03  5.40937981E-05  2.53009098E-03
  2.43800569E+00  7.19745876E-03 -1.57426566E-01  2.47831247E-03  5.18034140E-05  2.53011589E-03
  2.43900561E+00  7.03999633E-03 -1.57498538E-01  2.48057907E-03  4.95615495E-05  2.53014057E-03
  2.44000554E+00  6.88246218E-03 -1.57568932E-01  2.48279679E-03  4.73682849E-05  2.53016502E-03
  2.44100547E+00  6.72485866E-03 -1.57637760E-01  2.48496630E-03  4.52237255E-05  2.53018993E-03
  2.44200540E+00  6.56718714E-03 -1.57705009E-01  2.48708716E-03  4.31279477E-05  2.53021508E-03
  2.44300532E+00  6.40944904E-03 -1.57770678E-01  2.48915865E-03  4.10810353E-05  2.53023976E-03
  2.44400525E+00  6.25164621E-03 -1.57834768E-01  2.49118148E-03  3.90830792E-05  2.53026467E-03
  2.44500518E+00  6.09378004E-03 -1.57897279E-01  2.49315496E-03  3.71341557E-05  2.53028912E-03
  2.44600511E+00  5.93585242E-03 -1.57958210E-01  2.49507977E-03  3.52343450E-05  2.53031403E-03
  2.44700503E+00  5.77786425E-03 -1.58017561E-01  2.49695498E-03  3.33837161E-05  2.53033871E-03
  2.44800496E+00  5.61981788E-03 -1.58075333E-01  2.49878108E-03  3.15823527E-05  2.53036339E-03
  2.44900489E+00  5.46171470E-03 -1.58131525E-01  2.50055804E-03  2.98303275E-05  2.53038830E-03
  2.45000482E+00  5.30355563E-03 -1.58186138E-01  2.50228564E-03  2.81277025E-05  2.53041345E-03
  2.45100474E+00  5.14534302E-03 -1.58239171E-01  2.50396365E-03  2.64745540E-05  2.53043813E-03
  2.45200467E+00  4.98707825E-03 -1.58290625E-01  2.50559230E-03  2.48709493E-05  2.53046327E-03
  2.45300460E+00  4.82876226E-03 -1.58340499E-01  2.50717136E-03  2.33169449E-05  2.53048842E-03
  2.45400453E+00  4.67039738E-03 -1.58388793E-01  2.50870106E-03  2.18126115E-05  2.53051356E-03
  2.45500445E+00  4.51198546E-03 -1.58435494E-01  2.51018046E-03  2.03580130E-05  2.53053848E-03
  2.45600438E+00  4.35352745E-03 -1.58480614E-01  2.51161051E-03  1.89532020E-05  2.53056362E-03
  2.45700431E+00  4.19502473E-03 -1.58524156E-01  2.51299096E-03  1.75982332E-05  2.53058923E-03
  2.45800424E+00  4.03647963E-03 -1.58566102E-01  2.51432089E-03  1.62931683E-05  2.53061415E-03
  2.45900416E+00  3.87789332E-03 -1.58606470E-01  2.51560123E-03  1.50380565E-05  2.53063929E-03
  2.46000409E+00  3.71926744E-03 -1.58645242E-01  2.51683127E-03  1.38329506E-05  2.53066421E-03
  2.46100402E+00  3.56060360E-03 -1.58682436E-01  2.51801172E-03  1.26778978E-05  2.53068958E-03
  2.46200395E+00  3.40190344E-03 -1.58718035E-01  2.51914165E-03  1.15729472E-05  2.53071450E-03
  2.46300387E+00  3.24316835E-03 -1.58752054E-01  2.52022152E-03  1.05181407E-05  2.53073964E-03
  2.46400380E+00  3.08439997E-03 -1.58784479E-01  2.52125110E-03  9.51352285E-06  2.53076456E-03
  2.46500373E+00  2.92560016E-03 -1.58815324E-01  2.52223085E-03  8.55913640E-06  2.53078993E-03
  2.46600366E+00  2.76677008E-03 -1.58844575E-01  2.52316007E-03  7.65501682E-06  2.53081508E-03
  2.46700358E+00  2.60791183E-03 -1.58872247E-01  2.52403924E-03  6.80120411E-06  2.53084046E-03
  2.46800351E+00  2.44902656E-03 -1.58898324E-01  2.52486765E-03  5.99773102E-06  2.53086537E-03
  2.46900344E+00  2.29011592E-03 -1.58922821E-01  2.52564624E-03  5.24463076E-06  2.53089098E-03
  2.47000337E+00  2.13118177E-03 -1.58945724E-01  2.52637430E-03  4.54193560E-06  2.53091613E-03
  2.47100329E+00  1.97222526E-03 -1.58967033E-01  2.52705184E-03  3.88967237E-06  2.53094151E-03
  2.47200322E+00  1.81324838E-03 -1.58986762E-01  2.52767908E-03  3.28786973E-06  2.53096689E-03
  2.47300315E+00  1.65425253E-03 -1.59004897E-01  2.52825581E-03  2.73655132E-06  2.53099226E-03
  2.47400308E+00  1.49523932E-03 -1.59021437E-01  2.52878177E-03  2.23574057E-06  2.53101741E-03
  2.47500300E+00  1.33621041E-03 -1.59036383E-01  2.52925721E-03  1.78545827E-06  2.53104256E-03
  2.47600293E+00  1.17716740E-03 -1.59049749E-01  2.52968236E-03  1.38572307E-06  2.53106817E-03
  2.47700286E+00  1.01811171E-03 -1.59061521E-01  2.53005675E-03  1.03655145E-06  2.53109331E-03
  2.47800279E+00  8.59045133E-04 -1.59071699E-01  2.53038062E-03  7.37958544E-07  2.53111869E-03
  2.47900271E+00  6.99969125E-04 -1.59080282E-01  2.53065373E-03  4.89956790E-07  2.53114360E-03
  2.48000264E+00  5.40885376E-04 -1.59087285E-01  2.53087631E-03  2.92556990E-07  2.53116898E-03
  2.48100257E+00  3.81795369E-04 -1.59092695E-01  2.53104861E-03  1.45767700E-07  2.53119436E-03
  2.48200250E+00  2.22700764E-04 -1.59096509E-01  2.53116991E-03  4.95956307E-08  2.53121951E-03
  2.48300242E+00  6.36031400E-05 -1.59098729E-01  2.53124046E-03  4.04535960E-09  2.53124442E-03
  2.48400235E+00 -9.54959178E-05 -1.59099370E-01  2.53126095E-03  9.11947051E-09  2.53127003E-03
  2.48500228E+00 -2.54594837E-04 -1.59098417E-01  2.53123068E-03  6.48185292E-08  2.53129541E-03
  2.48600221E+00 -4.13691974E-04 -1.59095868E-01  2.53114966E-03  1.71141053E-07  2.53132079E-03
  2.48700213E+00 -5.72785735E-04 -1.59091726E-01  2.53101788E-03  3.28083502E-07  2.53134593E-03
  2.48800206E+00 -7.31874607E-04 -1.59086004E-01  2.53083580E-03  5.35640424E-07  2.53137155E-03
  2.48900199E+00 -8.90956959E-04 -1.59078687E-01  2.53060297E-03  7.93804304E-07  2.53139669E-03
  2.49000192E+00 -1.05003128E-03 -1.59069777E-01  2.53031938E-03  1.10256565E-06  2.53142184E-03
  2.49100184E+00 -1.20909582E-03 -1.59059271E-01  2.52998504E-03  1.46191269E-06  2.53144698E-03
  2.49200177E+00 -1.36814907E-03 -1.59047186E-01  2.52960087E-03  1.87183184E-06  2.53147259E-03
  2.49300170E+00 -1.52718939E-03 -1.59033507E-01  2.52916571E-03  2.33230753E-06  2.53149797E-03
  2.49400163E+00 -1.68621517E-03 -1.59018233E-01  2.52868002E-03  2.84332168E-06  2.53152335E-03
  2.49500155E+00 -1.84522499E-03 -1.59001365E-01  2.52814358E-03  3.40485531E-06  2.53154850E-03
  2.49600148E+00 -2.00421712E-03 -1.58982918E-01  2.52755685E-03  4.01688612E-06  2.53157364E-03
  2.49700141E+00 -2.16318993E-03 -1.58962876E-01  2.52691959E-03  4.67939071E-06  2.53159902E-03
  2.49800134E+00 -2.32214201E-03 -1.58941239E-01  2.52623181E-03  5.39234361E-06  2.53162417E-03
  2.49900126E+00 -2.48107151E-03 -1.58918023E-01  2.52549397E-03  6.15571571E-06  2.53164978E-03
  2.50000119E+00 -2.63997726E-03 -1.58893213E-01  2.52470537E-03  6.96947973E-06  2.53167492E-03
  2.50100112E+00 -2.79885717E-03 -1.58866808E-01  2.52386625E-03  7.83360156E-06  2.53169984E-03
  2.50200105E+00 -2.95771006E-03 -1.58838823E-01  2.52297730E-03  8.74804846E-06  2.53172545E-03
  2.50300097E+00 -3.11653409E-03 -1.58809245E-01  2.52203760E-03  9.71278496E-06  2.53175036E-03
  2.50400090E+00 -3.27532785E-03 -1.58778086E-01  2.52104807E-03  1.07277729E-05  2.53177574E-03
  2.50500083E+00 -3.43408971E-03 -1.58745334E-01  2.52000801E-03  1.17929721E-05  2.53180088E-03
  2.50600076E+00 -3.59281781E-03 -1.58710986E-01  2.51891790E-03  1.29083401E-05  2.53182626E-03
  2.50700068E+00 -3.75151099E-03 -1.58675060E-01  2.51777750E-03  1.40738348E-05  2.53185141E-03
  2.50800061E+00 -3.91016761E-03 -1.58637539E-01  2.51658703E-03  1.52894099E-05  2.53187655E-03
  2.50900054E+00 -4.06878581E-03 -1.58598438E-01  2.51534651E-03  1.65550173E-05  2.53190147E-03
  2.51000047E+00 -4.22736397E-03 -1.58557743E-01  2.51405570E-03  1.78706068E-05  2.53192638E-03
  2.51100039E+00 -4.38590068E-03 -1.58515468E-01  2.51271552E-03  1.92361240E-05  2.53195176E-03
  2.51200032E+00 -4.54439409E-03 -1.58471614E-01  2.51132529E-03  2.06515178E-05  2.53197690E-03
  2.51300025E+00 -4.70284279E-03 -1.58426166E-01  2.50988500E-03  2.21167302E-05  2.53200182E-03
  2.51400018E+00 -4.86124586E-03 -1.58379138E-01  2.50839512E-03  2.36317119E-05  2.53202673E-03
  2.51500010E+00 -5.01960097E-03 -1.58330530E-01  2.50685564E-03  2.51963938E-05  2.53205211E-03
  2.51600003E+00 -5.17790625E-03 -1.58280328E-01  2.50526634E-03  2.68107124E-05  2.53207702E-03
  2.51699996E+00 -5.33616031E-03 -1.58228546E-01  2.50362745E-03  2.84746075E-05  2.53210217E-03
  2.51799989E+00 -5.49436221E-03 -1.58175185E-01  2.50193896E-03  3.01880154E-05  2.53212708E-03
  2.51899981E+00 -5.65251010E-03 -1.58120245E-01  2.50020134E-03  3.19508690E-05  2.53215223E-03
  2.51999974E+00 -5.81060210E-03 -1.58063725E-01  2.49841413E-03  3.37630954E-05  2.53217714E-03
  2.52099967E+00 -5.96863683E-03 -1.58005625E-01  2.49657780E-03  3.56246273E-05  2.53220252E-03
  2.52199960E+00 -6.12661242E-03 -1.57945946E-01  2.49469234E-03  3.75353811E-05  2.53222766E-03
  2.52299953E+00 -6.28452748E-03 -1.57884687E-01  2.49275751E-03  3.94952840E-05  2.53225281E-03
  2.52399945E+00 -6.44238107E-03 -1.57821849E-01  2.49077356E-03  4.15042741E-05  2.53227772E-03
  2.52499938E+00 -6.60017086E-03 -1.57757431E-01  2.48874072E-03  4.35622569E-05  2.53230287E-03
  2.52599931E+00 -6.75789546E-03 -1.57691434E-01  2.48665898E-03  4.56691523E-05  2.53232825E-03
  2.52699924E+00 -6.91555301E-03 -1.57623857E-01  2.48452812E-03  4.78248730E-05  2.53235293E-03
  2.52799916E+00 -7.07314257E-03 -1.57554701E-01  2.48234835E-03  5.00293463E-05  2.53237761E-03
  2.52899909E+00 -7.23066181E-03 -1.57483965E-01  2.48011993E-03  5.22824703E-05  2.53240252E-03
  2.52999902E+00 -7.38810934E-03 -1.57411665E-01  2.47784308E-03  5.45841613E-05  2.53242720E-03
  2.53099895E+00 -7.54548423E-03 -1.57337785E-01  2.47551780E-03  5.69343320E-05  2.53245211E-03
  2.53199887E+00 -7.70278415E-03 -1.57262325E-01  2.47314386E-03  5.93328841E-05  2.53247679E-03
  2.53299880E+00 -7.86000863E-03 -1.57185301E-01  2.47072196E-03  6.17797341E-05  2.53250170E-03
  2.53399873E+00 -8.01715441E-03 -1.57106698E-01  2.46825139E-03  6.42747618E-05  2.53252615E-03
  2.53499866E+00 -8.17422103E-03 -1.57026529E-01  2.46573309E-03  6.68178909E-05  2.53255107E-03
  2.53599858E+00 -8.33120663E-03 -1.56944782E-01  2.46316637E-03  6.94090049E-05  2.53257528E-03
  2.53699851E+00 -8.48810934E-03 -1.56861469E-01  2.46055215E-03  7.20480020E-05  2.53260019E-03
  2.53799844E+00 -8.64492822E-03 -1.56776592E-01  2.45788996E-03  7.47347876E-05  2.53262464E-03
  2.53899837E+00 -8.80166236E-03 -1.56690136E-01  2.45518005E-03  7.74692598E-05  2.53264932E-03
  2.53999829E+00 -8.95830896E-03 -1.56602114E-01  2.45242240E-03  8.02513023E-05  2.53267377E-03
  2.54099822E+00 -9.11486614E-03 -1.56512529E-01  2.44961726E-03  8.30807840E-05  2.53269798E-03
  2.54199815E+00 -9.27133299E-03 -1.56421378E-01  2.44676485E-03  8.59576176E-05  2.53272243E-03
  2.54299808E+00 -9.42770764E-03 -1.56328663E-01  2.44386517E-03  8.88816721E-05  2.53274688E-03
  2.54399800E+00 -9.58398916E-03 -1.56234384E-01  2.44091824E-03  9.18528458E-05  2.53277109E-03
  2.54499793E+00 -9.74017568E-03 -1.56138539E-01  2.43792450E-03  9.48710222E-05  2.53279554E-03
  2.54599786E+00 -9.89626534E-03 -1.56041130E-01  2.43488350E-03  9.79360702E-05  2.53281952E-03
  2.54699779E+00 -1.00522572E-02 -1.55942172E-01  2.43179617E-03  1.01047874E-04  2.53284397E-03
  2.54799771E+00 -1.02081494E-02 -1.55841649E-01  2.42866203E-03  1.04206316E-04  2.53286841E-03
  2.54899764E+00 -1.03639401E-02 -1.55739561E-01  2.42548110E-03  1.07411259E-04  2.53289239E-03
  2.54999757E+00 -1.05196275E-02 -1.55635923E-01  2.42225407E-03  1.10662564E-04  2.53291661E-03
  2.55099750E+00 -1.06752114E-02 -1.55530721E-01  2.41898070E-03  1.13960137E-04  2.53294082E-03
  2.55199742E+00 -1.08306892E-02 -1.55423969E-01  2.41566100E-03  1.17303825E-04  2.53296481E-03
  2.55299735E+00 -1.09860590E-02 -1.55315667E-01  2.41229567E-03  1.20693490E-04  2.53298925E-03
  2.55399728E+00 -1.11413198E-02 -1.55205801E-01  2.40888423E-03  1.24129001E-04  2.53301323E-03
  2.55499721E+00 -1.12964697E-02 -1.55094385E-01  2.40542693E-03  1.27610227E-04  2.53303722E-03
  2.55599713E+00 -1.14515070E-02 -1.54981419E-01  2.40192399E-03  1.31137014E-04  2.53306096E-03
  2.55699706E+00 -1.16064316E-02 -1.54866904E-01  2.39837589E-03  1.34709248E-04  2.53308518E-03
  2.55799699E+00 -1.17612407E-02 -1.54750839E-01  2.39478215E-03  1.38326781E-04  2.53310893E-03
  2.55899692E+00 -1.19159324E-02 -1.54633224E-01  2.39114347E-03  1.41989440E-04  2.53313291E-03
  2.55999684E+00 -1.20705059E-02 -1.54514059E-01  2.38745939E-03  1.45697108E-04  2.53315642E-03
  2.56099677E+00 -1.22249592E-02 -1.54393360E-01  2.38373107E-03  1.49449625E-04  2.53318064E-03
  2.56199670E+00 -1.23792915E-02 -1.54271111E-01  2.37995759E-03  1.53246860E-04  2.53320439E-03
  2.56299663E+00 -1.25335008E-02 -1.54147312E-01  2.37613940E-03  1.57088638E-04  2.53322814E-03
  2.56399655E+00 -1.26875853E-02 -1.54021978E-01  2.37227697E-03  1.60974814E-04  2.53325189E-03
  2.56499648E+00 -1.28415441E-02 -1.53895110E-01  2.36837054E-03  1.64905257E-04  2.53327587E-03
  2.56599641E+00 -1.29953753E-02 -1.53766692E-01  2.36441963E-03  1.68879778E-04  2.53329938E-03
  2.56699634E+00 -1.31490771E-02 -1.53636739E-01  2.36042473E-03  1.72898232E-04  2.53332290E-03
  2.56799626E+00 -1.33026475E-02 -1.53505251E-01  2.35638628E-03  1.76960428E-04  2.53334665E-03
  2.56899619E+00 -1.34560866E-02 -1.53372228E-01  2.35230406E-03  1.81066265E-04  2.53337040E-03
  2.56999612E+00 -1.36093916E-02 -1.53237671E-01  2.34817853E-03  1.85215540E-04  2.53339414E-03
  2.57099605E+00 -1.37625616E-02 -1.53101578E-01  2.34400923E-03  1.89408107E-04  2.53341743E-03
  2.57199597E+00 -1.39155947E-02 -1.52963951E-01  2.33979709E-03  1.93643777E-04  2.53344094E-03
  2.57299590E+00 -1.40684890E-02 -1.52824789E-01  2.33554165E-03  1.97922389E-04  2.53346399E-03
  2.57399583E+00 -1.42212426E-02 -1.52684107E-01  2.33124360E-03  2.02243740E-04  2.53348728E-03
  2.57499576E+00 -1.43738557E-02 -1.52541891E-01  2.32690293E-03  2.06607729E-04  2.53351056E-03
  2.57599568E+00 -1.45263262E-02 -1.52398154E-01  2.32251990E-03  2.11014150E-04  2.53353408E-03
  2.57699561E+00 -1.46786515E-02 -1.52252898E-01  2.31809448E-03  2.15462802E-04  2.53355736E-03
  2.57799554E+00 -1.48308305E-02 -1.52106106E-01  2.31362670E-03  2.19953537E-04  2.53358018E-03
  2.57899547E+00 -1.49828624E-02 -1.51957795E-01  2.30911723E-03  2.24486168E-04  2.53360346E-03
  2.57999539E+00 -1.51347453E-02 -1.51807964E-01  2.30456586E-03  2.29060519E-04  2.53362628E-03
  2.58099532E+00 -1.52864782E-02 -1.51656613E-01  2.29997281E-03  2.33676416E-04  2.53364933E-03
  2.58199525E+00 -1.54380584E-02 -1.51503742E-01  2.29533832E-03  2.38333654E-04  2.53367191E-03
  2.58299518E+00 -1.55894849E-02 -1.51349366E-01  2.29066308E-03  2.43032046E-04  2.53369519E-03
  2.58399510E+00 -1.57407559E-02 -1.51193470E-01  2.28594663E-03  2.47771386E-04  2.53371801E-03
  2.58499503E+00 -1.58918705E-02 -1.51036069E-01  2.28118943E-03  2.52551545E-04  2.53374106E-03
  2.58599496E+00 -1.60428267E-02 -1.50877148E-01  2.27639149E-03  2.57372274E-04  2.53376365E-03
  2.58699489E+00 -1.61936246E-02 -1.50716722E-01  2.27155304E-03  2.62233487E-04  2.53378646E-03
  2.58799481E+00 -1.63442604E-02 -1.50554791E-01  2.26667454E-03  2.67134863E-04  2.53380928E-03
  2.58899474E+00 -1.64947324E-02 -1.50391355E-01  2.26175599E-03  2.72076199E-04  2.53383210E-03
  2.58999467E+00 -1.66450422E-02 -1.50226414E-01  2.25679763E-03  2.77057436E-04  2.53385515E-03
  2.59099460E+00 -1.67951845E-02 -1.50059968E-01  2.25179945E-03  2.82078225E-04  2.53387773E-03
  2.59199452E+00 -1.69451609E-02 -1.49892017E-01  2.24676169E-03  2.87138479E-04  2.53390009E-03
  2.59299445E+00 -1.70949697E-02 -1.49722561E-01  2.24168459E-03  2.92237994E-04  2.53392267E-03
  2.59399438E+00 -1.72446072E-02 -1.49551615E-01  2.23656860E-03  2.97376479E-04  2.53394502E-03
  2.59499431E+00 -1.73940733E-02 -1.49379164E-01  2.23141350E-03  3.02553788E-04  2.53396737E-03
  2.59599423E+00 -1.75433643E-02 -1.49205223E-01  2.22621998E-03  3.07769631E-04  2.53398949E-03
  2.59699416E+00 -1.76924821E-02 -1.49029791E-01  2.22098804E-03  3.13023920E-04  2.53401184E-03
  2.59799409E+00 -1.78414248E-02 -1.48852870E-01  2.21571769E-03  3.18316452E-04  2.53403420E-03
  2.59899402E+00 -1.79901887E-02 -1.48674458E-01  2.21040938E-03  3.23646876E-04  2.53405632E-03
  2.59999394E+00 -1.81387737E-02 -1.48494557E-01  2.20506336E-03  3.29015107E-04  2.53407843E-03
  2.60099387E+00 -1.82871763E-02 -1.48313165E-01  2.19967938E-03  3.34420823E-04  2.53410032E-03
  2.60199380E+00 -1.84353981E-02 -1.48130298E-01  2.19425862E-03  3.39863909E-04  2.53412244E-03
  2.60299373E+00 -1.85834374E-02 -1.47945940E-01  2.18880014E-03  3.45344160E-04  2.53414433E-03
  2.60399365E+00 -1.87312905E-02 -1.47760108E-01  2.18330487E-03  3.50861257E-04  2.53416621E-03
  2.60499358E+00 -1.88789573E-02 -1.47572801E-01  2.17777328E-03  3.56415025E-04  2.53418833E-03
  2.60599351E+00 -1.90264359E-02 -1.47384018E-01  2.17220490E-03  3.62005259E-04  2.53421022E-03
  2.60699344E+00 -1.91737246E-02 -1.47193760E-01  2.16660043E-03  3.67631728E-04  2.53423210E-03
  2.60799336E+00 -1.93208233E-02 -1.47002026E-01  2.16095964E-03  3.73294199E-04  2.53425376E-03
  2.60899329E+00 -1.94677282E-02 -1.46808818E-01  2.15528300E-03  3.78992438E-04  2.53427541E-03
  2.60999322E+00 -1.96144395E-02 -1.46614134E-01  2.14957050E-03  3.84726241E-04  2.53429683E-03
  2.61099315E+00 -1.97609551E-02 -1.46417990E-01  2.14382284E-03  3.90495348E-04  2.53431825E-03
  2.61199307E+00 -1.99072752E-02 -1.46220386E-01  2.13804026E-03  3.96299612E-04  2.53433990E-03
  2.61299300E+00 -2.00533960E-02 -1.46021307E-01  2.13222229E-03  4.02138685E-04  2.53436109E-03
  2.61399293E+00 -2.01993175E-02 -1.45820767E-01  2.12636963E-03  4.08012420E-04  2.53438205E-03
  2.61499286E+00 -2.03450378E-02 -1.45618767E-01  2.12048250E-03  4.13920556E-04  2.53440300E-03
  2.61599278E+00 -2.04905532E-02 -1.45415321E-01  2.11456162E-03  4.19862772E-04  2.53442442E-03
  2.61699271E+00 -2.06358656E-02 -1.45210415E-01  2.10860651E-03  4.25838953E-04  2.53444538E-03
  2.61799264E+00 -2.07809731E-02 -1.45004064E-01  2.10261787E-03  4.31848835E-04  2.53446680E-03
  2.61899257E+00 -2.09258720E-02 -1.44796252E-01  2.09659548E-03  4.37892129E-04  2.53448752E-03
  2.61999249E+00 -2.10705642E-02 -1.44586995E-01  2.09054002E-03  4.43968660E-04  2.53450871E-03
  2.62099242E+00 -2.12150458E-02 -1.44376293E-01  2.08445149E-03  4.50078165E-04  2.53452966E-03
  2.62199235E+00 -2.13593151E-02 -1.44164145E-01  2.07833014E-03  4.56220354E-04  2.53455061E-03
  2.62299228E+00 -2.15033740E-02 -1.43950552E-01  2.07217620E-03  4.62395081E-04  2.53457134E-03
  2.62399220E+00 -2.16472168E-02 -1.43735513E-01  2.06598989E-03  4.68601997E-04  2.53459183E-03
  2.62499213E+00 -2.17908435E-02 -1.43519044E-01  2.05977168E-03  4.74840868E-04  2.53461255E-03
  2.62599206E+00 -2.19342541E-02 -1.43301129E-01  2.05352134E-03  4.81111492E-04  2.53463280E-03
  2.62699199E+00 -2.20774449E-02 -1.43081784E-01  2.04723957E-03  4.87413578E-04  2.53465306E-03
  2.62799191E+00 -2.22204160E-02 -1.42861009E-01  2.04092683E-03  4.93746891E-04  2.53467378E-03
  2.62899184E+00 -2.23631654E-02 -1.42638803E-01  2.03458290E-03  5.00111142E-04  2.53469404E-03
  2.62999177E+00 -2.25056931E-02 -1.42415166E-01  2.02820799E-03  5.06506243E-04  2.53471429E-03
  2.63099170E+00 -2.26479974E-02 -1.42190114E-01  2.02180282E-03  5.12931787E-04  2.53473455E-03
  2.63199162E+00 -2.27900743E-02 -1.41963631E-01  2.01536738E-03  5.19387482E-04  2.53475481E-03
  2.63299155E+00 -2.29319241E-02 -1.41735733E-01  2.00890168E-03  5.25873154E-04  2.53477483E-03
  2.63399148E+00 -2.30735447E-02 -1.41506419E-01  2.00240663E-03  5.32388454E-04  2.53479509E-03
  2.63499141E+00 -2.32149363E-02 -1.41275689E-01  1.99588202E-03  5.38933265E-04  2.53481534E-03
  2.63599133E+00 -2.33560968E-02 -1.41043544E-01  1.98932807E-03  5.45507239E-04  2.53483537E-03
  2.63699126E+00 -2.34970227E-02 -1.40809983E-01  1.98274525E-03  5.52110083E-04  2.53485539E-03
  2.63799119E+00 -2.36377157E-02 -1.40575007E-01  1.97613332E-03  5.58741624E-04  2.53487495E-03
  2.63899112E+00 -2.37781741E-02 -1.40338629E-01  1.96949323E-03  5.65401569E-04  2.53489474E-03
  2.63999104E+00 -2.39183940E-02 -1.40100852E-01  1.96282496E-03  5.72089572E-04  2.53491453E-03
  2.64099097E+00 -2.40583755E-02 -1.39861673E-01  1.95612875E-03  5.78805455E-04  2.53493432E-03
  2.64199090E+00 -2.41981167E-02 -1.39621094E-01  1.94940495E-03  5.85548871E-04  2.53495388E-03
  2.64299083E+00 -2.43376177E-02 -1.39379114E-01  1.94265379E-03  5.92319644E-04  2.53497344E-03
  2.64399076E+00 -2.44768765E-02 -1.39135733E-01  1.93587528E-03  5.99117484E-04  2.53499276E-03
  2.64499068E+00 -2.46158894E-02 -1.38890967E-01  1.92907010E-03  6.05941983E-04  2.53501208E-03
  2.64599061E+00 -2.47546583E-02 -1.38644814E-01  1.92223850E-03  6.12793083E-04  2.53503164E-03
  2.64699054E+00 -2.48931795E-02 -1.38397262E-01  1.91538024E-03  6.19670376E-04  2.53505073E-03
  2.64799047E+00 -2.50314511E-02 -1.38148323E-01  1.90849591E-03  6.26573572E-04  2.53506936E-03
  2.64899039E+00 -2.51694750E-02 -1.37898013E-01  1.90158619E-03  6.33502495E-04  2.53508869E-03
  2.64999032E+00 -2.53072456E-02 -1.37646317E-01  1.89465086E-03  6.40456681E-04  2.53510755E-03
  2.65099025E+00 -2.54447646E-02 -1.37393251E-01  1.88769051E-03  6.47436071E-04  2.53512664E-03
  2.65199018E+00 -2.55820304E-02 -1.37138799E-01  1.88070501E-03  6.54440257E-04  2.53514526E-03
  2.65299010E+00 -2.57190410E-02 -1.36882976E-01  1.87369494E-03  6.61469065E-04  2.53516389E-03
  2.65399003E+00 -2.58557945E-02 -1.36625782E-01  1.86666043E-03  6.68522087E-04  2.53518252E-03
  2.65498996E+00 -2.59922910E-02 -1.36367217E-01  1.85960182E-03  6.75599207E-04  2.53520114E-03
  2.65598989E+00 -2.61285286E-02 -1.36107296E-01  1.85251969E-03  6.82700018E-04  2.53521977E-03
  2.65698981E+00 -2.62645055E-02 -1.35846004E-01  1.84541370E-03  6.89824228E-04  2.53523793E-03
  2.65798974E+00 -2.64002196E-02 -1.35583356E-01  1.83828478E-03  6.96971605E-04  2.53525632E-03
  2.65898967E+00 -2.65356712E-02 -1.35319352E-01  1.83113280E-03  7.04141858E-04  2.53527472E-03
  2.65998960E+00 -2.66708583E-02 -1.35053992E-01  1.82395801E-03  7.11334695E-04  2.53529265E-03
  2.66098952E+00 -2.68057790E-02 -1.34787276E-01  1.81676098E-03  7.18549767E-04  2.53531081E-03
  2.66198945E+00 -2.69404314E-02 -1.34519219E-01  1.80954207E-03  7.25786842E-04  2.53532897E-03
  2.66298938E+00 -2.70748157E-02 -1.34249821E-01  1.80230138E-03  7.33045628E-04  2.53534690E-03
  2.66398931E+00 -2.72089299E-02 -1.33979067E-01  1.79503893E-03  7.40325893E-04  2.53536482E-03
  2.66498923E+00 -2.73427721E-02 -1.33706972E-01  1.78775552E-03  7.47627171E-04  2.53538275E-03
  2.66598916E+00 -2.74763424E-02 -1.33433551E-01  1.78045128E-03  7.54949404E-04  2.53540068E-03
  2.66698909E+00 -2.76096389E-02 -1.33158788E-01  1.77312631E-03  7.62292184E-04  2.53541861E-03
  2.66798902E+00 -2.77426597E-02 -1.32882684E-01  1.76578073E-03  7.69655162E-04  2.53543584E-03
  2.66898894E+00 -2.78754048E-02 -1.32605255E-01  1.75841548E-03  7.77038222E-04  2.53545376E-03
  2.66998887E+00 -2.80078705E-02 -1.32326499E-01  1.75103021E-03  7.84440839E-04  2.53547099E-03
  2.67098880E+00 -2.81400569E-02 -1.32046416E-01  1.74362573E-03  7.91862782E-04  2.53548846E-03
  2.67198873E+00 -2.82719620E-02 -1.31765023E-01  1.73620216E-03  7.99303816E-04  2.53550592E-03
  2.67298865E+00 -2.84035858E-02 -1.31482303E-01  1.72875950E-03  8.06763710E-04  2.53552315E-03
  2.67398858E+00 -2.85349265E-02 -1.31198272E-01  1.72129867E-03  8.14242056E-04  2.53554061E-03
  2.67498851E+00 -2.86659822E-02 -1.30912930E-01  1.71381945E-03  8.21738562E-04  2.53555807E-03
  2.67598844E+00 -2.87967511E-02 -1.30626276E-01  1.70632254E-03  8.29252880E-04  2.53557554E-03
  2.67698836E+00 -2.89272331E-02 -1.30338311E-01  1.69880770E-03  8.36784835E-04  2.53559253E-03
  2.67798829E+00 -2.90574264E-02 -1.30049035E-01  1.69127516E-03  8.44334019E-04  2.53560906E-03
  2.67898822E+00 -2.91873310E-02 -1.29758462E-01  1.68372586E-03  8.51900317E-04  2.53562629E-03
  2.67998815E+00 -2.93169450E-02 -1.29466593E-01  1.67615991E-03  8.59483262E-04  2.53564306E-03
  2.68098807E+00 -2.94462647E-02 -1.29173428E-01  1.66857743E-03  8.67082505E-04  2.53565982E-03
  2.68198800E+00 -2.95752902E-02 -1.28878966E-01  1.66097877E-03  8.74697813E-04  2.53567658E-03
  2.68298793E+00 -2.97040213E-02 -1.28583208E-01  1.65336416E-03  8.82328895E-04  2.53569311E-03
  2.68398786E+00 -2.98324563E-02 -1.28286168E-01  1.64573418E-03  8.89975461E-04  2.53570965E-03
  2.68498778E+00 -2.99605932E-02 -1.27987847E-01  1.63808896E-03  8.97637161E-04  2.53572618E-03
  2.68598771E+00 -3.00884321E-02 -1.27688244E-01  1.63042883E-03  9.05313762E-04  2.53574271E-03
  2.68698764E+00 -3.02159693E-02 -1.27387360E-01  1.62275403E-03  9.13004798E-04  2.53575877E-03
  2.68798757E+00 -3.03432066E-02 -1.27085194E-01  1.61506457E-03  9.20710212E-04  2.53577484E-03
  2.68898749E+00 -3.04701403E-02 -1.26781762E-01  1.60736148E-03  9.28429421E-04  2.53579090E-03
  2.68998742E+00 -3.05967685E-02 -1.26477063E-01  1.59964466E-03  9.36162251E-04  2.53580697E-03
  2.69098735E+00 -3.07230931E-02 -1.26171097E-01  1.59191457E-03  9.43908468E-04  2.53582303E-03
  2.69198728E+00 -3.08491122E-02 -1.25863865E-01  1.58417132E-03  9.51667724E-04  2.53583910E-03
  2.69298720E+00 -3.09748221E-02 -1.25555381E-01  1.57641550E-03  9.59439611E-04  2.53585516E-03
  2.69398713E+00 -3.11002228E-02 -1.25245631E-01  1.56864675E-03  9.67223838E-04  2.53587053E-03
  2.69498706E+00 -3.12253144E-02 -1.24934629E-01  1.56086625E-03  9.75020230E-04  2.53588660E-03
  2.69598699E+00 -3.13500911E-02 -1.24622375E-01  1.55307364E-03  9.82828205E-04  2.53590196E-03
  2.69698691E+00 -3.14745568E-02 -1.24308877E-01  1.54526974E-03  9.90647706E-04  2.53591733E-03
  2.69798684E+00 -3.15987095E-02 -1.23994134E-01  1.53745455E-03  9.98478499E-04  2.53593316E-03
  2.69898677E+00 -3.17225456E-02 -1.23678148E-01  1.52962841E-03  1.00631989E-03  2.53594830E-03
  2.69998670E+00 -3.18460651E-02 -1.23360924E-01  1.52179180E-03  1.01417187E-03  2.53596366E-03
  2.70098662E+00 -3.19692641E-02 -1.23042464E-01  1.51394482E-03  1.02203386E-03  2.53597880E-03
  2.70198655E+00 -3.20921466E-02 -1.22722775E-01  1.50608795E-03  1.02990586E-03  2.53599370E-03
  2.70298648E+00 -3.22147086E-02 -1.22401856E-01  1.49822142E-03  1.03778741E-03  2.53600883E-03
  2.70398641E+00 -3.23369503E-02 -1.22079708E-01  1.49034557E-03  1.04567839E-03  2.53602397E-03
  2.70498633E+00 -3.24588716E-02 -1.21756338E-01  1.48246053E-03  1.05357834E-03  2.53603887E-03
  2.70598626E+00 -3.25804651E-02 -1.21431746E-01  1.47456687E-03  1.06148666E-03  2.53605354E-03
  2.70698619E+00 -3.27017345E-02 -1.21105939E-01  1.46666483E-03  1.06940349E-03  2.53606820E-03
  2.70798612E+00 -3.28226760E-02 -1.20778918E-01  1.45875465E-03  1.07732811E-03  2.53608264E-03
  2.70898604E+00 -3.29432897E-02 -1.20450690E-01  1.45083689E-03  1.08526030E-03  2.53609708E-03
  2.70998597E+00 -3.30635756E-02 -1.20121256E-01  1.44291157E-03  1.09320006E-03  2.53611151E-03
  2.71098590E+00 -3.31835337E-02 -1.19790621E-01  1.43497938E-03  1.10114692E-03  2.53612641E-03
  2.71198583E+00 -3.33031565E-02 -1.19458787E-01  1.42704020E-03  1.10910018E-03  2.53614038E-03
  2.71298575E+00 -3.34224477E-02 -1.19125754E-01  1.41909451E-03  1.11705996E-03  2.53615435E-03
  2.71398568E+00 -3.35414074E-02 -1.18791528E-01  1.41114276E-03  1.12502603E-03  2.53616879E-03
  2.71498561E+00 -3.36600319E-02 -1.18456110E-01  1.40318496E-03  1.13299780E-03  2.53618276E-03
  2.71598554E+00 -3.37783210E-02 -1.18119508E-01  1.39522180E-03  1.14097493E-03  2.53619673E-03
  2.71698546E+00 -3.38962711E-02 -1.17781729E-01  1.38725364E-03  1.14895718E-03  2.53621070E-03
  2.71798539E+00 -3.40138860E-02 -1.17442764E-01  1.37928023E-03  1.15694443E-03  2.53622467E-03
  2.71898532E+00 -3.41311581E-02 -1.17102623E-01  1.37130253E-03  1.16493599E-03  2.53623864E-03
  2.71998525E+00 -3.42480876E-02 -1.16761312E-01  1.36332039E-03  1.17293152E-03  2.53625191E-03
  2.72098517E+00 -3.43646780E-02 -1.16418831E-01  1.35533453E-03  1.18093111E-03  2.53626565E-03
  2.72198510E+00 -3.44809256E-02 -1.16075188E-01  1.34734495E-03  1.18893420E-03  2.53627915E-03
  2.72298503E+00 -3.45968306E-02 -1.15730375E-01  1.33935199E-03  1.19694066E-03  2.53629265E-03
  2.72398496E+00 -3.47123891E-02 -1.15384407E-01  1.33135624E-03  1.20494992E-03  2.53630616E-03
  2.72498488E+00 -3.48275974E-02 -1.15037285E-01  1.32335769E-03  1.21296151E-03  2.53631920E-03
  2.72598481E+00 -3.49424593E-02 -1.14689007E-01  1.31535693E-03  1.22097542E-03  2.53633223E-03
  2.72698474E+00 -3.50569747E-02 -1.14339583E-01  1.30735408E-03  1.22899143E-03  2.53634551E-03
  2.72798467E+00 -3.51711400E-02 -1.13989010E-01  1.29934947E-03  1.23700907E-03  2.53635854E-03
  2.72898459E+00 -3.52849551E-02 -1.13637298E-01  1.29134359E-03  1.24502811E-03  2.53637182E-03
  2.72998452E+00 -3.53984162E-02 -1.13284446E-01  1.28333666E-03  1.25304784E-03  2.53638439E-03
  2.73098445E+00 -3.55115235E-02 -1.12930462E-01  1.27532892E-03  1.26106828E-03  2.53639719E-03
  2.73198438E+00 -3.56242768E-02 -1.12575345E-01  1.26732083E-03  1.26908906E-03  2.53641000E-03
  2.73298430E+00 -3.57366726E-02 -1.12219103E-01  1.25931273E-03  1.27710972E-03  2.53642257E-03
  2.73398423E+00 -3.58487144E-02 -1.11861736E-01  1.25130487E-03  1.28513027E-03  2.53643515E-03
  2.73498416E+00 -3.59603986E-02 -1.11503251E-01  1.24329748E-03  1.29315024E-03  2.53644772E-03
  2.73598409E+00 -3.60717215E-02 -1.11143649E-01  1.23529113E-03  1.30116905E-03  2.53646029E-03
  2.73698401E+00 -3.61826867E-02 -1.10782929E-01  1.22728571E-03  1.30918680E-03  2.53647240E-03
  2.73798394E+00 -3.62932868E-02 -1.10421099E-01  1.21928193E-03  1.31720270E-03  2.53648451E-03
  2.73898387E+00 -3.64035256E-02 -1.10058166E-01  1.21128000E-03  1.32521673E-03  2.53649661E-03
  2.73998380E+00 -3.65134031E-02 -1.09694131E-01  1.20328029E-03  1.33322855E-03  2.53650872E-03
  2.74098372E+00 -3.66229154E-02 -1.09329000E-01  1.19528302E-03  1.34123792E-03  2.53652083E-03
  2.74198365E+00 -3.67320627E-02 -1.08962774E-01  1.18728855E-03  1.34924438E-03  2.53653293E-03
  2.74298358E+00 -3.68408412E-02 -1.08595453E-01  1.17929734E-03  1.35724759E-03  2.53654504E-03
  2.74398351E+00 -3.69492546E-02 -1.08227044E-01  1.17130938E-03  1.36524742E-03  2.53655668E-03
  2.74498343E+00 -3.70572954E-02 -1.07857555E-01  1.16332516E-03  1.37324317E-03  2.53656833E-03
  2.74598336E+00 -3.71649675E-02 -1.07486986E-01  1.15534524E-03  1.38123485E-03  2.53657997E-03
  2.74698329E+00 -3.72722670E-02 -1.07115336E-01  1.14736950E-03  1.38922187E-03  2.53659138E-03
  2.74798322E+00 -3.73791978E-02 -1.06742613E-01  1.13939855E-03  1.39720447E-03  2.53660302E-03
  2.74898314E+00 -3.74857560E-02 -1.06368817E-01  1.13143248E-03  1.40518195E-03  2.53661443E-03
  2.74998307E+00 -3.75919379E-02 -1.05993956E-01  1.12347188E-03  1.41315383E-03  2.53662560E-03
  2.75098300E+00 -3.76977473E-02 -1.05618037E-01  1.11551699E-03  1.42112013E-03  2.53663724E-03
  2.75198293E+00 -3.78031768E-02 -1.05241060E-01  1.10756815E-03  1.42908015E-03  2.53664842E-03
  2.75298285E+00 -3.79082263E-02 -1.04863025E-01  1.09962549E-03  1.43703364E-03  2.53665913E-03
  2.75398278E+00 -3.80128995E-02 -1.04483940E-01  1.09168934E-03  1.44498050E-03  2.53666984E-03
  2.75498271E+00 -3.81171927E-02 -1.04103811E-01  1.08376041E-03  1.45292038E-03  2.53668078E-03
  2.75598264E+00 -3.82211059E-02 -1.03722639E-01  1.07583858E-03  1.46085292E-03  2.53669149E-03
  2.75698256E+00 -3.83246392E-02 -1.03340425E-01  1.06792431E-03  1.46877801E-03  2.53670244E-03
  2.75798249E+00 -3.84277888E-02 -1.02957182E-01  1.06001820E-03  1.47669495E-03  2.53671315E-03
  2.75898242E+00 -3.85305509E-02 -1.02572903E-01  1.05212012E-03  1.48460339E-03  2.53672339E-03
  2.75998235E+00 -3.86329293E-02 -1.02187596E-01  1.04423042E-03  1.49250322E-03  2.53673363E-03
  2.76098228E+00 -3.87349240E-02 -1.01801269E-01  1.03634992E-03  1.50039431E-03  2.53674434E-03
  2.76198220E+00 -3.88365313E-02 -1.01413921E-01  1.02847838E-03  1.50827621E-03  2.53675459E-03
  2.76298213E+00 -3.89377512E-02 -1.01025552E-01  1.02061627E-03  1.51614845E-03  2.53676483E-03
  2.76398206E+00 -3.90385836E-02 -1.00636177E-01  1.01276406E-03  1.52401102E-03  2.53677508E-03
  2.76498199E+00 -3.91390249E-02 -1.00245789E-01  1.00492185E-03  1.53186324E-03  2.53678509E-03
  2.76598191E+00 -3.92390750E-02 -9.98543948E-02  9.97090130E-04  1.53970497E-03  2.53679510E-03
  2.76698184E+00 -3.93387303E-02 -9.94620025E-02  9.89269000E-04  1.54753565E-03  2.53680465E-03
  2.76798177E+00 -3.94379944E-02 -9.90686119E-02  9.81459045E-04  1.55535538E-03  2.53681443E-03
  2.76898170E+00 -3.95368673E-02 -9.86742303E-02  9.73660441E-04  1.56316382E-03  2.53682421E-03
  2.76998162E+00 -3.96353453E-02 -9.82788652E-02  9.65873536E-04  1.57096062E-03  2.53683422E-03
  2.77098155E+00 -3.97334285E-02 -9.78825092E-02  9.58098564E-04  1.57874532E-03  2.53684400E-03
  2.77198148E+00 -3.98311131E-02 -9.74851772E-02  9.50335991E-04  1.58651755E-03  2.53685354E-03
  2.77298141E+00 -3.99283990E-02 -9.70868692E-02  9.42585990E-04  1.59427710E-03  2.53686309E-03
  2.77398133E+00 -4.00252864E-02 -9.66875851E-02  9.34848969E-04  1.60202361E-03  2.53687263E-03
  2.77498126E+00 -4.01217714E-02 -9.62873325E-02  9.27125046E-04  1.60975649E-03  2.53688148E-03
  2.77598119E+00 -4.02178578E-02 -9.58861113E-02  9.19414626E-04  1.61747611E-03  2.53689080E-03
  2.77698112E+00 -4.03135419E-02 -9.54839289E-02  9.11718060E-04  1.62518164E-03  2.53689964E-03
  2.77798104E+00 -4.04088236E-02 -9.50807929E-02  9.04035755E-04  1.63287309E-03  2.53690872E-03
  2.77898097E+00 -4.05037031E-02 -9.46767032E-02  8.96367826E-04  1.64054998E-03  2.53691780E-03
  2.77998090E+00 -4.05981801E-02 -9.42716673E-02  8.88714741E-04  1.64821220E-03  2.53692688E-03
  2.78098083E+00 -4.06922512E-02 -9.38656852E-02  8.81076732E-04  1.65585929E-03  2.53693596E-03
  2.78198075E+00 -4.07859124E-02 -9.34587643E-02  8.73454090E-04  1.66349066E-03  2.53694481E-03
  2.78298068E+00 -4.08791676E-02 -9.30509046E-02  8.65847047E-04  1.67110632E-03  2.53695343E-03
  2.78398061E+00 -4.09720130E-02 -9.26421136E-02  8.58256128E-04  1.67870580E-03  2.53696181E-03
  2.78498054E+00 -4.10644487E-02 -9.22323912E-02  8.50681390E-04  1.68628898E-03  2.53697042E-03
  2.78598046E+00 -4.11564745E-02 -9.18217450E-02  8.43123242E-04  1.69385539E-03  2.53697857E-03
  2.78698039E+00 -4.12480906E-02 -9.14101824E-02  8.35582148E-04  1.70140492E-03  2.53698695E-03
  2.78798032E+00 -4.13392968E-02 -9.09977034E-02  8.28058168E-04  1.70893746E-03  2.53699557E-03
  2.78898025E+00 -4.14300896E-02 -9.05843079E-02  8.20551708E-04  1.71645230E-03  2.53700395E-03
  2.78998017E+00 -4.15204652E-02 -9.01700035E-02  8.13062943E-04  1.72394898E-03  2.53701187E-03
  2.79098010E+00 -4.16104272E-02 -8.97547975E-02  8.05592339E-04  1.73142762E-03  2.53702002E-03
  2.79198003E+00 -4.16999720E-02 -8.93386900E-02  7.98140187E-04  1.73888763E-03  2.53702793E-03
  2.79297996E+00 -4.17891033E-02 -8.89216885E-02  7.90706661E-04  1.74632913E-03  2.53703585E-03
  2.79397988E+00 -4.18778174E-02 -8.85038003E-02  7.83292286E-04  1.75375154E-03  2.53704377E-03
  2.79497981E+00 -4.19661142E-02 -8.80850255E-02  7.75897177E-04  1.76115474E-03  2.53705191E-03
  2.79597974E+00 -4.20539901E-02 -8.76653641E-02  7.68521626E-04  1.76853803E-03  2.53705960E-03
  2.79697967E+00 -4.21414450E-02 -8.72448236E-02  7.61165924E-04  1.77590142E-03  2.53706728E-03
  2.79797959E+00 -4.22284789E-02 -8.68234113E-02  7.53830478E-04  1.78324443E-03  2.53707496E-03
  2.79897952E+00 -4.23150882E-02 -8.64011273E-02  7.46515521E-04  1.79056672E-03  2.53708218E-03
  2.79997945E+00 -4.24012765E-02 -8.59779790E-02  7.39221286E-04  1.79786829E-03  2.53708963E-03
  2.80097938E+00 -4.24870439E-02 -8.55539665E-02  7.31948123E-04  1.80514890E-03  2.53709708E-03
  2.80197930E+00 -4.25723866E-02 -8.51290971E-02  7.24696321E-04  1.81240810E-03  2.53710430E-03
  2.80297923E+00 -4.26573046E-02 -8.47033709E-02  7.17466115E-04  1.81964564E-03  2.53711175E-03
  2.80397916E+00 -4.27417941E-02 -8.42767954E-02  7.10257853E-04  1.82686094E-03  2.53711874E-03
  2.80497909E+00 -4.28258590E-02 -8.38493779E-02  7.03071826E-04  1.83405424E-03  2.53712619E-03
  2.80597901E+00 -4.29094955E-02 -8.34211186E-02  6.95908326E-04  1.84122485E-03  2.53713317E-03
  2.80697894E+00 -4.29926999E-02 -8.29920247E-02  6.88767643E-04  1.84837228E-03  2.53713992E-03
  2.80797887E+00 -4.30754758E-02 -8.25620964E-02  6.81650010E-04  1.85549667E-03  2.53714668E-03
  2.80897880E+00 -4.31578234E-02 -8.21313411E-02  6.74555718E-04  1.86259777E-03  2.53715343E-03
  2.80997872E+00 -4.32397388E-02 -8.16997662E-02  6.67485176E-04  1.86967500E-03  2.53716018E-03
  2.81097865E+00 -4.33212221E-02 -8.12673718E-02  6.60438556E-04  1.87672826E-03  2.53716670E-03
  2.81197858E+00 -4.34022732E-02 -8.08341578E-02  6.53416093E-04  1.88375730E-03  2.53717345E-03
  2.81297851E+00 -4.34828922E-02 -8.04001316E-02  6.46418135E-04  1.89076189E-03  2.53717997E-03
  2.81397843E+00 -4.35630754E-02 -7.99653009E-02  6.39444916E-04  1.89774157E-03  2.53718649E-03
  2.81497836E+00 -4.36428264E-02 -7.95296729E-02  6.32496900E-04  1.90469634E-03  2.53719324E-03
  2.81597829E+00 -4.37221378E-02 -7.90932477E-02  6.25574205E-04  1.91162538E-03  2.53719953E-03
  2.81697822E+00 -4.38010097E-02 -7.86560252E-02  6.18677062E-04  1.91852846E-03  2.53720558E-03
  2.81797814E+00 -4.38794456E-02 -7.82180130E-02  6.11805764E-04  1.92540570E-03  2.53721140E-03
  2.81897807E+00 -4.39574420E-02 -7.77792186E-02  6.04960718E-04  1.93225674E-03  2.53721746E-03
  2.81997800E+00 -4.40350026E-02 -7.73396417E-02  5.98142040E-04  1.93908147E-03  2.53722351E-03
  2.82097793E+00 -4.41121235E-02 -7.68992901E-02  5.91350079E-04  1.94587943E-03  2.53722956E-03
  2.82197785E+00 -4.41888012E-02 -7.64581710E-02  5.84585185E-04  1.95265014E-03  2.53723538E-03
  2.82297778E+00 -4.42650393E-02 -7.60162845E-02  5.77847590E-04  1.95939373E-03  2.53724121E-03
  2.82397771E+00 -4.43408340E-02 -7.55736306E-02  5.71137411E-04  1.96610950E-03  2.53724679E-03
  2.82497764E+00 -4.44161855E-02 -7.51302242E-02  5.64455055E-04  1.97279756E-03  2.53725261E-03
  2.82597756E+00 -4.44910936E-02 -7.46860653E-02  5.57800871E-04  1.97945745E-03  2.53725844E-03
  2.82697749E+00 -4.45655547E-02 -7.42411539E-02  5.51174919E-04  1.98608870E-03  2.53726356E-03
  2.82797742E+00 -4.46395725E-02 -7.37954974E-02  5.44577546E-04  1.99269154E-03  2.53726915E-03
  2.82897735E+00 -4.47131433E-02 -7.33491033E-02  5.38009102E-04  1.99926528E-03  2.53727427E-03
  2.82997727E+00 -4.47862670E-02 -7.29019716E-02  5.31469763E-04  2.00580969E-03  2.53727939E-03
  2.83097720E+00 -4.48589437E-02 -7.24541098E-02  5.24959818E-04  2.01232475E-03  2.53728451E-03
  2.83197713E+00 -4.49311733E-02 -7.20055178E-02  5.18479501E-04  2.01881025E-03  2.53728963E-03
  2.83297706E+00 -4.50029559E-02 -7.15562031E-02  5.12028986E-04  2.02526595E-03  2.53729499E-03
  2.83397698E+00 -4.50742878E-02 -7.11061731E-02  5.05608798E-04  2.03169137E-03  2.53730011E-03
  2.83497691E+00 -4.51451689E-02 -7.06554279E-02  4.99218935E-04  2.03808630E-03  2.53730523E-03
  2.83597684E+00 -4.52155955E-02 -7.02039748E-02  4.92859806E-04  2.04445003E-03  2.53730989E-03
  2.83697677E+00 -4.52855714E-02 -6.97518215E-02  4.86531673E-04  2.05078302E-03  2.53731478E-03
  2.83797669E+00 -4.53550965E-02 -6.92989677E-02  4.80234681E-04  2.05708481E-03  2.53731944E-03
  2.83897662E+00 -4.54241671E-02 -6.88454136E-02  4.73969121E-04  2.06335494E-03  2.53732409E-03
  2.83997655E+00 -4.54927869E-02 -6.83911741E-02  4.67735255E-04  2.06959364E-03  2.53732898E-03
  2.84097648E+00 -4.55609523E-02 -6.79362491E-02  4.61533404E-04  2.07580044E-03  2.53733387E-03
  2.84197640E+00 -4.56286594E-02 -6.74806386E-02  4.55363654E-04  2.08197464E-03  2.53733830E-03
  2.84297633E+00 -4.56959121E-02 -6.70243502E-02  4.49226325E-04  2.08811648E-03  2.53734272E-03
  2.84397626E+00 -4.57627103E-02 -6.65673912E-02  4.43121738E-04  2.09422573E-03  2.53734738E-03
  2.84497619E+00 -4.58290502E-02 -6.61097616E-02  4.37050097E-04  2.10030191E-03  2.53735203E-03
  2.84597611E+00 -4.58949283E-02 -6.56514689E-02  4.31011518E-04  2.10634433E-03  2.53735576E-03
  2.84697604E+00 -4.59603481E-02 -6.51925206E-02  4.25006496E-04  2.11235369E-03  2.53736018E-03
  2.84797597E+00 -4.60253097E-02 -6.47329167E-02  4.19035059E-04  2.11832905E-03  2.53736414E-03
  2.84897590E+00 -4.60898131E-02 -6.42726645E-02  4.13097529E-04  2.12427089E-03  2.53736833E-03
  2.84997582E+00 -4.61538546E-02 -6.38117641E-02  4.07194108E-04  2.13017827E-03  2.53737229E-03
  2.85097575E+00 -4.62174341E-02 -6.33502230E-02  4.01325058E-04  2.13605119E-03  2.53737625E-03
  2.85197568E+00 -4.62805517E-02 -6.28880486E-02  3.95490642E-04  2.14188942E-03  2.53737997E-03
  2.85297561E+00 -4.63432074E-02 -6.24252446E-02  3.89691122E-04  2.14769295E-03  2.53738416E-03
  2.85397553E+00 -4.64054011E-02 -6.19618110E-02  3.83926614E-04  2.15346133E-03  2.53738789E-03
  2.85497546E+00 -4.64671329E-02 -6.14977553E-02  3.78197379E-04  2.15919432E-03  2.53739161E-03
  2.85597539E+00 -4.65283990E-02 -6.10330850E-02  3.72503739E-04  2.16489192E-03  2.53739557E-03
  2.85697532E+00 -4.65891995E-02 -6.05678000E-02  3.66845838E-04  2.17055343E-03  2.53739930E-03
  2.85797524E+00 -4.66495343E-02 -6.01019077E-02  3.61223938E-04  2.17617908E-03  2.53740302E-03
  2.85897517E+00 -4.67093997E-02 -5.96354119E-02  3.55638243E-04  2.18176795E-03  2.53740628E-03
  2.85997510E+00 -4.67687994E-02 -5.91683164E-02  3.50088987E-04  2.18732050E-03  2.53740954E-03
  2.86097503E+00 -4.68277335E-02 -5.87006286E-02  3.44576401E-04  2.19283672E-03  2.53741303E-03
  2.86197495E+00 -4.68861982E-02 -5.82323521E-02  3.39100690E-04  2.19831569E-03  2.53741629E-03
  2.86297488E+00 -4.69441973E-02 -5.77634908E-02  3.33662116E-04  2.20375764E-03  2.53741979E-03
  2.86397481E+00 -4.70017269E-02 -5.72940484E-02  3.28260794E-04  2.20916234E-03  2.53742305E-03
  2.86497474E+00 -4.70587872E-02 -5.68240322E-02  3.22897075E-04  2.21452955E-03  2.53742654E-03
  2.86597466E+00 -4.71153781E-02 -5.63534461E-02  3.17571074E-04  2.21985881E-03  2.53742980E-03
  2.86697459E+00 -4.71714959E-02 -5.58822937E-02  3.12283082E-04  2.22515012E-03  2.53743329E-03
  2.86797452E+00 -4.72271442E-02 -5.54105788E-02  3.07033246E-04  2.23040325E-03  2.53743655E-03
  2.86897445E+00 -4.72823195E-02 -5.49383089E-02  3.01821798E-04  2.23561772E-03  2.53743958E-03
  2.86997437E+00 -4.73370217E-02 -5.44654839E-02  2.96648912E-04  2.24079355E-03  2.53744237E-03
  2.87097430E+00 -4.73912470E-02 -5.39921150E-02  2.91514851E-04  2.24593026E-03  2.53744517E-03
  2.87197423E+00 -4.74449992E-02 -5.35182022E-02  2.86419818E-04  2.25102785E-03  2.53744773E-03
  2.87297416E+00 -4.74982783E-02 -5.30437529E-02  2.81363988E-04  2.25608633E-03  2.53745029E-03
  2.87397408E+00 -4.75510843E-02 -5.25687709E-02  2.76347593E-04  2.26110569E-03  2.53745331E-03
  2.87497401E+00 -4.76034135E-02 -5.20932600E-02  2.71370780E-04  2.26608501E-03  2.53745588E-03
  2.87597394E+00 -4.76552695E-02 -5.16172275E-02  2.66433810E-04  2.27102474E-03  2.53745867E-03
  2.87697387E+00 -4.77066487E-02 -5.11406735E-02  2.61536858E-04  2.27592443E-03  2.53746123E-03
  2.87797379E+00 -4.77575511E-02 -5.06636053E-02  2.56680098E-04  2.28078361E-03  2.53746379E-03
  2.87897372E+00 -4.78079766E-02 -5.01860306E-02  2.51863763E-04  2.28560274E-03  2.53746659E-03
  2.87997365E+00 -4.78579253E-02 -4.97079492E-02  2.47088028E-04  2.29038112E-03  2.53746915E-03
  2.88097358E+00 -4.79073934E-02 -4.92293686E-02  2.42353068E-04  2.29511829E-03  2.53747124E-03
  2.88197351E+00 -4.79563847E-02 -4.87502962E-02  2.37659129E-04  2.29981495E-03  2.53747404E-03
  2.88297343E+00 -4.80048954E-02 -4.82707322E-02  2.33006358E-04  2.30446993E-03  2.53747636E-03
  2.88397336E+00 -4.80529293E-02 -4.77906838E-02  2.28394943E-04  2.30908394E-03  2.53747893E-03
  2.88497329E+00 -4.81004827E-02 -4.73101549E-02  2.23825089E-04  2.31365650E-03  2.53748149E-03
  2.88597322E+00 -4.81475517E-02 -4.68291491E-02  2.19296926E-04  2.31818669E-03  2.53748358E-03
  2.88697314E+00 -4.81941402E-02 -4.63476740E-02  2.14810701E-04  2.32267519E-03  2.53748591E-03
  2.88797307E+00 -4.82402444E-02 -4.58657332E-02  2.10366547E-04  2.32712110E-03  2.53748754E-03
  2.88897300E+00 -4.82858680E-02 -4.53833304E-02  2.05964665E-04  2.33152509E-03  2.53748987E-03
  2.88997293E+00 -4.83310074E-02 -4.49004732E-02  2.01605260E-04  2.33588624E-03  2.53749150E-03
  2.89097285E+00 -4.83756661E-02 -4.44171615E-02  1.97288420E-04  2.34020501E-03  2.53749336E-03
  2.89197278E+00 -4.84198406E-02 -4.39334065E-02  1.93014421E-04  2.34448095E-03  2.53749546E-03
  2.89297271E+00 -4.84635308E-02 -4.34492081E-02  1.88783379E-04  2.34871381E-03  2.53749709E-03
  2.89397264E+00 -4.85067368E-02 -4.29645739E-02  1.84595454E-04  2.35290360E-03  2.53749895E-03
  2.89497256E+00 -4.85494584E-02 -4.24795076E-02  1.80450865E-04  2.35704985E-03  2.53750081E-03
  2.89597249E+00 -4.85916957E-02 -4.19940129E-02  1.76349713E-04  2.36115279E-03  2.53750244E-03
  2.89697242E+00 -4.86334488E-02 -4.15080972E-02  1.72292217E-04  2.36521242E-03  2.53750454E-03
  2.89797235E+00 -4.86747138E-02 -4.10217643E-02  1.68278508E-04  2.36922782E-03  2.53750640E-03
  2.89897227E+00 -4.87154946E-02 -4.05350178E-02  1.64308774E-04  2.37319944E-03  2.53750826E-03
  2.89997220E+00 -4.87557873E-02 -4.00478616E-02  1.60383119E-04  2.37712683E-03  2.53750989E-03
  2.90097213E+00 -4.87955920E-02 -3.95603031E-02  1.56501759E-04  2.38100975E-03  2.53751152E-03
  2.90197206E+00 -4.88349088E-02 -3.90723459E-02  1.52664827E-04  2.38484843E-03  2.53751315E-03
  2.90297198E+00 -4.88737337E-02 -3.85839976E-02  1.48872481E-04  2.38864194E-03  2.53751432E-03
  2.90397191E+00 -4.89120707E-02 -3.80952619E-02  1.45124897E-04  2.39239074E-03  2.53751571E-03
  2.90497184E+00 -4.89499196E-02 -3.76061425E-02  1.41422192E-04  2.39609461E-03  2.53751688E-03
  2.90597177E+00 -4.89872806E-02 -3.71166430E-02  1.37764524E-04  2.39975355E-03  2.53751804E-03
  2.90697169E+00 -4.90241498E-02 -3.66267711E-02  1.34152040E-04  2.40336731E-03  2.53751944E-03
  2.90797162E+00 -4.90605310E-02 -3.61365303E-02  1.30584885E-04  2.40693567E-03  2.53752060E-03
  2.90897155E+00 -4.90964204E-02 -3.56459245E-02  1.27063191E-04  2.41045840E-03  2.53752153E-03
  2.90997148E+00 -4.91318218E-02 -3.51549610E-02  1.23587131E-04  2.41393596E-03  2.53752316E-03
  2.91097140E+00 -4.91667315E-02 -3.46636437E-02  1.20156816E-04  2.41736742E-03  2.53752433E-03
  2.91197133E+00 -4.92011495E-02 -3.41719761E-02  1.16772389E-04  2.42075301E-03  2.53752549E-03
  2.91297126E+00 -4.92350757E-02 -3.36799659E-02  1.13434005E-04  2.42409273E-03  2.53752666E-03
  2.91397119E+00 -4.92685102E-02 -3.31876166E-02  1.10141795E-04  2.42738612E-03  2.53752782E-03
  2.91497111E+00 -4.93014529E-02 -3.26949321E-02  1.06895859E-04  2.43063318E-03  2.53752898E-03
  2.91597104E+00 -4.93339002E-02 -3.22019160E-02  1.03696344E-04  2.43383367E-03  2.53752992E-03
  2.91697097E+00 -4.93658558E-02 -3.17085758E-02  1.00543373E-04  2.43698782E-03  2.53753131E-03
  2.91797090E+00 -4.93973196E-02 -3.12149171E-02  9.74371069E-05  2.44009518E-03  2.53753224E-03
  2.91897082E+00 -4.94282879E-02 -3.07209436E-02  9.43776395E-05  2.44315574E-03  2.53753341E-03
  2.91997075E+00 -4.94587645E-02 -3.02266609E-02  9.13651020E-05  2.44616950E-03  2.53753457E-03
  2.92097068E+00 -4.94887456E-02 -2.97320727E-02  8.83996181E-05  2.44913599E-03  2.53753550E-03
  2.92197061E+00 -4.95182313E-02 -2.92371847E-02  8.54812970E-05  2.45205523E-03  2.53753643E-03
  2.92297053E+00 -4.95472215E-02 -2.87420023E-02  8.26102696E-05  2.45492719E-03  2.53753737E-03
  2.92397046E+00 -4.95757125E-02 -2.82465294E-02  7.97866451E-05  2.45775119E-03  2.53753783E-03
  2.92497039E+00 -4.96037081E-02 -2.77507715E-02  7.70105326E-05  2.46052793E-03  2.53753853E-03
  2.92597032E+00 -4.96312082E-02 -2.72547342E-02  7.42820557E-05  2.46325694E-03  2.53753900E-03
  2.92697024E+00 -4.96582128E-02 -2.67584212E-02  7.16013092E-05  2.46593799E-03  2.53753923E-03
  2.92797017E+00 -4.96847220E-02 -2.62618400E-02  6.89684239E-05  2.46857153E-03  2.53753993E-03
  2.92897010E+00 -4.97107357E-02 -2.57649925E-02  6.63834871E-05  2.47115735E-03  2.53754086E-03
  2.92997003E+00 -4.97362502E-02 -2.52678841E-02  6.38466008E-05  2.47369451E-03  2.53754109E-03
  2.93096995E+00 -4.97612692E-02 -2.47705225E-02  6.13578813E-05  2.47618393E-03  2.53754179E-03
  2.93196988E+00 -4.97857891E-02 -2.42729094E-02  5.89174124E-05  2.47862469E-03  2.53754202E-03
  2.93296981E+00 -4.98098135E-02 -2.37750523E-02  5.65253140E-05  2.48101749E-03  2.53754272E-03
  2.93396974E+00 -4.98333387E-02 -2.32769549E-02  5.41816662E-05  2.48336163E-03  2.53754319E-03
  2.93496966E+00 -4.98563647E-02 -2.27786209E-02  5.18865600E-05  2.48565711E-03  2.53754365E-03
  2.93596959E+00 -4.98788953E-02 -2.22800579E-02  4.96401008E-05  2.48790416E-03  2.53754435E-03
  2.93696952E+00 -4.99009266E-02 -2.17812695E-02  4.74423687E-05  2.49010255E-03  2.53754482E-03
  2.93796945E+00 -4.99224588E-02 -2.12822594E-02  4.52934582E-05  2.49225181E-03  2.53754528E-03
  2.93896937E+00 -4.99434918E-02 -2.07830351E-02  4.31934568E-05  2.49435240E-03  2.53754575E-03
  2.93996930E+00 -4.99640256E-02 -2.02836003E-02  4.11424444E-05  2.49640387E-03  2.53754621E-03
  2.94096923E+00 -4.99840602E-02 -1.97839607E-02  3.91405119E-05  2.49840622E-03  2.53754668E-03
  2.94196916E+00 -5.00035957E-02 -1.92841198E-02  3.71877286E-05  2.50035967E-03  2.53754738E-03
  2.94296908E+00 -5.00226319E-02 -1.87840834E-02  3.52841816E-05  2.50226376E-03  2.53754784E-03
  2.94396901E+00 -5.00411652E-02 -1.82838570E-02  3.34299439E-05  2.50411825E-03  2.53754831E-03
  2.94496894E+00 -5.00591993E-02 -1.77834462E-02  3.16250953E-05  2.50592339E-03  2.53754854E-03
  2.94596887E+00 -5.00767343E-02 -1.72828548E-02  2.98697069E-05  2.50767940E-03  2.53754901E-03
  2.94696879E+00 -5.00937663E-02 -1.67820882E-02  2.81638495E-05  2.50938535E-03  2.53754924E-03
  2.94796872E+00 -5.01102991E-02 -1.62811503E-02  2.65075851E-05  2.51104217E-03  2.53754971E-03
  2.94896865E+00 -5.01263291E-02 -1.57800466E-02  2.49009881E-05  2.51264893E-03  2.53754994E-03
  2.94996858E+00 -5.01418598E-02 -1.52787836E-02  2.33441224E-05  2.51420611E-03  2.53755017E-03
  2.95096850E+00 -5.01568876E-02 -1.47773651E-02  2.18370533E-05  2.51571345E-03  2.53755040E-03
  2.95196843E+00 -5.01714163E-02 -1.42757967E-02  2.03798372E-05  2.51717097E-03  2.53755087E-03
  2.95296836E+00 -5.01854420E-02 -1.37740821E-02  1.89725342E-05  2.51857867E-03  2.53755110E-03
  2.95396829E+00 -5.01989648E-02 -1.32722277E-02  1.76152025E-05  2.51993607E-03  2.53755134E-03
  2.95496821E+00 -5.02119884E-02 -1.27702383E-02  1.63079003E-05  2.52124388E-03  2.53755180E-03
  2.95596814E+00 -5.02245091E-02 -1.22681186E-02  1.50506739E-05  2.52250140E-03  2.53755203E-03
  2.95696807E+00 -5.02365269E-02 -1.17658731E-02  1.38435780E-05  2.52370862E-03  2.53755227E-03
  2.95796800E+00 -5.02480417E-02 -1.12635074E-02  1.26866598E-05  2.52486579E-03  2.53755250E-03
  2.95896792E+00 -5.02590574E-02 -1.07610272E-02  1.15799712E-05  2.52597290E-03  2.53755297E-03
  2.95996785E+00 -5.02695702E-02 -1.02584362E-02  1.05235513E-05  2.52702972E-03  2.53755320E-03
  2.96096778E+00 -5.02795801E-02 -9.75574087E-03  9.51744823E-06  2.52803625E-03  2.53755366E-03
  2.96196771E+00 -5.02890870E-02 -9.25294496E-03  8.56169936E-06  2.52899225E-03  2.53755390E-03
  2.96296763E+00 -5.02980910E-02 -8.75005405E-03  7.65634468E-06  2.52989796E-03  2.53755436E-03
  2.96396756E+00 -5.03065884E-02 -8.24707281E-03  6.80142102E-06  2.53075291E-03  2.53755436E-03
  2.96496749E+00 -5.03145829E-02 -7.74400681E-03  5.99696432E-06  2.53155734E-03  2.53755436E-03
  2.96596742E+00 -5.03220744E-02 -7.24086072E-03  5.24300640E-06  2.53231125E-03  2.53755436E-03
  2.96696734E+00 -5.03290631E-02 -6.73764013E-03  4.53957955E-06  2.53301463E-03  2.53755413E-03
  2.96796727E+00 -5.03355488E-02 -6.23434968E-03  3.88671151E-06  2.53366749E-03  2.53755413E-03
  2.96896720E+00 -5.03415316E-02 -5.73099405E-03  3.28442911E-06  2.53426982E-03  2.53755436E-03
  2.96996713E+00 -5.03470078E-02 -5.22757880E-03  2.73275805E-06  2.53482116E-03  2.53755390E-03
  2.97096705E+00 -5.03519811E-02 -4.72410861E-03  2.23172037E-06  2.53532198E-03  2.53755366E-03
  2.97196698E+00 -5.03564514E-02 -4.22058860E-03  1.78133689E-06  2.53577228E-03  2.53755366E-03
  2.97296691E+00 -5.03604189E-02 -3.71702411E-03  1.38162693E-06  2.53617181E-03  2.53755343E-03
  2.97396684E+00 -5.03638834E-02 -3.21342004E-03  1.03260686E-06  2.53652083E-03  2.53755343E-03
  2.97496676E+00 -5.03668450E-02 -2.70978129E-03  7.34291461E-07  2.53681908E-03  2.53755343E-03
  2.97596669E+00 -5.03692999E-02 -2.20611272E-03  4.86693352E-07  2.53706635E-03  2.53755297E-03
  2.97696662E+00 -5.03712520E-02 -1.70241972E-03  2.89823305E-07  2.53726309E-03  2.53755297E-03
  2.97796655E+00 -5.03727011E-02 -1.19870715E-03  1.43689888E-07  2.53740908E-03  2.53755273E-03
  2.97896647E+00 -5.03736474E-02 -6.94980088E-04  4.82997358E-08  2.53750430E-03  2.53755250E-03
  2.97996640E+00 -5.03740907E-02 -1.91243540E-04  3.65740926E-09  2.53754901E-03  2.53755273E-03
  2.98096633E+00 -5.03740273E-02  3.12497374E-04  9.76546044E-09  2.53754272E-03  2.53755250E-03
  2.98196626E+00 -5.03734611E-02  8.16237647E-04  6.66243949E-08  2.53748568E-03  2.53755227E-03
  2.98296618E+00 -5.03723919E-02  1.31997233E-03  1.74232696E-07  2.53737788E-03  2.53755203E-03
  2.98396611E+00 -5.03708199E-02  1.82369631E-03  3.32586836E-07  2.53721955E-03  2.53755203E-03
  2.98496604E+00 -5.03687412E-02  2.32740445E-03  5.41681118E-07  2.53701000E-03  2.53755180E-03
  2.98596597E+00 -5.03661595E-02  2.83109187E-03  8.01508122E-07  2.53674993E-03  2.53755134E-03
  2.98696589E+00 -5.03630750E-02  3.33475345E-03  1.11205816E-06  2.53643934E-03  2.53755134E-03
  2.98796582E+00 -5.03594875E-02  3.83838429E-03  1.47331946E-06  2.53607798E-03  2.53755134E-03
  2.98896575E+00 -5.03553972E-02  4.34197905E-03  1.88527827E-06  2.53566611E-03  2.53755134E-03
  2.98996568E+00 -5.03508002E-02  4.84553305E-03  2.34791924E-06  2.53520301E-03  2.53755087E-03
  2.99096560E+00 -5.03457002E-02  5.34904096E-03  2.86122395E-06  2.53468961E-03  2.53755087E-03
  2.99196553E+00 -5.03400974E-02  5.85249811E-03  3.42517342E-06  2.53412547E-03  2.53755064E-03
  2.99296546E+00 -5.03339916E-02  6.35589892E-03  4.03974536E-06  2.53351079E-03  2.53755064E-03
  2.99396539E+00 -5.03273830E-02  6.85923873E-03  4.70491568E-06  2.53284536E-03  2.53755017E-03
  2.99496531E+00 -5.03202714E-02  7.36251241E-03  5.42065891E-06  2.53212964E-03  2.53755040E-03
  2.99596524E+00 -5.03126569E-02  7.86571484E-03  6.18694685E-06  2.53136340E-03  2.53755040E-03
  2.99696517E+00 -5.03045395E-02  8.36884137E-03  7.00375085E-06  2.53054663E-03  2.53755040E-03
  2.99796510E+00 -5.02959192E-02  8.87188688E-03  7.87103818E-06  2.52967956E-03  2.53755064E-03
  2.99896502E+00 -5.02867922E-02  9.37484577E-03  8.78877381E-06  2.52876151E-03  2.53755017E-03
  2.99996495E+00 -5.02771661E-02  9.87771340E-03  9.75692274E-06  2.52779340E-03  2.53755040E-03
  3.00096488E+00 -5.02670370E-02  1.03804851E-02  1.07754477E-05  2.52677500E-03  2.53755040E-03
  3.00196481E+00 -5.02564088E-02  1.08831553E-02  1.18443068E-05  2.52570654E-03  2.53755087E-03
  3.00296474E+00 -5.02452776E-02  1.13857193E-02  1.29634600E-05  2.52458802E-03  2.53755157E-03
  3.00396466E+00 -5.02336435E-02  1.18881725E-02  1.41328655E-05  2.52341898E-03  2.53755180E-03
  3.00496459E+00 -5.02215065E-02  1.23905092E-02  1.53524725E-05  2.52219965E-03  2.53755203E-03
  3.00596452E+00 -5.02088666E-02  1.28927240E-02  1.66222344E-05  2.52093025E-03  2.53755250E-03
  3.00696445E+00 -5.01957238E-02  1.33948131E-02  1.79421022E-05  2.51961057E-03  2.53755273E-03
  3.00796437E+00 -5.01820780E-02  1.38967708E-02  1.93120250E-05  2.51824106E-03  2.53755320E-03
  3.00896430E+00 -5.01679331E-02  1.43985916E-02  2.07319445E-05  2.51682149E-03  2.53755343E-03
  3.00996423E+00 -5.01532853E-02  1.49002708E-02  2.22018080E-05  2.51535210E-03  2.53755390E-03
  3.01096416E+00 -5.01381345E-02  1.54018039E-02  2.37215554E-05  2.51383265E-03  2.53755413E-03
  3.01196408E+00 -5.01224846E-02  1.59031861E-02  2.52911323E-05  2.51226337E-03  2.53755460E-03
  3.01296401E+00 -5.01063317E-02  1.64044108E-02  2.69104694E-05  2.51064450E-03  2.53755506E-03
  3.01396394E+00 -5.00896759E-02  1.69054735E-02  2.85795049E-05  2.50897557E-03  2.53755506E-03
  3.01496387E+00 -5.00725210E-02  1.74063705E-02  3.02981734E-05  2.50725728E-03  2.53755553E-03
  3.01596379E+00 -5.00548668E-02  1.79070961E-02  3.20664076E-05  2.50548963E-03  2.53755599E-03
  3.01696372E+00 -5.00367098E-02  1.84076447E-02  3.38841382E-05  2.50367238E-03  2.53755646E-03
  3.01796365E+00 -5.00180535E-02  1.89080127E-02  3.57512945E-05  2.50180578E-03  2.53755716E-03
  3.01896358E+00 -4.99988943E-02  1.94081925E-02  3.76677926E-05  2.49988935E-03  2.53755716E-03
  3.01996350E+00 -4.99792360E-02  1.99081823E-02  3.96335745E-05  2.49792403E-03  2.53755762E-03
  3.02096343E+00 -4.99590784E-02  2.04079747E-02  4.16485418E-05  2.49590958E-03  2.53755809E-03
  3.02196336E+00 -4.99384217E-02  2.09075660E-02  4.37126328E-05  2.49384600E-03  2.53755855E-03
  3.02296329E+00 -4.99172658E-02  2.14069504E-02  4.58257527E-05  2.49173352E-03  2.53755925E-03
  3.02396321E+00 -4.98956107E-02  2.19061226E-02  4.79878217E-05  2.48957193E-03  2.53755972E-03
  3.02496314E+00 -4.98734564E-02  2.24050786E-02  5.01987524E-05  2.48736166E-03  2.53756042E-03
  3.02596307E+00 -4.98508029E-02  2.29038130E-02  5.24584684E-05  2.48510251E-03  2.53756088E-03
  3.02696300E+00 -4.98276502E-02  2.34023202E-02  5.47668606E-05  2.48279469E-03  2.53756158E-03
  3.02796292E+00 -4.98039983E-02  2.39005964E-02  5.71238525E-05  2.48043821E-03  2.53756205E-03
  3.02896285E+00 -4.97798473E-02  2.43986361E-02  5.95293423E-05  2.47803330E-03  2.53756274E-03
  3.02996278E+00 -4.97552007E-02  2.48964354E-02  6.19832499E-05  2.47557997E-03  2.53756321E-03
  3.03096271E+00 -4.97300550E-02  2.53939871E-02  6.44854590E-05  2.47307844E-03  2.53756391E-03
  3.03196263E+00 -4.97044101E-02  2.58912873E-02  6.70358786E-05  2.47052847E-03  2.53756437E-03
  3.03296256E+00 -4.96782698E-02  2.63883322E-02  6.96344068E-05  2.46793055E-03  2.53756484E-03
  3.03396249E+00 -4.96516302E-02  2.68851146E-02  7.22809418E-05  2.46528443E-03  2.53756531E-03
  3.03496242E+00 -4.96244952E-02  2.73816306E-02  7.49753672E-05  2.46259058E-03  2.53756600E-03
  3.03596234E+00 -4.95968647E-02  2.78778747E-02  7.77175883E-05  2.45984900E-03  2.53756670E-03
  3.03696227E+00 -4.95687388E-02  2.83738431E-02  8.05075033E-05  2.45705992E-03  2.53756740E-03
  3.03796220E+00 -4.95401137E-02  2.88695302E-02  8.33449812E-05  2.45422288E-03  2.53756787E-03
  3.03896213E+00 -4.95109968E-02  2.93649305E-02  8.62299130E-05  2.45133881E-03  2.53756880E-03
  3.03996205E+00 -4.94813845E-02  2.98600402E-02  8.91621967E-05  2.44840747E-03  2.53756973E-03
  3.04096198E+00 -4.94512804E-02  3.03548537E-02  9.21417159E-05  2.44542910E-03  2.53757089E-03
  3.04196191E+00 -4.94206809E-02  3.08493674E-02  9.51683469E-05  2.44240370E-03  2.53757206E-03
  3.04296184E+00 -4.93895859E-02  3.13435756E-02  9.82419733E-05  2.43933126E-03  2.53757322E-03
  3.04396176E+00 -4.93579954E-02  3.18374708E-02  1.01362464E-04  2.43621180E-03  2.53757415E-03
  3.04496169E+00 -4.93259132E-02  3.23310494E-02  1.04529681E-04  2.43304577E-03  2.53757555E-03
  3.04596162E+00 -4.92933355E-02  3.28243077E-02  1.07743523E-04  2.42983294E-03  2.53757648E-03
  3.04696155E+00 -4.92602661E-02  3.33172418E-02  1.11003865E-04  2.42657377E-03  2.53757765E-03
  3.04796147E+00 -4.92267013E-02  3.38098444E-02  1.14310555E-04  2.42326804E-03  2.53757858E-03
  3.04896140E+00 -4.91926447E-02  3.43021117E-02  1.17663491E-04  2.41991621E-03  2.53757974E-03
  3.04996133E+00 -4.91580963E-02  3.47940400E-02  1.21062520E-04  2.41651852E-03  2.53758114E-03
  3.05096126E+00 -4.91230562E-02  3.52856219E-02  1.24507511E-04  2.41307472E-03  2.53758230E-03
  3.05196118E+00 -4.90875244E-02  3.57768536E-02  1.27998326E-04  2.40958505E-03  2.53758347E-03
  3.05296111E+00 -4.90515009E-02  3.62677276E-02  1.31534805E-04  2.40604975E-03  2.53758463E-03
  3.05396104E+00 -4.90149856E-02  3.67582440E-02  1.35116847E-04  2.40246882E-03  2.53758556E-03
  3.05496097E+00 -4.89779823E-02  3.72483954E-02  1.38744290E-04  2.39884271E-03  2.53758696E-03
  3.05596089E+00 -4.89404872E-02  3.77381742E-02  1.42416975E-04  2.39517121E-03  2.53758812E-03
  3.05696082E+00 -4.89025041E-02  3.82275805E-02  1.46134800E-04  2.39145500E-03  2.53758975E-03
  3.05796075E+00 -4.88640293E-02  3.87166068E-02  1.49897576E-04  2.38769338E-03  2.53759092E-03
  3.05896068E+00 -4.88250665E-02  3.92052457E-02  1.53705128E-04  2.38388707E-03  2.53759231E-03
  3.05996060E+00 -4.87856157E-02  3.96934971E-02  1.57557370E-04  2.38003628E-03  2.53759371E-03
  3.06096053E+00 -4.87456806E-02  4.01813537E-02  1.61454125E-04  2.37614149E-03  2.53759557E-03
  3.06196046E+00 -4.87052575E-02  4.06688116E-02  1.65395235E-04  2.37220200E-03  2.53759720E-03
  3.06296039E+00 -4.86643463E-02  4.11558636E-02  1.69380510E-04  2.36821850E-03  2.53759907E-03
  3.06396031E+00 -4.86229472E-02  4.16425057E-02  1.73409833E-04  2.36419099E-03  2.53760093E-03
  3.06496024E+00 -4.85810637E-02  4.21287343E-02  1.77483031E-04  2.36011972E-03  2.53760279E-03
  3.06596017E+00 -4.85386923E-02  4.26145457E-02  1.81599957E-04  2.35600467E-03  2.53760465E-03
  3.06696010E+00 -4.84958366E-02  4.30999324E-02  1.85760422E-04  2.35184608E-03  2.53760652E-03
  3.06796002E+00 -4.84524928E-02  4.35848907E-02  1.89964267E-04  2.34764395E-03  2.53760815E-03
  3.06895995E+00 -4.84086648E-02  4.40694168E-02  1.94211359E-04  2.34339875E-03  2.53761001E-03
  3.06995988E+00 -4.83643524E-02  4.45535034E-02  1.98501468E-04  2.33911048E-03  2.53761187E-03
  3.07095981E+00 -4.83195558E-02  4.50371467E-02  2.02834475E-04  2.33477936E-03  2.53761373E-03
  3.07195973E+00 -4.82742749E-02  4.55203429E-02  2.07210178E-04  2.33040564E-03  2.53761583E-03
  3.07295966E+00 -4.82285134E-02  4.60030846E-02  2.11628387E-04  2.32598954E-03  2.53761793E-03
  3.07395959E+00 -4.81822677E-02  4.64853682E-02  2.16088956E-04  2.32153083E-03  2.53761979E-03
  3.07495952E+00 -4.81355414E-02  4.69671898E-02  2.20591697E-04  2.31703045E-03  2.53762212E-03
  3.07595944E+00 -4.80883308E-02  4.74485457E-02  2.25136449E-04  2.31248746E-03  2.53762398E-03
  3.07695937E+00 -4.80406396E-02  4.79294285E-02  2.29723009E-04  2.30790302E-03  2.53762607E-03
  3.07795930E+00 -4.79924716E-02  4.84098345E-02  2.34351217E-04  2.30327738E-03  2.53762864E-03
  3.07895923E+00 -4.79438230E-02  4.88897599E-02  2.39020868E-04  2.29861005E-03  2.53763096E-03
  3.07995915E+00 -4.78946939E-02  4.93691973E-02  2.43731774E-04  2.29390175E-03  2.53763353E-03
  3.08095908E+00 -4.78450879E-02  4.98481430E-02  2.48483731E-04  2.28915247E-03  2.53763609E-03
  3.08195901E+00 -4.77950014E-02  5.03265932E-02  2.53276608E-04  2.28436221E-03  2.53763888E-03
  3.08295894E+00 -4.77444381E-02  5.08045442E-02  2.58110173E-04  2.27953144E-03  2.53764167E-03
  3.08395886E+00 -4.76933941E-02  5.12819886E-02  2.62984249E-04  2.27465993E-03  2.53764424E-03
  3.08495879E+00 -4.76418734E-02  5.17589226E-02  2.67898635E-04  2.26974813E-03  2.53764680E-03
  3.08595872E+00 -4.75898758E-02  5.22353426E-02  2.72853096E-04  2.26479629E-03  2.53764936E-03
  3.08695865E+00 -4.75374013E-02  5.27112409E-02  2.77847488E-04  2.25980463E-03  2.53765215E-03
  3.08795857E+00 -4.74844500E-02  5.31866141E-02  2.82881607E-04  2.25477293E-03  2.53765448E-03
  3.08895850E+00 -4.74310257E-02  5.36614582E-02  2.87955219E-04  2.24970211E-03  2.53765727E-03
  3.08995843E+00 -4.73771244E-02  5.41357696E-02  2.93068151E-04  2.24459195E-03  2.53766007E-03
  3.09095836E+00 -4.73227501E-02  5.46095408E-02  2.98220199E-04  2.23944266E-03  2.53766286E-03
  3.09195828E+00 -4.72679026E-02  5.50827682E-02  3.03411129E-04  2.23425473E-03  2.53766589E-03
  3.09295821E+00 -4.72125858E-02  5.55554479E-02  3.08640796E-04  2.22902815E-03  2.53766892E-03
  3.09395814E+00 -4.71567959E-02  5.60275726E-02  3.13908880E-04  2.22376338E-03  2.53767218E-03
  3.09495807E+00 -4.71005328E-02  5.64991422E-02  3.19215324E-04  2.21846020E-03  2.53767543E-03
  3.09595799E+00 -4.70438004E-02  5.69701493E-02  3.24559805E-04  2.21311906E-03  2.53767893E-03
  3.09695792E+00 -4.69865948E-02  5.74405864E-02  3.29942093E-04  2.20773998E-03  2.53768219E-03
  3.09795785E+00 -4.69289199E-02  5.79104535E-02  3.35362070E-04  2.20232341E-03  2.53768545E-03
  3.09895778E+00 -4.68707755E-02  5.83797432E-02  3.40819446E-04  2.19686958E-03  2.53768894E-03
  3.09995770E+00 -4.68121618E-02  5.88484518E-02  3.46314016E-04  2.19137850E-03  2.53769243E-03
  3.10095763E+00 -4.67530787E-02  5.93165718E-02  3.51845578E-04  2.18585040E-03  2.53769592E-03
  3.10195756E+00 -4.66935262E-02  5.97841032E-02  3.57413897E-04  2.18028529E-03  2.53769918E-03
  3.10295749E+00 -4.66335081E-02  6.02510385E-02  3.63018771E-04  2.17468408E-03  2.53770291E-03
  3.10395741E+00 -4.65730205E-02  6.07173741E-02  3.68659938E-04  2.16904632E-03  2.53770617E-03
  3.10495734E+00 -4.65120673E-02  6.11831024E-02  3.74337193E-04  2.16337247E-03  2.53770966E-03
  3.10595727E+00 -4.64506522E-02  6.16482235E-02  3.80050362E-04  2.15766300E-03  2.53771339E-03
  3.10695720E+00 -4.63887714E-02  6.21127300E-02  3.85799125E-04  2.15191813E-03  2.53771734E-03
  3.10795712E+00 -4.63264287E-02  6.25766143E-02  3.91583279E-04  2.14613788E-03  2.53772107E-03
  3.10895705E+00 -4.62636203E-02  6.30398765E-02  3.97402619E-04  2.14032247E-03  2.53772503E-03
  3.10995698E+00 -4.62003499E-02  6.35025129E-02  4.03256912E-04  2.13447236E-03  2.53772922E-03
  3.11095691E+00 -4.61366177E-02  6.39645159E-02  4.09145927E-04  2.12858757E-03  2.53773341E-03
  3.11195683E+00 -4.60724235E-02  6.44258857E-02  4.15069488E-04  2.12266832E-03  2.53773783E-03
  3.11295676E+00 -4.60077673E-02  6.48866072E-02  4.21027187E-04  2.11671460E-03  2.53774179E-03
  3.11395669E+00 -4.59426492E-02  6.53466880E-02  4.27018938E-04  2.11072713E-03  2.53774598E-03
  3.11495662E+00 -4.58770730E-02  6.58061132E-02  4.33044479E-04  2.10470590E-03  2.53775041E-03
  3.11595654E+00 -4.58110347E-02  6.62648827E-02  4.39103460E-04  2.09865090E-03  2.53775436E-03
  3.11695647E+00 -4.57445420E-02  6.67229965E-02  4.45195852E-04  2.09256308E-03  2.53775902E-03
  3.11795640E+00 -4.56775911E-02  6.71804398E-02  4.51321161E-04  2.08644243E-03  2.53776368E-03
  3.11895633E+00 -4.56101820E-02  6.76372126E-02  4.57479240E-04  2.08028872E-03  2.53776787E-03
  3.11995625E+00 -4.55423184E-02  6.80933148E-02  4.63669945E-04  2.07410287E-03  2.53777276E-03
  3.12095618E+00 -4.54739965E-02  6.85487390E-02  4.69892984E-04  2.06788443E-03  2.53777741E-03
  3.12195611E+00 -4.54052202E-02  6.90034777E-02  4.76147979E-04  2.06163409E-03  2.53778207E-03
  3.12295604E+00 -4.53359894E-02  6.94575310E-02  4.82434873E-04  2.05535186E-03  2.53778673E-03
  3.12395597E+00 -4.52663042E-02  6.99108914E-02  4.88753314E-04  2.04903819E-03  2.53779162E-03
  3.12495589E+00 -4.51961644E-02  7.03635514E-02  4.95102955E-04  2.04269332E-03  2.53779627E-03
  3.12595582E+00 -4.51255739E-02  7.08155110E-02  5.01483679E-04  2.03631748E-03  2.53780116E-03
  3.12695575E+00 -4.50545326E-02  7.12667704E-02  5.07895311E-04  2.02991092E-03  2.53780629E-03
  3.12795568E+00 -4.49830405E-02  7.17173144E-02  5.14337327E-04  2.02347385E-03  2.53781117E-03
  3.12895560E+00 -4.49111015E-02  7.21671432E-02  5.20809670E-04  2.01700698E-03  2.53781676E-03
  3.12995553E+00 -4.48387116E-02  7.26162568E-02  5.27312106E-04  2.01051007E-03  2.53782212E-03
  3.13095546E+00 -4.47658710E-02  7.30646476E-02  5.33844286E-04  2.00398313E-03  2.53782747E-03
  3.13195539E+00 -4.46925834E-02  7.35123083E-02  5.40405919E-04  1.99742708E-03  2.53783306E-03
  3.13295531E+00 -4.46188487E-02  7.39592314E-02  5.46996831E-04  1.99084170E-03  2.53783865E-03
  3.13395524E+00 -4.45446670E-02  7.44054168E-02  5.53616614E-04  1.98422745E-03  2.53784400E-03
  3.13495517E+00 -4.44700383E-02  7.48508647E-02  5.60265209E-04  1.97758432E-03  2.53784959E-03
  3.13595510E+00 -4.43949625E-02  7.52955675E-02  5.66942268E-04  1.97091280E-03  2.53785495E-03
  3.13695502E+00 -4.43194434E-02  7.57395178E-02  5.73647441E-04  1.96421309E-03  2.53786054E-03
  3.13795495E+00 -4.42434847E-02  7.61827156E-02  5.80380613E-04  1.95748592E-03  2.53786659E-03
  3.13895488E+00 -4.41670828E-02  7.66251534E-02  5.87141432E-04  1.95073115E-03  2.53787264E-03
  3.13995481E+00 -4.40902375E-02  7.70668238E-02  5.93929552E-04  1.94394903E-03  2.53787870E-03
  3.14095473E+00 -4.40129526E-02  7.75077268E-02  6.00744796E-04  1.93714001E-03  2.53788475E-03
  3.14195466E+00 -4.39352244E-02  7.79478550E-02  6.07586815E-04  1.93030399E-03  2.53789080E-03
  3.14295459E+00 -4.38570566E-02  7.83872083E-02  6.14455435E-04  1.92344142E-03  2.53789686E-03
  3.14395452E+00 -4.37784493E-02  7.88257793E-02  6.21350366E-04  1.91655266E-03  2.53790291E-03
  3.14495444E+00 -4.36994024E-02  7.92635605E-02  6.28271198E-04  1.90963782E-03  2.53790896E-03
  3.14595437E+00 -4.36199196E-02  7.97005519E-02  6.35217817E-04  1.90269738E-03  2.53791525E-03
  3.14695430E+00 -4.35400009E-02  8.01367536E-02  6.42189931E-04  1.89573166E-03  2.53792154E-03
  3.14795423E+00 -4.34596464E-02  8.05721506E-02  6.49187190E-04  1.88874081E-03  2.53792806E-03
  3.14895415E+00 -4.33788598E-02  8.10067505E-02  6.56209362E-04  1.88172550E-03  2.53793481E-03
  3.14995408E+00 -4.32976373E-02  8.14405382E-02  6.63256156E-04  1.87468540E-03  2.53794156E-03
  3.15095401E+00 -4.32159789E-02  8.18735138E-02  6.70327281E-04  1.86762086E-03  2.53794808E-03
  3.15195394E+00 -4.31338884E-02  8.23056772E-02  6.77422446E-04  1.86053233E-03  2.53795483E-03
  3.15295386E+00 -4.30513658E-02  8.27370137E-02  6.84541359E-04  1.85342005E-03  2.53796135E-03
  3.15395379E+00 -4.29684110E-02  8.31675306E-02  6.91683847E-04  1.84628437E-03  2.53796810E-03
  3.15495372E+00 -4.28850278E-02  8.35972130E-02  6.98849442E-04  1.83912565E-03  2.53797509E-03
  3.15595365E+00 -4.28012162E-02  8.40260610E-02  7.06037914E-04  1.83194410E-03  2.53798207E-03
  3.15695357E+00 -4.27169763E-02  8.44540745E-02  7.13249086E-04  1.82474009E-03  2.53798906E-03
  3.15795350E+00 -4.26323116E-02  8.48812461E-02  7.20482611E-04  1.81751396E-03  2.53799651E-03
  3.15895343E+00 -4.25472185E-02  8.53075683E-02  7.27738137E-04  1.81026582E-03  2.53800396E-03
  3.15995336E+00 -4.24616970E-02  8.57330412E-02  7.35015434E-04  1.80299568E-03  2.53801118E-03
  3.16095328E+00 -4.23757508E-02  8.61576572E-02  7.42314209E-04  1.79570424E-03  2.53801839E-03
  3.16195321E+00 -4.22893800E-02  8.65814164E-02  7.49634171E-04  1.78839162E-03  2.53802584E-03
  3.16295314E+00 -4.22025844E-02  8.70043114E-02  7.56975031E-04  1.78105815E-03  2.53803330E-03
  3.16395307E+00 -4.21153679E-02  8.74263346E-02  7.64336379E-04  1.77370419E-03  2.53804051E-03
  3.16495299E+00 -4.20277305E-02  8.78474861E-02  7.71718100E-04  1.76633010E-03  2.53804820E-03
  3.16595292E+00 -4.19396758E-02  8.82677659E-02  7.79119844E-04  1.75893644E-03  2.53805635E-03
  3.16695285E+00 -4.18512002E-02  8.86871591E-02  7.86541204E-04  1.75152300E-03  2.53806426E-03
  3.16795278E+00 -4.17623036E-02  8.91056731E-02  7.93982123E-04  1.74409000E-03  2.53807218E-03
  3.16895270E+00 -4.16729897E-02  8.95232931E-02  8.01442016E-04  1.73663802E-03  2.53808009E-03
  3.16995263E+00 -4.15832587E-02  8.99400264E-02  8.08920828E-04  1.72916742E-03  2.53808824E-03
  3.17095256E+00 -4.14931104E-02  9.03558582E-02  8.16418149E-04  1.72167819E-03  2.53809639E-03
  3.17195249E+00 -4.14025448E-02  9.07707885E-02  8.23933631E-04  1.71417068E-03  2.53810431E-03
  3.17295241E+00 -4.13115658E-02  9.11848173E-02  8.31467099E-04  1.70664547E-03  2.53811246E-03
  3.17395234E+00 -4.12201770E-02  9.15979296E-02  8.39018088E-04  1.69910304E-03  2.53812107E-03
  3.17495227E+00 -4.11283746E-02  9.20101330E-02  8.46586481E-04  1.69154315E-03  2.53812969E-03
  3.17595220E+00 -4.10361588E-02  9.24214199E-02  8.54171929E-04  1.68396637E-03  2.53813830E-03
  3.17695212E+00 -4.09435332E-02  9.28317830E-02  8.61774024E-04  1.67637295E-03  2.53814692E-03
  3.17795205E+00 -4.08504978E-02  9.32412148E-02  8.69392417E-04  1.66876311E-03  2.53815553E-03
  3.17895198E+00 -4.07570526E-02  9.36497226E-02  8.77027051E-04  1.66113733E-03  2.53816438E-03
  3.17995191E+00 -4.06631976E-02  9.40572917E-02  8.84677400E-04  1.65349559E-03  2.53817299E-03
  3.18095183E+00 -4.05689366E-02  9.44639221E-02  8.92343291E-04  1.64583861E-03  2.53818184E-03
  3.18195176E+00 -4.04742733E-02  9.48696136E-02  9.00024374E-04  1.63816684E-03  2.53819115E-03
  3.18295169E+00 -4.03792039E-02  9.52743590E-02  9.07720358E-04  1.63048005E-03  2.53820047E-03
  3.18395162E+00 -4.02837284E-02  9.56781507E-02  9.15430894E-04  1.62277883E-03  2.53820978E-03
  3.18495154E+00 -4.01878506E-02  9.60809886E-02  9.23155632E-04  1.61506329E-03  2.53821886E-03
  3.18595147E+00 -4.00915667E-02  9.64828655E-02  9.30894341E-04  1.60733378E-03  2.53822817E-03
  3.18695140E+00 -3.99948843E-02  9.68837813E-02  9.38646670E-04  1.59959076E-03  2.53823749E-03
  3.18795133E+00 -3.98977995E-02  9.72837284E-02  9.46412445E-04  1.59183436E-03  2.53824680E-03
  3.18895125E+00 -3.98003161E-02  9.76827070E-02  9.54191142E-04  1.58406515E-03  2.53825635E-03
  3.18995118E+00 -3.97024341E-02  9.80807096E-02  9.61982587E-04  1.57628325E-03  2.53826589E-03
  3.19095111E+00 -3.96041572E-02  9.84777361E-02  9.69786488E-04  1.56848924E-03  2.53827567E-03
  3.19195104E+00 -3.95054817E-02  9.88737792E-02  9.77602438E-04  1.56068313E-03  2.53828568E-03
  3.19295096E+00 -3.94064113E-02  9.92688313E-02  9.85430088E-04  1.55286526E-03  2.53829546E-03
  3.19395089E+00 -3.93069461E-02  9.96628925E-02  9.93269263E-04  1.54503598E-03  2.53830524E-03
  3.19495082E+00 -3.92070860E-02  1.00055963E-01  1.00111961E-03  1.53719564E-03  2.53831525E-03
  3.19595075E+00 -3.91068310E-02  1.00448035E-01  1.00898079E-03  1.52934424E-03  2.53832503E-03
  3.19695067E+00 -3.90061885E-02  1.00839101E-01  1.01685245E-03  1.52148271E-03  2.53833504E-03
  3.19795060E+00 -3.89051549E-02  1.01229161E-01  1.02473435E-03  1.51361106E-03  2.53834529E-03
  3.19895053E+00 -3.88037339E-02  1.01618215E-01  1.03262614E-03  1.50572974E-03  2.53835600E-03
  3.19995046E+00 -3.87019217E-02  1.02006249E-01  1.04052748E-03  1.49783876E-03  2.53836624E-03
  3.20095038E+00 -3.85997221E-02  1.02393270E-01  1.04843813E-03  1.48993859E-03  2.53837672E-03
  3.20195031E+00 -3.84971350E-02  1.02779269E-01  1.05635787E-03  1.48202945E-03  2.53838720E-03
  3.20295024E+00 -3.83941606E-02  1.03164241E-01  1.06428610E-03  1.47411157E-03  2.53839768E-03
  3.20395017E+00 -3.82908024E-02  1.03548184E-01  1.07222272E-03  1.46618555E-03  2.53840815E-03
  3.20495009E+00 -3.81870642E-02  1.03931092E-01  1.08016725E-03  1.45825185E-03  2.53841910E-03
  3.20595002E+00 -3.80829424E-02  1.04312964E-01  1.08811946E-03  1.45031046E-03  2.53843004E-03
  3.20694995E+00 -3.79784405E-02  1.04693793E-01  1.09607901E-03  1.44236197E-03  2.53844098E-03
  3.20794988E+00 -3.78735550E-02  1.05073579E-01  1.10404566E-03  1.43440615E-03  2.53845192E-03
  3.20894980E+00 -3.77682932E-02  1.05452314E-01  1.11201906E-03  1.42644392E-03  2.53846310E-03
  3.20994973E+00 -3.76626514E-02  1.05829999E-01  1.11999887E-03  1.41847529E-03  2.53847428E-03
  3.21094966E+00 -3.75566296E-02  1.06206626E-01  1.12798472E-03  1.41050038E-03  2.53848499E-03
  3.21194959E+00 -3.74502353E-02  1.06582195E-01  1.13597640E-03  1.40252011E-03  2.53849663E-03
  3.21294951E+00 -3.73434685E-02  1.06956698E-01  1.14397355E-03  1.39453460E-03  2.53850827E-03
  3.21394944E+00 -3.72363254E-02  1.07330136E-01  1.15197583E-03  1.38654397E-03  2.53851991E-03
  3.21494937E+00 -3.71288098E-02  1.07702501E-01  1.15998287E-03  1.37854856E-03  2.53853155E-03
  3.21594930E+00 -3.70209217E-02  1.08073786E-01  1.16799434E-03  1.37054862E-03  2.53854296E-03
  3.21694922E+00 -3.69126610E-02  1.08443998E-01  1.17601012E-03  1.36254460E-03  2.53855484E-03
  3.21794915E+00 -3.68040316E-02  1.08813122E-01  1.18402950E-03  1.35453674E-03  2.53856624E-03
  3.21894908E+00 -3.66950370E-02  1.09181166E-01  1.19205273E-03  1.34652574E-03  2.53857858E-03
  3.21994901E+00 -3.65856737E-02  1.09548114E-01  1.20007887E-03  1.33851147E-03  2.53859023E-03
  3.22094893E+00 -3.64759415E-02  1.09913968E-01  1.20810803E-03  1.33049430E-03  2.53860233E-03
  3.22194886E+00 -3.63658443E-02  1.10278726E-01  1.21613976E-03  1.32247468E-03  2.53861444E-03
  3.22294879E+00 -3.62553820E-02  1.10642381E-01  1.22417358E-03  1.31445273E-03  2.53862632E-03
  3.22394872E+00 -3.61445583E-02  1.11004934E-01  1.23220950E-03  1.30642904E-03  2.53863866E-03
  3.22494864E+00 -3.60333696E-02  1.11366376E-01  1.24024705E-03  1.29840372E-03  2.53865076E-03
  3.22594857E+00 -3.59218232E-02  1.11726709E-01  1.24828576E-03  1.29037735E-03  2.53866310E-03
  3.22694850E+00 -3.58099192E-02  1.12085924E-01  1.25632551E-03  1.28235028E-03  2.53867591E-03
  3.22794843E+00 -3.56976539E-02  1.12444021E-01  1.26436574E-03  1.27432251E-03  2.53868825E-03
  3.22894835E+00 -3.55850309E-02  1.12801000E-01  1.27240666E-03  1.26629439E-03  2.53870105E-03
  3.22994828E+00 -3.54720503E-02  1.13156848E-01  1.28044724E-03  1.25826639E-03  2.53871363E-03
  3.23094821E+00 -3.53587158E-02  1.13511570E-01  1.28848769E-03  1.25023874E-03  2.53872643E-03
  3.23194814E+00 -3.52450274E-02  1.13865159E-01  1.29652757E-03  1.24221190E-03  2.53873947E-03
  3.23294806E+00 -3.51309888E-02  1.14217609E-01  1.30456628E-03  1.23418635E-03  2.53875274E-03
  3.23394799E+00 -3.50165963E-02  1.14568919E-01  1.31260371E-03  1.22616207E-03  2.53876578E-03
  3.23494792E+00 -3.49018537E-02  1.14919081E-01  1.32063951E-03  1.21813943E-03  2.53877882E-03
  3.23594785E+00 -3.47867608E-02  1.15268096E-01  1.32867345E-03  1.21011876E-03  2.53879232E-03
  3.23694777E+00 -3.46713178E-02  1.15615964E-01  1.33670517E-03  1.20210031E-03  2.53880536E-03
  3.23794770E+00 -3.45555283E-02  1.15962677E-01  1.34473422E-03  1.19408453E-03  2.53881887E-03
  3.23894763E+00 -3.44393961E-02  1.16308235E-01  1.35276059E-03  1.18607201E-03  2.53883260E-03
  3.23994756E+00 -3.43229175E-02  1.16652630E-01  1.36078370E-03  1.17806264E-03  2.53884634E-03
  3.24094748E+00 -3.42060924E-02  1.16995856E-01  1.36880309E-03  1.17005676E-03  2.53885984E-03
  3.24194741E+00 -3.40889245E-02  1.17337920E-01  1.37681875E-03  1.16205483E-03  2.53887358E-03
  3.24294734E+00 -3.39714140E-02  1.17678806E-01  1.38483010E-03  1.15405698E-03  2.53888709E-03
  3.24394727E+00 -3.38535644E-02  1.18018523E-01  1.39283715E-03  1.14606379E-03  2.53890082E-03
  3.24494720E+00 -3.37353796E-02  1.18357055E-01  1.40083930E-03  1.13807584E-03  2.53891526E-03
  3.24594712E+00 -3.36168557E-02  1.18694410E-01  1.40883622E-03  1.13009301E-03  2.53892923E-03
  3.24694705E+00 -3.34979929E-02  1.19030580E-01  1.41682790E-03  1.12211553E-03  2.53894343E-03
  3.24794698E+00 -3.33787948E-02  1.19365558E-01  1.42481364E-03  1.11414399E-03  2.53895763E-03
  3.24894691E+00 -3.32592614E-02  1.19699344E-01  1.43279333E-03  1.10617850E-03  2.53897184E-03
  3.24994683E+00 -3.31393927E-02  1.20031938E-01  1.44076662E-03  1.09821931E-03  2.53898604E-03
  3.25094676E+00 -3.30191962E-02  1.20363332E-01  1.44873315E-03  1.09026732E-03  2.53900047E-03
  3.25194669E+00 -3.28986682E-02  1.20693527E-01  1.45669270E-03  1.08232233E-03  2.53901491E-03
  3.25294662E+00 -3.27778123E-02  1.21022515E-01  1.46464491E-03  1.07438501E-03  2.53902981E-03
  3.25394654E+00 -3.26566249E-02  1.21350296E-01  1.47258944E-03  1.06645515E-03  2.53904471E-03
  3.25494647E+00 -3.25351097E-02  1.21676862E-01  1.48052594E-03  1.05853332E-03  2.53905915E-03
  3.25594640E+00 -3.24132703E-02  1.22002214E-01  1.48845406E-03  1.05062011E-03  2.53907405E-03
  3.25694633E+00 -3.22911032E-02  1.22326344E-01  1.49637356E-03  1.04271539E-03  2.53908895E-03
  3.25794625E+00 -3.21686156E-02  1.22649252E-01  1.50428398E-03  1.03481987E-03  2.53910385E-03
  3.25894618E+00 -3.20458077E-02  1.22970939E-01  1.51218520E-03  1.02693378E-03  2.53911898E-03
  3.25994611E+00 -3.19226757E-02  1.23291396E-01  1.52007688E-03  1.01905724E-03  2.53913412E-03
  3.26094604E+00 -3.17992233E-02  1.23610623E-01  1.52795867E-03  1.01119059E-03  2.53914925E-03
  3.26194596E+00 -3.16754542E-02  1.23928614E-01  1.53583020E-03  1.00333442E-03  2.53916462E-03
  3.26294589E+00 -3.15513648E-02  1.24245368E-01  1.54369115E-03  9.95488605E-04  2.53917975E-03
  3.26394582E+00 -3.14269625E-02  1.24560885E-01  1.55154138E-03  9.87653970E-04  2.53919535E-03
  3.26494575E+00 -3.13022435E-02  1.24875158E-01  1.55938056E-03  9.79830394E-04  2.53921095E-03
  3.26594567E+00 -3.11772116E-02  1.25188187E-01  1.56720821E-03  9.72018519E-04  2.53922679E-03
  3.26694560E+00 -3.10518667E-02  1.25499964E-01  1.57502410E-03  9.64218401E-04  2.53924262E-03
  3.26794553E+00 -3.09262127E-02  1.25810489E-01  1.58282800E-03  9.56430624E-04  2.53925868E-03
  3.26894546E+00 -3.08002476E-02  1.26119748E-01  1.59061910E-03  9.48655244E-04  2.53927428E-03
  3.26994538E+00 -3.06739733E-02  1.26427755E-01  1.59839762E-03  9.40892613E-04  2.53929012E-03
  3.27094531E+00 -3.05473935E-02  1.26734495E-01  1.60616322E-03  9.33143252E-04  2.53930641E-03
  3.27194524E+00 -3.04205064E-02  1.27039969E-01  1.61391532E-03  9.25407221E-04  2.53932248E-03
  3.27294517E+00 -3.02933138E-02  1.27344176E-01  1.62165391E-03  9.17684869E-04  2.53933878E-03
  3.27394509E+00 -3.01658195E-02  1.27647102E-01  1.62937830E-03  9.09976661E-04  2.53935484E-03
  3.27494502E+00 -3.00380215E-02  1.27948761E-01  1.63708848E-03  9.02282714E-04  2.53937114E-03
  3.27594495E+00 -2.99099218E-02  1.28249139E-01  1.64478424E-03  8.94603436E-04  2.53938767E-03
  3.27694488E+00 -2.97815241E-02  1.28548235E-01  1.65246485E-03  8.86939175E-04  2.53940397E-03
  3.27794480E+00 -2.96528265E-02  1.28846049E-01  1.66013034E-03  8.79290106E-04  2.53942050E-03
  3.27894473E+00 -2.95238309E-02  1.29142582E-01  1.66778069E-03  8.71656579E-04  2.53943726E-03
  3.27994466E+00 -2.93945409E-02  1.29437819E-01  1.67541485E-03  8.64039059E-04  2.53945403E-03
  3.28094459E+00 -2.92649567E-02  1.29731759E-01  1.68303296E-03  8.56437720E-04  2.53947079E-03
  3.28194451E+00 -2.91350782E-02  1.30024403E-01  1.69063453E-03  8.48852796E-04  2.53948732E-03
  3.28294444E+00 -2.90049091E-02  1.30315751E-01  1.69821945E-03  8.41284753E-04  2.53950432E-03
  3.28394437E+00 -2.88744476E-02  1.30605802E-01  1.70578749E-03  8.33733706E-04  2.53952108E-03
  3.28494430E+00 -2.87436973E-02  1.30894542E-01  1.71333819E-03  8.26200121E-04  2.53953831E-03
  3.28594422E+00 -2.86126602E-02  1.31181985E-01  1.72087143E-03  8.18684348E-04  2.53955578E-03
  3.28694415E+00 -2.84813344E-02  1.31468117E-01  1.72838662E-03  8.11186386E-04  2.53957300E-03
  3.28794408E+00 -2.83497255E-02  1.31752938E-01  1.73588365E-03  8.03706935E-04  2.53959047E-03
  3.28894401E+00 -2.82178316E-02  1.32036433E-01  1.74336194E-03  7.96245993E-04  2.53960793E-03
  3.28994393E+00 -2.80856527E-02  1.32318616E-01  1.75082160E-03  7.88803911E-04  2.53962539E-03
  3.29094386E+00 -2.79531945E-02  1.32599473E-01  1.75826193E-03  7.81381095E-04  2.53964309E-03
  3.29194379E+00 -2.78204549E-02  1.32879004E-01  1.76568294E-03  7.73977721E-04  2.53966078E-03
  3.29294372E+00 -2.76874360E-02  1.33157209E-01  1.77308416E-03  7.66594138E-04  2.53967824E-03
  3.29394364E+00 -2.75541414E-02  1.33434087E-01  1.78046559E-03  7.59230694E-04  2.53969617E-03
  3.29494357E+00 -2.74205692E-02  1.33709624E-01  1.78782642E-03  7.51887623E-04  2.53971410E-03
  3.29594350E+00 -2.72867214E-02  1.33983836E-01  1.79516675E-03  7.44565157E-04  2.53973203E-03
  3.29694343E+00 -2.71526016E-02  1.34256706E-01  1.80248637E-03  7.37263763E-04  2.53975019E-03
  3.29794335E+00 -2.70182081E-02  1.34528235E-01  1.80978456E-03  7.29983556E-04  2.53976812E-03
  3.29894328E+00 -2.68835444E-02  1.34798422E-01  1.81706145E-03  7.22724944E-04  2.53978651E-03
  3.29994321E+00 -2.67486125E-02  1.35067254E-01  1.82431645E-03  7.15488277E-04  2.53980467E-03
  3.30094314E+00 -2.66134106E-02  1.35334745E-01  1.83154945E-03  7.08273612E-04  2.53982306E-03
  3.30194306E+00 -2.64779441E-02  1.35600880E-01  1.83875987E-03  7.01081532E-04  2.53984146E-03
  3.30294299E+00 -2.63422113E-02  1.35865659E-01  1.84594770E-03  6.93912094E-04  2.53985985E-03
  3.30394292E+00 -2.62062140E-02  1.36129081E-01  1.85311271E-03  6.86765648E-04  2.53987825E-03
  3.30494285E+00 -2.60699540E-02  1.36391148E-01  1.86025444E-03  6.79642486E-04  2.53989687E-03
  3.30594277E+00 -2.59334333E-02  1.36651844E-01  1.86737278E-03  6.72542956E-04  2.53991573E-03
  3.30694270E+00 -2.57966518E-02  1.36911184E-01  1.87446724E-03  6.65467232E-04  2.53993459E-03
  3.30794263E+00 -2.56596114E-02  1.37169152E-01  1.88153761E-03  6.58415665E-04  2.53995322E-03
  3.30894256E+00 -2.55223140E-02  1.37425750E-01  1.88858365E-03  6.51388487E-04  2.53997208E-03
  3.30994248E+00 -2.53847595E-02  1.37680978E-01  1.89560524E-03  6.44385989E-04  2.53999117E-03
  3.31094241E+00 -2.52469517E-02  1.37934819E-01  1.90260157E-03  6.37408579E-04  2.54001003E-03
  3.31194234E+00 -2.51088906E-02  1.38187289E-01  1.90957263E-03  6.30456372E-04  2.54002912E-03
  3.31294227E+00 -2.49705780E-02  1.38438374E-01  1.91651832E-03  6.23529777E-04  2.54004821E-03
  3.31394219E+00 -2.48320140E-02  1.38688073E-01  1.92343816E-03  6.16628909E-04  2.54006707E-03
  3.31494212E+00 -2.46932004E-02  1.38936386E-01  1.93033204E-03  6.09754119E-04  2.54008616E-03
  3.31594205E+00 -2.45541409E-02  1.39183313E-01  1.93719938E-03  6.02905813E-04  2.54010526E-03
  3.31694198E+00 -2.44148355E-02  1.39428854E-01  1.94404053E-03  5.96084166E-04  2.54012458E-03
  3.31794190E+00 -2.42752843E-02  1.39673010E-01  1.95085502E-03  5.89289411E-04  2.54014437E-03
  3.31894183E+00 -2.41354909E-02  1.39915764E-01  1.95764215E-03  5.82521898E-04  2.54016416E-03
  3.31994176E+00 -2.39954535E-02  1.40157118E-01  1.96440192E-03  5.75781800E-04  2.54018372E-03
  3.32094169E+00 -2.38551777E-02  1.40397072E-01  1.97113375E-03  5.69069525E-04  2.54020328E-03
  3.32194161E+00 -2.37146616E-02  1.40635625E-01  1.97783788E-03  5.62385190E-04  2.54022307E-03
  3.32294154E+00 -2.35739071E-02  1.40872777E-01  1.98451406E-03  5.55729086E-04  2.54024309E-03
  3.32394147E+00 -2.34329160E-02  1.41108513E-01  1.99116138E-03  5.49101562E-04  2.54026288E-03
  3.32494140E+00 -2.32916903E-02  1.41342849E-01  1.99778005E-03  5.42502850E-04  2.54028291E-03
  3.32594132E+00 -2.31502298E-02  1.41575769E-01  2.00436986E-03  5.35933126E-04  2.54030293E-03
  3.32694125E+00 -2.30085384E-02  1.41807273E-01  2.01093033E-03  5.29392855E-04  2.54032318E-03
  3.32794118E+00 -2.28666160E-02  1.42037362E-01  2.01746123E-03  5.22882154E-04  2.54034344E-03
  3.32894111E+00 -2.27244645E-02  1.42266035E-01  2.02396256E-03  5.16401313E-04  2.54036393E-03
  3.32994103E+00 -2.25820858E-02  1.42493278E-01  2.03043339E-03  5.09950623E-04  2.54038395E-03
  3.33094096E+00 -2.24394780E-02  1.42719105E-01  2.03687442E-03  5.03530144E-04  2.54040444E-03
  3.33194089E+00 -2.22966466E-02  1.42943501E-01  2.04328448E-03  4.97140456E-04  2.54042493E-03
  3.33294082E+00 -2.21535917E-02  1.43166468E-01  2.04966380E-03  4.90781618E-04  2.54044542E-03
  3.33394074E+00 -2.20103152E-02  1.43388003E-01  2.05601193E-03  4.84453980E-04  2.54046591E-03
  3.33494067E+00 -2.18668170E-02  1.43608108E-01  2.06232886E-03  4.78157686E-04  2.54048663E-03
  3.33594060E+00 -2.17230991E-02  1.43826783E-01  2.06861435E-03  4.71893029E-04  2.54050735E-03
  3.33694053E+00 -2.15791650E-02  1.44044012E-01  2.07486772E-03  4.65660356E-04  2.54052808E-03
  3.33794045E+00 -2.14350130E-02  1.44259810E-01  2.08108942E-03  4.59459785E-04  2.54054926E-03
  3.33894038E+00 -2.12906450E-02  1.44474164E-01  2.08727852E-03  4.53291577E-04  2.54057022E-03
  3.33994031E+00 -2.11460646E-02  1.44687071E-01  2.09343503E-03  4.47156053E-04  2.54059117E-03
  3.34094024E+00 -2.10012719E-02  1.44898534E-01  2.09955848E-03  4.41053417E-04  2.54061189E-03
  3.34194016E+00 -2.08562687E-02  1.45108551E-01  2.10564933E-03  4.34983958E-04  2.54063332E-03
  3.34294009E+00 -2.07110550E-02  1.45317107E-01  2.11170618E-03  4.28947795E-04  2.54065404E-03
  3.34394002E+00 -2.05656327E-02  1.45524219E-01  2.11772975E-03  4.22945246E-04  2.54067499E-03
  3.34493995E+00 -2.04200055E-02  1.45729870E-01  2.12371955E-03  4.16976633E-04  2.54069618E-03
  3.34593987E+00 -2.02741735E-02  1.45934075E-01  2.12967559E-03  4.11042100E-04  2.54071760E-03
  3.34693980E+00 -2.01281384E-02  1.46136820E-01  2.13559694E-03  4.05141967E-04  2.54073879E-03
  3.34793973E+00 -1.99819002E-02  1.46338105E-01  2.14148406E-03  3.99276323E-04  2.54076044E-03
  3.34893966E+00 -1.98354609E-02  1.46537930E-01  2.14733649E-03  3.93445516E-04  2.54078209E-03
  3.34993958E+00 -1.96888242E-02  1.46736279E-01  2.15315353E-03  3.87649809E-04  2.54080328E-03
  3.35093951E+00 -1.95419900E-02  1.46933168E-01  2.15893565E-03  3.81889375E-04  2.54082493E-03
  3.35193944E+00 -1.93949603E-02  1.47128582E-01  2.16468214E-03  3.76164477E-04  2.54084659E-03
  3.35293937E+00 -1.92477349E-02  1.47322536E-01  2.17039301E-03  3.70475289E-04  2.54086824E-03
  3.35393929E+00 -1.91003159E-02  1.47515014E-01  2.17606802E-03  3.64822074E-04  2.54089013E-03
  3.35493922E+00 -1.89527050E-02  1.47706017E-01  2.18170672E-03  3.59205034E-04  2.54091178E-03
  3.35593915E+00 -1.88049041E-02  1.47895545E-01  2.18730932E-03  3.53624404E-04  2.54093367E-03
  3.35693908E+00 -1.86569151E-02  1.48083597E-01  2.19287514E-03  3.48080473E-04  2.54095555E-03
  3.35793900E+00 -1.85087379E-02  1.48270160E-01  2.19840417E-03  3.42573388E-04  2.54097767E-03
  3.35893893E+00 -1.83603745E-02  1.48455247E-01  2.20389618E-03  3.37103353E-04  2.54099956E-03
  3.35993886E+00 -1.82118285E-02  1.48638844E-01  2.20935070E-03  3.31670686E-04  2.54102144E-03
  3.36093879E+00 -1.80630982E-02  1.48820966E-01  2.21476797E-03  3.26275505E-04  2.54104356E-03
  3.36193871E+00 -1.79141872E-02  1.49001598E-01  2.22014775E-03  3.20918101E-04  2.54106591E-03
  3.36293864E+00 -1.77650955E-02  1.49180740E-01  2.22548936E-03  3.15598620E-04  2.54108803E-03
  3.36393857E+00 -1.76158249E-02  1.49358392E-01  2.23079300E-03  3.10317293E-04  2.54111039E-03
  3.36493850E+00 -1.74663793E-02  1.49534553E-01  2.23605824E-03  3.05074413E-04  2.54113274E-03
  3.36593843E+00 -1.73167568E-02  1.49709210E-01  2.24128482E-03  2.99870066E-04  2.54115486E-03
  3.36693835E+00 -1.71669610E-02  1.49882376E-01  2.24647275E-03  2.94704543E-04  2.54117721E-03
  3.36793828E+00 -1.70169938E-02  1.50054052E-01  2.25162203E-03  2.89578078E-04  2.54120003E-03
  3.36893821E+00 -1.68668535E-02  1.50224224E-01  2.25673174E-03  2.84490758E-04  2.54122261E-03
  3.36993814E+00 -1.67165454E-02  1.50392890E-01  2.26180232E-03  2.79442902E-04  2.54124519E-03
  3.37093806E+00 -1.65660679E-02  1.50560051E-01  2.26683286E-03  2.74434598E-04  2.54126755E-03
  3.37193799E+00 -1.64154265E-02  1.50725707E-01  2.27182405E-03  2.69466225E-04  2.54129036E-03
  3.37293792E+00 -1.62646193E-02  1.50889859E-01  2.27677496E-03  2.64537841E-04  2.54131272E-03
  3.37393785E+00 -1.61136482E-02  1.51052505E-01  2.28168606E-03  2.59649649E-04  2.54133577E-03
  3.37493777E+00 -1.59625150E-02  1.51213646E-01  2.28655688E-03  2.54801882E-04  2.54135882E-03
  3.37593770E+00 -1.58112217E-02  1.51373267E-01  2.29138671E-03  2.49994744E-04  2.54138140E-03
  3.37693763E+00 -1.56597700E-02  1.51531383E-01  2.29617604E-03  2.45228410E-04  2.54140445E-03
  3.37793756E+00 -1.55081600E-02  1.51687980E-01  2.30092439E-03  2.40503025E-04  2.54142750E-03
  3.37893748E+00 -1.53563945E-02  1.51843056E-01  2.30563129E-03  2.35818850E-04  2.54145009E-03
  3.37993741E+00 -1.52044753E-02  1.51996627E-01  2.31029745E-03  2.31176062E-04  2.54147360E-03
  3.38093734E+00 -1.50524024E-02  1.52148679E-01  2.31492217E-03  2.26574819E-04  2.54149688E-03
  3.38193727E+00 -1.49001786E-02  1.52299196E-01  2.31950451E-03  2.22015326E-04  2.54151993E-03
  3.38293719E+00 -1.47478050E-02  1.52448192E-01  2.32404517E-03  2.17497756E-04  2.54154298E-03
  3.38393712E+00 -1.45952832E-02  1.52595669E-01  2.32854369E-03  2.13022286E-04  2.54156603E-03
  3.38493705E+00 -1.44426152E-02  1.52741626E-01  2.33300054E-03  2.08589132E-04  2.54158955E-03
  3.38593698E+00 -1.42898010E-02  1.52886048E-01  2.33741454E-03  2.04198412E-04  2.54161283E-03
  3.38693690E+00 -1.41368434E-02  1.53028950E-01  2.34178617E-03  1.99850343E-04  2.54163658E-03
  3.38793683E+00 -1.39837433E-02  1.53170317E-01  2.34611472E-03  1.95545072E-04  2.54165987E-03
  3.38893676E+00 -1.38305034E-02  1.53310150E-01  2.35040020E-03  1.91282830E-04  2.54168315E-03
  3.38993669E+00 -1.36771239E-02  1.53448448E-01  2.35464261E-03  1.87063721E-04  2.54170643E-03
  3.39093661E+00 -1.35236075E-02  1.53585225E-01  2.35884218E-03  1.82887961E-04  2.54173018E-03
  3.39193654E+00 -1.33699542E-02  1.53720468E-01  2.36299820E-03  1.78755668E-04  2.54175393E-03
  3.39293647E+00 -1.32161668E-02  1.53854162E-01  2.36711046E-03  1.74667060E-04  2.54177745E-03
  3.39393640E+00 -1.30622461E-02  1.53986320E-01  2.37117871E-03  1.70622268E-04  2.54180096E-03
  3.39493632E+00 -1.29081942E-02  1.54116943E-01  2.37520318E-03  1.66621481E-04  2.54182471E-03
  3.39593625E+00 -1.27540128E-02  1.54246032E-01  2.37918389E-03  1.62664845E-04  2.54184869E-03
  3.39693618E+00 -1.25997039E-02  1.54373571E-01  2.38312013E-03  1.58752533E-04  2.54187267E-03
  3.39793611E+00 -1.24452673E-02  1.54499575E-01  2.38701189E-03  1.54884678E-04  2.54189665E-03
  3.39893603E+00 -1.22907050E-02  1.54624030E-01  2.39085918E-03  1.51061424E-04  2.54192064E-03
  3.39993596E+00 -1.21360198E-02  1.54746935E-01  2.39466131E-03  1.47282975E-04  2.54194438E-03
  3.40093589E+00 -1.19812125E-02  1.54868290E-01  2.39841873E-03  1.43549449E-04  2.54196813E-03
  3.40193582E+00 -1.18262842E-02  1.54988095E-01  2.40213098E-03  1.39861004E-04  2.54199188E-03
  3.40293574E+00 -1.16712376E-02  1.55106351E-01  2.40579806E-03  1.36217786E-04  2.54201586E-03
  3.40393567E+00 -1.15160728E-02  1.55223057E-01  2.40941974E-03  1.32619927E-04  2.54203961E-03
  3.40493560E+00 -1.13607924E-02  1.55338213E-01  2.41299602E-03  1.29067601E-04  2.54206359E-03
  3.40593553E+00 -1.12053975E-02  1.55451819E-01  2.41652690E-03  1.25560939E-04  2.54208781E-03
  3.40693545E+00 -1.10498900E-02  1.55563876E-01  2.42001191E-03  1.22100071E-04  2.54211202E-03
  3.40793538E+00 -1.08942715E-02  1.55674368E-01  2.42345105E-03  1.18685151E-04  2.54213624E-03
  3.40893531E+00 -1.07385432E-02  1.55783311E-01  2.42684386E-03  1.15316310E-04  2.54216022E-03
  3.40993524E+00 -1.05827060E-02  1.55890703E-01  2.43019103E-03  1.11993664E-04  2.54218467E-03
  3.41093516E+00 -1.04267625E-02  1.55996531E-01  2.43349164E-03  1.08717373E-04  2.54220911E-03
  3.41193509E+00 -1.02707138E-02  1.56100795E-01  2.43674568E-03  1.05487561E-04  2.54223333E-03
  3.41293502E+00 -1.01145618E-02  1.56203508E-01  2.43995362E-03  1.02304359E-04  2.54225801E-03
  3.41393495E+00 -9.95830819E-03  1.56304657E-01  2.44311476E-03  9.91679044E-05  2.54228269E-03
  3.41493487E+00 -9.80195403E-03  1.56404242E-01  2.44622864E-03  9.60783000E-05  2.54230690E-03
  3.41593480E+00 -9.64550022E-03  1.56502262E-01  2.44929595E-03  9.30356764E-05  2.54233158E-03
  3.41693473E+00 -9.48894955E-03  1.56598717E-01  2.45231576E-03  9.00401647E-05  2.54235603E-03
  3.41793466E+00 -9.33230296E-03  1.56693608E-01  2.45528878E-03  8.70918811E-05  2.54238071E-03
  3.41893458E+00 -9.17556323E-03  1.56786934E-01  2.45821429E-03  8.41909641E-05  2.54240516E-03
  3.41993451E+00 -9.01873037E-03  1.56878695E-01  2.46109255E-03  8.13375009E-05  2.54243007E-03
  3.42093444E+00 -8.86180717E-03  1.56968877E-01  2.46392284E-03  7.85316297E-05  2.54245452E-03
  3.42193437E+00 -8.70479364E-03  1.57057494E-01  2.46670563E-03  7.57734306E-05  2.54247896E-03
  3.42293429E+00 -8.54769256E-03  1.57144547E-01  2.46944092E-03  7.30630491E-05  2.54250388E-03
  3.42393422E+00 -8.39050487E-03  1.57230020E-01  2.47212802E-03  7.04005724E-05  2.54252856E-03
  3.42493415E+00 -8.23323335E-03  1.57313928E-01  2.47476716E-03  6.77861317E-05  2.54255324E-03
  3.42593408E+00 -8.07587802E-03  1.57396257E-01  2.47735810E-03  6.52198069E-05  2.54257792E-03
  3.42693400E+00 -7.91844167E-03  1.57477021E-01  2.47990130E-03  6.27017216E-05  2.54260306E-03
  3.42793393E+00 -7.76092522E-03  1.57556206E-01  2.48239585E-03  6.02319597E-05  2.54262774E-03
  3.42893386E+00 -7.60333054E-03  1.57633811E-01  2.48484197E-03  5.78106337E-05  2.54265266E-03
  3.42993379E+00 -7.44565856E-03  1.57709852E-01  2.48723989E-03  5.54378312E-05  2.54267780E-03
  3.43093371E+00 -7.28791161E-03  1.57784313E-01  2.48958892E-03  5.31136538E-05  2.54270248E-03
  3.43193364E+00 -7.13009108E-03  1.57857195E-01  2.49188929E-03  5.08382000E-05  2.54272739E-03
  3.43293357E+00 -6.97219791E-03  1.57928497E-01  2.49414123E-03  4.86115423E-05  2.54275277E-03
  3.43393350E+00 -6.81423442E-03  1.57998219E-01  2.49634380E-03  4.64337900E-05  2.54277769E-03
  3.43493342E+00 -6.65620202E-03  1.58066362E-01  2.49849749E-03  4.43050267E-05  2.54280260E-03
  3.43593335E+00 -6.49810256E-03  1.58132926E-01  2.50060228E-03  4.22253361E-05  2.54282751E-03
  3.43693328E+00 -6.33993698E-03  1.58197910E-01  2.50265794E-03  4.01948018E-05  2.54285266E-03
  3.43793321E+00 -6.18170761E-03  1.58261314E-01  2.50466424E-03  3.82135077E-05  2.54287780E-03
  3.43893313E+00 -6.02341536E-03  1.58323124E-01  2.50662118E-03  3.62815335E-05  2.54290272E-03
  3.43993306E+00 -5.86506212E-03  1.58383355E-01  2.50852876E-03  3.43989523E-05  2.54292763E-03
  3.44093299E+00 -5.70664927E-03  1.58442006E-01  2.51038698E-03  3.25658475E-05  2.54295277E-03
  3.44193292E+00 -5.54817868E-03  1.58499077E-01  2.51219585E-03  3.07822884E-05  2.54297815E-03
  3.44293284E+00 -5.38965175E-03  1.58554554E-01  2.51395465E-03  2.90483458E-05  2.54300307E-03
  3.44393277E+00 -5.23107033E-03  1.58608451E-01  2.51566409E-03  2.73640962E-05  2.54302821E-03
  3.44493270E+00 -5.07243583E-03  1.58660769E-01  2.51732394E-03  2.57296051E-05  2.54305359E-03
  3.44593263E+00 -4.91375010E-03  1.58711493E-01  2.51893396E-03  2.41449397E-05  2.54307897E-03
  3.44693255E+00 -4.75501409E-03  1.58760637E-01  2.52049393E-03  2.26101583E-05  2.54310411E-03
  3.44793248E+00 -4.59622964E-03  1.58808187E-01  2.52200407E-03  2.11253264E-05  2.54312949E-03
  3.44893241E+00 -4.43739863E-03  1.58854142E-01  2.52346392E-03  1.96905057E-05  2.54315441E-03
  3.44993234E+00 -4.27852198E-03  1.58898517E-01  2.52487394E-03  1.83057509E-05  2.54317978E-03
  3.45093226E+00 -4.11960203E-03  1.58941299E-01  2.52623367E-03  1.69711202E-05  2.54320470E-03
  3.45193219E+00 -3.96064017E-03  1.58982500E-01  2.52754358E-03  1.56866699E-05  2.54323031E-03
  3.45293212E+00 -3.80163779E-03  1.59022108E-01  2.52880319E-03  1.44524502E-05  2.54325569E-03
  3.45393205E+00 -3.64259654E-03  1.59060121E-01  2.53001228E-03  1.32685100E-05  2.54328083E-03
  3.45493197E+00 -3.48351826E-03  1.59096554E-01  2.53117154E-03  1.21348994E-05  2.54330644E-03
  3.45593190E+00 -3.32440413E-03  1.59131393E-01  2.53228005E-03  1.10516630E-05  2.54333182E-03
  3.45693183E+00 -3.16525623E-03  1.59164637E-01  2.53333827E-03  1.00188472E-05  2.54335720E-03
  3.45793176E+00 -3.00607574E-03  1.59196287E-01  2.53434572E-03  9.03649106E-06  2.54338211E-03
  3.45893168E+00 -2.84686428E-03  1.59226343E-01  2.53530289E-03  8.10463644E-06  2.54340749E-03
  3.45993161E+00 -2.68762372E-03  1.59254804E-01  2.53620930E-03  7.22332106E-06  2.54343264E-03
  3.46093154E+00 -2.52835546E-03  1.59281686E-01  2.53706565E-03  6.39258133E-06  2.54345825E-03
  3.46193147E+00 -2.36906111E-03  1.59306973E-01  2.53787125E-03  5.61245042E-06  2.54348363E-03
  3.46293139E+00 -2.20974232E-03  1.59330666E-01  2.53862608E-03  4.88296109E-06  2.54350901E-03
  3.46393132E+00 -2.05040071E-03  1.59352764E-01  2.53933039E-03  4.20414290E-06  2.54353462E-03
  3.46493125E+00 -1.89103768E-03  1.59373268E-01  2.53998395E-03  3.57602357E-06  2.54356000E-03
  3.46593118E+00 -1.73165498E-03  1.59392178E-01  2.54058675E-03  2.99862904E-06  2.54358537E-03
  3.46693110E+00 -1.57225411E-03  1.59409493E-01  2.54113856E-03  2.47198295E-06  2.54361052E-03
  3.46793103E+00 -1.41283672E-03  1.59425214E-01  2.54163984E-03  1.99610759E-06  2.54363590E-03
  3.46893096E+00 -1.25340442E-03  1.59439340E-01  2.54209037E-03  1.57102261E-06  2.54366128E-03
  3.46993089E+00 -1.09395874E-03  1.59451872E-01  2.54248991E-03  1.19674576E-06  2.54368666E-03
  3.47093081E+00 -9.34501411E-04  1.59462810E-01  2.54283892E-03  8.73292890E-07  2.54371227E-03
  3.47193074E+00 -7.75033957E-04  1.59472153E-01  2.54313671E-03  6.00677652E-07  2.54373741E-03
  3.47293067E+00 -6.15557889E-04  1.59479901E-01  2.54338398E-03  3.78911523E-07  2.54376279E-03
  3.47393060E+00 -4.56074893E-04  1.59486055E-01  2.54358025E-03  2.08004309E-07  2.54378817E-03
  3.47493052E+00 -2.96586542E-04  1.59490615E-01  2.54372577E-03  8.79635778E-08  2.54381378E-03
  3.47593045E+00 -1.37094437E-04  1.59493580E-01  2.54382030E-03  1.87948856E-08  2.54383916E-03
  3.47693038E+00  2.23998377E-05  1.59494951E-01  2.54386407E-03  5.01752750E-10  2.54386454E-03
  3.47793031E+00  1.81894677E-04  1.59494728E-01  2.54385686E-03  3.30856729E-08  2.54388992E-03
  3.47893023E+00  3.41388513E-04  1.59492910E-01  2.54379888E-03  1.16546119E-07  2.54391553E-03
  3.47993016E+00  5.00879774E-04  1.59489498E-01  2.54369015E-03  2.50880561E-07  2.54394114E-03
  3.48093009E+00  6.60366786E-04  1.59484491E-01  2.54353019E-03  4.36084292E-07  2.54396629E-03
  3.48193002E+00  8.19847977E-04  1.59477890E-01  2.54331972E-03  6.72150691E-07  2.54399190E-03
  3.48292994E+00  9.79321776E-04  1.59469694E-01  2.54305825E-03  9.59071144E-07  2.54401728E-03
  3.48392987E+00  1.13878655E-03  1.59459904E-01  2.54274602E-03  1.29683485E-06  2.54404289E-03
  3.48492980E+00  1.29824074E-03  1.59448519E-01  2.54238304E-03  1.68542897E-06  2.54406850E-03
  3.48592973E+00  1.45768269E-03  1.59435540E-01  2.54196930E-03  2.12483883E-06  2.54409411E-03
  3.48692966E+00  1.61711092E-03  1.59420967E-01  2.54150457E-03  2.61504761E-06  2.54411972E-03
  3.48792958E+00  1.77652389E-03  1.59404799E-01  2.54098908E-03  3.15603711E-06  2.54414510E-03
  3.48892951E+00  1.93591986E-03  1.59387037E-01  2.54042284E-03  3.74778574E-06  2.54417071E-03
  3.48992944E+00  2.09529721E-03  1.59367681E-01  2.53980584E-03  4.39027053E-06  2.54419609E-03
  3.49092937E+00  2.25465442E-03  1.59346730E-01  2.53913808E-03  5.08346648E-06  2.54422147E-03
  3.49192929E+00  2.41398998E-03  1.59324184E-01  2.53841956E-03  5.82734765E-06  2.54424685E-03
  3.49292922E+00  2.57330202E-03  1.59300044E-01  2.53765052E-03  6.62188313E-06  2.54427246E-03
  3.49392915E+00  2.73258914E-03  1.59274310E-01  2.53683049E-03  7.46704336E-06  2.54429760E-03
  3.49492908E+00  2.89184973E-03  1.59246981E-01  2.53596017E-03  8.36279469E-06  2.54432298E-03
  3.49592900E+00  3.05108237E-03  1.59218058E-01  2.53503909E-03  9.30910392E-06  2.54434813E-03
  3.49692893E+00  3.21028498E-03  1.59187540E-01  2.53406726E-03  1.03059292E-05  2.54437327E-03
  3.49792886E+00  3.36945639E-03  1.59155443E-01  2.53304560E-03  1.13532360E-05  2.54439889E-03
  3.49892879E+00  3.52859497E-03  1.59121752E-01  2.53197341E-03  1.24509825E-05  2.54442450E-03
  3.49992871E+00  3.68769909E-03  1.59086466E-01  2.53085024E-03  1.35991249E-05  2.54444941E-03
  3.50092864E+00  3.84676713E-03  1.59049585E-01  2.52967700E-03  1.47976170E-05  2.54447456E-03
  3.50192857E+00  4.00579767E-03  1.59011111E-01  2.52845325E-03  1.60464151E-05  2.54449970E-03
  3.50292850E+00  4.16478887E-03  1.58971056E-01  2.52717989E-03  1.73454664E-05  2.54452531E-03
  3.50392842E+00  4.32373909E-03  1.58929408E-01  2.52585555E-03  1.86947200E-05  2.54455023E-03
  3.50492835E+00  4.48264694E-03  1.58886164E-01  2.52448139E-03  2.00941231E-05  2.54457560E-03
  3.50592828E+00  4.64151055E-03  1.58841342E-01  2.52305716E-03  2.15436194E-05  2.54460075E-03
  3.50692821E+00  4.80032852E-03  1.58794925E-01  2.52158288E-03  2.30431542E-05  2.54462613E-03
  3.50792813E+00  4.95909946E-03  1.58746928E-01  2.52005877E-03  2.45926676E-05  2.54465151E-03
  3.50892806E+00  5.11782151E-03  1.58697337E-01  2.51848460E-03  2.61920977E-05  2.54467665E-03
  3.50992799E+00  5.27649326E-03  1.58646151E-01  2.51686014E-03  2.78413809E-05  2.54470157E-03
  3.51092792E+00  5.43511286E-03  1.58593386E-01  2.51518632E-03  2.95404516E-05  2.54472671E-03
  3.51192784E+00  5.59367938E-03  1.58539042E-01  2.51346291E-03  3.12892480E-05  2.54475209E-03
  3.51292777E+00  5.75219048E-03  1.58483103E-01  2.51168944E-03  3.30876937E-05  2.54477724E-03
  3.51392770E+00  5.91064477E-03  1.58425584E-01  2.50986661E-03  3.49357215E-05  2.54480238E-03
  3.51492763E+00  6.06904086E-03  1.58366472E-01  2.50799395E-03  3.68332585E-05  2.54482729E-03
  3.51592755E+00  6.22737687E-03  1.58305779E-01  2.50607193E-03  3.87802211E-05  2.54485221E-03
  3.51692748E+00  6.38565142E-03  1.58243507E-01  2.50410079E-03  4.07765438E-05  2.54487735E-03
  3.51792741E+00  6.54386263E-03  1.58179656E-01  2.50208052E-03  4.28221392E-05  2.54490273E-03
  3.51892734E+00  6.70200959E-03  1.58114210E-01  2.50001042E-03  4.49169311E-05  2.54492741E-03
  3.51992726E+00  6.86009042E-03  1.58047184E-01  2.49789143E-03  4.70608393E-05  2.54495232E-03
  3.52092719E+00  7.01810326E-03  1.57978579E-01  2.49572331E-03  4.92537729E-05  2.54497700E-03
  3.52192712E+00  7.17604673E-03  1.57908395E-01  2.49350606E-03  5.14956482E-05  2.54500168E-03
  3.52292705E+00  7.33391941E-03  1.57836631E-01  2.49124016E-03  5.37863743E-05  2.54502660E-03
  3.52392697E+00  7.49171944E-03  1.57763287E-01  2.48892559E-03  5.61258603E-05  2.54505151E-03
  3.52492690E+00  7.64944544E-03  1.57688364E-01  2.48656212E-03  5.85140151E-05  2.54507619E-03
  3.52592683E+00  7.80709554E-03  1.57611877E-01  2.48415046E-03  6.09507406E-05  2.54510110E-03
  3.52692676E+00  7.96466786E-03  1.57533810E-01  2.48169014E-03  6.34359312E-05  2.54512602E-03
  3.52792668E+00  8.12216196E-03  1.57454163E-01  2.47918139E-03  6.59695143E-05  2.54515093E-03
  3.52892661E+00  8.27957503E-03  1.57372937E-01  2.47662398E-03  6.85513660E-05  2.54517538E-03
  3.52992654E+00  8.43690708E-03  1.57290146E-01  2.47401907E-03  7.11813991E-05  2.54520052E-03
  3.53092647E+00  8.59415531E-03  1.57205775E-01  2.47136573E-03  7.38595045E-05  2.54522520E-03
  3.53192639E+00  8.75131786E-03  1.57119840E-01  2.46866443E-03  7.65855657E-05  2.54525011E-03
  3.53292632E+00  8.90839379E-03  1.57032326E-01  2.46591517E-03  7.93594809E-05  2.54527456E-03
  3.53392625E+00  9.06538125E-03  1.56943247E-01  2.46311841E-03  8.21811336E-05  2.54529947E-03
  3.53492618E+00  9.22227930E-03  1.56852588E-01  2.46027345E-03  8.50504366E-05  2.54532392E-03
  3.53592610E+00  9.37908515E-03  1.56760365E-01  2.45738123E-03  8.79672371E-05  2.54534837E-03
  3.53692603E+00  9.53579880E-03  1.56666577E-01  2.45444174E-03  9.09314622E-05  2.54537328E-03
  3.53792596E+00  9.69241746E-03  1.56571224E-01  2.45145499E-03  9.39429592E-05  2.54539796E-03
  3.53892589E+00  9.84894019E-03  1.56474307E-01  2.44842097E-03  9.70016263E-05  2.54542264E-03
  3.53992581E+00  1.00053651E-02  1.56375811E-01  2.44533946E-03  1.00107332E-04  2.54544686E-03
  3.54092574E+00  1.01616904E-02  1.56275764E-01  2.44221161E-03  1.03259954E-04  2.54547154E-03
  3.54192567E+00  1.03179151E-02  1.56174153E-01  2.43903673E-03  1.06459374E-04  2.54549622E-03
  3.54292560E+00  1.04740383E-02  1.56070977E-01  2.43581505E-03  1.09705477E-04  2.54552043E-03
  3.54392552E+00  1.06300572E-02  1.55966237E-01  2.43254681E-03  1.12998117E-04  2.54554488E-03
  3.54492545E+00  1.07859699E-02  1.55859932E-01  2.42923177E-03  1.16337149E-04  2.54556886E-03
  3.54592538E+00  1.09417755E-02  1.55752078E-01  2.42587109E-03  1.19722448E-04  2.54559354E-03
  3.54692531E+00  1.10974731E-02  1.55642658E-01  2.42246385E-03  1.23153906E-04  2.54561775E-03
  3.54792523E+00  1.12530598E-02  1.55531690E-01  2.41901074E-03  1.26631363E-04  2.54564220E-03
  3.54892516E+00  1.14085358E-02  1.55419156E-01  2.41551152E-03  1.30154687E-04  2.54566618E-03
  3.54992509E+00  1.15638981E-02  1.55305073E-01  2.41196668E-03  1.33723734E-04  2.54569040E-03
  3.55092502E+00  1.17191458E-02  1.55189440E-01  2.40837620E-03  1.37338386E-04  2.54571461E-03
  3.55192494E+00  1.18742762E-02  1.55072242E-01  2.40474008E-03  1.40998440E-04  2.54573859E-03
  3.55292487E+00  1.20292893E-02  1.54953495E-01  2.40105856E-03  1.44703794E-04  2.54576234E-03
  3.55392480E+00  1.21841822E-02  1.54833198E-01  2.39733211E-03  1.48454303E-04  2.54578632E-03
  3.55492473E+00  1.23389550E-02  1.54711351E-01  2.39356025E-03  1.52249806E-04  2.54581007E-03
  3.55592465E+00  1.24936048E-02  1.54587954E-01  2.38974369E-03  1.56090158E-04  2.54583382E-03
  3.55692458E+00  1.26481308E-02  1.54463023E-01  2.38588243E-03  1.59975214E-04  2.54585757E-03
  3.55792451E+00  1.28025301E-02  1.54336542E-01  2.38197693E-03  1.63904770E-04  2.54588178E-03
  3.55892444E+00  1.29568027E-02  1.54208511E-01  2.37802672E-03  1.67878738E-04  2.54590553E-03
  3.55992436E+00  1.31109459E-02  1.54078946E-01  2.37403228E-03  1.71896900E-04  2.54592928E-03
  3.56092429E+00  1.32649597E-02  1.53947830E-01  2.36999337E-03  1.75959154E-04  2.54595256E-03
  3.56192422E+00  1.34188412E-02  1.53815180E-01  2.36591115E-03  1.80065297E-04  2.54597655E-03
  3.56292415E+00  1.35725895E-02  1.53680995E-01  2.36178492E-03  1.84215183E-04  2.54600006E-03
  3.56392407E+00  1.37262028E-02  1.53545275E-01  2.35761516E-03  1.88408638E-04  2.54602381E-03
  3.56492400E+00  1.38796791E-02  1.53408021E-01  2.35340209E-03  1.92645486E-04  2.54604756E-03
  3.56592393E+00  1.40330177E-02  1.53269231E-01  2.34914571E-03  1.96925583E-04  2.54607131E-03
  3.56692386E+00  1.41862174E-02  1.53128907E-01  2.34484626E-03  2.01248768E-04  2.54609506E-03
  3.56792378E+00  1.43392757E-02  1.52987048E-01  2.34050374E-03  2.05614822E-04  2.54611857E-03
  3.56892371E+00  1.44921914E-02  1.52843654E-01  2.33611814E-03  2.10023616E-04  2.54614186E-03
  3.56992364E+00  1.46449627E-02  1.52698725E-01  2.33169016E-03  2.14474931E-04  2.54616514E-03
  3.57092357E+00  1.47975879E-02  1.52552277E-01  2.32721982E-03  2.18968606E-04  2.54618842E-03
  3.57192349E+00  1.49500668E-02  1.52404308E-01  2.32270733E-03  2.23504496E-04  2.54621170E-03
  3.57292342E+00  1.51023967E-02  1.52254805E-01  2.31815269E-03  2.28082383E-04  2.54623499E-03
  3.57392335E+00  1.52545758E-02  1.52103782E-01  2.31355592E-03  2.32702077E-04  2.54625804E-03
  3.57492328E+00  1.54066030E-02  1.51951239E-01  2.30891793E-03  2.37363420E-04  2.54628132E-03
  3.57592320E+00  1.55584766E-02  1.51797175E-01  2.30423827E-03  2.42066191E-04  2.54630437E-03
  3.57692313E+00  1.57101955E-02  1.51641592E-01  2.29951716E-03  2.46810232E-04  2.54632742E-03
  3.57792306E+00  1.58617590E-02  1.51484489E-01  2.29475508E-03  2.51595397E-04  2.54635047E-03
  3.57892299E+00  1.60131641E-02  1.51325867E-01  2.28995178E-03  2.56421423E-04  2.54637329E-03
  3.57992291E+00  1.61644090E-02  1.51165739E-01  2.28510797E-03  2.61288107E-04  2.54639611E-03
  3.58092284E+00  1.63154937E-02  1.51004091E-01  2.28022365E-03  2.66195333E-04  2.54641892E-03
  3.58192277E+00  1.64664164E-02  1.50840938E-01  2.27529905E-03  2.71142868E-04  2.54644197E-03
  3.58292270E+00  1.66171752E-02  1.50676280E-01  2.27033417E-03  2.76130508E-04  2.54646456E-03
  3.58392262E+00  1.67677682E-02  1.50510103E-01  2.26532924E-03  2.81158049E-04  2.54648738E-03
  3.58492255E+00  1.69181954E-02  1.50342420E-01  2.26028427E-03  2.86225346E-04  2.54650973E-03
  3.58592248E+00  1.70684531E-02  1.50173232E-01  2.25520018E-03  2.91332079E-04  2.54653231E-03
  3.58692241E+00  1.72185414E-02  1.50002554E-01  2.25007674E-03  2.96478160E-04  2.54655490E-03
  3.58792233E+00  1.73684582E-02  1.49830371E-01  2.24491395E-03  3.01663327E-04  2.54657725E-03
  3.58892226E+00  1.75182018E-02  1.49656683E-01  2.23971228E-03  3.06887407E-04  2.54659960E-03
  3.58992219E+00  1.76677704E-02  1.49481505E-01  2.23447196E-03  3.12150107E-04  2.54662195E-03
  3.59092212E+00  1.78171638E-02  1.49304822E-01  2.22919299E-03  3.17451340E-04  2.54664430E-03
  3.59192204E+00  1.79663785E-02  1.49126649E-01  2.22387584E-03  3.22790758E-04  2.54666666E-03
  3.59292197E+00  1.81154162E-02  1.48946986E-01  2.21852050E-03  3.28168302E-04  2.54668877E-03
  3.59392190E+00  1.82642713E-02  1.48765832E-01  2.21312745E-03  3.33583594E-04  2.54671113E-03
  3.59492183E+00  1.84129458E-02  1.48583189E-01  2.20769644E-03  3.39036575E-04  2.54673301E-03
  3.59592175E+00  1.85614377E-02  1.48399055E-01  2.20222794E-03  3.44526983E-04  2.54675490E-03
  3.59692168E+00  1.87097434E-02  1.48213446E-01  2.19672243E-03  3.50054499E-04  2.54677702E-03
  3.59792161E+00  1.88578628E-02  1.48026347E-01  2.19118013E-03  3.55618977E-04  2.54679914E-03
  3.59892154E+00  1.90057941E-02  1.47837773E-01  2.18560058E-03  3.61220213E-04  2.54682079E-03
  3.59992146E+00  1.91535372E-02  1.47647709E-01  2.17998470E-03  3.66857974E-04  2.54684268E-03
  3.60092139E+00  1.93010904E-02  1.47456169E-01  2.17433227E-03  3.72532086E-04  2.54686433E-03
  3.60192132E+00  1.94484498E-02  1.47263154E-01  2.16864375E-03  3.78242199E-04  2.54688598E-03
  3.60292125E+00  1.95956156E-02  1.47068664E-01  2.16291915E-03  3.83988139E-04  2.54690740E-03
  3.60392118E+00  1.97425857E-02  1.46872714E-01  2.15715938E-03  3.89769702E-04  2.54692906E-03
  3.60492110E+00  1.98893603E-02  1.46675289E-01  2.15136423E-03  3.95586656E-04  2.54695094E-03
  3.60592103E+00  2.00359374E-02  1.46476388E-01  2.14553322E-03  4.01438796E-04  2.54697213E-03
  3.60692096E+00  2.01823134E-02  1.46276027E-01  2.13966775E-03  4.07325773E-04  2.54699355E-03
  3.60792089E+00  2.03284882E-02  1.46074206E-01  2.13376735E-03  4.13247442E-04  2.54701474E-03
  3.60892081E+00  2.04744600E-02  1.45870924E-01  2.12783273E-03  4.19203512E-04  2.54703616E-03
  3.60992074E+00  2.06202287E-02  1.45666182E-01  2.12186365E-03  4.25193837E-04  2.54705758E-03
  3.61092067E+00  2.07657926E-02  1.45459980E-01  2.11586058E-03  4.31218155E-04  2.54707877E-03
  3.61192060E+00  2.09111478E-02  1.45252317E-01  2.10982352E-03  4.37276089E-04  2.54709972E-03
  3.61292052E+00  2.10562963E-02  1.45043209E-01  2.10375316E-03  4.43367608E-04  2.54712068E-03
  3.61392045E+00  2.12012324E-02  1.44832641E-01  2.09764927E-03  4.49492247E-04  2.54714163E-03
  3.61492038E+00  2.13459581E-02  1.44620627E-01  2.09151278E-03  4.55649919E-04  2.54716258E-03
  3.61592031E+00  2.14904733E-02  1.44407168E-01  2.08534300E-03  4.61840449E-04  2.54718354E-03
  3.61692023E+00  2.16347724E-02  1.44192263E-01  2.07914109E-03  4.68063372E-04  2.54720449E-03
  3.61792016E+00  2.17788573E-02  1.43975914E-01  2.07290635E-03  4.74318629E-04  2.54722498E-03
  3.61892009E+00  2.19227243E-02  1.43758118E-01  2.06663972E-03  4.80605842E-04  2.54724547E-03
  3.61992002E+00  2.20663734E-02  1.43538892E-01  2.06034142E-03  4.86924837E-04  2.54726619E-03
  3.62091994E+00  2.22098026E-02  1.43318236E-01  2.05401168E-03  4.93275351E-04  2.54728692E-03
  3.62191987E+00  2.23530084E-02  1.43096134E-01  2.04765028E-03  4.99657006E-04  2.54730741E-03
  3.62291980E+00  2.24959925E-02  1.42872602E-01  2.04125815E-03  5.06069686E-04  2.54732789E-03
  3.62391973E+00  2.26387531E-02  1.42647639E-01  2.03483505E-03  5.12513157E-04  2.54734815E-03
  3.62491965E+00  2.27812864E-02  1.42421246E-01  2.02838122E-03  5.18987013E-04  2.54736817E-03
  3.62591958E+00  2.29235943E-02  1.42193437E-01  2.02189735E-03  5.25491196E-04  2.54738843E-03
  3.62691951E+00  2.30656732E-02  1.41964197E-01  2.01538345E-03  5.32025297E-04  2.54740869E-03
  3.62791944E+00  2.32075211E-02  1.41733542E-01  2.00883974E-03  5.38589025E-04  2.54742871E-03
  3.62891936E+00  2.33491398E-02  1.41501471E-01  2.00226670E-03  5.45182324E-04  2.54744897E-03
  3.62991929E+00  2.34905239E-02  1.41267985E-01  1.99566432E-03  5.51804726E-04  2.54746899E-03
  3.63091922E+00  2.36316752E-02  1.41033083E-01  1.98903307E-03  5.58456057E-04  2.54748901E-03
  3.63191915E+00  2.37725917E-02  1.40796766E-01  1.98237295E-03  5.65136143E-04  2.54750904E-03
  3.63291907E+00  2.39132699E-02  1.40559033E-01  1.97568419E-03  5.71844459E-04  2.54752859E-03
  3.63391900E+00  2.40537096E-02  1.40319899E-01  1.96896750E-03  5.78580948E-04  2.54754839E-03
  3.63491893E+00  2.41939090E-02  1.40079364E-01  1.96222286E-03  5.85345260E-04  2.54756818E-03
  3.63591886E+00  2.43338682E-02  1.39837429E-01  1.95545075E-03  5.92137163E-04  2.54758797E-03
  3.63691878E+00  2.44735852E-02  1.39594093E-01  1.94865116E-03  5.98956365E-04  2.54760752E-03
  3.63791871E+00  2.46130563E-02  1.39349356E-01  1.94182433E-03  6.05802517E-04  2.54762685E-03
  3.63891864E+00  2.47522835E-02  1.39103219E-01  1.93497061E-03  6.12675562E-04  2.54764617E-03
  3.63991857E+00  2.48912629E-02  1.38855696E-01  1.92809047E-03  6.19574974E-04  2.54766550E-03
  3.64091849E+00  2.50299945E-02  1.38606787E-01  1.92118424E-03  6.26500638E-04  2.54768482E-03
  3.64191842E+00  2.51684766E-02  1.38356492E-01  1.91425194E-03  6.33452204E-04  2.54770415E-03
  3.64291835E+00  2.53067072E-02  1.38104811E-01  1.90729392E-03  6.40429440E-04  2.54772324E-03
  3.64391828E+00  2.54446846E-02  1.37851745E-01  1.90031051E-03  6.47431996E-04  2.54774257E-03
  3.64491820E+00  2.55824104E-02  1.37597293E-01  1.89330149E-03  6.54459698E-04  2.54776119E-03
  3.64591813E+00  2.57198792E-02  1.37341470E-01  1.88626803E-03  6.61512197E-04  2.54778028E-03
  3.64691806E+00  2.58570928E-02  1.37084275E-01  1.87920989E-03  6.68589259E-04  2.54779914E-03
  3.64791799E+00  2.59940494E-02  1.36825711E-01  1.87212753E-03  6.75690593E-04  2.54781824E-03
  3.64891791E+00  2.61307452E-02  1.36565775E-01  1.86502119E-03  6.82815851E-04  2.54783710E-03
  3.64991784E+00  2.62671802E-02  1.36304468E-01  1.85789075E-03  6.89964741E-04  2.54785549E-03
  3.65091777E+00  2.64033526E-02  1.36041790E-01  1.85073691E-03  6.97137031E-04  2.54787388E-03
  3.65191770E+00  2.65392624E-02  1.35777757E-01  1.84355990E-03  7.04332429E-04  2.54789228E-03
  3.65291762E+00  2.66749077E-02  1.35512367E-01  1.83636032E-03  7.11550703E-04  2.54791090E-03
  3.65391755E+00  2.68102866E-02  1.35245621E-01  1.82913791E-03  7.18791445E-04  2.54792930E-03
  3.65491748E+00  2.69453973E-02  1.34977520E-01  1.82189315E-03  7.26054423E-04  2.54794769E-03
  3.65591741E+00  2.70802416E-02  1.34708062E-01  1.81462616E-03  7.33339461E-04  2.54796562E-03
  3.65691733E+00  2.72148140E-02  1.34437263E-01  1.80733786E-03  7.40646094E-04  2.54798401E-03
  3.65791726E+00  2.73491144E-02  1.34165108E-01  1.80002768E-03  7.47974031E-04  2.54800171E-03
  3.65891719E+00  2.74831429E-02  1.33891612E-01  1.79269630E-03  7.55323155E-04  2.54801940E-03
  3.65991712E+00  2.76168976E-02  1.33616775E-01  1.78534433E-03  7.62693060E-04  2.54803733E-03
  3.66091704E+00  2.77503766E-02  1.33340612E-01  1.77797198E-03  7.70083396E-04  2.54805526E-03
  3.66191697E+00  2.78835800E-02  1.33063108E-01  1.77057914E-03  7.77494046E-04  2.54807319E-03
  3.66291690E+00  2.80165039E-02  1.32784277E-01  1.76316651E-03  7.84924487E-04  2.54809111E-03
  3.66391683E+00  2.81491484E-02  1.32504106E-01  1.75573386E-03  7.92374543E-04  2.54810834E-03
  3.66491675E+00  2.82815117E-02  1.32222608E-01  1.74828176E-03  7.99843925E-04  2.54812557E-03
  3.66591668E+00  2.84135919E-02  1.31939799E-01  1.74081104E-03  8.07332224E-04  2.54814327E-03
  3.66691661E+00  2.85453908E-02  1.31655663E-01  1.73332135E-03  8.14839324E-04  2.54816073E-03
  3.66791654E+00  2.86769029E-02  1.31370217E-01  1.72581337E-03  8.22364760E-04  2.54817819E-03
  3.66891646E+00  2.88081300E-02  1.31083444E-01  1.71828701E-03  8.29908357E-04  2.54819542E-03
  3.66991639E+00  2.89390702E-02  1.30795360E-01  1.71074260E-03  8.37469765E-04  2.54821242E-03
  3.67091632E+00  2.90697198E-02  1.30505964E-01  1.70318072E-03  8.45048635E-04  2.54822941E-03
  3.67191625E+00  2.92000808E-02  1.30215272E-01  1.69560162E-03  8.52644735E-04  2.54824641E-03
  3.67291617E+00  2.93301512E-02  1.29923269E-01  1.68800564E-03  8.60257773E-04  2.54826341E-03
  3.67391610E+00  2.94599272E-02  1.29629970E-01  1.68039300E-03  8.67887284E-04  2.54828017E-03
  3.67491603E+00  2.95894109E-02  1.29335374E-01  1.67276396E-03  8.75533209E-04  2.54829717E-03
  3.67591596E+00  2.97185984E-02  1.29039481E-01  1.66511873E-03  8.83195084E-04  2.54831370E-03
  3.67691588E+00  2.98474897E-02  1.28742293E-01  1.65745791E-03  8.90872616E-04  2.54833046E-03
  3.67791581E+00  2.99760830E-02  1.28443822E-01  1.64978148E-03  8.98565573E-04  2.54834699E-03
  3.67891574E+00  3.01043782E-02  1.28144056E-01  1.64208992E-03  9.06273606E-04  2.54836353E-03
  3.67991567E+00  3.02323718E-02  1.27843007E-01  1.63438346E-03  9.13996308E-04  2.54837982E-03
  3.68091559E+00  3.03600635E-02  1.27540678E-01  1.62666256E-03  9.21733445E-04  2.54839612E-03
  3.68191552E+00  3.04874536E-02  1.27237082E-01  1.61892758E-03  9.29484842E-04  2.54841242E-03
  3.68291545E+00  3.06145381E-02  1.26932204E-01  1.61117839E-03  9.37249919E-04  2.54842825E-03
  3.68391538E+00  3.07413172E-02  1.26626059E-01  1.60341605E-03  9.45028558E-04  2.54844455E-03
  3.68491530E+00  3.08677889E-02  1.26318648E-01  1.59564021E-03  9.52820410E-04  2.54846062E-03
  3.68591523E+00  3.09939533E-02  1.26009971E-01  1.58785132E-03  9.60625126E-04  2.54847645E-03
  3.68691516E+00  3.11198086E-02  1.25700027E-01  1.58004963E-03  9.68442473E-04  2.54849205E-03
  3.68791509E+00  3.12453527E-02  1.25388831E-01  1.57223584E-03  9.76272044E-04  2.54850788E-03
  3.68891501E+00  3.13705839E-02  1.25076383E-01  1.56441017E-03  9.84113547E-04  2.54852371E-03
  3.68991494E+00  3.14955041E-02  1.24762677E-01  1.55657250E-03  9.91966808E-04  2.54853931E-03
  3.69091487E+00  3.16201113E-02  1.24447718E-01  1.54872355E-03  9.99831478E-04  2.54855491E-03
  3.69191480E+00  3.17444019E-02  1.24131516E-01  1.54086330E-03  1.00770709E-03  2.54857028E-03
  3.69291472E+00  3.18683721E-02  1.23814069E-01  1.53299235E-03  1.01559318E-03  2.54858565E-03
  3.69391465E+00  3.19920257E-02  1.23495385E-01  1.52511103E-03  1.02348975E-03  2.54860078E-03
  3.69491458E+00  3.21153626E-02  1.23175465E-01  1.51721947E-03  1.03139656E-03  2.54861591E-03
  3.69591451E+00  3.22383791E-02  1.22854307E-01  1.50931813E-03  1.03931304E-03  2.54863128E-03
  3.69691443E+00  3.23610716E-02  1.22531921E-01  1.50140724E-03  1.04723894E-03  2.54864618E-03
  3.69791436E+00  3.24834436E-02  1.22208312E-01  1.49348716E-03  1.05517416E-03  2.54866132E-03
  3.69891429E+00  3.26054879E-02  1.21883474E-01  1.48555811E-03  1.06311787E-03  2.54867598E-03
  3.69991422E+00  3.27272080E-02  1.21557422E-01  1.47762068E-03  1.07107009E-03  2.54869089E-03
  3.70091414E+00  3.28486003E-02  1.21230148E-01  1.46967487E-03  1.07903057E-03  2.54870532E-03
  3.70191407E+00  3.29696648E-02  1.20901659E-01  1.46172114E-03  1.08699885E-03  2.54871999E-03
  3.70291400E+00  3.30904014E-02  1.20571963E-01  1.45375985E-03  1.09497469E-03  2.54873466E-03
  3.70391393E+00  3.32108103E-02  1.20241061E-01  1.44579133E-03  1.10295787E-03  2.54874909E-03
  3.70491385E+00  3.33308838E-02  1.19908951E-01  1.43781572E-03  1.11094781E-03  2.54876353E-03
  3.70591378E+00  3.34506258E-02  1.19575642E-01  1.42983336E-03  1.11894438E-03  2.54877773E-03
  3.70691371E+00  3.35700326E-02  1.19241133E-01  1.42184482E-03  1.12694711E-03  2.54879193E-03
  3.70791364E+00  3.36891077E-02  1.18905433E-01  1.41385023E-03  1.13495602E-03  2.54880637E-03
  3.70891356E+00  3.38078439E-02  1.18568540E-01  1.40584994E-03  1.14297029E-03  2.54882034E-03
  3.70991349E+00  3.39262448E-02  1.18230462E-01  1.39784429E-03  1.15099014E-03  2.54883431E-03
  3.71091342E+00  3.40443030E-02  1.17891200E-01  1.38983352E-03  1.15901453E-03  2.54884805E-03
  3.71191335E+00  3.41620222E-02  1.17550761E-01  1.38181809E-03  1.16704381E-03  2.54886178E-03
  3.71291327E+00  3.42794023E-02  1.17209144E-01  1.37379835E-03  1.17507740E-03  2.54887575E-03
  3.71391320E+00  3.43964398E-02  1.16866350E-01  1.36577443E-03  1.18311506E-03  2.54888949E-03
  3.71491313E+00  3.45131345E-02  1.16522387E-01  1.35774666E-03  1.19115645E-03  2.54890323E-03
  3.71591306E+00  3.46294865E-02  1.16177253E-01  1.34971540E-03  1.19920133E-03  2.54891673E-03
  3.71691298E+00  3.47454920E-02  1.15830958E-01  1.34168111E-03  1.20724924E-03  2.54893024E-03
  3.71791291E+00  3.48611474E-02  1.15483500E-01  1.33364392E-03  1.21529959E-03  2.54894351E-03
  3.71891284E+00  3.49764563E-02  1.15134887E-01  1.32560427E-03  1.22335250E-03  2.54895678E-03
  3.71991277E+00  3.50914150E-02  1.14785120E-01  1.31756242E-03  1.23140740E-03  2.54896982E-03
  3.72091269E+00  3.52060236E-02  1.14434205E-01  1.30951870E-03  1.23946415E-03  2.54898285E-03
  3.72191262E+00  3.53202820E-02  1.14082143E-01  1.30147359E-03  1.24752230E-03  2.54899589E-03
  3.72291255E+00  3.54341902E-02  1.13728940E-01  1.29342719E-03  1.25558185E-03  2.54900893E-03
  3.72391248E+00  3.55477408E-02  1.13374598E-01  1.28537999E-03  1.26364187E-03  2.54902197E-03
  3.72491241E+00  3.56609374E-02  1.13019124E-01  1.27733219E-03  1.27170247E-03  2.54903454E-03
  3.72591233E+00  3.57737765E-02  1.12662517E-01  1.26928429E-03  1.27976306E-03  2.54904735E-03
  3.72691226E+00  3.58862616E-02  1.12304777E-01  1.26123638E-03  1.28782378E-03  2.54906015E-03
  3.72791219E+00  3.59983891E-02  1.11945912E-01  1.25318870E-03  1.29588402E-03  2.54907273E-03
  3.72891212E+00  3.61101553E-02  1.11585930E-01  1.24514196E-03  1.30394334E-03  2.54908530E-03
  3.72991204E+00  3.62215638E-02  1.11224830E-01  1.23709626E-03  1.31200172E-03  2.54909787E-03
  3.73091197E+00  3.63326073E-02  1.10862613E-01  1.22905185E-03  1.32005836E-03  2.54911021E-03
  3.73191190E+00  3.64432856E-02  1.10499285E-01  1.22100918E-03  1.32811302E-03  2.54912209E-03
  3.73291183E+00  3.65536027E-02  1.10134855E-01  1.21296861E-03  1.33616582E-03  2.54913443E-03
  3.73391175E+00  3.66635546E-02  1.09769322E-01  1.20493048E-03  1.34421629E-03  2.54914677E-03
  3.73491168E+00  3.67731415E-02  1.09402686E-01  1.19689479E-03  1.35226396E-03  2.54915887E-03
  3.73591161E+00  3.68823633E-02  1.09034956E-01  1.18886214E-03  1.36030873E-03  2.54917098E-03
  3.73691154E+00  3.69912125E-02  1.08666129E-01  1.18083274E-03  1.36834977E-03  2.54918262E-03
  3.73791146E+00  3.70996930E-02  1.08296216E-01  1.17280707E-03  1.37638720E-03  2.54919427E-03
  3.73891139E+00  3.72078046E-02  1.07925221E-01  1.16478535E-03  1.38442067E-03  2.54920591E-03
  3.73991132E+00  3.73155437E-02  1.07553147E-01  1.15676795E-03  1.39244983E-03  2.54921778E-03
  3.74091125E+00  3.74229103E-02  1.07179992E-01  1.14875508E-03  1.40047423E-03  2.54922919E-03
  3.74191117E+00  3.75299044E-02  1.06805764E-01  1.14074710E-03  1.40849373E-03  2.54924083E-03
  3.74291110E+00  3.76365222E-02  1.06430463E-01  1.13274436E-03  1.41650776E-03  2.54925201E-03
  3.74391103E+00  3.77427638E-02  1.06054097E-01  1.12474721E-03  1.42451620E-03  2.54926342E-03
  3.74491096E+00  3.78486291E-02  1.05676673E-01  1.11675588E-03  1.43251871E-03  2.54927459E-03
  3.74591088E+00  3.79541144E-02  1.05298184E-01  1.10877072E-03  1.44051481E-03  2.54928553E-03
  3.74691081E+00  3.80592234E-02  1.04918644E-01  1.10079220E-03  1.44850451E-03  2.54929671E-03
  3.74791074E+00  3.81639525E-02  1.04538053E-01  1.09282043E-03  1.45648723E-03  2.54930765E-03
  3.74891067E+00  3.82683016E-02  1.04156412E-01  1.08485587E-03  1.46446296E-03  2.54931883E-03
  3.74991059E+00  3.83722670E-02  1.03773728E-01  1.07689865E-03  1.47243089E-03  2.54932954E-03
  3.75091052E+00  3.84758487E-02  1.03390008E-01  1.06894947E-03  1.48039090E-03  2.54934048E-03
  3.75191045E+00  3.85790467E-02  1.03005253E-01  1.06100820E-03  1.48834288E-03  2.54935119E-03
  3.75291038E+00  3.86818573E-02  1.02619462E-01  1.05307542E-03  1.49628613E-03  2.54936144E-03
  3.75391030E+00  3.87842841E-02  1.02232642E-01  1.04515138E-03  1.50422065E-03  2.54937215E-03
  3.75491023E+00  3.88863236E-02  1.01844802E-01  1.03723642E-03  1.51214621E-03  2.54938263E-03
  3.75591016E+00  3.89879756E-02  1.01455942E-01  1.02933077E-03  1.52006221E-03  2.54939310E-03
  3.75691009E+00  3.90892364E-02  1.01066060E-01  1.02143490E-03  1.52796844E-03  2.54940335E-03
  3.75791001E+00  3.91901098E-02  1.00675166E-01  1.01354893E-03  1.53586466E-03  2.54941359E-03
  3.75890994E+00  3.92905883E-02  1.00283265E-01  1.00567332E-03  1.54375029E-03  2.54942360E-03
  3.75990987E+00  3.93906757E-02  9.98903587E-02  9.97808413E-04  1.55162532E-03  2.54943362E-03
  3.76090980E+00  3.94903682E-02  9.94964540E-02  9.89954453E-04  1.55948917E-03  2.54944363E-03
  3.76190972E+00  3.95896658E-02  9.91015509E-02  9.82111669E-04  1.56734162E-03  2.54945317E-03
  3.76290965E+00  3.96885686E-02  9.87056568E-02  9.74280701E-04  1.57518242E-03  2.54946318E-03
  3.76390958E+00  3.97870764E-02  9.83087718E-02  9.66461492E-04  1.58301147E-03  2.54947296E-03
  3.76490951E+00  3.98851894E-02  9.79109034E-02  9.58654506E-04  1.59082829E-03  2.54948274E-03
  3.76590943E+00  3.99829000E-02  9.75120515E-02  9.50860034E-04  1.59863231E-03  2.54949229E-03
  3.76690936E+00  4.00802121E-02  9.71122235E-02  9.43078368E-04  1.60642341E-03  2.54950183E-03
  3.76790929E+00  4.01771218E-02  9.67114195E-02  9.35309858E-04  1.61420112E-03  2.54951091E-03
  3.76890922E+00  4.02736329E-02  9.63096470E-02  9.27554851E-04  1.62196555E-03  2.54952046E-03
  3.76990914E+00  4.03697416E-02  9.59069133E-02  9.19813581E-04  1.62971602E-03  2.54952954E-03
  3.77090907E+00  4.04654481E-02  9.55032185E-02  9.12086514E-04  1.63745251E-03  2.54953909E-03
  3.77190900E+00  4.05607484E-02  9.50985625E-02  9.04373650E-04  1.64517434E-03  2.54954793E-03
  3.77290893E+00  4.06556465E-02  9.46929529E-02  8.96675512E-04  1.65288162E-03  2.54955702E-03
  3.77390885E+00  4.07501347E-02  9.42863971E-02  8.88992508E-04  1.66057353E-03  2.54956610E-03
  3.77490878E+00  4.08442169E-02  9.38788950E-02  8.81324697E-04  1.66825007E-03  2.54957471E-03
  3.77590871E+00  4.09378894E-02  9.34704542E-02  8.73672601E-04  1.67591078E-03  2.54958333E-03
  3.77690864E+00  4.10311557E-02  9.30610746E-02  8.66036396E-04  1.68355578E-03  2.54959217E-03
  3.77790856E+00  4.11240123E-02  9.26507637E-02  8.58416432E-04  1.69118436E-03  2.54960079E-03
  3.77890849E+00  4.12164591E-02  9.22395214E-02  8.50812939E-04  1.69879652E-03  2.54960940E-03
  3.77990842E+00  4.13084924E-02  9.18273553E-02  8.43226386E-04  1.70639157E-03  2.54961802E-03
  3.78090835E+00  4.14001159E-02  9.14142728E-02  8.35656945E-04  1.71396963E-03  2.54962663E-03
  3.78190827E+00  4.14913222E-02  9.10002738E-02  8.28105025E-04  1.72152987E-03  2.54963478E-03
  3.78290820E+00  4.15821150E-02  9.05853584E-02  8.20570742E-04  1.72907230E-03  2.54964316E-03
  3.78390813E+00  4.16724905E-02  9.01695341E-02  8.13054503E-04  1.73659646E-03  2.54965108E-03
  3.78490806E+00  4.17624526E-02  8.97528082E-02  8.05556716E-04  1.74410245E-03  2.54965923E-03
  3.78590798E+00  4.18519974E-02  8.93351808E-02  7.98077439E-04  1.75158971E-03  2.54966714E-03
  3.78690791E+00  4.19411249E-02  8.89166594E-02  7.90617254E-04  1.75905798E-03  2.54967529E-03
  3.78790784E+00  4.20298316E-02  8.84972513E-02  7.83176336E-04  1.76650670E-03  2.54968298E-03
  3.78890777E+00  4.21181209E-02  8.80769566E-02  7.75755034E-04  1.77393609E-03  2.54969113E-03
  3.78990769E+00  4.22059856E-02  8.76557752E-02  7.68353522E-04  1.78134523E-03  2.54969881E-03
  3.79090762E+00  4.22934294E-02  8.72337148E-02  7.60972092E-04  1.78873423E-03  2.54970626E-03
  3.79190755E+00  4.23804522E-02  8.68107826E-02  7.53611210E-04  1.79610273E-03  2.54971394E-03
  3.79290748E+00  4.24670503E-02  8.63869786E-02  7.46271049E-04  1.80345040E-03  2.54972139E-03
  3.79390740E+00  4.25532237E-02  8.59623104E-02  7.38951901E-04  1.81077688E-03  2.54972884E-03
  3.79490733E+00  4.26389724E-02  8.55367780E-02  7.31654058E-04  1.81808195E-03  2.54973606E-03
  3.79590726E+00  4.27242965E-02  8.51103887E-02  7.24377809E-04  1.82536547E-03  2.54974328E-03
  3.79690719E+00  4.28091958E-02  8.46831426E-02  7.17123447E-04  1.83262723E-03  2.54975073E-03
  3.79790711E+00  4.28936668E-02  8.42550471E-02  7.09891319E-04  1.83986663E-03  2.54975795E-03
  3.79890704E+00  4.29777056E-02  8.38261098E-02  7.02681660E-04  1.84708321E-03  2.54976493E-03
  3.79990697E+00  4.30613160E-02  8.33963305E-02  6.95494819E-04  1.85427698E-03  2.54977169E-03
  3.80090690E+00  4.31444980E-02  8.29657167E-02  6.88331027E-04  1.86144770E-03  2.54977867E-03
  3.80190682E+00  4.32272479E-02  8.25342685E-02  6.81190577E-04  1.86859490E-03  2.54978542E-03
  3.80290675E+00  4.33095656E-02  8.21019933E-02  6.74073759E-04  1.87571847E-03  2.54979217E-03
  3.80390668E+00  4.33914512E-02  8.16688985E-02  6.66980923E-04  1.88281806E-03  2.54979893E-03
  3.80490661E+00  4.34729047E-02  8.12349841E-02  6.59912301E-04  1.88989344E-03  2.54980568E-03
  3.80590653E+00  4.35539223E-02  8.08002576E-02  6.52868184E-04  1.89694413E-03  2.54981220E-03
  3.80690646E+00  4.36345078E-02  8.03647190E-02  6.45848864E-04  1.90397026E-03  2.54981918E-03
  3.80790639E+00  4.37146537E-02  7.99283758E-02  6.38854515E-04  1.91097090E-03  2.54982547E-03
  3.80890632E+00  4.37943637E-02  7.94912279E-02  6.31885545E-04  1.91794627E-03  2.54983176E-03
  3.80990624E+00  4.38736342E-02  7.90532827E-02  6.24942186E-04  1.92489580E-03  2.54983804E-03
  3.81090617E+00  4.39524688E-02  7.86145478E-02  6.18024729E-04  1.93181948E-03  2.54984433E-03
  3.81190610E+00  4.40308638E-02  7.81750232E-02  6.11133408E-04  1.93871697E-03  2.54985038E-03
  3.81290603E+00  4.41088192E-02  7.77347162E-02  6.04268629E-04  1.94558792E-03  2.54985644E-03
  3.81390595E+00  4.41863351E-02  7.72936270E-02  5.97430510E-04  1.95243221E-03  2.54986272E-03
  3.81490588E+00  4.42634076E-02  7.68517628E-02  5.90619340E-04  1.95924914E-03  2.54986854E-03
  3.81590581E+00  4.43400405E-02  7.64091313E-02  5.83835586E-04  1.96603918E-03  2.54987483E-03
  3.81690574E+00  4.44162264E-02  7.59657323E-02  5.77079307E-04  1.97280128E-03  2.54988065E-03
  3.81790566E+00  4.44919690E-02  7.55215734E-02  5.70350792E-04  1.97953521E-03  2.54988600E-03
  3.81890559E+00  4.45672683E-02  7.50766546E-02  5.63650392E-04  1.98624143E-03  2.54989183E-03
  3.81990552E+00  4.46421206E-02  7.46309832E-02  5.56978339E-04  1.99291902E-03  2.54989741E-03
  3.82090545E+00  4.47165295E-02  7.41845593E-02  5.50334924E-04  1.99956796E-03  2.54990300E-03
  3.82190537E+00  4.47904915E-02  7.37373903E-02  5.43720264E-04  2.00618804E-03  2.54990836E-03
  3.82290530E+00  4.48640063E-02  7.32894838E-02  5.37134882E-04  2.01277900E-03  2.54991394E-03
  3.82390523E+00  4.49370705E-02  7.28408471E-02  5.30578895E-04  2.01934041E-03  2.54991930E-03
  3.82490516E+00  4.50096875E-02  7.23914728E-02  5.24052535E-04  2.02587200E-03  2.54992442E-03
  3.82590508E+00  4.50818539E-02  7.19413757E-02  5.17556153E-04  2.03237357E-03  2.54992978E-03
  3.82690501E+00  4.51535694E-02  7.14905560E-02  5.11089980E-04  2.03884486E-03  2.54993490E-03
  3.82790494E+00  4.52248342E-02  7.10390210E-02  5.04654308E-04  2.04528566E-03  2.54994002E-03
  3.82890487E+00  4.52956446E-02  7.05867708E-02  4.98249254E-04  2.05169548E-03  2.54994468E-03
  3.82990479E+00  4.53660041E-02  7.01338127E-02  4.91875166E-04  2.05807434E-03  2.54994957E-03
  3.83090472E+00  4.54359092E-02  6.96801543E-02  4.85532422E-04  2.06442177E-03  2.54995422E-03
  3.83190465E+00  4.55053635E-02  6.92257956E-02  4.79221082E-04  2.07073800E-03  2.54995911E-03
  3.83290458E+00  4.55743633E-02  6.87707439E-02  4.72941523E-04  2.07702257E-03  2.54996400E-03
  3.83390450E+00  4.56429087E-02  6.83149993E-02  4.66693891E-04  2.08327500E-03  2.54996889E-03
  3.83490443E+00  4.57109958E-02  6.78585693E-02  4.60478535E-04  2.08949507E-03  2.54997355E-03
  3.83590436E+00  4.57786284E-02  6.74014613E-02  4.54295718E-04  2.09568278E-03  2.54997844E-03
  3.83690429E+00  4.58458029E-02  6.69436753E-02  4.48145584E-04  2.10183766E-03  2.54998333E-03
  3.83790421E+00  4.59125154E-02  6.64852187E-02  4.42028424E-04  2.10795901E-03  2.54998752E-03
  3.83890414E+00  4.59787697E-02  6.60260916E-02  4.35944472E-04  2.11404730E-03  2.54999171E-03
  3.83990407E+00  4.60445657E-02  6.55663013E-02  4.29893989E-04  2.12010206E-03  2.54999613E-03
  3.84090400E+00  4.61098999E-02  6.51058555E-02  4.23877238E-04  2.12612282E-03  2.55000009E-03
  3.84190392E+00  4.61747758E-02  6.46447539E-02  4.17894422E-04  2.13210983E-03  2.55000428E-03
  3.84290385E+00  4.62391898E-02  6.41830042E-02  4.11945832E-04  2.13806261E-03  2.55000847E-03
  3.84390378E+00  4.63031419E-02  6.37206137E-02  4.06031701E-04  2.14398094E-03  2.55001266E-03
  3.84490371E+00  4.63666320E-02  6.32575825E-02  4.00152203E-04  2.14986457E-03  2.55001686E-03
  3.84590364E+00  4.64296602E-02  6.27939180E-02  3.94307630E-04  2.15571327E-03  2.55002081E-03
  3.84690356E+00  4.64922227E-02  6.23296201E-02  3.88498156E-04  2.16152682E-03  2.55002500E-03
  3.84790349E+00  4.65543196E-02  6.18646964E-02  3.82724073E-04  2.16730474E-03  2.55002873E-03
  3.84890342E+00  4.66159545E-02  6.13991544E-02  3.76985612E-04  2.17304728E-03  2.55003292E-03
  3.84990335E+00  4.66771200E-02  6.09329939E-02  3.71282978E-04  2.17875349E-03  2.55003641E-03
  3.85090327E+00  4.67378199E-02  6.04662225E-02  3.65616404E-04  2.18442385E-03  2.55004037E-03
  3.85190320E+00  4.67980504E-02  5.99988438E-02  3.59986123E-04  2.19005742E-03  2.55004363E-03
  3.85290313E+00  4.68578152E-02  5.95308617E-02  3.54392338E-04  2.19565490E-03  2.55004736E-03
  3.85390306E+00  4.69171107E-02  5.90622835E-02  3.48835340E-04  2.20121536E-03  2.55005062E-03
  3.85490298E+00  4.69759367E-02  5.85931130E-02  3.43315274E-04  2.20673857E-03  2.55005388E-03
  3.85590291E+00  4.70342934E-02  5.81233539E-02  3.37832433E-04  2.21222476E-03  2.55005714E-03
  3.85690284E+00  4.70921807E-02  5.76530099E-02  3.32386961E-04  2.21767346E-03  2.55006040E-03
  3.85790277E+00  4.71495986E-02  5.71820885E-02  3.26979120E-04  2.22308468E-03  2.55006389E-03
  3.85890269E+00  4.72065471E-02  5.67105934E-02  3.21609143E-04  2.22845818E-03  2.55006738E-03
  3.85990262E+00  4.72630225E-02  5.62385283E-02  3.16277234E-04  2.23379326E-03  2.55007041E-03
  3.86090255E+00  4.73190248E-02  5.57658970E-02  3.10983538E-04  2.23909016E-03  2.55007367E-03
  3.86190248E+00  4.73745540E-02  5.52927069E-02  3.05728347E-04  2.24434840E-03  2.55007669E-03
  3.86290240E+00  4.74296100E-02  5.48189618E-02  3.00511863E-04  2.24956800E-03  2.55007995E-03
  3.86390233E+00  4.74841893E-02  5.43446653E-02  2.95334263E-04  2.25474825E-03  2.55008251E-03
  3.86490226E+00  4.75382954E-02  5.38698249E-02  2.90195807E-04  2.25988962E-03  2.55008554E-03
  3.86590219E+00  4.75919284E-02  5.33944406E-02  2.85096641E-04  2.26499164E-03  2.55008833E-03
  3.86690211E+00  4.76450846E-02  5.29185198E-02  2.80036969E-04  2.27005407E-03  2.55009113E-03
  3.86790204E+00  4.76977639E-02  5.24420701E-02  2.75017082E-04  2.27507669E-03  2.55009369E-03
  3.86890197E+00  4.77499664E-02  5.19650914E-02  2.70037068E-04  2.28005927E-03  2.55009625E-03
  3.86990190E+00  4.78016920E-02  5.14875911E-02  2.65097216E-04  2.28500180E-03  2.55009905E-03
  3.87090182E+00  4.78529409E-02  5.10095730E-02  2.60197645E-04  2.28990405E-03  2.55010161E-03
  3.87190175E+00  4.79037128E-02  5.05310446E-02  2.55338644E-04  2.29476579E-03  2.55010440E-03
  3.87290168E+00  4.79540043E-02  5.00520058E-02  2.50520330E-04  2.29958654E-03  2.55010696E-03
  3.87390161E+00  4.80038188E-02  4.95724641E-02  2.45742936E-04  2.30436656E-03  2.55010952E-03
  3.87490153E+00  4.80531529E-02  4.90924269E-02  2.41006637E-04  2.30910559E-03  2.55011232E-03
  3.87590146E+00  4.81020063E-02  4.86118942E-02  2.36311622E-04  2.31380295E-03  2.55011464E-03
  3.87690139E+00  4.81503755E-02  4.81308736E-02  2.31658109E-04  2.31845863E-03  2.55011674E-03
  3.87790132E+00  4.81982641E-02  4.76493686E-02  2.27046228E-04  2.32307264E-03  2.55011884E-03
  3.87890124E+00  4.82456721E-02  4.71673869E-02  2.22476243E-04  2.32764496E-03  2.55012116E-03
  3.87990117E+00  4.82925959E-02  4.66849320E-02  2.17948298E-04  2.33217492E-03  2.55012326E-03
  3.88090110E+00  4.83390391E-02  4.62020077E-02  2.13462554E-04  2.33666273E-03  2.55012535E-03
  3.88190103E+00  4.83849980E-02  4.57186177E-02  2.09019199E-04  2.34110793E-03  2.55012722E-03
  3.88290095E+00  4.84304726E-02  4.52347696E-02  2.04618438E-04  2.34551076E-03  2.55012931E-03
  3.88390088E+00  4.84754667E-02  4.47504632E-02  2.00260416E-04  2.34987098E-03  2.55013141E-03
  3.88490081E+00  4.85199764E-02  4.42657098E-02  1.95945307E-04  2.35418812E-03  2.55013350E-03
  3.88590074E+00  4.85639982E-02  4.37805094E-02  1.91673302E-04  2.35846196E-03  2.55013537E-03
  3.88690066E+00  4.86075357E-02  4.32948694E-02  1.87444573E-04  2.36269250E-03  2.55013700E-03
  3.88790059E+00  4.86505888E-02  4.28087935E-02  1.83259282E-04  2.36687972E-03  2.55013909E-03
  3.88890052E+00  4.86931540E-02  4.23222892E-02  1.79117618E-04  2.37102318E-03  2.55014072E-03
  3.88990045E+00  4.87352349E-02  4.18353565E-02  1.75019712E-04  2.37512309E-03  2.55014282E-03
  3.89090037E+00  4.87768278E-02  4.13480029E-02  1.70965737E-04  2.37917900E-03  2.55014468E-03
  3.89190030E+00  4.88179326E-02  4.08602357E-02  1.66955884E-04  2.38319044E-03  2.55014631E-03
  3.89290023E+00  4.88585457E-02  4.03720550E-02  1.62990284E-04  2.38715741E-03  2.55014771E-03
  3.89390016E+00  4.88986708E-02  3.98834683E-02  1.59069110E-04  2.39107991E-03  2.55014910E-03
  3.89490008E+00  4.89383079E-02  3.93944830E-02  1.55192538E-04  2.39495793E-03  2.55015050E-03
  3.89590001E+00  4.89774570E-02  3.89050990E-02  1.51360684E-04  2.39879126E-03  2.55015190E-03
  3.89689994E+00  4.90161180E-02  3.84153239E-02  1.47573708E-04  2.40257988E-03  2.55015353E-03
  3.89789987E+00  4.90542874E-02  3.79251614E-02  1.43831785E-04  2.40632310E-03  2.55015492E-03
  3.89889979E+00  4.90919650E-02  3.74346189E-02  1.40135075E-04  2.41002091E-03  2.55015609E-03
  3.89989972E+00  4.91291545E-02  3.69437002E-02  1.36483693E-04  2.41367379E-03  2.55015749E-03
  3.90089965E+00  4.91658524E-02  3.64524089E-02  1.32877816E-04  2.41728104E-03  2.55015888E-03
  3.90189958E+00  4.92020585E-02  3.59607488E-02  1.29317559E-04  2.42084265E-03  2.55016028E-03
  3.90289950E+00  4.92377728E-02  3.54687274E-02  1.25803068E-04  2.42435816E-03  2.55016121E-03
  3.90389943E+00  4.92729954E-02  3.49763483E-02  1.22334503E-04  2.42782803E-03  2.55016261E-03
  3.90489936E+00  4.93077263E-02  3.44836190E-02  1.18912001E-04  2.43125181E-03  2.55016377E-03
  3.90589929E+00  4.93419655E-02  3.39905433E-02  1.15535702E-04  2.43462948E-03  2.55016517E-03
  3.90689921E+00  4.93757091E-02  3.34971249E-02  1.12205737E-04  2.43796059E-03  2.55016633E-03
  3.90789914E+00  4.94089611E-02  3.30033675E-02  1.08922228E-04  2.44124536E-03  2.55016750E-03
  3.90889907E+00  4.94417176E-02  3.25092785E-02  1.05685322E-04  2.44448334E-03  2.55016866E-03
  3.90989900E+00  4.94739823E-02  3.20148617E-02  1.02495134E-04  2.44767498E-03  2.55017006E-03
  3.91089892E+00  4.95057516E-02  3.15201208E-02  9.93518042E-05  2.45081936E-03  2.55017122E-03
  3.91189885E+00  4.95370254E-02  3.10250632E-02  9.62554550E-05  2.45391694E-03  2.55017239E-03
  3.91289878E+00  4.95678037E-02  3.05296928E-02  9.32062176E-05  2.45696725E-03  2.55017355E-03
  3.91389871E+00  4.95980829E-02  3.00340150E-02  9.02042011E-05  2.45996984E-03  2.55017402E-03
  3.91489863E+00  4.96278666E-02  2.95380335E-02  8.72495439E-05  2.46292516E-03  2.55017471E-03
  3.91589856E+00  4.96571548E-02  2.90417541E-02  8.43423477E-05  2.46583298E-03  2.55017541E-03
  3.91689849E+00  4.96859476E-02  2.85451822E-02  8.14827436E-05  2.46869330E-03  2.55017611E-03
  3.91789842E+00  4.97142449E-02  2.80483235E-02  7.86708479E-05  2.47150613E-03  2.55017704E-03
  3.91889834E+00  4.97420430E-02  2.75511816E-02  7.59067625E-05  2.47427076E-03  2.55017751E-03
  3.91989827E+00  4.97693457E-02  2.70537604E-02  7.31905966E-05  2.47698766E-03  2.55017821E-03
  3.92089820E+00  4.97961491E-02  2.65560672E-02  7.05224738E-05  2.47965637E-03  2.55017891E-03
  3.92189813E+00  4.98224571E-02  2.60581058E-02  6.79024888E-05  2.48227734E-03  2.55017984E-03
  3.92289805E+00  4.98482659E-02  2.55598817E-02  6.53307579E-05  2.48484965E-03  2.55018030E-03
  3.92389798E+00  4.98735756E-02  2.50613987E-02  6.28073685E-05  2.48737354E-03  2.55018100E-03
  3.92489791E+00  4.98983860E-02  2.45626625E-02  6.03324406E-05  2.48984899E-03  2.55018147E-03
  3.92589784E+00  4.99226972E-02  2.40636785E-02  5.79060652E-05  2.49227579E-03  2.55018193E-03
  3.92689776E+00  4.99465130E-02  2.35644523E-02  5.55283405E-05  2.49465415E-03  2.55018240E-03
  3.92789769E+00  4.99698296E-02  2.30649877E-02  5.31993646E-05  2.49698386E-03  2.55018333E-03
  3.92889762E+00  4.99926433E-02  2.25652903E-02  5.09192359E-05  2.49926443E-03  2.55018356E-03
  3.92989755E+00  5.00149578E-02  2.20653638E-02  4.86880272E-05  2.50149611E-03  2.55018403E-03
  3.93089747E+00  5.00367731E-02  2.15652138E-02  4.65058474E-05  2.50367867E-03  2.55018449E-03
  3.93189740E+00  5.00580892E-02  2.10648458E-02  4.43727731E-05  2.50581233E-03  2.55018519E-03
  3.93289733E+00  5.00789061E-02  2.05642655E-02  4.22889025E-05  2.50789686E-03  2.55018566E-03
  3.93389726E+00  5.00992201E-02  2.00634766E-02  4.02543083E-05  2.50993180E-03  2.55018612E-03
  3.93489718E+00  5.01190349E-02  1.95624847E-02  3.82690814E-05  2.51191761E-03  2.55018659E-03
  3.93589711E+00  5.01383469E-02  1.90612935E-02  3.63332911E-05  2.51385383E-03  2.55018706E-03
  3.93689704E+00  5.01571596E-02  1.85599104E-02  3.44470282E-05  2.51574069E-03  2.55018775E-03
  3.93789697E+00  5.01754694E-02  1.80583391E-02  3.26103618E-05  2.51757773E-03  2.55018799E-03
  3.93889689E+00  5.01932763E-02  1.75565835E-02  3.08233648E-05  2.51936493E-03  2.55018822E-03
  3.93989682E+00  5.02105840E-02  1.70546509E-02  2.90861117E-05  2.52110278E-03  2.55018892E-03
  3.94089675E+00  5.02273887E-02  1.65525451E-02  2.73986752E-05  2.52279057E-03  2.55018915E-03
  3.94189668E+00  5.02436906E-02  1.60502717E-02  2.57611227E-05  2.52442854E-03  2.55018962E-03
  3.94289660E+00  5.02594896E-02  1.55478343E-02  2.41735161E-05  2.52601621E-03  2.55018962E-03
  3.94389653E+00  5.02747893E-02  1.50452396E-02  2.26359243E-05  2.52755452E-03  2.55019055E-03
  3.94489646E+00  5.02895862E-02  1.45424921E-02  2.11484075E-05  2.52904254E-03  2.55019101E-03
  3.94589639E+00  5.03038801E-02  1.40395965E-02  1.97110276E-05  2.53048027E-03  2.55019125E-03
  3.94689631E+00  5.03176674E-02  1.35365576E-02  1.83238390E-05  2.53186771E-03  2.55019148E-03
  3.94789624E+00  5.03309518E-02  1.30333807E-02  1.69869018E-05  2.53320462E-03  2.55019148E-03
  3.94889617E+00  5.03437333E-02  1.25300717E-02  1.57002705E-05  2.53449148E-03  2.55019171E-03
  3.94989610E+00  5.03560118E-02  1.20266341E-02  1.44639926E-05  2.53572804E-03  2.55019194E-03
  3.95089602E+00  5.03677838E-02  1.15230735E-02  1.32781224E-05  2.53691361E-03  2.55019171E-03
  3.95189595E+00  5.03790528E-02  1.10193957E-02  1.21427083E-05  2.53804890E-03  2.55019171E-03
  3.95289588E+00  5.03898188E-02  1.05156051E-02  1.10577957E-05  2.53913389E-03  2.55019171E-03
  3.95389581E+00  5.04000820E-02  1.00117065E-02  1.00234274E-05  2.54016835E-03  2.55019171E-03
  3.95489573E+00  5.04098386E-02  9.50770546E-03  9.03964610E-06  2.54115183E-03  2.55019148E-03
  3.95589566E+00  5.04190922E-02  9.00360662E-03  8.10649271E-06  2.54208478E-03  2.55019125E-03
  3.95689559E+00  5.04278429E-02  8.49941559E-03  7.22400682E-06  2.54296744E-03  2.55019148E-03
  3.95789552E+00  5.04360907E-02  7.99513701E-03  6.39222117E-06  2.54379935E-03  2.55019148E-03
  3.95889544E+00  5.04438318E-02  7.49077601E-03  5.61117258E-06  2.54458026E-03  2.55019148E-03
  3.95989537E+00  5.04510701E-02  6.98633771E-03  4.88089154E-06  2.54531042E-03  2.55019125E-03
  3.96089530E+00  5.04578017E-02  6.48182724E-03  4.20140850E-06  2.54598982E-03  2.55019125E-03
  3.96189523E+00  5.04640304E-02  5.97724924E-03  3.57275098E-06  2.54661846E-03  2.55019125E-03
  3.96289515E+00  5.04697561E-02  5.47260884E-03  2.99494491E-06  2.54719635E-03  2.55019125E-03
  3.96389508E+00  5.04749753E-02  4.96791117E-03  2.46801415E-06  2.54772324E-03  2.55019125E-03
  3.96489501E+00  5.04796915E-02  4.46316134E-03  1.99198098E-06  2.54819915E-03  2.55019101E-03
  3.96589494E+00  5.04839011E-02  3.95836448E-03  1.56686497E-06  2.54862430E-03  2.55019125E-03
  3.96689487E+00  5.04876077E-02  3.45352548E-03  1.19268384E-06  2.54899845E-03  2.55019125E-03
  3.96789479E+00  5.04908077E-02  2.94864946E-03  8.69453402E-07  2.54932162E-03  2.55019101E-03
  3.96889472E+00  5.04935049E-02  2.44374131E-03  5.97187125E-07  2.54959404E-03  2.55019125E-03
  3.96989465E+00  5.04956953E-02  1.93880626E-03  3.75896974E-07  2.54981522E-03  2.55019101E-03
  3.97089458E+00  5.04973792E-02  1.43384933E-03  2.05592400E-07  2.54998519E-03  2.55019078E-03
  3.97189450E+00  5.04985601E-02  9.28875525E-04  8.62809699E-08  2.55010463E-03  2.55019101E-03
  3.97289443E+00  5.04992343E-02  4.23889956E-04  1.79682704E-08  2.55017262E-03  2.55019055E-03
  3.97389436E+00  5.04994057E-02 -8.11024220E-05  6.57760291E-10  2.55019008E-03  2.55019078E-03
  3.97489429E+00  5.04990704E-02 -5.86096488E-04  3.43509114E-08  2.55015609E-03  2.55019055E-03
  3.97589421E+00  5.04982322E-02 -1.09108724E-03  1.19047137E-07  2.55007157E-03  2.55019055E-03
  3.97689414E+00  5.04968874E-02 -1.59606966E-03  2.54743838E-07  2.54993560E-03  2.55019031E-03
  3.97789407E+00  5.04950397E-02 -2.10103858E-03  4.41436299E-07  2.54974910E-03  2.55019055E-03
  3.97889400E+00  5.04926853E-02 -2.60598911E-03  6.79117932E-07  2.54951138E-03  2.55019055E-03
  3.97989392E+00  5.04898243E-02 -3.11091589E-03  9.67779783E-07  2.54922244E-03  2.55019031E-03
  3.98089385E+00  5.04864603E-02 -3.61581426E-03  1.30741125E-06  2.54888274E-03  2.55019008E-03
  3.98189378E+00  5.04825898E-02 -4.12067864E-03  1.69799932E-06  2.54849182E-03  2.55018985E-03
  3.98289371E+00  5.04782163E-02 -4.62550437E-03  2.13952899E-06  2.54805037E-03  2.55018985E-03
  3.98389363E+00  5.04733361E-02 -5.13028633E-03  2.63198376E-06  2.54755770E-03  2.55018962E-03
  3.98489356E+00  5.04679531E-02 -5.63501986E-03  3.17534500E-06  2.54701427E-03  2.55018962E-03
  3.98589349E+00  5.04620634E-02 -6.13969937E-03  3.76959065E-06  2.54641986E-03  2.55018938E-03
  3.98689342E+00  5.04556708E-02 -6.64432021E-03  4.41469911E-06  2.54577468E-03  2.55018938E-03
  3.98789334E+00  5.04487716E-02 -7.14887679E-03  5.11064400E-06  2.54507852E-03  2.55018915E-03
  3.98889327E+00  5.04413694E-02 -7.65336445E-03  5.85739872E-06  2.54433183E-03  2.55018915E-03
  3.98989320E+00  5.04334643E-02 -8.15777853E-03  6.65493508E-06  2.54353439E-03  2.55018938E-03
  3.99089313E+00  5.04250526E-02 -8.66211299E-03  7.50321988E-06  2.54268595E-03  2.55018915E-03
  3.99189305E+00  5.04161380E-02 -9.16636363E-03  8.40222219E-06  2.54178699E-03  2.55018915E-03
  3.99289298E+00  5.04067168E-02 -9.67052486E-03  9.35190565E-06  2.54083704E-03  2.55018892E-03
  3.99389291E+00  5.03967926E-02 -1.01745920E-02  1.03522325E-05  2.53983680E-03  2.55018892E-03
  3.99489284E+00  5.03863655E-02 -1.06785595E-02  1.14031636E-05  2.53878580E-03  2.55018892E-03
  3.99589276E+00  5.03754318E-02 -1.11824237E-02  1.25046599E-05  2.53768405E-03  2.55018868E-03
  3.99689269E+00  5.03639951E-02 -1.16861779E-02  1.36566759E-05  2.53653200E-03  2.55018868E-03
  3.99789262E+00  5.03520556E-02 -1.21898176E-02  1.48591662E-05  2.53532943E-03  2.55018868E-03
  3.99889255E+00  5.03396131E-02 -1.26933381E-02  1.61120824E-05  2.53407657E-03  2.55018868E-03
  3.99989247E+00  5.03266677E-02 -1.31967347E-02  1.74153811E-05  2.53277342E-03  2.55018868E-03
  4.00089264E+00  5.03132194E-02 -1.37000009E-02  1.87690021E-05  2.53141997E-03  2.55018892E-03
  4.00189257E+00  5.02992645E-02 -1.42031331E-02  2.01728999E-05  2.53001601E-03  2.55018892E-03
  4.00289249E+00  5.02848066E-02 -1.47061255E-02  2.16270128E-05  2.52856174E-03  2.55018868E-03
  4.00389242E+00  5.02698496E-02 -1.52089735E-02  2.31312879E-05  2.52705789E-03  2.55018915E-03
  4.00489235E+00  5.02543896E-02 -1.57116726E-02  2.46856653E-05  2.52550375E-03  2.55018938E-03
  4.00589228E+00  5.02384268E-02 -1.62142161E-02  2.62900812E-05  2.52389954E-03  2.55018962E-03
  4.00689220E+00  5.02219647E-02 -1.67165995E-02  2.79444703E-05  2.52224575E-03  2.55019031E-03
  4.00789213E+00  5.02049997E-02 -1.72188189E-02  2.96487742E-05  2.52054189E-03  2.55019078E-03
  4.00889206E+00  5.01875319E-02 -1.77208688E-02  3.14029203E-05  2.51878845E-03  2.55019148E-03
  4.00989199E+00  5.01695611E-02 -1.82227436E-02  3.32068412E-05  2.51698494E-03  2.55019171E-03
  4.01089191E+00  5.01510873E-02 -1.87244397E-02  3.50604641E-05  2.51513161E-03  2.55019218E-03
  4.01189184E+00  5.01321144E-02 -1.92259513E-02  3.69637237E-05  2.51322892E-03  2.55019264E-03
  4.01289177E+00  5.01126386E-02 -1.97272729E-02  3.89165325E-05  2.51127663E-03  2.55019311E-03
  4.01389170E+00  5.00926636E-02 -2.02283990E-02  4.09188142E-05  2.50927499E-03  2.55019381E-03
  4.01489162E+00  5.00721857E-02 -2.07293257E-02  4.29704924E-05  2.50722375E-03  2.55019427E-03
  4.01589155E+00  5.00512086E-02 -2.12300476E-02  4.50714942E-05  2.50512338E-03  2.55019497E-03
  4.01689148E+00  5.00297286E-02 -2.17305589E-02  4.72217180E-05  2.50297366E-03  2.55019544E-03
  4.01789141E+00  5.00077493E-02 -2.22308561E-02  4.94210981E-05  2.50077504E-03  2.55019614E-03
  4.01889133E+00  4.99852672E-02 -2.27309335E-02  5.16695327E-05  2.49852682E-03  2.55019637E-03
  4.01989126E+00  4.99622859E-02 -2.32307855E-02  5.39669418E-05  2.49622995E-03  2.55019683E-03
  4.02089119E+00  4.99388054E-02 -2.37304084E-02  5.63132307E-05  2.49388418E-03  2.55019730E-03
  4.02189112E+00  4.99148257E-02 -2.42297966E-02  5.87083050E-05  2.49148975E-03  2.55019800E-03
  4.02289104E+00  4.98903468E-02 -2.47289445E-02  6.11520736E-05  2.48904666E-03  2.55019870E-03
  4.02389097E+00  4.98653688E-02 -2.52278484E-02  6.36444311E-05  2.48655491E-03  2.55019940E-03
  4.02489090E+00  4.98398915E-02 -2.57265028E-02  6.61852973E-05  2.48401472E-03  2.55020009E-03
  4.02589083E+00  4.98139150E-02 -2.62249019E-02  6.87745487E-05  2.48142611E-03  2.55020056E-03
  4.02689075E+00  4.97874394E-02 -2.67230403E-02  7.14120906E-05  2.47878907E-03  2.55020126E-03
  4.02789068E+00  4.97604683E-02 -2.72209141E-02  7.40978212E-05  2.47610430E-03  2.55020219E-03
  4.02889061E+00  4.97329980E-02 -2.77185179E-02  7.68316240E-05  2.47337110E-03  2.55020265E-03
  4.02989054E+00  4.97050285E-02 -2.82158479E-02  7.96134045E-05  2.47058994E-03  2.55020335E-03
  4.03089046E+00  4.96765636E-02 -2.87128985E-02  8.24430535E-05  2.46776105E-03  2.55020405E-03
  4.03189039E+00  4.96475995E-02 -2.92096641E-02  8.53204474E-05  2.46488419E-03  2.55020475E-03
  4.03289032E+00  4.96181399E-02 -2.97061410E-02  8.82454842E-05  2.46195984E-03  2.55020522E-03
  4.03389025E+00  4.95881848E-02 -3.02023217E-02  9.12180258E-05  2.45898799E-03  2.55020591E-03
  4.03489017E+00  4.95577343E-02 -3.06982044E-02  9.42379775E-05  2.45596911E-03  2.55020708E-03
  4.03589010E+00  4.95267883E-02 -3.11937816E-02  9.73052011E-05  2.45290273E-03  2.55020801E-03
  4.03689003E+00  4.94953468E-02 -3.16890478E-02  1.00419580E-04  2.44978932E-03  2.55020894E-03
  4.03788996E+00  4.94634137E-02 -3.21840011E-02  1.03580991E-04  2.44662934E-03  2.55021034E-03
  4.03888988E+00  4.94309850E-02 -3.26786339E-02  1.06789310E-04  2.44342233E-03  2.55021174E-03
  4.03988981E+00  4.93980609E-02 -3.31729427E-02  1.10044413E-04  2.44016852E-03  2.55021290E-03
  4.04088974E+00  4.93646413E-02 -3.36669236E-02  1.13346170E-04  2.43686792E-03  2.55021406E-03
  4.04188967E+00  4.93307300E-02 -3.41605693E-02  1.16694449E-04  2.43352097E-03  2.55021546E-03
  4.04288960E+00  4.92963232E-02 -3.46538760E-02  1.20089113E-04  2.43012747E-03  2.55021662E-03
  4.04388952E+00  4.92614247E-02 -3.51468399E-02  1.23530030E-04  2.42668786E-03  2.55021779E-03
  4.04488945E+00  4.92260307E-02 -3.56394537E-02  1.27017076E-04  2.42320215E-03  2.55021919E-03
  4.04588938E+00  4.91901450E-02 -3.61317135E-02  1.30550077E-04  2.41967035E-03  2.55022035E-03
  4.04688931E+00  4.91537675E-02 -3.66236158E-02  1.34128932E-04  2.41609290E-03  2.55022175E-03
  4.04788923E+00  4.91168983E-02 -3.71151529E-02  1.37753465E-04  2.41246959E-03  2.55022314E-03
  4.04888916E+00  4.90795374E-02 -3.76063213E-02  1.41423545E-04  2.40880088E-03  2.55022431E-03
  4.04988909E+00  4.90416847E-02 -3.80971171E-02  1.45139042E-04  2.40508677E-03  2.55022570E-03
  4.05088902E+00  4.90033403E-02 -3.85875329E-02  1.48899780E-04  2.40132725E-03  2.55022710E-03
  4.05188894E+00  4.89645079E-02 -3.90775651E-02  1.52705616E-04  2.39752303E-03  2.55022873E-03
  4.05288887E+00  4.89251837E-02 -3.95672098E-02  1.56556416E-04  2.39367364E-03  2.55023013E-03
  4.05388880E+00  4.88853715E-02 -4.00564633E-02  1.60452022E-04  2.38977955E-03  2.55023153E-03
  4.05488873E+00  4.88450676E-02 -4.05453183E-02  1.64392288E-04  2.38584052E-03  2.55023269E-03
  4.05588865E+00  4.88042757E-02 -4.10337672E-02  1.68377010E-04  2.38185725E-03  2.55023432E-03
  4.05688858E+00  4.87629957E-02 -4.15218100E-02  1.72406071E-04  2.37782975E-03  2.55023572E-03
  4.05788851E+00  4.87212315E-02 -4.20094393E-02  1.76479298E-04  2.37375847E-03  2.55023781E-03
  4.05888844E+00  4.86789793E-02 -4.24966514E-02  1.80596529E-04  2.36964296E-03  2.55023944E-03
  4.05988836E+00  4.86362390E-02 -4.29834425E-02  1.84757635E-04  2.36548367E-03  2.55024130E-03
  4.06088829E+00  4.85930145E-02 -4.34698053E-02  1.88962396E-04  2.36128108E-03  2.55024340E-03
  4.06188822E+00  4.85493019E-02 -4.39557359E-02  1.93210668E-04  2.35703471E-03  2.55024526E-03
  4.06288815E+00  4.85051051E-02 -4.44412306E-02  1.97502304E-04  2.35274527E-03  2.55024759E-03
  4.06388807E+00  4.84604202E-02 -4.49262820E-02  2.01837087E-04  2.34841229E-03  2.55024945E-03
  4.06488800E+00  4.84152511E-02 -4.54108864E-02  2.06214871E-04  2.34403647E-03  2.55025132E-03
  4.06588793E+00  4.83695976E-02 -4.58950400E-02  2.10635480E-04  2.33961805E-03  2.55025364E-03
  4.06688786E+00  4.83234599E-02 -4.63787355E-02  2.15098713E-04  2.33515678E-03  2.55025551E-03
  4.06788778E+00  4.82768379E-02 -4.68619689E-02  2.19604422E-04  2.33065314E-03  2.55025760E-03
  4.06888771E+00  4.82297353E-02 -4.73447368E-02  2.24152420E-04  2.32610735E-03  2.55025970E-03
  4.06988764E+00  4.81821485E-02 -4.78270352E-02  2.28742530E-04  2.32151942E-03  2.55026203E-03
  4.07088757E+00  4.81340811E-02 -4.83088568E-02  2.33374565E-04  2.31688982E-03  2.55026435E-03
  4.07188749E+00  4.80855294E-02 -4.87901978E-02  2.38048335E-04  2.31221807E-03  2.55026645E-03
  4.07288742E+00  4.80364971E-02 -4.92710546E-02  2.42763694E-04  2.30750511E-03  2.55026878E-03
  4.07388735E+00  4.79869880E-02 -4.97514196E-02  2.47520366E-04  2.30275095E-03  2.55027134E-03
  4.07488728E+00  4.79369983E-02 -5.02312891E-02  2.52318248E-04  2.29795580E-03  2.55027413E-03
  4.07588720E+00  4.78865281E-02 -5.07106595E-02  2.57157109E-04  2.29311967E-03  2.55027669E-03
  4.07688713E+00  4.78355773E-02 -5.11895232E-02  2.62036745E-04  2.28824257E-03  2.55027926E-03
  4.07788706E+00  4.77841496E-02 -5.16678803E-02  2.66956980E-04  2.28332495E-03  2.55028205E-03
  4.07888699E+00  4.77322452E-02 -5.21457233E-02  2.71917641E-04  2.27836729E-03  2.55028484E-03
  4.07988691E+00  4.76798601E-02 -5.26230447E-02  2.76918494E-04  2.27336911E-03  2.55028764E-03
  4.08088684E+00  4.76269983E-02 -5.30998446E-02  2.81959365E-04  2.26833089E-03  2.55029020E-03
  4.08188677E+00  4.75736596E-02 -5.35761155E-02  2.87040020E-04  2.26325309E-03  2.55029323E-03
  4.08288670E+00  4.75198440E-02 -5.40518537E-02  2.92160286E-04  2.25813547E-03  2.55029579E-03
  4.08388662E+00  4.74655554E-02 -5.45270517E-02  2.97319930E-04  2.25297897E-03  2.55029881E-03
  4.08488655E+00  4.74107899E-02 -5.50017059E-02  3.02518776E-04  2.24778289E-03  2.55030161E-03
  4.08588648E+00  4.73555513E-02 -5.54758124E-02  3.07756563E-04  2.24254816E-03  2.55030463E-03
  4.08688641E+00  4.72998358E-02 -5.59493676E-02  3.13033175E-04  2.23727454E-03  2.55030766E-03
  4.08788633E+00  4.72436510E-02 -5.64223677E-02  3.18348379E-04  2.23196251E-03  2.55031092E-03
  4.08888626E+00  4.71869931E-02 -5.68948053E-02  3.23701883E-04  2.22661230E-03  2.55031418E-03
  4.08988619E+00  4.71298620E-02 -5.73666766E-02  3.29093571E-04  2.22122390E-03  2.55031744E-03
  4.09088612E+00  4.70722616E-02 -5.78379743E-02  3.34523123E-04  2.21579778E-03  2.55032093E-03
  4.09188604E+00  4.70141880E-02 -5.83086982E-02  3.39990453E-04  2.21033394E-03  2.55032443E-03
  4.09288597E+00  4.69556451E-02 -5.87788410E-02  3.45495238E-04  2.20483262E-03  2.55032792E-03
  4.09388590E+00  4.68966328E-02 -5.92483990E-02  3.51037277E-04  2.19929428E-03  2.55033164E-03
  4.09488583E+00  4.68371511E-02 -5.97173646E-02  3.56616365E-04  2.19371868E-03  2.55033514E-03
  4.09588575E+00  4.67772000E-02 -6.01857379E-02  3.62232298E-04  2.18810653E-03  2.55033886E-03
  4.09688568E+00  4.67167795E-02 -6.06535114E-02  3.67884844E-04  2.18245760E-03  2.55034235E-03
  4.09788561E+00  4.66558896E-02 -6.11206777E-02  3.73573712E-04  2.17677210E-03  2.55034585E-03
  4.09888554E+00  4.65945341E-02 -6.15872368E-02  3.79298785E-04  2.17105052E-03  2.55034934E-03
  4.09988546E+00  4.65327129E-02 -6.20531812E-02  3.85059713E-04  2.16529332E-03  2.55035306E-03
  4.10088539E+00  4.64704297E-02 -6.25185072E-02  3.90856381E-04  2.15950073E-03  2.55035702E-03
  4.10188532E+00  4.64076810E-02 -6.29832149E-02  3.96688527E-04  2.15367274E-03  2.55036121E-03
  4.10288525E+00  4.63444665E-02 -6.34472892E-02  4.02555859E-04  2.14780960E-03  2.55036540E-03
  4.10388517E+00  4.62807864E-02 -6.39107302E-02  4.08458145E-04  2.14191130E-03  2.55036936E-03
  4.10488510E+00  4.62166443E-02 -6.43735379E-02  4.14395239E-04  2.13597831E-03  2.55037355E-03
  4.10588503E+00  4.61520404E-02 -6.48357049E-02  4.20366880E-04  2.13001086E-03  2.55037774E-03
  4.10688496E+00  4.60869744E-02 -6.52972236E-02  4.26372746E-04  2.12400919E-03  2.55038193E-03
  4.10788488E+00  4.60214466E-02 -6.57580942E-02  4.32412693E-04  2.11797352E-03  2.55038613E-03
  4.10888481E+00  4.59554568E-02 -6.62183091E-02  4.38486459E-04  2.11190409E-03  2.55039055E-03
  4.10988474E+00  4.58890088E-02 -6.66778609E-02  4.44593694E-04  2.10580113E-03  2.55039474E-03
  4.11088467E+00  4.58220989E-02 -6.71367496E-02  4.50734340E-04  2.09966465E-03  2.55039893E-03
  4.11188459E+00  4.57547307E-02 -6.75949678E-02  4.56907990E-04  2.09349534E-03  2.55040335E-03
  4.11288452E+00  4.56869081E-02 -6.80525154E-02  4.63114498E-04  2.08729366E-03  2.55040824E-03
  4.11388445E+00  4.56186272E-02 -6.85093850E-02  4.69353574E-04  2.08105915E-03  2.55041267E-03
  4.11488438E+00  4.55498919E-02 -6.89655691E-02  4.75625013E-04  2.07479275E-03  2.55041779E-03
  4.11588430E+00  4.54806983E-02 -6.94210678E-02  4.81928466E-04  2.06849398E-03  2.55042245E-03
  4.11688423E+00  4.54110503E-02 -6.98758736E-02  4.88263788E-04  2.06216355E-03  2.55042734E-03
  4.11788416E+00  4.53409478E-02 -7.03299865E-02  4.94630716E-04  2.05580145E-03  2.55043223E-03
  4.11888409E+00  4.52703908E-02 -7.07833990E-02  5.01028961E-04  2.04940839E-03  2.55043735E-03
  4.11988401E+00  4.51993793E-02 -7.12361038E-02  5.07458288E-04  2.04298389E-03  2.55044224E-03
  4.12088394E+00  4.51279171E-02 -7.16881007E-02  5.13918407E-04  2.03652889E-03  2.55044736E-03
  4.12188387E+00  4.50560004E-02 -7.21393824E-02  5.20409027E-04  2.03004316E-03  2.55045225E-03
  4.12288380E+00  4.49836366E-02 -7.25899413E-02  5.26929973E-04  2.02352763E-03  2.55045760E-03
  4.12388372E+00  4.49108221E-02 -7.30397776E-02  5.33480896E-04  2.01698183E-03  2.55046273E-03
  4.12488365E+00  4.48375605E-02 -7.34888837E-02  5.40061621E-04  2.01040693E-03  2.55046855E-03
  4.12588358E+00  4.47638482E-02 -7.39372596E-02  5.46671858E-04  2.00380222E-03  2.55047414E-03
  4.12688351E+00  4.46896888E-02 -7.43848979E-02  5.53311314E-04  1.99716818E-03  2.55047949E-03
  4.12788343E+00  4.46150787E-02 -7.48317912E-02  5.59979700E-04  1.99050526E-03  2.55048508E-03
  4.12888336E+00  4.45400216E-02 -7.52779394E-02  5.66676841E-04  1.98381348E-03  2.55049020E-03
  4.12988329E+00  4.44645211E-02 -7.57233426E-02  5.73402445E-04  1.97709375E-03  2.55049625E-03
  4.13088322E+00  4.43885736E-02 -7.61679858E-02  5.80156222E-04  1.97034539E-03  2.55050161E-03
  4.13188314E+00  4.43121828E-02 -7.66118690E-02  5.86937822E-04  1.96356955E-03  2.55050743E-03
  4.13288307E+00  4.42353524E-02 -7.70549923E-02  5.93747187E-04  1.95676647E-03  2.55051372E-03
  4.13388300E+00  4.41580787E-02 -7.74973482E-02  6.00583910E-04  1.94993592E-03  2.55051977E-03
  4.13488293E+00  4.40803617E-02 -7.79389292E-02  6.07447641E-04  1.94307824E-03  2.55052582E-03
  4.13588285E+00  4.40022014E-02 -7.83797354E-02  6.14338263E-04  1.93619367E-03  2.55053188E-03
  4.13688278E+00  4.39236015E-02 -7.88197592E-02  6.21255429E-04  1.92928279E-03  2.55053816E-03
  4.13788271E+00  4.38445620E-02 -7.92589933E-02  6.28198846E-04  1.92234560E-03  2.55054445E-03
  4.13888264E+00  4.37650830E-02 -7.96974376E-02  6.35168166E-04  1.91538245E-03  2.55055074E-03
  4.13988256E+00  4.36851643E-02 -8.01350921E-02  6.42163330E-04  1.90839358E-03  2.55055679E-03
  4.14088249E+00  4.36048098E-02 -8.05719420E-02  6.49183814E-04  1.90137944E-03  2.55056331E-03
  4.14188242E+00  4.35240194E-02 -8.10079873E-02  6.56229386E-04  1.89434027E-03  2.55056960E-03
  4.14288235E+00  4.34427969E-02 -8.14432278E-02  6.63299987E-04  1.88727665E-03  2.55057658E-03
  4.14388227E+00  4.33611386E-02 -8.18776563E-02  6.70395035E-04  1.88018836E-03  2.55058333E-03
  4.14488220E+00  4.32790443E-02 -8.23112652E-02  6.77514472E-04  1.87307573E-03  2.55059032E-03
  4.14588213E+00  4.31965180E-02 -8.27440545E-02  6.84657833E-04  1.86593912E-03  2.55059684E-03
  4.14688206E+00  4.31135595E-02 -8.31760168E-02  6.91825000E-04  1.85877900E-03  2.55060405E-03
  4.14788198E+00  4.30301689E-02 -8.36071521E-02  6.99015567E-04  1.85159547E-03  2.55061104E-03
  4.14888191E+00  4.29463461E-02 -8.40374529E-02  7.06229359E-04  1.84438867E-03  2.55061802E-03
  4.14988184E+00  4.28620912E-02 -8.44669193E-02  7.13466085E-04  1.83715881E-03  2.55062478E-03
  4.15088177E+00  4.27774079E-02 -8.48955438E-02  7.20725337E-04  1.82990660E-03  2.55063199E-03
  4.15188169E+00  4.26922999E-02 -8.53233188E-02  7.28006882E-04  1.82263250E-03  2.55063944E-03
  4.15288162E+00  4.26067635E-02 -8.57502446E-02  7.35310488E-04  1.81533629E-03  2.55064666E-03
  4.15388155E+00  4.25208025E-02 -8.61763135E-02  7.42635690E-04  1.80801866E-03  2.55065435E-03
  4.15488148E+00  4.24344130E-02 -8.66015181E-02  7.49982311E-04  1.80067937E-03  2.55066156E-03
  4.15588140E+00  4.23475988E-02 -8.70258659E-02  7.57350121E-04  1.79331913E-03  2.55066925E-03
  4.15688133E+00  4.22603600E-02 -8.74493420E-02  7.64738710E-04  1.78593805E-03  2.55067670E-03
  4.15788126E+00  4.21726964E-02 -8.78719464E-02  7.72147905E-04  1.77853636E-03  2.55068438E-03
  4.15888119E+00  4.20846120E-02 -8.82936716E-02  7.79577240E-04  1.77111453E-03  2.55069183E-03
  4.15988111E+00  4.19961102E-02 -8.87145177E-02  7.87026540E-04  1.76367327E-03  2.55069975E-03
  4.16088104E+00  4.19071876E-02 -8.91344771E-02  7.94495456E-04  1.75621232E-03  2.55070766E-03
  4.16188097E+00  4.18178439E-02 -8.95535499E-02  8.01983871E-04  1.74873206E-03  2.55071605E-03
  4.16288090E+00  4.17280830E-02 -8.99717286E-02  8.09491263E-04  1.74123293E-03  2.55072420E-03
  4.16388083E+00  4.16379012E-02 -9.03890058E-02  8.17017280E-04  1.73371483E-03  2.55073211E-03
  4.16488075E+00  4.15473022E-02 -9.08053815E-02  8.24561750E-04  1.72617834E-03  2.55074003E-03
  4.16588068E+00  4.14562896E-02 -9.12208557E-02  8.32124439E-04  1.71862391E-03  2.55074841E-03
  4.16688061E+00  4.13648598E-02 -9.16354209E-02  8.39705055E-04  1.71105168E-03  2.55075679E-03
  4.16788054E+00  4.12730165E-02 -9.20490697E-02  8.47303134E-04  1.70346186E-03  2.55076494E-03
  4.16888046E+00  4.11807634E-02 -9.24618021E-02  8.54918442E-04  1.69585529E-03  2.55077379E-03
  4.16988039E+00  4.10880968E-02 -9.28736106E-02  8.62550747E-04  1.68823171E-03  2.55078240E-03
  4.17088032E+00  4.09950167E-02 -9.32844952E-02  8.70199699E-04  1.68059138E-03  2.55079102E-03
  4.17188025E+00  4.09015268E-02 -9.36944485E-02  8.77864950E-04  1.67293486E-03  2.55079987E-03
  4.17288017E+00  4.08076271E-02 -9.41034630E-02  8.85546207E-04  1.66526239E-03  2.55080871E-03
  4.17388010E+00  4.07133177E-02 -9.45115387E-02  8.93243123E-04  1.65757420E-03  2.55081733E-03
  4.17488003E+00  4.06186022E-02 -9.49186683E-02  9.00955405E-04  1.64987089E-03  2.55082641E-03
  4.17587996E+00  4.05234769E-02 -9.53248516E-02  9.08682763E-04  1.64215220E-03  2.55083502E-03
  4.17687988E+00  4.04279493E-02 -9.57300887E-02  9.16424964E-04  1.63441908E-03  2.55084410E-03
  4.17787981E+00  4.03320193E-02 -9.61343646E-02  9.24181601E-04  1.62667176E-03  2.55085342E-03
  4.17887974E+00  4.02356833E-02 -9.65376869E-02  9.31952556E-04  1.61891023E-03  2.55086273E-03
  4.17987967E+00  4.01389450E-02 -9.69400406E-02  9.39737190E-04  1.61113485E-03  2.55087204E-03
  4.18087959E+00  4.00418043E-02 -9.73414332E-02  9.47535504E-04  1.60334609E-03  2.55088159E-03
  4.18187952E+00  3.99442613E-02 -9.77418497E-02  9.55346914E-04  1.59554405E-03  2.55089090E-03
  4.18287945E+00  3.98463197E-02 -9.81412902E-02  9.63171304E-04  1.58772920E-03  2.55090045E-03
  4.18387938E+00  3.97479795E-02 -9.85397547E-02  9.71008383E-04  1.57990190E-03  2.55091023E-03
  4.18487930E+00  3.96492407E-02 -9.89372358E-02  9.78857628E-04  1.57206226E-03  2.55092001E-03
  4.18587923E+00  3.95501070E-02 -9.93337259E-02  9.86718922E-04  1.56421098E-03  2.55092978E-03
  4.18687916E+00  3.94505747E-02 -9.97292250E-02  9.94591857E-04  1.55634782E-03  2.55093956E-03
  4.18787909E+00  3.93506475E-02 -1.00123733E-01  1.00247620E-03  1.54847349E-03  2.55094981E-03
  4.18887901E+00  3.92503254E-02 -1.00517243E-01  1.01037172E-03  1.54058810E-03  2.55095982E-03
  4.18987894E+00  3.91496122E-02 -1.00909747E-01  1.01827772E-03  1.53269211E-03  2.55096983E-03
  4.19087887E+00  3.90485041E-02 -1.01301245E-01  1.02619431E-03  1.52478565E-03  2.55098008E-03
  4.19187880E+00  3.89470086E-02 -1.01691730E-01  1.03412091E-03  1.51686952E-03  2.55099032E-03
  4.19287872E+00  3.88451219E-02 -1.02081202E-01  1.04205718E-03  1.50894350E-03  2.55100057E-03
  4.19387865E+00  3.87428477E-02 -1.02469653E-01  1.05000299E-03  1.50100829E-03  2.55101128E-03
  4.19487858E+00  3.86401862E-02 -1.02857083E-01  1.05795800E-03  1.49306399E-03  2.55102199E-03
  4.19587851E+00  3.85371372E-02 -1.03243485E-01  1.06592174E-03  1.48511096E-03  2.55103270E-03
  4.19687843E+00  3.84337008E-02 -1.03628859E-01  1.07389397E-03  1.47714932E-03  2.55104341E-03
  4.19787836E+00  3.83298770E-02 -1.04013197E-01  1.08187448E-03  1.46917952E-03  2.55105412E-03
  4.19887829E+00  3.82256731E-02 -1.04396492E-01  1.08986278E-03  1.46120205E-03  2.55106483E-03
  4.19987822E+00  3.81210856E-02 -1.04778752E-01  1.09785877E-03  1.45321712E-03  2.55107600E-03
  4.20087814E+00  3.80161181E-02 -1.05159961E-01  1.10586174E-03  1.44522521E-03  2.55108695E-03
  4.20187807E+00  3.79107669E-02 -1.05540119E-01  1.11387169E-03  1.43722619E-03  2.55109789E-03
  4.20287800E+00  3.78050357E-02 -1.05919227E-01  1.12188829E-03  1.42922078E-03  2.55110906E-03
  4.20387793E+00  3.76989283E-02 -1.06297277E-01  1.12991116E-03  1.42120919E-03  2.55112024E-03
  4.20487785E+00  3.75924408E-02 -1.06674269E-01  1.13793998E-03  1.41319155E-03  2.55113142E-03
  4.20587778E+00  3.74855809E-02 -1.07050195E-01  1.14597450E-03  1.40516879E-03  2.55114329E-03
  4.20687771E+00  3.73783447E-02 -1.07425049E-01  1.15401414E-03  1.39714067E-03  2.55115470E-03
  4.20787764E+00  3.72707322E-02 -1.07798830E-01  1.16205879E-03  1.38910743E-03  2.55116634E-03
  4.20887756E+00  3.71627472E-02 -1.08171538E-01  1.17010821E-03  1.38106977E-03  2.55117798E-03
  4.20987749E+00  3.70543897E-02 -1.08543165E-01  1.17816194E-03  1.37302780E-03  2.55118962E-03
  4.21087742E+00  3.69456597E-02 -1.08913712E-01  1.18621974E-03  1.36498176E-03  2.55120150E-03
  4.21187735E+00  3.68365608E-02 -1.09283172E-01  1.19428115E-03  1.35693222E-03  2.55121337E-03
  4.21287727E+00  3.67270969E-02 -1.09651536E-01  1.20234594E-03  1.34887965E-03  2.55122548E-03
  4.21387720E+00  3.66172642E-02 -1.10018805E-01  1.21041376E-03  1.34082406E-03  2.55123782E-03
  4.21487713E+00  3.65070626E-02 -1.10384978E-01  1.21848437E-03  1.33276568E-03  2.55125016E-03
  4.21587706E+00  3.63964960E-02 -1.10750049E-01  1.22655730E-03  1.32470496E-03  2.55126227E-03
  4.21687698E+00  3.62855643E-02 -1.11114018E-01  1.23463245E-03  1.31664216E-03  2.55127461E-03
  4.21787691E+00  3.61742675E-02 -1.11476876E-01  1.24270935E-03  1.30857760E-03  2.55128695E-03
  4.21887684E+00  3.60626094E-02 -1.11838616E-01  1.25078764E-03  1.30051177E-03  2.55129952E-03
  4.21987677E+00  3.59505937E-02 -1.12199239E-01  1.25886698E-03  1.29244523E-03  2.55131209E-03
  4.22087669E+00  3.58382165E-02 -1.12558745E-01  1.26694713E-03  1.28437777E-03  2.55132490E-03
  4.22187662E+00  3.57254781E-02 -1.12917125E-01  1.27502775E-03  1.27630983E-03  2.55133770E-03
  4.22287655E+00  3.56123820E-02 -1.13274381E-01  1.28310861E-03  1.26824179E-03  2.55135028E-03
  4.22387648E+00  3.54989283E-02 -1.13630503E-01  1.29118923E-03  1.26017386E-03  2.55136308E-03
  4.22487640E+00  3.53851207E-02 -1.13985494E-01  1.29926938E-03  1.25210674E-03  2.55137612E-03
  4.22587633E+00  3.52709591E-02 -1.14339344E-01  1.30734860E-03  1.24404056E-03  2.55138916E-03
  4.22687626E+00  3.51564437E-02 -1.14692055E-01  1.31542678E-03  1.23597553E-03  2.55140243E-03
  4.22787619E+00  3.50415781E-02 -1.15043618E-01  1.32350344E-03  1.22791214E-03  2.55141547E-03
  4.22887611E+00  3.49263586E-02 -1.15394033E-01  1.33157836E-03  1.21985050E-03  2.55142897E-03
  4.22987604E+00  3.48107889E-02 -1.15743294E-01  1.33965106E-03  1.21179107E-03  2.55144201E-03
  4.23087597E+00  3.46948691E-02 -1.16091400E-01  1.34772144E-03  1.20373396E-03  2.55145552E-03
  4.23187590E+00  3.45786028E-02 -1.16438352E-01  1.35578902E-03  1.19567977E-03  2.55146879E-03
  4.23287582E+00  3.44619937E-02 -1.16784140E-01  1.36385357E-03  1.18762907E-03  2.55148252E-03
  4.23387575E+00  3.43450382E-02 -1.17128760E-01  1.37191464E-03  1.17958162E-03  2.55149626E-03
  4.23487568E+00  3.42277363E-02 -1.17472209E-01  1.37997197E-03  1.17153791E-03  2.55151000E-03
  4.23587561E+00  3.41100916E-02 -1.17814489E-01  1.38802535E-03  1.16349838E-03  2.55152374E-03
  4.23687553E+00  3.39921042E-02 -1.18155591E-01  1.39607431E-03  1.15546316E-03  2.55153747E-03
  4.23787546E+00  3.38737778E-02 -1.18495509E-01  1.40411861E-03  1.14743283E-03  2.55155144E-03
  4.23887539E+00  3.37551162E-02 -1.18834250E-01  1.41215790E-03  1.13940786E-03  2.55156588E-03
  4.23987532E+00  3.36361155E-02 -1.19171798E-01  1.42019184E-03  1.13138824E-03  2.55158008E-03
  4.24087524E+00  3.35167758E-02 -1.19508162E-01  1.42822007E-03  1.12337421E-03  2.55159428E-03
  4.24187517E+00  3.33971009E-02 -1.19843327E-01  1.43624225E-03  1.11536635E-03  2.55160872E-03
  4.24287510E+00  3.32770906E-02 -1.20177299E-01  1.44425838E-03  1.10736478E-03  2.55162315E-03
  4.24387503E+00  3.31567451E-02 -1.20510072E-01  1.45226775E-03  1.09936972E-03  2.55163759E-03
  4.24487495E+00  3.30360681E-02 -1.20841637E-01  1.46027014E-03  1.09138177E-03  2.55165203E-03
  4.24587488E+00  3.29150632E-02 -1.21171996E-01  1.46826531E-03  1.08340138E-03  2.55166669E-03
  4.24687481E+00  3.27937268E-02 -1.21501148E-01  1.47625292E-03  1.07542856E-03  2.55168136E-03
  4.24787474E+00  3.26720625E-02 -1.21829085E-01  1.48423261E-03  1.06746366E-03  2.55169626E-03
  4.24887466E+00  3.25500704E-02 -1.22155808E-01  1.49220414E-03  1.05950714E-03  2.55171116E-03
  4.24987459E+00  3.24277505E-02 -1.22481309E-01  1.50016719E-03  1.05155900E-03  2.55172607E-03
  4.25087452E+00  3.23051065E-02 -1.22805588E-01  1.50812126E-03  1.04361994E-03  2.55174120E-03
  4.25187445E+00  3.21821421E-02 -1.23128638E-01  1.51606614E-03  1.03569031E-03  2.55175633E-03
  4.25287437E+00  3.20588537E-02 -1.23450458E-01  1.52400159E-03  1.02777011E-03  2.55177170E-03
  4.25387430E+00  3.19352448E-02 -1.23771049E-01  1.53192726E-03  1.01985980E-03  2.55178707E-03
  4.25487423E+00  3.18113118E-02 -1.24090403E-01  1.53984281E-03  1.01195951E-03  2.55180243E-03
  4.25587416E+00  3.16870622E-02 -1.24408513E-01  1.54774787E-03  1.00406993E-03  2.55181780E-03
  4.25687408E+00  3.15624923E-02 -1.24725387E-01  1.55564223E-03  9.96190938E-04  2.55183317E-03
  4.25787401E+00  3.14376093E-02 -1.25041008E-01  1.56352541E-03  9.88323241E-04  2.55184853E-03
  4.25887394E+00  3.13124135E-02 -1.25355378E-01  1.57139718E-03  9.80467186E-04  2.55186437E-03
  4.25987387E+00  3.11869010E-02 -1.25668496E-01  1.57925708E-03  9.72622773E-04  2.55187973E-03
  4.26087379E+00  3.10610756E-02 -1.25980362E-01  1.58710522E-03  9.64790408E-04  2.55189557E-03
  4.26187372E+00  3.09349410E-02 -1.26290977E-01  1.59494113E-03  9.56970558E-04  2.55191163E-03
  4.26287365E+00  3.08084954E-02 -1.26600325E-01  1.60276424E-03  9.49163397E-04  2.55192770E-03
  4.26387358E+00  3.06817405E-02 -1.26908407E-01  1.61057431E-03  9.41369217E-04  2.55194353E-03
  4.26487350E+00  3.05546802E-02 -1.27215222E-01  1.61837135E-03  9.33588482E-04  2.55195983E-03
  4.26587343E+00  3.04273125E-02 -1.27520770E-01  1.62615464E-03  9.25821369E-04  2.55197613E-03
  4.26687336E+00  3.02996393E-02 -1.27825037E-01  1.63392408E-03  9.18068166E-04  2.55199219E-03
  4.26787329E+00  3.01716626E-02 -1.28128037E-01  1.64167944E-03  9.10329225E-04  2.55200872E-03
  4.26887321E+00  3.00433841E-02 -1.28429756E-01  1.64942013E-03  9.02604952E-04  2.55202502E-03
  4.26987314E+00  2.99148038E-02 -1.28730193E-01  1.65714626E-03  8.94895464E-04  2.55204178E-03
  4.27087307E+00  2.97859237E-02 -1.29029334E-01  1.66485680E-03  8.87201226E-04  2.55205808E-03
  4.27187300E+00  2.96567455E-02 -1.29327193E-01  1.67255232E-03  8.79522529E-04  2.55207485E-03
  4.27287292E+00  2.95272693E-02 -1.29623756E-01  1.68023189E-03  8.71859607E-04  2.55209161E-03
  4.27387285E+00  2.93974988E-02 -1.29919022E-01  1.68789539E-03  8.64212925E-04  2.55210837E-03
  4.27487278E+00  2.92674322E-02 -1.30212992E-01  1.69554248E-03  8.56582599E-04  2.55212514E-03
  4.27587271E+00  2.91370712E-02 -1.30505666E-01  1.70317292E-03  8.48968921E-04  2.55214190E-03
  4.27687263E+00  2.90064197E-02 -1.30797043E-01  1.71078672E-03  8.41372355E-04  2.55215913E-03
  4.27787256E+00  2.88754776E-02 -1.31087109E-01  1.71838317E-03  8.33793194E-04  2.55217636E-03
  4.27887249E+00  2.87442449E-02 -1.31375864E-01  1.72596180E-03  8.26231611E-04  2.55219336E-03
  4.27987242E+00  2.86127254E-02 -1.31663308E-01  1.73352275E-03  8.18688073E-04  2.55221082E-03
  4.28087234E+00  2.84809191E-02 -1.31949440E-01  1.74106553E-03  8.11162754E-04  2.55222828E-03
  4.28187227E+00  2.83488277E-02 -1.32234246E-01  1.74858968E-03  8.03656061E-04  2.55224574E-03
  4.28287220E+00  2.82164514E-02 -1.32517740E-01  1.75609521E-03  7.96168111E-04  2.55226344E-03
  4.28387213E+00  2.80837920E-02 -1.32799909E-01  1.76358153E-03  7.88699370E-04  2.55228090E-03
  4.28487206E+00  2.79508531E-02 -1.33080751E-01  1.77104864E-03  7.81250186E-04  2.55229883E-03
  4.28587198E+00  2.78176330E-02 -1.33360267E-01  1.77849608E-03  7.73820677E-04  2.55231676E-03
  4.28687191E+00  2.76841335E-02 -1.33638442E-01  1.78592338E-03  7.66411249E-04  2.55233468E-03
  4.28787184E+00  2.75503565E-02 -1.33915290E-01  1.79333054E-03  7.59022136E-04  2.55235261E-03
  4.28887177E+00  2.74163038E-02 -1.34190798E-01  1.80071709E-03  7.51653686E-04  2.55237077E-03
  4.28987169E+00  2.72819754E-02 -1.34464964E-01  1.80808268E-03  7.44306191E-04  2.55238893E-03
  4.29087162E+00  2.71473750E-02 -1.34737790E-01  1.81542733E-03  7.36980001E-04  2.55240733E-03
  4.29187155E+00  2.70125009E-02 -1.35009259E-01  1.82275008E-03  7.29675230E-04  2.55242526E-03
  4.29287148E+00  2.68773548E-02 -1.35279387E-01  1.83005130E-03  7.22392229E-04  2.55244365E-03
  4.29387140E+00  2.67419405E-02 -1.35548159E-01  1.83733029E-03  7.15131406E-04  2.55246181E-03
  4.29487133E+00  2.66062580E-02 -1.35815576E-01  1.84458704E-03  7.07892992E-04  2.55247997E-03
  4.29587126E+00  2.64703110E-02 -1.36081636E-01  1.85182120E-03  7.00677338E-04  2.55249860E-03
  4.29687119E+00  2.63340976E-02 -1.36346340E-01  1.85903243E-03  6.93484675E-04  2.55251722E-03
  4.29787111E+00  2.61976197E-02 -1.36609688E-01  1.86622073E-03  6.86315296E-04  2.55253608E-03
  4.29887104E+00  2.60608792E-02 -1.36871666E-01  1.87338539E-03  6.79169432E-04  2.55255494E-03
  4.29987097E+00  2.59238780E-02 -1.37132272E-01  1.88052596E-03  6.72047434E-04  2.55257334E-03
  4.30087090E+00  2.57866159E-02 -1.37391508E-01  1.88764266E-03  6.64949534E-04  2.55259220E-03
  4.30187082E+00  2.56490950E-02 -1.37649372E-01  1.89473503E-03  6.57876080E-04  2.55261105E-03
  4.30287075E+00  2.55113170E-02 -1.37905866E-01  1.90180284E-03  6.50827307E-04  2.55263015E-03
  4.30387068E+00  2.53732838E-02 -1.38160974E-01  1.90884550E-03  6.43803505E-04  2.55264901E-03
  4.30487061E+00  2.52349954E-02 -1.38414711E-01  1.91586313E-03  6.36804965E-04  2.55266810E-03
  4.30587053E+00  2.50964537E-02 -1.38667062E-01  1.92285539E-03  6.29831979E-04  2.55268742E-03
  4.30687046E+00  2.49576624E-02 -1.38918027E-01  1.92982180E-03  6.22884894E-04  2.55270675E-03
  4.30787039E+00  2.48186197E-02 -1.39167607E-01  1.93676224E-03  6.15963887E-04  2.55272607E-03
  4.30887032E+00  2.46793274E-02 -1.39415786E-01  1.94367615E-03  6.09069190E-04  2.55274540E-03
  4.30987024E+00  2.45397892E-02 -1.39662579E-01  1.95056375E-03  6.02201268E-04  2.55276496E-03
  4.31087017E+00  2.44000033E-02 -1.39907971E-01  1.95742399E-03  5.95360179E-04  2.55278405E-03
  4.31187010E+00  2.42599733E-02 -1.40151978E-01  1.96425780E-03  5.88546332E-04  2.55280407E-03
  4.31287003E+00  2.41196994E-02 -1.40394583E-01  1.97106390E-03  5.81759901E-04  2.55282386E-03
  4.31386995E+00  2.39791833E-02 -1.40635774E-01  1.97784207E-03  5.75001235E-04  2.55284319E-03
  4.31486988E+00  2.38384288E-02 -1.40875563E-01  1.98459229E-03  5.68270683E-04  2.55286298E-03
  4.31586981E+00  2.36974340E-02 -1.41113952E-01  1.99131481E-03  5.61568362E-04  2.55288323E-03
  4.31686974E+00  2.35562008E-02 -1.41350925E-01  1.99800846E-03  5.54894621E-04  2.55290302E-03
  4.31786966E+00  2.34147329E-02 -1.41586483E-01  2.00467324E-03  5.48249693E-04  2.55292282E-03
  4.31886959E+00  2.32730284E-02 -1.41820624E-01  2.01130915E-03  5.41633868E-04  2.55294307E-03
  4.31986952E+00  2.31310930E-02 -1.42053351E-01  2.01791548E-03  5.35047438E-04  2.55296286E-03
  4.32086945E+00  2.29889248E-02 -1.42284662E-01  2.02449248E-03  5.28490636E-04  2.55298312E-03
  4.32186937E+00  2.28465237E-02 -1.42514557E-01  2.03103991E-03  5.21963637E-04  2.55300361E-03
  4.32286930E+00  2.27038953E-02 -1.42743021E-01  2.03755707E-03  5.15466847E-04  2.55302386E-03
  4.32386923E+00  2.25610379E-02 -1.42970055E-01  2.04404374E-03  5.09000442E-04  2.55304412E-03
  4.32486916E+00  2.24179551E-02 -1.43195659E-01  2.05049966E-03  5.02564711E-04  2.55306438E-03
  4.32586908E+00  2.22746469E-02 -1.43419832E-01  2.05692486E-03  4.96159890E-04  2.55308487E-03
  4.32686901E+00  2.21311152E-02 -1.43642575E-01  2.06331885E-03  4.89786267E-04  2.55310512E-03
  4.32786894E+00  2.19873618E-02 -1.43863887E-01  2.06968165E-03  4.83444077E-04  2.55312584E-03
  4.32886887E+00  2.18433887E-02 -1.44083753E-01  2.07601278E-03  4.77133639E-04  2.55314633E-03
  4.32986879E+00  2.16991957E-02 -1.44302189E-01  2.08231225E-03  4.70855099E-04  2.55316729E-03
  4.33086872E+00  2.15547848E-02 -1.44519180E-01  2.08857935E-03  4.64608747E-04  2.55318801E-03
  4.33186865E+00  2.14101579E-02 -1.44734725E-01  2.09481409E-03  4.58394876E-04  2.55320896E-03
  4.33286858E+00  2.12653168E-02 -1.44948825E-01  2.10101623E-03  4.52213688E-04  2.55322992E-03
  4.33386850E+00  2.11202614E-02 -1.45161480E-01  2.10718554E-03  4.46065445E-04  2.55325111E-03
  4.33486843E+00  2.09749937E-02 -1.45372689E-01  2.11332180E-03  4.39950352E-04  2.55327206E-03
  4.33586836E+00  2.08295174E-02 -1.45582438E-01  2.11942452E-03  4.33868787E-04  2.55329325E-03
  4.33686829E+00  2.06838306E-02 -1.45790726E-01  2.12549372E-03  4.27820836E-04  2.55331444E-03
  4.33786821E+00  2.05379352E-02 -1.45997569E-01  2.13152892E-03  4.21806792E-04  2.55333562E-03
  4.33886814E+00  2.03918349E-02 -1.46202952E-01  2.13753036E-03  4.15826944E-04  2.55335728E-03
  4.33986807E+00  2.02455297E-02 -1.46406874E-01  2.14349735E-03  4.09881468E-04  2.55337870E-03
  4.34086800E+00  2.00990215E-02 -1.46609336E-01  2.14942987E-03  4.03970655E-04  2.55340058E-03
  4.34186792E+00  1.99523121E-02 -1.46810323E-01  2.15532701E-03  3.98094766E-04  2.55342177E-03
  4.34286785E+00  1.98054016E-02 -1.47009850E-01  2.16118968E-03  3.92253918E-04  2.55344366E-03
  4.34386778E+00  1.96582936E-02 -1.47207901E-01  2.16701673E-03  3.86448519E-04  2.55346531E-03
  4.34486771E+00  1.95109863E-02 -1.47404477E-01  2.17280793E-03  3.80678597E-04  2.55348650E-03
  4.34586763E+00  1.93634853E-02 -1.47599593E-01  2.17856397E-03  3.74944560E-04  2.55350862E-03
  4.34686756E+00  1.92157887E-02 -1.47793233E-01  2.18428392E-03  3.69246525E-04  2.55353050E-03
  4.34786749E+00  1.90678984E-02 -1.47985384E-01  2.18996755E-03  3.63584753E-04  2.55355239E-03
  4.34886742E+00  1.89198181E-02 -1.48176059E-01  2.19561439E-03  3.57959507E-04  2.55357381E-03
  4.34986734E+00  1.87715478E-02 -1.48365259E-01  2.20122514E-03  3.52371018E-04  2.55359616E-03
  4.35086727E+00  1.86230894E-02 -1.48552969E-01  2.20679841E-03  3.46819463E-04  2.55361781E-03
  4.35186720E+00  1.84744429E-02 -1.48739204E-01  2.21233512E-03  3.41305044E-04  2.55364017E-03
  4.35286713E+00  1.83256101E-02 -1.48923948E-01  2.21783435E-03  3.35827994E-04  2.55366229E-03
  4.35386705E+00  1.81765947E-02 -1.49107203E-01  2.22329586E-03  3.30388604E-04  2.55368440E-03
  4.35486698E+00  1.80273969E-02 -1.49288967E-01  2.22871965E-03  3.24987050E-04  2.55370676E-03
  4.35586691E+00  1.78780183E-02 -1.49469241E-01  2.23410549E-03  3.19623534E-04  2.55372911E-03
  4.35686684E+00  1.77284591E-02 -1.49648026E-01  2.23945337E-03  3.14298260E-04  2.55375169E-03
  4.35786676E+00  1.75787210E-02 -1.49825305E-01  2.24476214E-03  3.09011433E-04  2.55377358E-03
  4.35886669E+00  1.74288079E-02 -1.50001094E-01  2.25003297E-03  3.03763343E-04  2.55379640E-03
  4.35986662E+00  1.72787197E-02 -1.50175378E-01  2.25526444E-03  2.98554165E-04  2.55381851E-03
  4.36086655E+00  1.71284582E-02 -1.50348172E-01  2.26045749E-03  2.93384073E-04  2.55384156E-03
  4.36186647E+00  1.69780236E-02 -1.50519460E-01  2.26561073E-03  2.88253272E-04  2.55386392E-03
  4.36286640E+00  1.68274175E-02 -1.50689244E-01  2.27072486E-03  2.83161993E-04  2.55388673E-03
  4.36386633E+00  1.66766439E-02 -1.50857523E-01  2.27579917E-03  2.78110441E-04  2.55390955E-03
  4.36486626E+00  1.65257026E-02 -1.51024297E-01  2.28083390E-03  2.73098849E-04  2.55393283E-03
  4.36586618E+00  1.63745955E-02 -1.51189551E-01  2.28582812E-03  2.68127391E-04  2.55395542E-03
  4.36686611E+00  1.62233245E-02 -1.51353300E-01  2.29078229E-03  2.63196271E-04  2.55397847E-03
  4.36786604E+00  1.60718895E-02 -1.51515529E-01  2.29569571E-03  2.58305634E-04  2.55400129E-03
  4.36886597E+00  1.59202944E-02 -1.51676252E-01  2.30056862E-03  2.53455772E-04  2.55402434E-03
  4.36986589E+00  1.57685373E-02 -1.51835456E-01  2.30540056E-03  2.48646771E-04  2.55404739E-03
  4.37086582E+00  1.56166228E-02 -1.51993141E-01  2.31019151E-03  2.43878909E-04  2.55407044E-03
  4.37186575E+00  1.54645517E-02 -1.52149305E-01  2.31494103E-03  2.39152359E-04  2.55409349E-03
  4.37286568E+00  1.53123252E-02 -1.52303949E-01  2.31964933E-03  2.34467298E-04  2.55411654E-03
  4.37386560E+00  1.51599450E-02 -1.52457073E-01  2.32431595E-03  2.29823927E-04  2.55413982E-03
  4.37486553E+00  1.50074121E-02 -1.52608678E-01  2.32894090E-03  2.25222422E-04  2.55416334E-03
  4.37586546E+00  1.48547282E-02 -1.52758747E-01  2.33352347E-03  2.20662958E-04  2.55418639E-03
  4.37686539E+00  1.47018954E-02 -1.52907297E-01  2.33806414E-03  2.16145723E-04  2.55420990E-03
  4.37786531E+00  1.45489145E-02 -1.53054312E-01  2.34256219E-03  2.11670907E-04  2.55423319E-03
  4.37886524E+00  1.43957874E-02 -1.53199807E-01  2.34701810E-03  2.07238700E-04  2.55425670E-03
  4.37986517E+00  1.42425159E-02 -1.53343767E-01  2.35143118E-03  2.02849260E-04  2.55428045E-03
  4.38086510E+00  1.40891010E-02 -1.53486192E-01  2.35580117E-03  1.98502763E-04  2.55430397E-03
  4.38186502E+00  1.39355436E-02 -1.53627083E-01  2.36012810E-03  1.94199369E-04  2.55432748E-03
  4.38286495E+00  1.37818465E-02 -1.53766438E-01  2.36441172E-03  1.89939296E-04  2.55435100E-03
  4.38386488E+00  1.36280116E-02 -1.53904259E-01  2.36865203E-03  1.85722703E-04  2.55437475E-03
  4.38486481E+00  1.34740397E-02 -1.54040545E-01  2.37284903E-03  1.81549753E-04  2.55439873E-03
  4.38586473E+00  1.33199319E-02 -1.54175282E-01  2.37700180E-03  1.77420588E-04  2.55442248E-03
  4.38686466E+00  1.31656900E-02 -1.54308483E-01  2.38111080E-03  1.73335400E-04  2.55444623E-03
  4.38786459E+00  1.30113158E-02 -1.54440135E-01  2.38517555E-03  1.69294333E-04  2.55446997E-03
  4.38886452E+00  1.28568104E-02 -1.54570252E-01  2.38919631E-03  1.65297577E-04  2.55449396E-03
  4.38986444E+00  1.27021754E-02 -1.54698819E-01  2.39317259E-03  1.61345262E-04  2.55451794E-03
  4.39086437E+00  1.25474129E-02 -1.54825836E-01  2.39710393E-03  1.57437564E-04  2.55454145E-03
  4.39186430E+00  1.23925246E-02 -1.54951304E-01  2.40099058E-03  1.53574671E-04  2.55456520E-03
  4.39286423E+00  1.22375106E-02 -1.55075222E-01  2.40483251E-03  1.49756670E-04  2.55458918E-03
  4.39386415E+00  1.20823737E-02 -1.55197591E-01  2.40862928E-03  1.45983751E-04  2.55461293E-03
  4.39486408E+00  1.19271157E-02 -1.55318409E-01  2.41238088E-03  1.42256089E-04  2.55463691E-03
  4.39586401E+00  1.17717376E-02 -1.55437678E-01  2.41608708E-03  1.38573800E-04  2.55466090E-03
  4.39686394E+00  1.16162412E-02 -1.55555397E-01  2.41974811E-03  1.34937058E-04  2.55468511E-03
  4.39786386E+00  1.14606284E-02 -1.55671567E-01  2.42336374E-03  1.31346009E-04  2.55470979E-03
  4.39886379E+00  1.13048991E-02 -1.55786172E-01  2.42693326E-03  1.27800740E-04  2.55473400E-03
  4.39986372E+00  1.11490563E-02 -1.55899227E-01  2.43045692E-03  1.24301456E-04  2.55475845E-03
  4.40086365E+00  1.09931007E-02 -1.56010717E-01  2.43393448E-03  1.20848264E-04  2.55478267E-03
  4.40186357E+00  1.08370353E-02 -1.56120643E-01  2.43736547E-03  1.17441334E-04  2.55480688E-03
  4.40286350E+00  1.06808608E-02 -1.56229019E-01  2.44075060E-03  1.14080787E-04  2.55483133E-03
  4.40386343E+00  1.05245784E-02 -1.56335831E-01  2.44408916E-03  1.10766749E-04  2.55485601E-03
  4.40486336E+00  1.03681898E-02 -1.56441078E-01  2.44738115E-03  1.07499356E-04  2.55488046E-03
  4.40586329E+00  1.02116968E-02 -1.56544760E-01  2.45062611E-03  1.04278755E-04  2.55490490E-03
  4.40686321E+00  1.00551005E-02 -1.56646878E-01  2.45382451E-03  1.01105048E-04  2.55492958E-03
  4.40786314E+00  9.89840366E-03 -1.56747431E-01  2.45697587E-03  9.79783945E-05  2.55495426E-03
  4.40886307E+00  9.74160712E-03 -1.56846419E-01  2.46007997E-03  9.48989109E-05  2.55497894E-03
  4.40986300E+00  9.58471186E-03 -1.56943828E-01  2.46313657E-03  9.18666992E-05  2.55500316E-03
  4.41086292E+00  9.42772068E-03 -1.57039672E-01  2.46614590E-03  8.88819195E-05  2.55502784E-03
  4.41186285E+00  9.27063357E-03 -1.57133952E-01  2.46910797E-03  8.59446445E-05  2.55505252E-03
  4.41286278E+00  9.11345333E-03 -1.57226652E-01  2.47202208E-03  8.30550343E-05  2.55507720E-03
  4.41386271E+00  8.95618089E-03 -1.57317787E-01  2.47488869E-03  8.02131763E-05  2.55510188E-03
  4.41486263E+00  8.79881810E-03 -1.57407343E-01  2.47770711E-03  7.74192013E-05  2.55512632E-03
  4.41586256E+00  8.64136685E-03 -1.57495335E-01  2.48047803E-03  7.46732185E-05  2.55515124E-03
  4.41686249E+00  8.48382898E-03 -1.57581747E-01  2.48320075E-03  7.19753516E-05  2.55517615E-03
  4.41786242E+00  8.32620449E-03 -1.57666579E-01  2.48587504E-03  6.93256807E-05  2.55520083E-03
  4.41886234E+00  8.16849619E-03 -1.57749847E-01  2.48850137E-03  6.67243294E-05  2.55522574E-03
  4.41986227E+00  8.01070500E-03 -1.57831535E-01  2.49107927E-03  6.41713923E-05  2.55525066E-03
  4.42086220E+00  7.85283372E-03 -1.57911643E-01  2.49360874E-03  6.16670004E-05  2.55527580E-03
  4.42186213E+00  7.69488281E-03 -1.57990173E-01  2.49608955E-03  5.92112228E-05  2.55530071E-03
  4.42286205E+00  7.53685413E-03 -1.58067122E-01  2.49852147E-03  5.68041687E-05  2.55532563E-03
  4.42386198E+00  7.37874908E-03 -1.58142492E-01  2.50090472E-03  5.44459363E-05  2.55535077E-03
  4.42486191E+00  7.22057000E-03 -1.58216283E-01  2.50323932E-03  5.21366310E-05  2.55537592E-03
  4.42586184E+00  7.06231734E-03 -1.58288494E-01  2.50552478E-03  4.98763256E-05  2.55540106E-03
  4.42686176E+00  6.90399343E-03 -1.58359110E-01  2.50776089E-03  4.76651257E-05  2.55542598E-03
  4.42786169E+00  6.74559968E-03 -1.58428147E-01  2.50994787E-03  4.55031150E-05  2.55545089E-03
  4.42886162E+00  6.58713793E-03 -1.58495605E-01  2.51208572E-03  4.33903879E-05  2.55547604E-03
  4.42986155E+00  6.42860914E-03 -1.58561483E-01  2.51417444E-03  4.13270172E-05  2.55550141E-03
  4.43086147E+00  6.27001561E-03 -1.58625767E-01  2.51621357E-03  3.93130940E-05  2.55552656E-03
  4.43186140E+00  6.11135876E-03 -1.58688471E-01  2.51820311E-03  3.73487055E-05  2.55555171E-03
  4.43286133E+00  5.95263951E-03 -1.58749580E-01  2.52014282E-03  3.54339172E-05  2.55557685E-03
  4.43386126E+00  5.79386018E-03 -1.58809111E-01  2.52203341E-03  3.35688164E-05  2.55560223E-03
  4.43486118E+00  5.63502219E-03 -1.58867046E-01  2.52387370E-03  3.17534759E-05  2.55562714E-03
  4.43586111E+00  5.47612691E-03 -1.58923402E-01  2.52566487E-03  2.99879666E-05  2.55565275E-03
  4.43686104E+00  5.31717623E-03 -1.58978164E-01  2.52740574E-03  2.82723631E-05  2.55567813E-03
  4.43786097E+00  5.15817152E-03 -1.59031332E-01  2.52909656E-03  2.66067327E-05  2.55570328E-03
  4.43886089E+00  4.99911467E-03 -1.59082919E-01  2.53073755E-03  2.49911482E-05  2.55572866E-03
  4.43986082E+00  4.84000659E-03 -1.59132913E-01  2.53232848E-03  2.34256640E-05  2.55575404E-03
  4.44086075E+00  4.68084961E-03 -1.59181312E-01  2.53386912E-03  2.19103531E-05  2.55577941E-03
  4.44186068E+00  4.52164514E-03 -1.59228116E-01  2.53535947E-03  2.04452754E-05  2.55580479E-03
  4.44286060E+00  4.36239410E-03 -1.59273326E-01  2.53679929E-03  1.90304818E-05  2.55582971E-03
  4.44386053E+00  4.20309883E-03 -1.59316957E-01  2.53818929E-03  1.76660396E-05  2.55585532E-03
  4.44486046E+00  4.04376071E-03 -1.59358993E-01  2.53952900E-03  1.63519999E-05  2.55588093E-03
  4.44586039E+00  3.88438138E-03 -1.59399435E-01  2.54081818E-03  1.50884189E-05  2.55590654E-03
  4.44686031E+00  3.72496271E-03 -1.59438282E-01  2.54205661E-03  1.38753476E-05  2.55593192E-03
  4.44786024E+00  3.56550585E-03 -1.59475535E-01  2.54324474E-03  1.27128324E-05  2.55595753E-03
  4.44886017E+00  3.40601243E-03 -1.59511194E-01  2.54438212E-03  1.16009205E-05  2.55598314E-03
  4.44986010E+00  3.24648432E-03 -1.59545258E-01  2.54546897E-03  1.05396603E-05  2.55600852E-03
  4.45086002E+00  3.08692269E-03 -1.59577727E-01  2.54650507E-03  9.52909159E-06  2.55603413E-03
  4.45185995E+00  2.92732962E-03 -1.59608603E-01  2.54749064E-03  8.56925908E-06  2.55605998E-03
  4.45285988E+00  2.76770629E-03 -1.59637868E-01  2.54842499E-03  7.66019821E-06  2.55608512E-03
  4.45385981E+00  2.60805478E-03 -1.59665540E-01  2.54930859E-03  6.80194989E-06  2.55611050E-03
  4.45485973E+00  2.44837627E-03 -1.59691617E-01  2.55014142E-03  5.99454643E-06  2.55613588E-03
  4.45585966E+00  2.28867237E-03 -1.59716100E-01  2.55092327E-03  5.23802146E-06  2.55616126E-03
  4.45685959E+00  2.12894497E-03 -1.59738988E-01  2.55165435E-03  4.53240682E-06  2.55618687E-03
  4.45785952E+00  1.96919520E-03 -1.59760281E-01  2.55233492E-03  3.87772980E-06  2.55621271E-03
  4.45885944E+00  1.80942507E-03 -1.59779981E-01  2.55296426E-03  3.27401904E-06  2.55623832E-03
  4.45985937E+00  1.64963596E-03 -1.59798071E-01  2.55354238E-03  2.72129887E-06  2.55626370E-03
  4.46085930E+00  1.48982962E-03 -1.59814566E-01  2.55406974E-03  2.21959226E-06  2.55628931E-03
  4.46185923E+00  1.33000757E-03 -1.59829468E-01  2.55454588E-03  1.76892013E-06  2.55631469E-03
  4.46285915E+00  1.17017142E-03 -1.59842774E-01  2.55497126E-03  1.36930112E-06  2.55634054E-03
  4.46385908E+00  1.01032283E-03 -1.59854472E-01  2.55534519E-03  1.02075217E-06  2.55636591E-03
  4.46485901E+00  8.50463286E-04 -1.59864575E-01  2.55566812E-03  7.23287826E-07  2.55639129E-03
  4.46585894E+00  6.90594490E-04 -1.59873083E-01  2.55594030E-03  4.76920775E-07  2.55641714E-03
  4.46685886E+00  5.30717953E-04 -1.59879982E-01  2.55616079E-03  2.81661556E-07  2.55644252E-03
  4.46785879E+00  3.70835332E-04 -1.59885287E-01  2.55633052E-03  1.37518839E-07  2.55646813E-03
  4.46885872E+00  2.10948187E-04 -1.59888998E-01  2.55644927E-03  4.44991386E-08  2.55649374E-03
  4.46985865E+00  5.10581231E-05 -1.59891114E-01  2.55651679E-03  2.60693200E-09  2.55651935E-03
  4.47085857E+00 -1.08833250E-04 -1.59891620E-01  2.55653309E-03  1.18446764E-08  2.55654496E-03
  4.47185850E+00 -2.68724310E-04 -1.59890532E-01  2.55649816E-03  7.22127567E-08  2.55657034E-03
  4.47285843E+00 -4.28613508E-04 -1.59887850E-01  2.55641248E-03  1.83709545E-07  2.55659618E-03
  4.47385836E+00 -5.88499184E-04 -1.59883559E-01  2.55627534E-03  3.46331291E-07  2.55662156E-03
  4.47485828E+00 -7.48379796E-04 -1.59877673E-01  2.55608722E-03  5.60072294E-07  2.55664717E-03
  4.47585821E+00 -9.08253773E-04 -1.59870192E-01  2.55584787E-03  8.24924939E-07  2.55667279E-03
  4.47685814E+00 -1.06811943E-03 -1.59861103E-01  2.55555729E-03  1.14087914E-06  2.55669816E-03
  4.47785807E+00 -1.22797512E-03 -1.59850419E-01  2.55521550E-03  1.50792289E-06  2.55672331E-03
  4.47885799E+00 -1.38781941E-03 -1.59838140E-01  2.55482318E-03  1.92604284E-06  2.55674915E-03
  4.47985792E+00 -1.54765055E-03 -1.59824267E-01  2.55437964E-03  2.39522228E-06  2.55677477E-03
  4.48085785E+00 -1.70746713E-03 -1.59808785E-01  2.55388464E-03  2.91544393E-06  2.55680014E-03
  4.48185778E+00 -1.86726742E-03 -1.59791708E-01  2.55333888E-03  3.48668755E-06  2.55682552E-03
  4.48285770E+00 -2.02704989E-03 -1.59773037E-01  2.55274237E-03  4.10893108E-06  2.55685137E-03
  4.48385763E+00 -2.18681269E-03 -1.59752771E-01  2.55209487E-03  4.78214997E-06  2.55687698E-03
  4.48485756E+00 -2.34655454E-03 -1.59730896E-01  2.55139614E-03  5.50631830E-06  2.55690236E-03
  4.48585749E+00 -2.50627380E-03 -1.59707427E-01  2.55064643E-03  6.28140833E-06  2.55692773E-03
  4.48685741E+00 -2.66596861E-03 -1.59682363E-01  2.54984573E-03  7.10738868E-06  2.55695311E-03
  4.48785734E+00 -2.82563781E-03 -1.59655705E-01  2.54899450E-03  7.98422934E-06  2.55697872E-03
  4.48885727E+00 -2.98527931E-03 -1.59627452E-01  2.54809251E-03  8.91189211E-06  2.55700434E-03
  4.48985720E+00 -3.14489193E-03 -1.59597605E-01  2.54713953E-03  9.89034561E-06  2.55702995E-03
  4.49085712E+00 -3.30447359E-03 -1.59566149E-01  2.54613557E-03  1.09195453E-05  2.55705509E-03
  4.49185705E+00 -3.46402312E-03 -1.59533098E-01  2.54508085E-03  1.19994565E-05  2.55708024E-03
  4.49285698E+00 -3.62353912E-03 -1.59498453E-01  2.54397560E-03  1.31300358E-05  2.55710562E-03
  4.49385691E+00 -3.78301949E-03 -1.59462214E-01  2.54281983E-03  1.43112366E-05  2.55713100E-03
  4.49485683E+00 -3.94246262E-03 -1.59424379E-01  2.54161330E-03  1.55430116E-05  2.55715637E-03
  4.49585676E+00 -4.10186732E-03 -1.59384951E-01  2.54035625E-03  1.68253155E-05  2.55718152E-03
  4.49685669E+00 -4.26123198E-03 -1.59343928E-01  2.53904867E-03  1.81580981E-05  2.55720667E-03
  4.49785662E+00 -4.42055427E-03 -1.59301311E-01  2.53769080E-03  1.95412995E-05  2.55723204E-03
  4.49885654E+00 -4.57983371E-03 -1.59257099E-01  2.53628241E-03  2.09748760E-05  2.55725719E-03
  4.49985647E+00 -4.73906798E-03 -1.59211308E-01  2.53482419E-03  2.24587657E-05  2.55728303E-03
  4.50085640E+00 -4.89825569E-03 -1.59163922E-01  2.53331545E-03  2.39929086E-05  2.55730841E-03
  4.50185633E+00 -5.05739497E-03 -1.59114942E-01  2.53175641E-03  2.55772447E-05  2.55733356E-03
  4.50285625E+00 -5.21648489E-03 -1.59064367E-01  2.53014732E-03  2.72117140E-05  2.55735894E-03
  4.50385618E+00 -5.37552312E-03 -1.59012198E-01  2.52848794E-03  2.88962492E-05  2.55738408E-03
  4.50485611E+00 -5.53450827E-03 -1.58958450E-01  2.52677896E-03  3.06307811E-05  2.55740969E-03
  4.50585604E+00 -5.69343939E-03 -1.58903107E-01  2.52501993E-03  3.24152534E-05  2.55743507E-03
  4.50685596E+00 -5.85231418E-03 -1.58846170E-01  2.52321060E-03  3.42495805E-05  2.55746022E-03
  4.50785589E+00 -6.01113122E-03 -1.58787653E-01  2.52135191E-03  3.61336970E-05  2.55748560E-03
  4.50885582E+00 -6.16988866E-03 -1.58727542E-01  2.51944340E-03  3.80675265E-05  2.55751098E-03
  4.50985575E+00 -6.32858556E-03 -1.58665836E-01  2.51748483E-03  4.00509962E-05  2.55753589E-03
  4.51085567E+00 -6.48721959E-03 -1.58602551E-01  2.51547690E-03  4.20840188E-05  2.55756080E-03
  4.51185560E+00 -6.64578937E-03 -1.58537686E-01  2.51341984E-03  4.41665179E-05  2.55758641E-03
  4.51285553E+00 -6.80429395E-03 -1.58471227E-01  2.51131295E-03  4.62984171E-05  2.55761133E-03
  4.51385546E+00 -6.96273101E-03 -1.58403188E-01  2.50915694E-03  4.84796219E-05  2.55763647E-03
  4.51485538E+00 -7.12109916E-03 -1.58333555E-01  2.50695157E-03  5.07100522E-05  2.55766162E-03
  4.51585531E+00 -7.27939745E-03 -1.58262342E-01  2.50469684E-03  5.29896279E-05  2.55768653E-03
  4.51685524E+00 -7.43762357E-03 -1.58189550E-01  2.50239344E-03  5.53182435E-05  2.55771168E-03
  4.51785517E+00 -7.59577565E-03 -1.58115178E-01  2.50004116E-03  5.76958082E-05  2.55773705E-03
  4.51885509E+00 -7.75385275E-03 -1.58039227E-01  2.49763974E-03  6.01222309E-05  2.55776197E-03
  4.51985502E+00 -7.91185256E-03 -1.57961681E-01  2.49518920E-03  6.25974135E-05  2.55778665E-03
  4.52085495E+00 -8.06977507E-03 -1.57882556E-01  2.49269023E-03  6.51212686E-05  2.55781156E-03
  4.52185488E+00 -8.22761748E-03 -1.57801852E-01  2.49014236E-03  6.76936907E-05  2.55783601E-03
  4.52285480E+00 -8.38537794E-03 -1.57719582E-01  2.48754653E-03  7.03145633E-05  2.55786115E-03
  4.52385473E+00 -8.54305550E-03 -1.57635733E-01  2.48490251E-03  7.29837993E-05  2.55788630E-03
  4.52485466E+00 -8.70064832E-03 -1.57550305E-01  2.48221005E-03  7.57012822E-05  2.55791144E-03
  4.52585459E+00 -8.85815453E-03 -1.57463297E-01  2.47946917E-03  7.84669028E-05  2.55793612E-03
  4.52685452E+00 -9.01557319E-03 -1.57374710E-01  2.47667986E-03  8.12805592E-05  2.55796034E-03
  4.52785444E+00 -9.17290337E-03 -1.57284558E-01  2.47384328E-03  8.41421570E-05  2.55798548E-03
  4.52885437E+00 -9.33014229E-03 -1.57192826E-01  2.47095851E-03  8.70515578E-05  2.55801016E-03
  4.52985430E+00 -9.48728900E-03 -1.57099530E-01  2.46802624E-03  9.00086525E-05  2.55803484E-03
  4.53085423E+00 -9.64434072E-03 -1.57004654E-01  2.46504624E-03  9.30133101E-05  2.55805952E-03
  4.53185415E+00 -9.80129652E-03 -1.56908214E-01  2.46201898E-03  9.60654143E-05  2.55808444E-03
  4.53285408E+00 -9.95815545E-03 -1.56810194E-01  2.45894375E-03  9.91648631E-05  2.55810865E-03
  4.53385401E+00 -1.01149166E-02 -1.56710610E-01  2.45582149E-03  1.02311540E-04  2.55813310E-03
  4.53485394E+00 -1.02715772E-02 -1.56609461E-01  2.45265244E-03  1.05505300E-04  2.55815778E-03
  4.53585386E+00 -1.04281353E-02 -1.56506747E-01  2.44943611E-03  1.08746004E-04  2.55818223E-03
  4.53685379E+00 -1.05845900E-02 -1.56402469E-01  2.44617322E-03  1.12033544E-04  2.55820667E-03
  4.53785372E+00 -1.07409395E-02 -1.56296626E-01  2.44286354E-03  1.15367780E-04  2.55823135E-03
  4.53885365E+00 -1.08971819E-02 -1.56189218E-01  2.43950705E-03  1.18748576E-04  2.55825557E-03
  4.53985357E+00 -1.10533163E-02 -1.56080246E-01  2.43610423E-03  1.22175799E-04  2.55828002E-03
  4.54085350E+00 -1.12093417E-02 -1.55969709E-01  2.43265508E-03  1.25649341E-04  2.55830446E-03
  4.54185343E+00 -1.13652553E-02 -1.55857623E-01  2.42916006E-03  1.29169028E-04  2.55832914E-03
  4.54285336E+00 -1.15210563E-02 -1.55743971E-01  2.42561847E-03  1.32734742E-04  2.55835312E-03
  4.54385328E+00 -1.16767427E-02 -1.55628756E-01  2.42203102E-03  1.36346323E-04  2.55837734E-03
  4.54485321E+00 -1.18323127E-02 -1.55511990E-01  2.41839793E-03  1.40003627E-04  2.55840155E-03
  4.54585314E+00 -1.19877653E-02 -1.55393660E-01  2.41471897E-03  1.43706522E-04  2.55842553E-03
  4.54685307E+00 -1.21430997E-02 -1.55273780E-01  2.41099461E-03  1.47454863E-04  2.55844952E-03
  4.54785299E+00 -1.22983130E-02 -1.55152351E-01  2.40722531E-03  1.51248503E-04  2.55847373E-03
  4.54885292E+00 -1.24534043E-02 -1.55029371E-01  2.40341062E-03  1.55087284E-04  2.55849794E-03
  4.54985285E+00 -1.26083717E-02 -1.54904842E-01  2.39955098E-03  1.58971030E-04  2.55852193E-03
  4.55085278E+00 -1.27632134E-02 -1.54778764E-01  2.39564665E-03  1.62899611E-04  2.55854614E-03
  4.55185270E+00 -1.29179275E-02 -1.54651135E-01  2.39169737E-03  1.66872851E-04  2.55857012E-03
  4.55285263E+00 -1.30725140E-02 -1.54521957E-01  2.38770363E-03  1.70890620E-04  2.55859434E-03
  4.55385256E+00 -1.32269710E-02 -1.54391229E-01  2.38366518E-03  1.74952758E-04  2.55861785E-03
  4.55485249E+00 -1.33812958E-02 -1.54258966E-01  2.37958296E-03  1.79059076E-04  2.55864207E-03
  4.55585241E+00 -1.35354875E-02 -1.54125154E-01  2.37545627E-03  1.83209428E-04  2.55866582E-03
  4.55685234E+00 -1.36895450E-02 -1.53989792E-01  2.37128581E-03  1.87403639E-04  2.55868956E-03
  4.55785227E+00 -1.38434665E-02 -1.53852895E-01  2.36707134E-03  1.91641564E-04  2.55871285E-03
  4.55885220E+00 -1.39972502E-02 -1.53714463E-01  2.36281357E-03  1.95923014E-04  2.55873660E-03
  4.55985212E+00 -1.41508952E-02 -1.53574497E-01  2.35851272E-03  2.00247829E-04  2.55876058E-03
  4.56085205E+00 -1.43043986E-02 -1.53432980E-01  2.35416810E-03  2.04615819E-04  2.55878386E-03
  4.56185198E+00 -1.44577594E-02 -1.53289929E-01  2.34978041E-03  2.09026810E-04  2.55880714E-03
  4.56285191E+00 -1.46109769E-02 -1.53145358E-01  2.34535011E-03  2.13480642E-04  2.55883066E-03
  4.56385183E+00 -1.47640500E-02 -1.52999252E-01  2.34087720E-03  2.17977169E-04  2.55885441E-03
  4.56485176E+00 -1.49169760E-02 -1.52851611E-01  2.33636145E-03  2.22516173E-04  2.55887769E-03
  4.56585169E+00 -1.50697529E-02 -1.52702436E-01  2.33180332E-03  2.27097451E-04  2.55890074E-03
  4.56685162E+00 -1.52223799E-02 -1.52551740E-01  2.32720352E-03  2.31720856E-04  2.55892426E-03
  4.56785154E+00 -1.53748551E-02 -1.52399510E-01  2.32256111E-03  2.36386171E-04  2.55894731E-03
  4.56885147E+00 -1.55271776E-02 -1.52245760E-01  2.31787725E-03  2.41093250E-04  2.55897059E-03
  4.56985140E+00 -1.56793445E-02 -1.52090490E-01  2.31315172E-03  2.45841831E-04  2.55899364E-03
  4.57085133E+00 -1.58313569E-02 -1.51933700E-01  2.30838498E-03  2.50631856E-04  2.55901692E-03
  4.57185125E+00 -1.59832127E-02 -1.51775390E-01  2.30357680E-03  2.55463092E-04  2.55903997E-03
  4.57285118E+00 -1.61349084E-02 -1.51615560E-01  2.29872786E-03  2.60335277E-04  2.55906302E-03
  4.57385111E+00 -1.62864439E-02 -1.51454210E-01  2.29383796E-03  2.65248265E-04  2.55908631E-03
  4.57485104E+00 -1.64378155E-02 -1.51291341E-01  2.28890707E-03  2.70201766E-04  2.55910889E-03
  4.57585096E+00 -1.65890250E-02 -1.51126966E-01  2.28393613E-03  2.75195751E-04  2.55913194E-03
  4.57685089E+00 -1.67400688E-02 -1.50961071E-01  2.27892469E-03  2.80229899E-04  2.55915453E-03
  4.57785082E+00 -1.68909468E-02 -1.50793672E-01  2.27387319E-03  2.85304093E-04  2.55917734E-03
  4.57885075E+00 -1.70416571E-02 -1.50624767E-01  2.26878212E-03  2.90418073E-04  2.55920016E-03
  4.57985067E+00 -1.71921961E-02 -1.50454357E-01  2.26365146E-03  2.95571605E-04  2.55922298E-03
  4.58085060E+00 -1.73425656E-02 -1.50282443E-01  2.25848122E-03  3.00764572E-04  2.55924580E-03
  4.58185053E+00 -1.74927600E-02 -1.50109023E-01  2.25327187E-03  3.05996655E-04  2.55926861E-03
  4.58285046E+00 -1.76427811E-02 -1.49934098E-01  2.24802340E-03  3.11267737E-04  2.55929120E-03
  4.58385038E+00 -1.77926272E-02 -1.49757668E-01  2.24273605E-03  3.16577585E-04  2.55931355E-03
  4.58485031E+00 -1.79422963E-02 -1.49579749E-01  2.23741005E-03  3.21925996E-04  2.55933614E-03
  4.58585024E+00 -1.80917867E-02 -1.49400324E-01  2.23204563E-03  3.27312737E-04  2.55935825E-03
  4.58685017E+00 -1.82410963E-02 -1.49219409E-01  2.22664326E-03  3.32737603E-04  2.55938084E-03
  4.58785009E+00 -1.83902252E-02 -1.49037004E-01  2.22120294E-03  3.38200392E-04  2.55940342E-03
  4.58885002E+00 -1.85391717E-02 -1.48853108E-01  2.21572490E-03  3.43700900E-04  2.55942577E-03
  4.58984995E+00 -1.86879318E-02 -1.48667723E-01  2.21020915E-03  3.49238806E-04  2.55944789E-03
  4.59084988E+00 -1.88365057E-02 -1.48480847E-01  2.20465637E-03  3.54813936E-04  2.55947025E-03
  4.59184980E+00 -1.89848915E-02 -1.48292482E-01  2.19906610E-03  3.60426115E-04  2.55949213E-03
  4.59284973E+00 -1.91330891E-02 -1.48102626E-01  2.19343882E-03  3.66075110E-04  2.55951402E-03
  4.59384966E+00 -1.92810968E-02 -1.47911295E-01  2.18777522E-03  3.71760689E-04  2.55953590E-03
  4.59484959E+00 -1.94289107E-02 -1.47718489E-01  2.18207529E-03  3.77482560E-04  2.55955779E-03
  4.59584951E+00 -1.95765328E-02 -1.47524193E-01  2.17633881E-03  3.83240636E-04  2.55957944E-03
  4.59684944E+00 -1.97239574E-02 -1.47328421E-01  2.17056647E-03  3.89034481E-04  2.55960086E-03
  4.59784937E+00 -1.98711865E-02 -1.47131175E-01  2.16475828E-03  3.94864066E-04  2.55962228E-03
  4.59884930E+00 -2.00182181E-02 -1.46932468E-01  2.15891516E-03  4.00729041E-04  2.55964417E-03
  4.59984922E+00 -2.01650504E-02 -1.46732286E-01  2.15303642E-03  4.06629260E-04  2.55966559E-03
  4.60084915E+00 -2.03116816E-02 -1.46530628E-01  2.14712252E-03  4.12564405E-04  2.55968701E-03
  4.60184908E+00 -2.04581097E-02 -1.46327510E-01  2.14117416E-03  4.18534240E-04  2.55970843E-03
  4.60284901E+00 -2.06043348E-02 -1.46122932E-01  2.13519111E-03  4.24538623E-04  2.55972985E-03
  4.60384893E+00 -2.07503550E-02 -1.45916894E-01  2.12917407E-03  4.30577231E-04  2.55975127E-03
  4.60484886E+00 -2.08961684E-02 -1.45709395E-01  2.12312280E-03  4.36649862E-04  2.55977269E-03
  4.60584879E+00 -2.10417733E-02 -1.45500436E-01  2.11703777E-03  4.42756223E-04  2.55979411E-03
  4.60684872E+00 -2.11871695E-02 -1.45290017E-01  2.11091898E-03  4.48896142E-04  2.55981507E-03
  4.60784864E+00 -2.13323534E-02 -1.45078152E-01  2.10476713E-03  4.55069297E-04  2.55983649E-03
  4.60884857E+00 -2.14773249E-02 -1.44864827E-01  2.09858175E-03  4.61275486E-04  2.55985721E-03
  4.60984850E+00 -2.16220822E-02 -1.44650057E-01  2.09236401E-03  4.67514445E-04  2.55987840E-03
  4.61084843E+00 -2.17666235E-02 -1.44433841E-01  2.08611344E-03  4.73785884E-04  2.55989935E-03
  4.61184835E+00 -2.19109487E-02 -1.44216180E-01  2.07983074E-03  4.80089686E-04  2.55992031E-03
  4.61284828E+00 -2.20550541E-02 -1.43997073E-01  2.07351591E-03  4.86425415E-04  2.55994126E-03
  4.61384821E+00 -2.21989416E-02 -1.43776521E-01  2.06716894E-03  4.92792984E-04  2.55996198E-03
  4.61484814E+00 -2.23426055E-02 -1.43554538E-01  2.06079055E-03  4.99192043E-04  2.55998271E-03
  4.61584806E+00 -2.24860478E-02 -1.43331110E-01  2.05438095E-03  5.05622360E-04  2.56000319E-03
  4.61684799E+00 -2.26292666E-02 -1.43106252E-01  2.04793992E-03  5.12083701E-04  2.56002368E-03
  4.61784792E+00 -2.27722600E-02 -1.42879963E-01  2.04146840E-03  5.18575835E-04  2.56004417E-03
  4.61884785E+00 -2.29150262E-02 -1.42652243E-01  2.03496637E-03  5.25098410E-04  2.56006466E-03
  4.61984777E+00 -2.30575632E-02 -1.42423093E-01  2.02843384E-03  5.31651196E-04  2.56008515E-03
  4.62084770E+00 -2.31998712E-02 -1.42192513E-01  2.02187127E-03  5.38234017E-04  2.56010517E-03
  4.62184763E+00 -2.33419482E-02 -1.41960517E-01  2.01527891E-03  5.44846524E-04  2.56012543E-03
  4.62284756E+00 -2.34837905E-02 -1.41727090E-01  2.00865674E-03  5.51488425E-04  2.56014522E-03
  4.62384748E+00 -2.36253999E-02 -1.41492248E-01  2.00200570E-03  5.58159547E-04  2.56016525E-03
  4.62484741E+00 -2.37667747E-02 -1.41255990E-01  1.99532555E-03  5.64859598E-04  2.56018527E-03
  4.62584734E+00 -2.39079110E-02 -1.41018316E-01  1.98861654E-03  5.71588229E-04  2.56020483E-03
  4.62684727E+00 -2.40488108E-02 -1.40779242E-01  1.98187958E-03  5.78345323E-04  2.56022485E-03
  4.62784719E+00 -2.41894685E-02 -1.40538752E-01  1.97511422E-03  5.85130358E-04  2.56024464E-03
  4.62884712E+00 -2.43298858E-02 -1.40296862E-01  1.96832116E-03  5.91943332E-04  2.56026443E-03
  4.62984705E+00 -2.44700611E-02 -1.40053555E-01  1.96149992E-03  5.98783896E-04  2.56028376E-03
  4.63084698E+00 -2.46099923E-02 -1.39808849E-01  1.95465144E-03  6.05651701E-04  2.56030308E-03
  4.63184690E+00 -2.47496776E-02 -1.39562756E-01  1.94777630E-03  6.12546515E-04  2.56032287E-03
  4.63284683E+00 -2.48891171E-02 -1.39315262E-01  1.94087427E-03  6.19468163E-04  2.56034243E-03
  4.63384676E+00 -2.50283070E-02 -1.39066368E-01  1.93394558E-03  6.26416178E-04  2.56036175E-03
  4.63484669E+00 -2.51672491E-02 -1.38816088E-01  1.92699058E-03  6.33390446E-04  2.56038108E-03
  4.63584661E+00 -2.53059380E-02 -1.38564423E-01  1.92000996E-03  6.40390499E-04  2.56040040E-03
  4.63684654E+00 -2.54443754E-02 -1.38311356E-01  1.91300304E-03  6.47416222E-04  2.56041926E-03
  4.63784647E+00 -2.55825594E-02 -1.38056919E-01  1.90597121E-03  6.54467323E-04  2.56043859E-03
  4.63884640E+00 -2.57204883E-02 -1.37801096E-01  1.89891423E-03  6.61543512E-04  2.56045768E-03
  4.63984632E+00 -2.58581601E-02 -1.37543887E-01  1.89183210E-03  6.68644439E-04  2.56047654E-03
  4.64084625E+00 -2.59955749E-02 -1.37285307E-01  1.88472553E-03  6.75769930E-04  2.56049540E-03
  4.64184618E+00 -2.61327289E-02 -1.37025356E-01  1.87759474E-03  6.82919519E-04  2.56051426E-03
  4.64284611E+00 -2.62696240E-02 -1.36764035E-01  1.87044020E-03  6.90093148E-04  2.56053335E-03
  4.64384604E+00 -2.64062565E-02 -1.36501342E-01  1.86326168E-03  6.97290408E-04  2.56055221E-03
  4.64484596E+00 -2.65426263E-02 -1.36237279E-01  1.85605965E-03  7.04511011E-04  2.56057060E-03
  4.64584589E+00 -2.66787317E-02 -1.35971859E-01  1.84883457E-03  7.11754721E-04  2.56058923E-03
  4.64684582E+00 -2.68145688E-02 -1.35705069E-01  1.84158667E-03  7.19021074E-04  2.56060762E-03
  4.64784575E+00 -2.69501396E-02 -1.35436922E-01  1.83431606E-03  7.26310012E-04  2.56062602E-03
  4.64884567E+00 -2.70854421E-02 -1.35167420E-01  1.82702322E-03  7.33621186E-04  2.56064441E-03
  4.64984560E+00 -2.72204727E-02 -1.34896562E-01  1.81970827E-03  7.40954129E-04  2.56066234E-03
  4.65084553E+00 -2.73552332E-02 -1.34624362E-01  1.81237177E-03  7.48308783E-04  2.56068050E-03
  4.65184546E+00 -2.74897218E-02 -1.34350806E-01  1.80501398E-03  7.55684800E-04  2.56069889E-03
  4.65284538E+00 -2.76239347E-02 -1.34075910E-01  1.79763499E-03  7.63081771E-04  2.56071682E-03
  4.65384531E+00 -2.77578719E-02 -1.33799672E-01  1.79023517E-03  7.70499464E-04  2.56073475E-03
  4.65484524E+00 -2.78915316E-02 -1.33522093E-01  1.78281497E-03  7.77937530E-04  2.56075244E-03
  4.65584517E+00 -2.80249137E-02 -1.33243173E-01  1.77537429E-03  7.85395794E-04  2.56077014E-03
  4.65684509E+00 -2.81580165E-02 -1.32962927E-01  1.76791404E-03  7.92873907E-04  2.56078783E-03
  4.65784502E+00 -2.82908380E-02 -1.32681340E-01  1.76043378E-03  8.00371519E-04  2.56080530E-03
  4.65884495E+00 -2.84233782E-02 -1.32398427E-01  1.75293442E-03  8.07888457E-04  2.56082276E-03
  4.65984488E+00 -2.85556354E-02 -1.32114187E-01  1.74541585E-03  8.15424311E-04  2.56084022E-03
  4.66084480E+00 -2.86876056E-02 -1.31828636E-01  1.73787889E-03  8.22978735E-04  2.56085768E-03
  4.66184473E+00 -2.88192909E-02 -1.31541759E-01  1.73032342E-03  8.30551551E-04  2.56087491E-03
  4.66284466E+00 -2.89506894E-02 -1.31253570E-01  1.72274990E-03  8.38142412E-04  2.56089238E-03
  4.66384459E+00 -2.90817972E-02 -1.30964071E-01  1.71515893E-03  8.45750910E-04  2.56090984E-03
  4.66484451E+00 -2.92126164E-02 -1.30673259E-01  1.70755014E-03  8.53376929E-04  2.56092707E-03
  4.66584444E+00 -2.93431450E-02 -1.30381137E-01  1.69992412E-03  8.61020177E-04  2.56094430E-03
  4.66684437E+00 -2.94733793E-02 -1.30087703E-01  1.69228110E-03  8.68680072E-04  2.56096106E-03
  4.66784430E+00 -2.96033192E-02 -1.29792973E-01  1.68462156E-03  8.76356498E-04  2.56097806E-03
  4.66884422E+00 -2.97329649E-02 -1.29496947E-01  1.67694595E-03  8.84049223E-04  2.56099505E-03
  4.66984415E+00 -2.98623126E-02 -1.29199624E-01  1.66925439E-03  8.91757722E-04  2.56101205E-03
  4.67084408E+00 -2.99913641E-02 -1.28901005E-01  1.66154688E-03  8.99481936E-04  2.56102881E-03
  4.67184401E+00 -3.01201139E-02 -1.28601089E-01  1.65382400E-03  9.07221285E-04  2.56104534E-03
  4.67284393E+00 -3.02485637E-02 -1.28299892E-01  1.64608622E-03  9.14975593E-04  2.56106188E-03
  4.67384386E+00 -3.03767119E-02 -1.27997413E-01  1.63833390E-03  9.22744628E-04  2.56107841E-03
  4.67484379E+00 -3.05045564E-02 -1.27693653E-01  1.63056690E-03  9.30527982E-04  2.56109494E-03
  4.67584372E+00 -3.06320973E-02 -1.27388611E-01  1.62278581E-03  9.38325364E-04  2.56111124E-03
  4.67684364E+00 -3.07593327E-02 -1.27082288E-01  1.61499088E-03  9.46136541E-04  2.56112730E-03
  4.67784357E+00 -3.08862608E-02 -1.26774698E-01  1.60718244E-03  9.53961106E-04  2.56114360E-03
  4.67884350E+00 -3.10128815E-02 -1.26465842E-01  1.59936107E-03  9.61798825E-04  2.56115990E-03
  4.67984343E+00 -3.11391931E-02 -1.26155719E-01  1.59152655E-03  9.69649351E-04  2.56117596E-03
  4.68084335E+00 -3.12651917E-02 -1.25844330E-01  1.58367958E-03  9.77512216E-04  2.56119180E-03
  4.68184328E+00 -3.13908793E-02 -1.25531673E-01  1.57582015E-03  9.85387247E-04  2.56120740E-03
  4.68284321E+00 -3.15162539E-02 -1.25217766E-01  1.56794884E-03  9.93274269E-04  2.56122323E-03
  4.68384314E+00 -3.16413157E-02 -1.24902606E-01  1.56006613E-03  1.00117282E-03  2.56123906E-03
  4.68484306E+00 -3.17660607E-02 -1.24586195E-01  1.55217201E-03  1.00908265E-03  2.56125466E-03
  4.68584299E+00 -3.18904854E-02 -1.24268532E-01  1.54426682E-03  1.01700309E-03  2.56126979E-03
  4.68684292E+00 -3.20145935E-02 -1.23949625E-01  1.53635105E-03  1.02493423E-03  2.56128516E-03
  4.68784285E+00 -3.21383812E-02 -1.23629481E-01  1.52842491E-03  1.03287550E-03  2.56130053E-03
  4.68884277E+00 -3.22618522E-02 -1.23308100E-01  1.52048876E-03  1.04082713E-03  2.56131589E-03
  4.68984270E+00 -3.23849991E-02 -1.22985482E-01  1.51254295E-03  1.04878820E-03  2.56133126E-03
  4.69084263E+00 -3.25078256E-02 -1.22661635E-01  1.50458771E-03  1.05675869E-03  2.56134639E-03
  4.69184256E+00 -3.26303244E-02 -1.22336559E-01  1.49662339E-03  1.06473803E-03  2.56136153E-03
  4.69284248E+00 -3.27524953E-02 -1.22010253E-01  1.48865022E-03  1.07272598E-03  2.56137620E-03
  4.69384241E+00 -3.28743421E-02 -1.21682726E-01  1.48066867E-03  1.08072232E-03  2.56139087E-03
  4.69484234E+00 -3.29958610E-02 -1.21353984E-01  1.47267897E-03  1.08872680E-03  2.56140577E-03
  4.69584227E+00 -3.31170522E-02 -1.21024027E-01  1.46468158E-03  1.09673920E-03  2.56142067E-03
  4.69684219E+00 -3.32379118E-02 -1.20692857E-01  1.45667663E-03  1.10475882E-03  2.56143557E-03
  4.69784212E+00 -3.33584361E-02 -1.20360479E-01  1.44866446E-03  1.11278531E-03  2.56144977E-03
  4.69884205E+00 -3.34786288E-02 -1.20026894E-01  1.44064554E-03  1.12081855E-03  2.56146397E-03
  4.69984198E+00 -3.35984863E-02 -1.19692110E-01  1.43262011E-03  1.12885830E-03  2.56147841E-03
  4.70084190E+00 -3.37180123E-02 -1.19356126E-01  1.42458850E-03  1.13690435E-03  2.56149285E-03
  4.70184183E+00 -3.38371992E-02 -1.19018942E-01  1.41655083E-03  1.14495610E-03  2.56150682E-03
  4.70284176E+00 -3.39560509E-02 -1.18680567E-01  1.40850770E-03  1.15301344E-03  2.56152125E-03
  4.70384169E+00 -3.40745598E-02 -1.18341006E-01  1.40045944E-03  1.16107566E-03  2.56153522E-03
  4.70484161E+00 -3.41927297E-02 -1.18000261E-01  1.39240618E-03  1.16914278E-03  2.56154896E-03
  4.70584154E+00 -3.43105569E-02 -1.17658332E-01  1.38434838E-03  1.17721432E-03  2.56156269E-03
  4.70684147E+00 -3.44280452E-02 -1.17315225E-01  1.37628627E-03  1.18529028E-03  2.56157666E-03
  4.70784140E+00 -3.45451906E-02 -1.16970941E-01  1.36822020E-03  1.19337020E-03  2.56159040E-03
  4.70884132E+00 -3.46619897E-02 -1.16625488E-01  1.36015040E-03  1.20145350E-03  2.56160391E-03
  4.70984125E+00 -3.47784385E-02 -1.16278864E-01  1.35207747E-03  1.20953983E-03  2.56161718E-03
  4.71084118E+00 -3.48945409E-02 -1.15931079E-01  1.34400150E-03  1.21762895E-03  2.56163045E-03
  4.71184111E+00 -3.50102969E-02 -1.15582131E-01  1.33592298E-03  1.22572086E-03  2.56164372E-03
  4.71284103E+00 -3.51257026E-02 -1.15232028E-01  1.32784201E-03  1.23381498E-03  2.56165699E-03
  4.71384096E+00 -3.52407582E-02 -1.14880770E-01  1.31975918E-03  1.24191109E-03  2.56167026E-03
  4.71484089E+00 -3.53554636E-02 -1.14528365E-01  1.31167460E-03  1.25000882E-03  2.56168330E-03
  4.71584082E+00 -3.54698151E-02 -1.14174813E-01  1.30358886E-03  1.25810783E-03  2.56169681E-03
  4.71684074E+00 -3.55838127E-02 -1.13820113E-01  1.29550183E-03  1.26620778E-03  2.56170961E-03
  4.71784067E+00 -3.56974527E-02 -1.13464274E-01  1.28741411E-03  1.27430807E-03  2.56172218E-03
  4.71884060E+00 -3.58107388E-02 -1.13107301E-01  1.27932616E-03  1.28240907E-03  2.56173522E-03
  4.71984053E+00 -3.59236673E-02 -1.12749197E-01  1.27123820E-03  1.29050983E-03  2.56174803E-03
  4.72084045E+00 -3.60362381E-02 -1.12389959E-01  1.26315036E-03  1.29861047E-03  2.56176083E-03
  4.72184038E+00 -3.61484475E-02 -1.12029597E-01  1.25506311E-03  1.30671030E-03  2.56177341E-03
  4.72284031E+00 -3.62602957E-02 -1.11668110E-01  1.24697667E-03  1.31480908E-03  2.56178575E-03
  4.72384024E+00 -3.63717824E-02 -1.11305505E-01  1.23889162E-03  1.32290658E-03  2.56179832E-03
  4.72484016E+00 -3.64829041E-02 -1.10941790E-01  1.23080809E-03  1.33100234E-03  2.56181043E-03
  4.72584009E+00 -3.65936644E-02 -1.10576957E-01  1.22272631E-03  1.33909623E-03  2.56182253E-03
  4.72684002E+00 -3.67040597E-02 -1.10211022E-01  1.21464697E-03  1.34718802E-03  2.56183511E-03
  4.72783995E+00 -3.68140899E-02 -1.09843984E-01  1.20657019E-03  1.35527726E-03  2.56184745E-03
  4.72883987E+00 -3.69237512E-02 -1.09475844E-01  1.19849609E-03  1.36336335E-03  2.56185932E-03
  4.72983980E+00 -3.70330401E-02 -1.09106608E-01  1.19042525E-03  1.37144607E-03  2.56187143E-03
  4.73083973E+00 -3.71419601E-02 -1.08736277E-01  1.18235778E-03  1.37952517E-03  2.56188307E-03
  4.73183966E+00 -3.72505113E-02 -1.08364858E-01  1.17429427E-03  1.38760055E-03  2.56189471E-03
  4.73283958E+00 -3.73586901E-02 -1.07992351E-01  1.16623484E-03  1.39567174E-03  2.56190659E-03
  4.73383951E+00 -3.74664962E-02 -1.07618764E-01  1.15817983E-03  1.40373840E-03  2.56191823E-03
  4.73483944E+00 -3.75739299E-02 -1.07244097E-01  1.15012971E-03  1.41180016E-03  2.56192987E-03
  4.73583937E+00 -3.76809873E-02 -1.06868356E-01  1.14208460E-03  1.41985680E-03  2.56194128E-03
  4.73683929E+00 -3.77876647E-02 -1.06491543E-01  1.13404484E-03  1.42790761E-03  2.56195245E-03
  4.73783922E+00 -3.78939658E-02 -1.06113665E-01  1.12601102E-03  1.43595261E-03  2.56196363E-03
  4.73883915E+00 -3.79998907E-02 -1.05734728E-01  1.11798325E-03  1.44399167E-03  2.56197480E-03
  4.73983908E+00 -3.81054357E-02 -1.05354726E-01  1.10996177E-03  1.45202421E-03  2.56198598E-03
  4.74083900E+00 -3.82106006E-02 -1.04973674E-01  1.10194727E-03  1.46005000E-03  2.56199716E-03
  4.74183893E+00 -3.83153856E-02 -1.04591571E-01  1.09393976E-03  1.46806880E-03  2.56200857E-03
  4.74283886E+00 -3.84197868E-02 -1.04208417E-01  1.08593947E-03  1.47608004E-03  2.56201951E-03
  4.74383879E+00 -3.85238007E-02 -1.03824221E-01  1.07794686E-03  1.48408324E-03  2.56203022E-03
  4.74483871E+00 -3.86274308E-02 -1.03438981E-01  1.06996228E-03  1.49207842E-03  2.56204070E-03
  4.74583864E+00 -3.87306772E-02 -1.03052706E-01  1.06198608E-03  1.50006532E-03  2.56205141E-03
  4.74683857E+00 -3.88335362E-02 -1.02665402E-01  1.05401850E-03  1.50804350E-03  2.56206188E-03
  4.74783850E+00 -3.89360078E-02 -1.02277070E-01  1.04606000E-03  1.51601271E-03  2.56207259E-03
  4.74883842E+00 -3.90380919E-02 -1.01887710E-01  1.03811058E-03  1.52397261E-03  2.56208330E-03
  4.74983835E+00 -3.91397849E-02 -1.01497330E-01  1.03017082E-03  1.53192272E-03  2.56209355E-03
  4.75083828E+00 -3.92410830E-02 -1.01105928E-01  1.02224096E-03  1.53986260E-03  2.56210356E-03
  4.75183821E+00 -3.93419899E-02 -1.00713521E-01  1.01432134E-03  1.54779211E-03  2.56211357E-03
  4.75283813E+00 -3.94425057E-02 -1.00320101E-01  1.00641220E-03  1.55571126E-03  2.56212335E-03
  4.75383806E+00 -3.95426266E-02 -9.99256745E-02  9.98514122E-04  1.56361936E-03  2.56213360E-03
  4.75483799E+00 -3.96423563E-02 -9.95302498E-02  9.90627101E-04  1.57151639E-03  2.56214337E-03
  4.75583792E+00 -3.97416875E-02 -9.91338268E-02  9.82751604E-04  1.57940167E-03  2.56215315E-03
  4.75683784E+00 -3.98406237E-02 -9.87364128E-02  9.74887924E-04  1.58727530E-03  2.56216316E-03
  4.75783777E+00 -3.99391614E-02 -9.83380079E-02  9.67036409E-04  1.59513659E-03  2.56217294E-03
  4.75883770E+00 -4.00372967E-02 -9.79386196E-02  9.59197350E-04  1.60298508E-03  2.56218249E-03
  4.75983763E+00 -4.01350334E-02 -9.75382477E-02  9.51370981E-04  1.61082088E-03  2.56219180E-03
  4.76083755E+00 -4.02323715E-02 -9.71368998E-02  9.43557767E-04  1.61864376E-03  2.56220158E-03
  4.76183748E+00 -4.03293073E-02 -9.67345759E-02  9.35757824E-04  1.62645301E-03  2.56221090E-03
  4.76283741E+00 -4.04258408E-02 -9.63312835E-02  9.27971618E-04  1.63424865E-03  2.56222021E-03
  4.76383734E+00 -4.05219719E-02 -9.59270224E-02  9.20199323E-04  1.64203020E-03  2.56222952E-03
  4.76483727E+00 -4.06176969E-02 -9.55218002E-02  9.12441406E-04  1.64979731E-03  2.56223883E-03
  4.76583719E+00 -4.07130122E-02 -9.51156244E-02  9.04698216E-04  1.65754941E-03  2.56224768E-03
  4.76683712E+00 -4.08079214E-02 -9.47084948E-02  8.96969927E-04  1.66528649E-03  2.56225653E-03
  4.76783705E+00 -4.09024246E-02 -9.43004191E-02  8.89256888E-04  1.67300832E-03  2.56226514E-03
  4.76883698E+00 -4.09965217E-02 -9.38913971E-02  8.81559390E-04  1.68071478E-03  2.56227423E-03
  4.76983690E+00 -4.10902090E-02 -9.34814289E-02  8.73877783E-04  1.68840529E-03  2.56228307E-03
  4.77083683E+00 -4.11834866E-02 -9.30705294E-02  8.66212358E-04  1.69607962E-03  2.56229192E-03
  4.77183676E+00 -4.12763506E-02 -9.26586911E-02  8.58563290E-04  1.70373707E-03  2.56230030E-03
  4.77283669E+00 -4.13688049E-02 -9.22459289E-02  8.50931217E-04  1.71137799E-03  2.56230915E-03
  4.77383661E+00 -4.14608419E-02 -9.18322429E-02  8.43316026E-04  1.71900145E-03  2.56231753E-03
  4.77483654E+00 -4.15524654E-02 -9.14176330E-02  8.35718412E-04  1.72660733E-03  2.56232568E-03
  4.77583647E+00 -4.16436754E-02 -9.10021067E-02  8.28138378E-04  1.73419574E-03  2.56233406E-03
  4.77683640E+00 -4.17344682E-02 -9.05856714E-02  8.20576388E-04  1.74176588E-03  2.56234221E-03
  4.77783632E+00 -4.18248437E-02 -9.01683271E-02  8.13032675E-04  1.74931751E-03  2.56235013E-03
  4.77883625E+00 -4.19148020E-02 -8.97500813E-02  8.05507705E-04  1.75685063E-03  2.56235828E-03
  4.77983618E+00 -4.20043431E-02 -8.93309340E-02  7.98001594E-04  1.76436489E-03  2.56236643E-03
  4.78083611E+00 -4.20934670E-02 -8.89108926E-02  7.90514692E-04  1.77185994E-03  2.56237458E-03
  4.78183603E+00 -4.21821699E-02 -8.84899572E-02  7.83047290E-04  1.77933543E-03  2.56238272E-03
  4.78283596E+00 -4.22704481E-02 -8.80681351E-02  7.75599619E-04  1.78679079E-03  2.56239041E-03
  4.78383589E+00 -4.23583053E-02 -8.76454338E-02  7.68172264E-04  1.79422600E-03  2.56239832E-03
  4.78483582E+00 -4.24457379E-02 -8.72218534E-02  7.60765222E-04  1.80164061E-03  2.56240577E-03
  4.78583574E+00 -4.25327457E-02 -8.67973939E-02  7.53378787E-04  1.80903450E-03  2.56241322E-03
  4.78683567E+00 -4.26193289E-02 -8.63720700E-02  7.46013480E-04  1.81640720E-03  2.56242068E-03
  4.78783560E+00 -4.27054875E-02 -8.59458745E-02  7.38669361E-04  1.82375871E-03  2.56242813E-03
  4.78883553E+00 -4.27912213E-02 -8.55188221E-02  7.31346896E-04  1.83108856E-03  2.56243534E-03
  4.78983545E+00 -4.28765267E-02 -8.50909129E-02  7.24046375E-04  1.83839654E-03  2.56244279E-03
  4.79083538E+00 -4.29614000E-02 -8.46621469E-02  7.16767914E-04  1.84568192E-03  2.56244978E-03
  4.79183531E+00 -4.30458449E-02 -8.42325315E-02  7.09511980E-04  1.85294473E-03  2.56245676E-03
  4.79283524E+00 -4.31298614E-02 -8.38020742E-02  7.02278805E-04  1.86018494E-03  2.56246375E-03
  4.79383516E+00 -4.32134457E-02 -8.33707750E-02  6.95068622E-04  1.86740188E-03  2.56247050E-03
  4.79483509E+00 -4.32966016E-02 -8.29386413E-02  6.87881839E-04  1.87459576E-03  2.56247772E-03
  4.79583502E+00 -4.33793254E-02 -8.25056732E-02  6.80718629E-04  1.88176590E-03  2.56248447E-03
  4.79683495E+00 -4.34616134E-02 -8.20718780E-02  6.73579343E-04  1.88891182E-03  2.56249122E-03
  4.79783487E+00 -4.35434692E-02 -8.16372633E-02  6.66464271E-04  1.89603376E-03  2.56249798E-03
  4.79883480E+00 -4.36248891E-02 -8.12018290E-02  6.59373705E-04  1.90313091E-03  2.56250473E-03
  4.79983473E+00 -4.37058695E-02 -8.07655826E-02  6.52307936E-04  1.91020302E-03  2.56251101E-03
  4.80083466E+00 -4.37864140E-02 -8.03285241E-02  6.45267195E-04  1.91725011E-03  2.56251730E-03
  4.80183458E+00 -4.38665226E-02 -7.98906609E-02  6.38251775E-04  1.92427181E-03  2.56252359E-03
  4.80283451E+00 -4.39461917E-02 -7.94519931E-02  6.31261966E-04  1.93126779E-03  2.56252987E-03
  4.80383444E+00 -4.40254249E-02 -7.90125281E-02  6.24298002E-04  1.93823804E-03  2.56253593E-03
  4.80483437E+00 -4.41042185E-02 -7.85722733E-02  6.17360231E-04  1.94518210E-03  2.56254245E-03
  4.80583429E+00 -4.41825725E-02 -7.81312287E-02  6.10448886E-04  1.95209973E-03  2.56254850E-03
  4.80683422E+00 -4.42604832E-02 -7.76894018E-02  6.03564316E-04  1.95899047E-03  2.56255479E-03
  4.80783415E+00 -4.43379544E-02 -7.72468001E-02  5.96706814E-04  1.96585408E-03  2.56256084E-03
  4.80883408E+00 -4.44149785E-02 -7.68034235E-02  5.89876610E-04  1.97269022E-03  2.56256689E-03
  4.80983400E+00 -4.44915593E-02 -7.63592720E-02  5.83073823E-04  1.97949889E-03  2.56257271E-03
  4.81083393E+00 -4.45676968E-02 -7.59143531E-02  5.76298917E-04  1.98627962E-03  2.56257853E-03
  4.81183386E+00 -4.46433872E-02 -7.54686743E-02  5.69552125E-04  1.99303194E-03  2.56258412E-03
  4.81283379E+00 -4.47186306E-02 -7.50222430E-02  5.62833739E-04  1.99975586E-03  2.56258948E-03
  4.81383371E+00 -4.47934307E-02 -7.45750591E-02  5.56143932E-04  2.00645137E-03  2.56259530E-03
  4.81483364E+00 -4.48677838E-02 -7.41271228E-02  5.49483055E-04  2.01311801E-03  2.56260112E-03
  4.81583357E+00 -4.49416861E-02 -7.36784413E-02  5.42851281E-04  2.01975508E-03  2.56260624E-03
  4.81683350E+00 -4.50151414E-02 -7.32290223E-02  5.36248961E-04  2.02636304E-03  2.56261206E-03
  4.81783342E+00 -4.50881459E-02 -7.27788731E-02  5.29676443E-04  2.03294097E-03  2.56261742E-03
  4.81883335E+00 -4.51606959E-02 -7.23279938E-02  5.23133844E-04  2.03948840E-03  2.56262231E-03
  4.81983328E+00 -4.52327952E-02 -7.18763843E-02  5.16621454E-04  2.04600580E-03  2.56262720E-03
  4.82083321E+00 -4.53044437E-02 -7.14240596E-02  5.10139624E-04  2.05249269E-03  2.56263232E-03
  4.82183313E+00 -4.53756414E-02 -7.09710121E-02  5.03688469E-04  2.05894886E-03  2.56263744E-03
  4.82283306E+00 -4.54463847E-02 -7.05172569E-02  4.97268396E-04  2.06537382E-03  2.56264210E-03
  4.82383299E+00 -4.55166735E-02 -7.00627938E-02  4.90879524E-04  2.07176758E-03  2.56264722E-03
  4.82483292E+00 -4.55865078E-02 -6.96076304E-02  4.84522199E-04  2.07812968E-03  2.56265188E-03
  4.82583284E+00 -4.56558876E-02 -6.91517666E-02  4.78196715E-04  2.08446011E-03  2.56265677E-03
  4.82683277E+00 -4.57248129E-02 -6.86952099E-02  4.71903215E-04  2.09075841E-03  2.56266166E-03
  4.82783270E+00 -4.57932800E-02 -6.82379603E-02  4.65641933E-04  2.09702458E-03  2.56266654E-03
  4.82883263E+00 -4.58612889E-02 -6.77800253E-02  4.59413190E-04  2.10325792E-03  2.56267120E-03
  4.82983255E+00 -4.59288396E-02 -6.73214123E-02  4.53217246E-04  2.10945820E-03  2.56267539E-03
  4.83083248E+00 -4.59959283E-02 -6.68621212E-02  4.47054364E-04  2.11562542E-03  2.56267982E-03
  4.83183241E+00 -4.60625589E-02 -6.64021596E-02  4.40924661E-04  2.12175935E-03  2.56268401E-03
  4.83283234E+00 -4.61287312E-02 -6.59415349E-02  4.34828602E-04  2.12785974E-03  2.56268843E-03
  4.83383226E+00 -4.61944416E-02 -6.54802471E-02  4.28766303E-04  2.13392638E-03  2.56269262E-03
  4.83483219E+00 -4.62596901E-02 -6.50183037E-02  4.22737998E-04  2.13995902E-03  2.56269705E-03
  4.83583212E+00 -4.63244766E-02 -6.45557046E-02  4.16743889E-04  2.14595720E-03  2.56270100E-03
  4.83683205E+00 -4.63888012E-02 -6.40924573E-02  4.10784327E-04  2.15192093E-03  2.56270519E-03
  4.83783197E+00 -4.64526638E-02 -6.36285692E-02  4.04859486E-04  2.15784996E-03  2.56270939E-03
  4.83883190E+00 -4.65160608E-02 -6.31640404E-02  3.98969598E-04  2.16374383E-03  2.56271334E-03
  4.83983183E+00 -4.65789922E-02 -6.26988783E-02  3.93114955E-04  2.16960255E-03  2.56271753E-03
  4.84083176E+00 -4.66414578E-02 -6.22330867E-02  3.87295702E-04  2.17542564E-03  2.56272126E-03
  4.84183168E+00 -4.67034578E-02 -6.17666729E-02  3.81512189E-04  2.18121288E-03  2.56272499E-03
  4.84283161E+00 -4.67649885E-02 -6.12996370E-02  3.75764532E-04  2.18696403E-03  2.56272848E-03
  4.84383154E+00 -4.68260534E-02 -6.08319864E-02  3.70053080E-04  2.19267933E-03  2.56273244E-03
  4.84483147E+00 -4.68866490E-02 -6.03637248E-02  3.64377949E-04  2.19835783E-03  2.56273570E-03
  4.84583139E+00 -4.69467789E-02 -5.98948598E-02  3.58739431E-04  2.20400002E-03  2.56273942E-03
  4.84683132E+00 -4.70064394E-02 -5.94253913E-02  3.53137701E-04  2.20960542E-03  2.56274315E-03
  4.84783125E+00 -4.70656306E-02 -5.89553267E-02  3.47573048E-04  2.21517356E-03  2.56274664E-03
  4.84883118E+00 -4.71243523E-02 -5.84846698E-02  3.42045649E-04  2.22070469E-03  2.56275036E-03
  4.84983110E+00 -4.71826009E-02 -5.80134280E-02  3.36555793E-04  2.22619786E-03  2.56275362E-03
  4.85083103E+00 -4.72403802E-02 -5.75416014E-02  3.31103598E-04  2.23165355E-03  2.56275712E-03
  4.85183096E+00 -4.72976863E-02 -5.70691973E-02  3.25689325E-04  2.23707105E-03  2.56276038E-03
  4.85283089E+00 -4.73545194E-02 -5.65962195E-02  3.20313207E-04  2.24245060E-03  2.56276387E-03
  4.85383081E+00 -4.74108756E-02 -5.61226755E-02  3.14975478E-04  2.24779104E-03  2.56276643E-03
  4.85483074E+00 -4.74667586E-02 -5.56485653E-02  3.09676281E-04  2.25309329E-03  2.56276969E-03
  4.85583067E+00 -4.75221686E-02 -5.51738963E-02  3.04415909E-04  2.25835643E-03  2.56277225E-03
  4.85683060E+00 -4.75771055E-02 -5.46986759E-02  2.99194537E-04  2.26358091E-03  2.56277551E-03
  4.85783052E+00 -4.76315655E-02 -5.42229041E-02  2.94012338E-04  2.26876605E-03  2.56277830E-03
  4.85883045E+00 -4.76855487E-02 -5.37465885E-02  2.88869574E-04  2.27391161E-03  2.56278110E-03
  4.85983038E+00 -4.77390550E-02 -5.32697327E-02  2.83766451E-04  2.27901735E-03  2.56278389E-03
  4.86083031E+00 -4.77920845E-02 -5.27923405E-02  2.78703141E-04  2.28408328E-03  2.56278645E-03
  4.86183023E+00 -4.78446372E-02 -5.23144193E-02  2.73679849E-04  2.28910940E-03  2.56278925E-03
  4.86283016E+00 -4.78967130E-02 -5.18359728E-02  2.68696807E-04  2.29409523E-03  2.56279204E-03
  4.86383009E+00 -4.79483120E-02 -5.13570048E-02  2.63754191E-04  2.29904056E-03  2.56279483E-03
  4.86483002E+00 -4.79994304E-02 -5.08775227E-02  2.58852233E-04  2.30394537E-03  2.56279763E-03
  4.86582994E+00 -4.80500683E-02 -5.03975302E-02  2.53991107E-04  2.30880897E-03  2.56279996E-03
  4.86682987E+00 -4.81002256E-02 -4.99170311E-02  2.49171018E-04  2.31363182E-03  2.56280275E-03
  4.86782980E+00 -4.81499024E-02 -4.94360290E-02  2.44392111E-04  2.31841300E-03  2.56280508E-03
  4.86882973E+00 -4.81990948E-02 -4.89545316E-02  2.39654604E-04  2.32315273E-03  2.56280741E-03
  4.86982965E+00 -4.82478067E-02 -4.84725423E-02  2.34958745E-04  2.32785079E-03  2.56280950E-03
  4.87082958E+00 -4.82960381E-02 -4.79900651E-02  2.30304649E-04  2.33250740E-03  2.56281206E-03
  4.87182951E+00 -4.83437851E-02 -4.75071035E-02  2.25692507E-04  2.33712164E-03  2.56281416E-03
  4.87282944E+00 -4.83910516E-02 -4.70236652E-02  2.21122507E-04  2.34169397E-03  2.56281649E-03
  4.87382936E+00 -4.84378338E-02 -4.65397537E-02  2.16594883E-04  2.34622369E-03  2.56281858E-03
  4.87482929E+00 -4.84841317E-02 -4.60553765E-02  2.12109764E-04  2.35071103E-03  2.56282091E-03
  4.87582922E+00 -4.85299453E-02 -4.55705337E-02  2.07667355E-04  2.35515554E-03  2.56282277E-03
  4.87682915E+00 -4.85752746E-02 -4.50852327E-02  2.03267817E-04  2.35955720E-03  2.56282510E-03
  4.87782907E+00 -4.86201160E-02 -4.45994809E-02  1.98911366E-04  2.36391579E-03  2.56282720E-03
  4.87882900E+00 -4.86644730E-02 -4.41132784E-02  1.94598135E-04  2.36823084E-03  2.56282906E-03
  4.87982893E+00 -4.87083457E-02 -4.36266325E-02  1.90328312E-04  2.37250305E-03  2.56283139E-03
  4.88082886E+00 -4.87517305E-02 -4.31395508E-02  1.86102086E-04  2.37673125E-03  2.56283325E-03
  4.88182878E+00 -4.87946272E-02 -4.26520333E-02  1.81919590E-04  2.38091568E-03  2.56283535E-03
  4.88282871E+00 -4.88370359E-02 -4.21640873E-02  1.77781025E-04  2.38505611E-03  2.56283721E-03
  4.88382864E+00 -4.88789529E-02 -4.16757166E-02  1.73686538E-04  2.38915207E-03  2.56283861E-03
  4.88482857E+00 -4.89203818E-02 -4.11869287E-02  1.69636318E-04  2.39320379E-03  2.56284000E-03
  4.88582850E+00 -4.89613228E-02 -4.06977236E-02  1.65630467E-04  2.39721104E-03  2.56284140E-03
  4.88682842E+00 -4.90017757E-02 -4.02081087E-02  1.61669202E-04  2.40117405E-03  2.56284326E-03
  4.88782835E+00 -4.90417369E-02 -3.97180915E-02  1.57752685E-04  2.40509189E-03  2.56284466E-03
  4.88882828E+00 -4.90812100E-02 -3.92276756E-02  1.53881061E-04  2.40896526E-03  2.56284629E-03
  4.88982821E+00 -4.91201915E-02 -3.87368649E-02  1.50054475E-04  2.41279323E-03  2.56284769E-03
  4.89082813E+00 -4.91586812E-02 -3.82456630E-02  1.46273072E-04  2.41657603E-03  2.56284908E-03
  4.89182806E+00 -4.91966791E-02 -3.77540775E-02  1.42537043E-04  2.42031319E-03  2.56285025E-03
  4.89282799E+00 -4.92341891E-02 -3.72621119E-02  1.38846503E-04  2.42400542E-03  2.56285188E-03
  4.89382792E+00 -4.92712036E-02 -3.67697701E-02  1.35201597E-04  2.42765155E-03  2.56285304E-03
  4.89482784E+00 -4.93077263E-02 -3.62770595E-02  1.31602501E-04  2.43125181E-03  2.56285421E-03
  4.89582777E+00 -4.93437573E-02 -3.57839838E-02  1.28049345E-04  2.43480643E-03  2.56285584E-03
  4.89682770E+00 -4.93792966E-02 -3.52905467E-02  1.24542261E-04  2.43831496E-03  2.56285723E-03
  4.89782763E+00 -4.94143404E-02 -3.47967520E-02  1.21081401E-04  2.44177715E-03  2.56285863E-03
  4.89882755E+00 -4.94488925E-02 -3.43026072E-02  1.17666896E-04  2.44519301E-03  2.56285979E-03
  4.89982748E+00 -4.94829491E-02 -3.38081196E-02  1.14298891E-04  2.44856230E-03  2.56286119E-03
  4.90082741E+00 -4.95165102E-02 -3.33132893E-02  1.10977526E-04  2.45188479E-03  2.56286236E-03
  4.90182734E+00 -4.95495759E-02 -3.28181237E-02  1.07702930E-04  2.45516049E-03  2.56286352E-03
  4.90282726E+00 -4.95821461E-02 -3.23226266E-02  1.04475221E-04  2.45838915E-03  2.56286445E-03
  4.90382719E+00 -4.96142209E-02 -3.18268053E-02  1.01294558E-04  2.46157101E-03  2.56286561E-03
  4.90482712E+00 -4.96457964E-02 -3.13306637E-02  9.81610501E-05  2.46470515E-03  2.56286608E-03
  4.90582705E+00 -4.96768765E-02 -3.08342054E-02  9.50748217E-05  2.46779202E-03  2.56286678E-03
  4.90682697E+00 -4.97074611E-02 -3.03374361E-02  9.20360035E-05  2.47083162E-03  2.56286771E-03
  4.90782690E+00 -4.97375503E-02 -2.98403613E-02  8.90447191E-05  2.47382396E-03  2.56286864E-03
  4.90882683E+00 -4.97671403E-02 -2.93429866E-02  8.61010849E-05  2.47676834E-03  2.56286934E-03
  4.90982676E+00 -4.97962348E-02 -2.88453158E-02  8.32052247E-05  2.47966498E-03  2.56287027E-03
  4.91082668E+00 -4.98248301E-02 -2.83473525E-02  8.03572402E-05  2.48251366E-03  2.56287097E-03
  4.91182661E+00 -4.98529263E-02 -2.78491043E-02  7.75572626E-05  2.48531415E-03  2.56287144E-03
  4.91282654E+00 -4.98805270E-02 -2.73505747E-02  7.48053935E-05  2.48806691E-03  2.56287237E-03
  4.91382647E+00 -4.99076284E-02 -2.68517695E-02  7.21017568E-05  2.49077147E-03  2.56287330E-03
  4.91482639E+00 -4.99342307E-02 -2.63526924E-02  6.94464397E-05  2.49342737E-03  2.56287376E-03
  4.91582632E+00 -4.99603339E-02 -2.58533508E-02  6.68395733E-05  2.49603507E-03  2.56287470E-03
  4.91682625E+00 -4.99859378E-02 -2.53537484E-02  6.42812593E-05  2.49859388E-03  2.56287516E-03
  4.91782618E+00 -5.00110425E-02 -2.48538889E-02  6.17715850E-05  2.50110426E-03  2.56287586E-03
  4.91882610E+00 -5.00356480E-02 -2.43537780E-02  5.93106488E-05  2.50356598E-03  2.56287656E-03
  4.91982603E+00 -5.00597507E-02 -2.38534212E-02  5.68985706E-05  2.50597857E-03  2.56287726E-03
  4.92082596E+00 -5.00833541E-02 -2.33528242E-02  5.45354378E-05  2.50834227E-03  2.56287772E-03
  4.92182589E+00 -5.01064584E-02 -2.28519905E-02  5.22213486E-05  2.51065707E-03  2.56287842E-03
  4.92282581E+00 -5.01290597E-02 -2.23509260E-02  4.99563866E-05  2.51292251E-03  2.56287889E-03
  4.92382574E+00 -5.01511618E-02 -2.18496360E-02  4.77406611E-05  2.51513906E-03  2.56287982E-03
  4.92482567E+00 -5.01727611E-02 -2.13481244E-02  4.55742411E-05  2.51730601E-03  2.56288028E-03
  4.92582560E+00 -5.01938611E-02 -2.08463967E-02  4.34572248E-05  2.51942361E-03  2.56288075E-03
  4.92682552E+00 -5.02144583E-02 -2.03444585E-02  4.13896996E-05  2.52149184E-03  2.56288145E-03
  4.92782545E+00 -5.02345525E-02 -1.98423136E-02  3.93717419E-05  2.52351025E-03  2.56288191E-03
  4.92882538E+00 -5.02541438E-02 -1.93399675E-02  3.74034353E-05  2.52547907E-03  2.56288261E-03
  4.92982531E+00 -5.02732359E-02 -1.88374259E-02  3.54848635E-05  2.52739829E-03  2.56288308E-03
  4.93082523E+00 -5.02918251E-02 -1.83346942E-02  3.36160992E-05  2.52926769E-03  2.56288378E-03
  4.93182516E+00 -5.03099076E-02 -1.78317763E-02  3.17972263E-05  2.53108679E-03  2.56288401E-03
  4.93282509E+00 -5.03274873E-02 -1.73286777E-02  3.00283082E-05  2.53285607E-03  2.56288447E-03
  4.93382502E+00 -5.03445640E-02 -1.68254022E-02  2.83094159E-05  2.53457506E-03  2.56288447E-03
  4.93482494E+00 -5.03611378E-02 -1.63219571E-02  2.66406278E-05  2.53624422E-03  2.56288494E-03
  4.93582487E+00 -5.03772050E-02 -1.58183463E-02  2.50220073E-05  2.53786286E-03  2.56288494E-03
  4.93682480E+00 -5.03927693E-02 -1.53145744E-02  2.34536183E-05  2.53943121E-03  2.56288494E-03
  4.93782473E+00 -5.04078306E-02 -1.48106469E-02  2.19355261E-05  2.54094950E-03  2.56288494E-03
  4.93882465E+00 -5.04223891E-02 -1.43065685E-02  2.04677908E-05  2.54241726E-03  2.56288494E-03
  4.93982458E+00 -5.04364409E-02 -1.38023449E-02  1.90504725E-05  2.54383450E-03  2.56288494E-03
  4.94082451E+00 -5.04499897E-02 -1.32979807E-02  1.76836293E-05  2.54520145E-03  2.56288517E-03
  4.94182444E+00 -5.04630357E-02 -1.27934804E-02  1.63673158E-05  2.54651788E-03  2.56288517E-03
  4.94282436E+00 -5.04755750E-02 -1.22888498E-02  1.51015838E-05  2.54778378E-03  2.56288541E-03
  4.94382429E+00 -5.04876114E-02 -1.17840944E-02  1.38864880E-05  2.54899892E-03  2.56288541E-03
  4.94482422E+00 -5.04991412E-02 -1.12792179E-02  1.27220765E-05  2.55016331E-03  2.56288541E-03
  4.94582415E+00 -5.05101681E-02 -1.07742269E-02  1.16083966E-05  2.55127717E-03  2.56288564E-03
  4.94682407E+00 -5.05206883E-02 -1.02691250E-02  1.05454928E-05  2.55234004E-03  2.56288564E-03
  4.94782400E+00 -5.05307056E-02 -9.76391789E-03  9.53340987E-06  2.55335215E-03  2.56288564E-03
  4.94882393E+00 -5.05402163E-02 -9.25861113E-03  8.57218765E-06  2.55431351E-03  2.56288564E-03
  4.94982386E+00 -5.05492203E-02 -8.75320937E-03  7.66186713E-06  2.55522365E-03  2.56288541E-03
  4.95082378E+00 -5.05577214E-02 -8.24771728E-03  6.80248422E-06  2.55608326E-03  2.56288564E-03
  4.95182371E+00 -5.05657159E-02 -7.74213998E-03  5.99407349E-06  2.55689165E-03  2.56288564E-03
  4.95282364E+00 -5.05732037E-02 -7.23648258E-03  5.23666813E-06  2.55764904E-03  2.56288564E-03
  4.95382357E+00 -5.05801886E-02 -6.73075067E-03  4.53030043E-06  2.55835545E-03  2.56288564E-03
  4.95482349E+00 -5.05866669E-02 -6.22494891E-03  3.87499904E-06  2.55901087E-03  2.56288587E-03
  4.95582342E+00 -5.05926386E-02 -5.71908243E-03  3.27079033E-06  2.55961507E-03  2.56288587E-03
  4.95682335E+00 -5.05981036E-02 -5.21315588E-03  2.71769954E-06  2.56016804E-03  2.56288564E-03
  4.95782328E+00 -5.06030619E-02 -4.70717484E-03  2.21574965E-06  2.56066979E-03  2.56288564E-03
  4.95882320E+00 -5.06075174E-02 -4.20114398E-03  1.76496110E-06  2.56112078E-03  2.56288564E-03
  4.95982313E+00 -5.06114662E-02 -3.69506888E-03  1.36535334E-06  2.56152055E-03  2.56288587E-03
  4.96082306E+00 -5.06149083E-02 -3.18895420E-03  1.01694286E-06  2.56186887E-03  2.56288587E-03
  4.96182299E+00 -5.06178439E-02 -2.68280506E-03  7.19744321E-07  2.56216619E-03  2.56288587E-03
  4.96282291E+00 -5.06202728E-02 -2.17662659E-03  4.73770342E-07  2.56241206E-03  2.56288587E-03
  4.96382284E+00 -5.06221950E-02 -1.67042390E-03  2.79031610E-07  2.56260671E-03  2.56288564E-03
  4.96482277E+00 -5.06236106E-02 -1.16420188E-03  1.35536609E-07  2.56274990E-03  2.56288541E-03
  4.96582270E+00 -5.06245233E-02 -6.57965778E-04  4.32918981E-08  2.56284233E-03  2.56288564E-03
  4.96682262E+00 -5.06249294E-02 -1.51720480E-04  2.30191044E-09  2.56288354E-03  2.56288587E-03
  4.96782255E+00 -5.06248288E-02  3.54528835E-04  1.25690693E-08  2.56287330E-03  2.56288587E-03
  4.96882248E+00 -5.06242216E-02  8.60777160E-04  7.40937338E-08  2.56281183E-03  2.56288587E-03
  4.96982241E+00 -5.06231077E-02  1.36701937E-03  1.86874203E-07  2.56269914E-03  2.56288610E-03
  4.97082233E+00 -5.06214872E-02  1.87325047E-03  3.50906731E-07  2.56253500E-03  2.56288587E-03
  4.97182226E+00 -5.06193601E-02  2.37946538E-03  5.66185577E-07  2.56231963E-03  2.56288587E-03
  4.97282219E+00 -5.06167263E-02  2.88565899E-03  8.32702824E-07  2.56205304E-03  2.56288564E-03
  4.97382212E+00 -5.06135859E-02  3.39182629E-03  1.15044861E-06  2.56173499E-03  2.56288541E-03
  4.97482204E+00 -5.06099425E-02  3.89796216E-03  1.51941094E-06  2.56136619E-03  2.56288564E-03
  4.97582197E+00 -5.06057926E-02  4.40406147E-03  1.93957567E-06  2.56094616E-03  2.56288564E-03
  4.97682190E+00 -5.06011359E-02  4.91011934E-03  2.41092721E-06  2.56047491E-03  2.56288587E-03
  4.97782183E+00 -5.05959727E-02  5.41613065E-03  2.93344715E-06  2.55995244E-03  2.56288587E-03
  4.97882175E+00 -5.05903028E-02  5.92209026E-03  3.50711525E-06  2.55937874E-03  2.56288587E-03
  4.97982168E+00 -5.05841263E-02  6.42799307E-03  4.13190946E-06  2.55875383E-03  2.56288564E-03
  4.98082161E+00 -5.05774431E-02  6.93383440E-03  4.80780591E-06  2.55807769E-03  2.56288541E-03
  4.98182154E+00 -5.05702570E-02  7.43960869E-03  5.53477776E-06  2.55735079E-03  2.56288564E-03
  4.98282146E+00 -5.05625643E-02  7.94531126E-03  6.31279681E-06  2.55657290E-03  2.56288564E-03
  4.98382139E+00 -5.05543649E-02  8.45093653E-03  7.14183261E-06  2.55574379E-03  2.56288564E-03
  4.98482132E+00 -5.05456589E-02  8.95647984E-03  8.02185332E-06  2.55486369E-03  2.56288564E-03
  4.98582125E+00 -5.05364500E-02  9.46193654E-03  8.95282483E-06  2.55393283E-03  2.56288564E-03
  4.98682117E+00 -5.05267344E-02  9.96730104E-03  9.93470894E-06  2.55295099E-03  2.56288564E-03
  4.98782110E+00 -5.05165122E-02  1.04725687E-02  1.09674693E-05  2.55191792E-03  2.56288541E-03
  4.98882103E+00 -5.05057871E-02  1.09777339E-02  1.20510640E-05  2.55083456E-03  2.56288564E-03
  4.98982096E+00 -5.04945554E-02  1.14827920E-02  1.31854513E-05  2.54970021E-03  2.56288564E-03
  4.99082088E+00 -5.04828207E-02  1.19877374E-02  1.43705856E-05  2.54851510E-03  2.56288564E-03
  4.99182081E+00 -5.04705794E-02  1.24925654E-02  1.56064198E-05  2.54727947E-03  2.56288587E-03
  4.99282074E+00 -5.04578352E-02  1.29972715E-02  1.68929073E-05  2.54599308E-03  2.56288587E-03
  4.99382067E+00 -5.04445843E-02  1.35018500E-02  1.82299955E-05  2.54465616E-03  2.56288610E-03
  4.99482059E+00 -5.04308306E-02  1.40062962E-02  1.96176334E-05  2.54326873E-03  2.56288634E-03
  4.99582052E+00 -5.04165702E-02  1.45106046E-02  2.10557646E-05  2.54183053E-03  2.56288634E-03
  4.99682045E+00 -5.04018068E-02  1.50147704E-02  2.25443346E-05  2.54034204E-03  2.56288634E-03
  4.99782038E+00 -5.03865406E-02  1.55187882E-02  2.40832796E-05  2.53880350E-03  2.56288680E-03
  4.99882030E+00 -5.03707677E-02  1.60226543E-02  2.56725452E-05  2.53721420E-03  2.56288680E-03
  4.99982023E+00 -5.03544919E-02  1.65263619E-02  2.73120659E-05  2.53557484E-03  2.56288680E-03
  5.00082016E+00 -5.03377132E-02  1.70299076E-02  2.90017761E-05  2.53388542E-03  2.56288727E-03
  5.00182009E+00 -5.03204316E-02  1.75332855E-02  3.07416121E-05  2.53214594E-03  2.56288750E-03
  5.00282001E+00 -5.03026433E-02  1.80364903E-02  3.25315013E-05  2.53035594E-03  2.56288750E-03
  5.00381994E+00 -5.02843522E-02  1.85395163E-02  3.43713691E-05  2.52851611E-03  2.56288750E-03
  5.00481987E+00 -5.02655618E-02  1.90423597E-02  3.62611463E-05  2.52662669E-03  2.56288773E-03
  5.00581980E+00 -5.02462685E-02  1.95450149E-02  3.82007638E-05  2.52468744E-03  2.56288820E-03
  5.00681973E+00 -5.02264723E-02  2.00474784E-02  4.01901416E-05  2.52269860E-03  2.56288867E-03
  5.00781965E+00 -5.02061769E-02  2.05497425E-02  4.22291923E-05  2.52066017E-03  2.56288936E-03
  5.00881958E+00 -5.01853786E-02  2.10518036E-02  4.43178433E-05  2.51857215E-03  2.56289006E-03
  5.00981951E+00 -5.01640774E-02  2.15536579E-02  4.64560180E-05  2.51643476E-03  2.56289076E-03
  5.01081944E+00 -5.01422733E-02  2.20552981E-02  4.86436184E-05  2.51424755E-03  2.56289123E-03
  5.01181936E+00 -5.01199700E-02  2.25567203E-02  5.08805642E-05  2.51201144E-03  2.56289192E-03
  5.01281929E+00 -5.00971638E-02  2.30579209E-02  5.31667720E-05  2.50972575E-03  2.56289262E-03
  5.01381922E+00 -5.00738546E-02  2.35588923E-02  5.55021397E-05  2.50739092E-03  2.56289309E-03
  5.01481915E+00 -5.00500463E-02  2.40596309E-02  5.78865838E-05  2.50500720E-03  2.56289379E-03
  5.01581907E+00 -5.00257388E-02  2.45601311E-02  6.03200060E-05  2.50257459E-03  2.56289449E-03
  5.01681900E+00 -5.00009283E-02  2.50603892E-02  6.28023117E-05  2.50009284E-03  2.56289518E-03
  5.01781893E+00 -4.99756187E-02  2.55603977E-02  6.53333918E-05  2.49756244E-03  2.56289588E-03
  5.01881886E+00 -4.99498099E-02  2.60601547E-02  6.79131699E-05  2.49498361E-03  2.56289681E-03
  5.01981878E+00 -4.99235019E-02  2.65596528E-02  7.05415150E-05  2.49235611E-03  2.56289775E-03
  5.02081871E+00 -4.98966910E-02  2.70588882E-02  7.32183471E-05  2.48967973E-03  2.56289798E-03
  5.02181864E+00 -4.98693809E-02  2.75578555E-02  7.59435425E-05  2.48695514E-03  2.56289868E-03
  5.02281857E+00 -4.98415716E-02  2.80565489E-02  7.87169993E-05  2.48418236E-03  2.56289938E-03
  5.02381849E+00 -4.98132668E-02  2.85549648E-02  8.15386011E-05  2.48136162E-03  2.56290031E-03
  5.02481842E+00 -4.97844629E-02  2.90530976E-02  8.44082533E-05  2.47849268E-03  2.56290101E-03
  5.02581835E+00 -4.97551598E-02  2.95509417E-02  8.73258177E-05  2.47557601E-03  2.56290194E-03
  5.02681828E+00 -4.97253574E-02  3.00484933E-02  9.02911925E-05  2.47261114E-03  2.56290240E-03
  5.02781820E+00 -4.96950597E-02  3.05457469E-02  9.33042684E-05  2.46959901E-03  2.56290333E-03
  5.02881813E+00 -4.96642627E-02  3.10426969E-02  9.63648999E-05  2.46653892E-03  2.56290380E-03
  5.02981806E+00 -4.96329702E-02  3.15393396E-02  9.94729926E-05  2.46343180E-03  2.56290473E-03
  5.03081799E+00 -4.96011823E-02  3.20356712E-02  1.02628423E-04  2.46027717E-03  2.56290566E-03
  5.03181791E+00 -4.95688953E-02  3.25316824E-02  1.05831037E-04  2.45707529E-03  2.56290636E-03
  5.03281784E+00 -4.95361127E-02  3.30273733E-02  1.09080742E-04  2.45382637E-03  2.56290706E-03
  5.03381777E+00 -4.95028384E-02  3.35227326E-02  1.12377362E-04  2.45053112E-03  2.56290846E-03
  5.03481770E+00 -4.94690686E-02  3.40177603E-02  1.15720803E-04  2.44718883E-03  2.56290962E-03
  5.03581762E+00 -4.94348034E-02  3.45124528E-02  1.19110940E-04  2.44379975E-03  2.56291078E-03
  5.03681755E+00 -4.94000465E-02  3.50068025E-02  1.22547630E-04  2.44036457E-03  2.56291218E-03
  5.03781748E+00 -4.93647940E-02  3.55008021E-02  1.26030689E-04  2.43688282E-03  2.56291358E-03
  5.03881741E+00 -4.93290462E-02  3.59944515E-02  1.29560052E-04  2.43335473E-03  2.56291474E-03
  5.03981733E+00 -4.92928065E-02  3.64877433E-02  1.33135545E-04  2.42978078E-03  2.56291637E-03
  5.04081726E+00 -4.92560714E-02  3.69806699E-02  1.36756993E-04  2.42616050E-03  2.56291754E-03
  5.04181719E+00 -4.92188446E-02  3.74732316E-02  1.40424308E-04  2.42249458E-03  2.56291893E-03
  5.04281712E+00 -4.91811261E-02  3.79654206E-02  1.44137317E-04  2.41878326E-03  2.56292056E-03
  5.04381704E+00 -4.91429158E-02  3.84572335E-02  1.47895873E-04  2.41502607E-03  2.56292196E-03
  5.04481697E+00 -4.91042137E-02  3.89486626E-02  1.51699831E-04  2.41122372E-03  2.56292359E-03
  5.04581690E+00 -4.90650199E-02  3.94397043E-02  1.55549031E-04  2.40737619E-03  2.56292522E-03
  5.04681683E+00 -4.90253344E-02  3.99303548E-02  1.59443327E-04  2.40348349E-03  2.56292685E-03
  5.04781675E+00 -4.89851572E-02  4.04206067E-02  1.63382545E-04  2.39954563E-03  2.56292825E-03
  5.04881668E+00 -4.89444919E-02  4.09104601E-02  1.67366568E-04  2.39556329E-03  2.56292988E-03
  5.04981661E+00 -4.89033349E-02  4.13999036E-02  1.71395208E-04  2.39153625E-03  2.56293151E-03
  5.05081654E+00 -4.88616899E-02  4.18889374E-02  1.75468318E-04  2.38746474E-03  2.56293314E-03
  5.05181646E+00 -4.88195568E-02  4.23775539E-02  1.79585710E-04  2.38334923E-03  2.56293500E-03
  5.05281639E+00 -4.87769321E-02  4.28657494E-02  1.83747252E-04  2.37918901E-03  2.56293616E-03
  5.05381632E+00 -4.87338230E-02  4.33535203E-02  1.87952770E-04  2.37498549E-03  2.56293826E-03
  5.05481625E+00 -4.86902259E-02  4.38408591E-02  1.92202089E-04  2.37073819E-03  2.56294035E-03
  5.05581617E+00 -4.86461446E-02  4.43277620E-02  1.96495050E-04  2.36644736E-03  2.56294245E-03
  5.05681610E+00 -4.86015752E-02  4.48142253E-02  2.00831477E-04  2.36211321E-03  2.56294478E-03
  5.05781603E+00 -4.85565178E-02  4.53002416E-02  2.05211181E-04  2.35773553E-03  2.56294664E-03
  5.05881596E+00 -4.85109761E-02  4.57858071E-02  2.09634003E-04  2.35331478E-03  2.56294874E-03
  5.05981588E+00 -4.84649464E-02  4.62709181E-02  2.14099797E-04  2.34885095E-03  2.56295083E-03
  5.06081581E+00 -4.84184325E-02  4.67555672E-02  2.18608300E-04  2.34434451E-03  2.56295269E-03
  5.06181574E+00 -4.83714342E-02  4.72397506E-02  2.23159397E-04  2.33979570E-03  2.56295502E-03
  5.06281567E+00 -4.83239517E-02  4.77234647E-02  2.27752913E-04  2.33520428E-03  2.56295712E-03
  5.06381559E+00 -4.82759848E-02  4.82067056E-02  2.32388644E-04  2.33057071E-03  2.56295945E-03
  5.06481552E+00 -4.82275374E-02  4.86894660E-02  2.37066415E-04  2.32589548E-03  2.56296201E-03
  5.06581545E+00 -4.81786057E-02  4.91717421E-02  2.41786038E-04  2.32117809E-03  2.56296410E-03
  5.06681538E+00 -4.81291935E-02  4.96535264E-02  2.46547279E-04  2.31641927E-03  2.56296666E-03
  5.06781530E+00 -4.80792969E-02  5.01348190E-02  2.51350022E-04  2.31161877E-03  2.56296876E-03
  5.06881523E+00 -4.80289198E-02  5.06156124E-02  2.56194005E-04  2.30677705E-03  2.56297109E-03
  5.06981516E+00 -4.79780659E-02  5.10959029E-02  2.61079142E-04  2.30189483E-03  2.56297388E-03
  5.07081509E+00 -4.79267314E-02  5.15756831E-02  2.66005110E-04  2.29697162E-03  2.56297668E-03
  5.07181501E+00 -4.78749163E-02  5.20549491E-02  2.70971766E-04  2.29200767E-03  2.56297947E-03
  5.07281494E+00 -4.78226244E-02  5.25336973E-02  2.75978935E-04  2.28700344E-03  2.56298250E-03
  5.07381487E+00 -4.77698520E-02  5.30119240E-02  2.81026412E-04  2.28195870E-03  2.56298506E-03
  5.07481480E+00 -4.77166027E-02  5.34896217E-02  2.86113966E-04  2.27687415E-03  2.56298808E-03
  5.07581472E+00 -4.76628728E-02  5.39667867E-02  2.91241420E-04  2.27174954E-03  2.56299088E-03
  5.07681465E+00 -4.76086661E-02  5.44434153E-02  2.96408543E-04  2.26658513E-03  2.56299367E-03
  5.07781458E+00 -4.75539826E-02  5.49195036E-02  3.01615190E-04  2.26138136E-03  2.56299647E-03
  5.07881451E+00 -4.74988259E-02  5.53950444E-02  3.06861097E-04  2.25613848E-03  2.56299949E-03
  5.07981443E+00 -4.74431925E-02  5.58700338E-02  3.12146090E-04  2.25085649E-03  2.56300252E-03
  5.08081436E+00 -4.73870859E-02  5.63444644E-02  3.17469880E-04  2.24553584E-03  2.56300578E-03
  5.08181429E+00 -4.73305024E-02  5.68183362E-02  3.22832348E-04  2.24017655E-03  2.56300881E-03
  5.08281422E+00 -4.72734459E-02  5.72916418E-02  3.28233233E-04  2.23477860E-03  2.56301183E-03
  5.08381414E+00 -4.72159199E-02  5.77643774E-02  3.33672331E-04  2.22934317E-03  2.56301556E-03
  5.08481407E+00 -4.71579209E-02  5.82365356E-02  3.39149410E-04  2.22386955E-03  2.56301905E-03
  5.08581400E+00 -4.70994487E-02  5.87081164E-02  3.44664295E-04  2.21835799E-03  2.56302231E-03
  5.08681393E+00 -4.70405072E-02  5.91791123E-02  3.50216724E-04  2.21280940E-03  2.56302604E-03
  5.08781385E+00 -4.69810925E-02  5.96495159E-02  3.55806493E-04  2.20722309E-03  2.56302953E-03
  5.08881378E+00 -4.69212085E-02  6.01193272E-02  3.61433340E-04  2.20159977E-03  2.56303302E-03
  5.08981371E+00 -4.68608551E-02  6.05885386E-02  3.67097091E-04  2.19593965E-03  2.56303675E-03
  5.09081364E+00 -4.68000323E-02  6.10571466E-02  3.72797513E-04  2.19024299E-03  2.56304047E-03
  5.09181356E+00 -4.67387401E-02  6.15251474E-02  3.78534402E-04  2.18450977E-03  2.56304420E-03
  5.09281349E+00 -4.66769785E-02  6.19925335E-02  3.84307437E-04  2.17874022E-03  2.56304769E-03
  5.09381342E+00 -4.66147512E-02  6.24593049E-02  3.90116475E-04  2.17293506E-03  2.56305141E-03
  5.09481335E+00 -4.65520583E-02  6.29254505E-02  3.95961251E-04  2.16709403E-03  2.56305537E-03
  5.09581327E+00 -4.64889035E-02  6.33909702E-02  4.01841535E-04  2.16121809E-03  2.56305956E-03
  5.09681320E+00 -4.64252830E-02  6.38558567E-02  4.07757063E-04  2.15530698E-03  2.56306399E-03
  5.09781313E+00 -4.63611968E-02  6.43201098E-02  4.13707661E-04  2.14936049E-03  2.56306818E-03
  5.09881306E+00 -4.62966450E-02  6.47837222E-02  4.19693068E-04  2.14337930E-03  2.56307237E-03
  5.09981298E+00 -4.62316312E-02  6.52466863E-02  4.25712991E-04  2.13736366E-03  2.56307656E-03
  5.10081291E+00 -4.61661518E-02  6.57090023E-02  4.31767286E-04  2.13131355E-03  2.56308075E-03
  5.10181284E+00 -4.61002104E-02  6.61706626E-02  4.37855691E-04  2.12522945E-03  2.56308517E-03
  5.10281277E+00 -4.60338071E-02  6.66316673E-02  4.43977915E-04  2.11911136E-03  2.56308937E-03
  5.10381269E+00 -4.59669456E-02  6.70920089E-02  4.50133783E-04  2.11295998E-03  2.56309379E-03
  5.10481262E+00 -4.58996221E-02  6.75516799E-02  4.56322974E-04  2.10677530E-03  2.56309821E-03
  5.10581255E+00 -4.58318405E-02  6.80106729E-02  4.62545169E-04  2.10055755E-03  2.56310264E-03
  5.10681248E+00 -4.57636006E-02  6.84689879E-02  4.68800223E-04  2.09430722E-03  2.56310753E-03
  5.10781240E+00 -4.56949025E-02  6.89266250E-02  4.75087960E-04  2.08802405E-03  2.56311195E-03
  5.10881233E+00 -4.56257500E-02  6.93835765E-02  4.81408089E-04  2.08170898E-03  2.56311707E-03
  5.10981226E+00 -4.55561392E-02  6.98398352E-02  4.87760262E-04  2.07536179E-03  2.56312196E-03
  5.11081219E+00 -4.54860739E-02  7.02953935E-02  4.94144275E-04  2.06898293E-03  2.56312732E-03
  5.11181211E+00 -4.54155505E-02  7.07502514E-02  5.00559807E-04  2.06257217E-03  2.56313197E-03
  5.11281204E+00 -4.53445725E-02  7.12044090E-02  5.07006829E-04  2.05613021E-03  2.56313710E-03
  5.11381197E+00 -4.52731401E-02  7.16578513E-02  5.13484760E-04  2.04965728E-03  2.56314198E-03
  5.11481190E+00 -4.52012531E-02  7.21105859E-02  5.19993657E-04  2.04315339E-03  2.56314711E-03
  5.11581182E+00 -4.51289155E-02  7.25625977E-02  5.26533055E-04  2.03661900E-03  2.56315200E-03
  5.11681175E+00 -4.50561270E-02  7.30138868E-02  5.33102779E-04  2.03005457E-03  2.56315735E-03
  5.11781168E+00 -4.49828878E-02  7.34644458E-02  5.39702480E-04  2.02346011E-03  2.56316271E-03
  5.11881161E+00 -4.49092016E-02  7.39142746E-02  5.46331983E-04  2.01683631E-03  2.56316829E-03
  5.11981153E+00 -4.48350646E-02  7.43633658E-02  5.52991056E-04  2.01018294E-03  2.56317388E-03
  5.12081146E+00 -4.47604768E-02  7.48117194E-02  5.59679349E-04  2.00350024E-03  2.56317947E-03
  5.12181139E+00 -4.46854420E-02  7.52593279E-02  5.66396629E-04  1.99678866E-03  2.56318529E-03
  5.12281132E+00 -4.46099602E-02  7.57061839E-02  5.73142606E-04  1.99004845E-03  2.56319111E-03
  5.12381124E+00 -4.45340313E-02  7.61522800E-02  5.79916988E-04  1.98327983E-03  2.56319670E-03
  5.12481117E+00 -4.44576554E-02  7.65976235E-02  5.86719601E-04  1.97648304E-03  2.56320275E-03
  5.12581110E+00 -4.43808325E-02  7.70421997E-02  5.93550038E-04  1.96965830E-03  2.56320834E-03
  5.12681103E+00 -4.43035662E-02  7.74860084E-02  6.00408181E-04  1.96280587E-03  2.56321393E-03
  5.12781096E+00 -4.42258604E-02  7.79290423E-02  6.07293565E-04  1.95592665E-03  2.56322022E-03
  5.12881088E+00 -4.41477112E-02  7.83713013E-02  6.14206074E-04  1.94902043E-03  2.56322650E-03
  5.12981081E+00 -4.40691188E-02  7.88127780E-02  6.21145417E-04  1.94208720E-03  2.56323256E-03
  5.13081074E+00 -4.39900868E-02  7.92534724E-02  6.28111302E-04  1.93512777E-03  2.56323908E-03
  5.13181067E+00 -4.39106151E-02  7.96933770E-02  6.35103439E-04  1.92814216E-03  2.56324559E-03
  5.13281059E+00 -4.38307002E-02  8.01324844E-02  6.42121478E-04  1.92113023E-03  2.56325165E-03
  5.13381052E+00 -4.37503494E-02  8.05707946E-02  6.49165304E-04  1.91409304E-03  2.56325840E-03
  5.13481045E+00 -4.36695591E-02  8.10083002E-02  6.56234508E-04  1.90703035E-03  2.56326492E-03
  5.13581038E+00 -4.35883291E-02  8.14449936E-02  6.63328683E-04  1.89994241E-03  2.56327121E-03
  5.13681030E+00 -4.35066633E-02  8.18808749E-02  6.70447771E-04  1.89282978E-03  2.56327749E-03
  5.13781023E+00 -4.34245653E-02  8.23159441E-02  6.77591481E-04  1.88569282E-03  2.56328424E-03
  5.13881016E+00 -4.33420315E-02  8.27501863E-02  6.84759347E-04  1.87853165E-03  2.56329100E-03
  5.13981009E+00 -4.32590656E-02  8.31836089E-02  6.91951311E-04  1.87134673E-03  2.56329798E-03
  5.14081001E+00 -4.31756675E-02  8.36161971E-02  6.99166849E-04  1.86413829E-03  2.56330520E-03
  5.14180994E+00 -4.30918336E-02  8.40479508E-02  7.06405786E-04  1.85690611E-03  2.56331195E-03
  5.14280987E+00 -4.30075713E-02  8.44788700E-02  7.13667949E-04  1.84965122E-03  2.56331917E-03
  5.14380980E+00 -4.29228768E-02  8.49089473E-02  7.20952929E-04  1.84237340E-03  2.56332639E-03
  5.14480972E+00 -4.28377502E-02  8.53381753E-02  7.28260435E-04  1.83507288E-03  2.56333337E-03
  5.14580965E+00 -4.27521989E-02  8.57665539E-02  7.35590176E-04  1.82775047E-03  2.56334059E-03
  5.14680958E+00 -4.26662192E-02  8.61940756E-02  7.42941862E-04  1.82040629E-03  2.56334804E-03
  5.14780951E+00 -4.25798111E-02  8.66207406E-02  7.50315317E-04  1.81304035E-03  2.56335572E-03
  5.14880943E+00 -4.24929783E-02  8.70465413E-02  7.57710019E-04  1.80565321E-03  2.56336317E-03
  5.14980936E+00 -4.24057208E-02  8.74714702E-02  7.65125849E-04  1.79824512E-03  2.56337086E-03
  5.15080929E+00 -4.23180386E-02  8.78955275E-02  7.72562402E-04  1.79081643E-03  2.56337877E-03
  5.15180922E+00 -4.22299318E-02  8.83187056E-02  7.80019385E-04  1.78336713E-03  2.56338646E-03
  5.15280914E+00 -4.21414003E-02  8.87410045E-02  7.87496567E-04  1.77589757E-03  2.56339414E-03
  5.15380907E+00 -4.20524478E-02  8.91624168E-02  7.94993655E-04  1.76840834E-03  2.56340206E-03
  5.15480900E+00 -4.19630781E-02  8.95829424E-02  8.02510360E-04  1.76089990E-03  2.56341021E-03
  5.15580893E+00 -4.18732874E-02  9.00025740E-02  8.10046331E-04  1.75337226E-03  2.56341859E-03
  5.15680885E+00 -4.17830758E-02  9.04213041E-02  8.17601220E-04  1.74582540E-03  2.56342674E-03
  5.15780878E+00 -4.16924469E-02  9.08391327E-02  8.25174793E-04  1.73826015E-03  2.56343489E-03
  5.15880871E+00 -4.16014008E-02  9.12560597E-02  8.32766877E-04  1.73067651E-03  2.56344350E-03
  5.15980864E+00 -4.15099375E-02  9.16720703E-02  8.40376888E-04  1.72307494E-03  2.56345188E-03
  5.16080856E+00 -4.14180569E-02  9.20871720E-02  8.48004711E-04  1.71545544E-03  2.56346026E-03
  5.16180849E+00 -4.13257629E-02  9.25013497E-02  8.55649996E-04  1.70781871E-03  2.56346865E-03
  5.16280842E+00 -4.12330553E-02  9.29146111E-02  8.63312453E-04  1.70016487E-03  2.56347726E-03
  5.16380835E+00 -4.11399342E-02  9.33269411E-02  8.70991789E-04  1.69249414E-03  2.56348588E-03
  5.16480827E+00 -4.10464033E-02  9.37383398E-02  8.78687657E-04  1.68480724E-03  2.56349496E-03
  5.16580820E+00 -4.09524590E-02  9.41488072E-02  8.86399765E-04  1.67710392E-03  2.56350357E-03
  5.16680813E+00 -4.08581048E-02  9.45583284E-02  8.94127821E-04  1.66938477E-03  2.56351265E-03
  5.16780806E+00 -4.07633409E-02  9.49669108E-02  9.01871477E-04  1.66164991E-03  2.56352127E-03
  5.16880798E+00 -4.06681709E-02  9.53745469E-02  9.09630384E-04  1.65390014E-03  2.56353058E-03
  5.16980791E+00 -4.05725911E-02  9.57812294E-02  9.17404424E-04  1.64613512E-03  2.56353943E-03
  5.17080784E+00 -4.04766090E-02  9.61869583E-02  9.25193075E-04  1.63835590E-03  2.56354897E-03
  5.17180777E+00 -4.03802209E-02  9.65917259E-02  9.32996161E-04  1.63056224E-03  2.56355852E-03
  5.17280769E+00 -4.02834266E-02  9.69955251E-02  9.40813217E-04  1.62275450E-03  2.56356783E-03
  5.17380762E+00 -4.01862301E-02  9.73983631E-02  9.48644185E-04  1.61493313E-03  2.56357738E-03
  5.17480755E+00 -4.00886312E-02  9.78002250E-02  9.56488424E-04  1.60709838E-03  2.56358692E-03
  5.17580748E+00 -3.99906300E-02  9.82011110E-02  9.64345818E-04  1.59925048E-03  2.56359624E-03
  5.17680740E+00 -3.98922265E-02  9.86010209E-02  9.72216134E-04  1.59138977E-03  2.56360602E-03
  5.17780733E+00 -3.97934243E-02  9.89999399E-02  9.80098848E-04  1.58351660E-03  2.56361533E-03
  5.17880726E+00 -3.96942273E-02  9.93978754E-02  9.87993786E-04  1.57563167E-03  2.56362557E-03
  5.17980719E+00 -3.95946316E-02  9.97948200E-02  9.95900598E-04  1.56773487E-03  2.56363535E-03
  5.18080711E+00 -3.94946411E-02  1.00190766E-01  1.00381894E-03  1.55982666E-03  2.56364560E-03
  5.18180704E+00 -3.93942520E-02  1.00585714E-01  1.01174868E-03  1.55190704E-03  2.56365584E-03
  5.18280697E+00 -3.92934680E-02  1.00979656E-01  1.01968914E-03  1.54397660E-03  2.56366562E-03
  5.18380690E+00 -3.91922891E-02  1.01372592E-01  1.02764030E-03  1.53603556E-03  2.56367587E-03
  5.18480682E+00 -3.90907191E-02  1.01764515E-01  1.03560172E-03  1.52808428E-03  2.56368611E-03
  5.18580675E+00 -3.89887616E-02  1.02155425E-01  1.04357314E-03  1.52012357E-03  2.56369682E-03
  5.18680668E+00 -3.88864130E-02  1.02545314E-01  1.05155422E-03  1.51215307E-03  2.56370730E-03
  5.18780661E+00 -3.87836732E-02  1.02934174E-01  1.05954451E-03  1.50417327E-03  2.56371778E-03
  5.18880653E+00 -3.86805460E-02  1.03322014E-01  1.06754387E-03  1.49618462E-03  2.56372849E-03
  5.18980646E+00 -3.85770313E-02  1.03708819E-01  1.07555196E-03  1.48818735E-03  2.56373920E-03
  5.19080639E+00 -3.84731293E-02  1.04094587E-01  1.08356832E-03  1.48018170E-03  2.56374991E-03
  5.19180632E+00 -3.83688398E-02  1.04479320E-01  1.09159283E-03  1.47216790E-03  2.56376062E-03
  5.19280624E+00 -3.82641703E-02  1.04863010E-01  1.09962514E-03  1.46414677E-03  2.56377179E-03
  5.19380617E+00 -3.81591171E-02  1.05245650E-01  1.10766466E-03  1.45611819E-03  2.56378297E-03
  5.19480610E+00 -3.80536802E-02  1.05627239E-01  1.11571129E-03  1.44808262E-03  2.56379391E-03
  5.19580603E+00 -3.79478633E-02  1.06007777E-01  1.12376490E-03  1.44004030E-03  2.56380532E-03
  5.19680595E+00 -3.78416665E-02  1.06387258E-01  1.13182492E-03  1.43199170E-03  2.56381650E-03
  5.19780588E+00 -3.77350897E-02  1.06765673E-01  1.13989087E-03  1.42393704E-03  2.56382790E-03
  5.19880581E+00 -3.76281328E-02  1.07143022E-01  1.14796276E-03  1.41587644E-03  2.56383931E-03
  5.19980574E+00 -3.75207998E-02  1.07519306E-01  1.15604012E-03  1.40781037E-03  2.56385049E-03
  5.20080566E+00 -3.74130942E-02  1.07894517E-01  1.16412272E-03  1.39973965E-03  2.56386236E-03
  5.20180559E+00 -3.73050123E-02  1.08268648E-01  1.17220997E-03  1.39166391E-03  2.56387377E-03
  5.20280552E+00 -3.71965580E-02  1.08641699E-01  1.18030189E-03  1.38358388E-03  2.56388588E-03
  5.20380545E+00 -3.70877311E-02  1.09013662E-01  1.18839787E-03  1.37549976E-03  2.56389752E-03
  5.20480537E+00 -3.69785316E-02  1.09384537E-01  1.19649770E-03  1.36741181E-03  2.56390963E-03
  5.20580530E+00 -3.68689597E-02  1.09754324E-01  1.20460114E-03  1.35932013E-03  2.56392127E-03
  5.20680523E+00 -3.67590226E-02  1.10123016E-01  1.21270795E-03  1.35122577E-03  2.56393384E-03
  5.20780516E+00 -3.66487168E-02  1.10490605E-01  1.22081744E-03  1.34312839E-03  2.56394595E-03
  5.20880508E+00 -3.65380421E-02  1.10857092E-01  1.22892950E-03  1.33502856E-03  2.56395806E-03
  5.20980501E+00 -3.64270024E-02  1.11222476E-01  1.23704399E-03  1.32692652E-03  2.56397063E-03
  5.21080494E+00 -3.63155976E-02  1.11586750E-01  1.24516035E-03  1.31882261E-03  2.56398297E-03
  5.21180487E+00 -3.62038277E-02  1.11949906E-01  1.25327823E-03  1.31071720E-03  2.56399531E-03
  5.21280479E+00 -3.60916965E-02  1.12311944E-01  1.26139726E-03  1.30261050E-03  2.56400788E-03
  5.21380472E+00 -3.59792039E-02  1.12672858E-01  1.26951735E-03  1.29450310E-03  2.56402045E-03
  5.21480465E+00 -3.58663537E-02  1.13032646E-01  1.27763802E-03  1.28639536E-03  2.56403349E-03
  5.21580458E+00 -3.57531421E-02  1.13391310E-01  1.28575892E-03  1.27828715E-03  2.56404607E-03
  5.21680450E+00 -3.56395729E-02  1.13748841E-01  1.29387982E-03  1.27017917E-03  2.56405910E-03
  5.21780443E+00 -3.55256461E-02  1.14105240E-01  1.30200060E-03  1.26207154E-03  2.56407214E-03
  5.21880436E+00 -3.54113616E-02  1.14460498E-01  1.31012057E-03  1.25396450E-03  2.56408518E-03
  5.21980429E+00 -3.52967232E-02  1.14814609E-01  1.31823949E-03  1.24585873E-03  2.56409822E-03
  5.22080421E+00 -3.51817347E-02  1.15167573E-01  1.32635701E-03  1.23775448E-03  2.56411149E-03
  5.22180414E+00 -3.50663923E-02  1.15519390E-01  1.33447291E-03  1.22965185E-03  2.56412476E-03
  5.22280407E+00 -3.49506959E-02  1.15870051E-01  1.34258694E-03  1.22155109E-03  2.56413803E-03
  5.22380400E+00 -3.48346494E-02  1.16219558E-01  1.35069853E-03  1.21345278E-03  2.56415131E-03
  5.22480392E+00 -3.47182564E-02  1.16567902E-01  1.35880755E-03  1.20535737E-03  2.56416481E-03
  5.22580385E+00 -3.46015133E-02  1.16915084E-01  1.36691367E-03  1.19726476E-03  2.56417831E-03
  5.22680378E+00 -3.44844274E-02  1.17261097E-01  1.37501652E-03  1.18917576E-03  2.56419228E-03
  5.22780371E+00 -3.43669951E-02  1.17605940E-01  1.38311577E-03  1.18109037E-03  2.56420625E-03
  5.22880363E+00 -3.42492163E-02  1.17949612E-01  1.39121118E-03  1.17300882E-03  2.56421999E-03
  5.22980356E+00 -3.41310948E-02  1.18292108E-01  1.39930227E-03  1.16493169E-03  2.56423396E-03
  5.23080349E+00 -3.40126306E-02  1.18633419E-01  1.40738883E-03  1.15685898E-03  2.56424770E-03
  5.23180342E+00 -3.38938273E-02  1.18973546E-01  1.41547050E-03  1.14879152E-03  2.56426213E-03
  5.23280334E+00 -3.37746851E-02  1.19312488E-01  1.42354693E-03  1.14072941E-03  2.56427634E-03
  5.23380327E+00 -3.36552039E-02  1.19650237E-01  1.43161789E-03  1.13267277E-03  2.56429054E-03
  5.23480320E+00 -3.35353874E-02  1.19986787E-01  1.43968302E-03  1.12462218E-03  2.56430521E-03
  5.23580313E+00 -3.34152319E-02  1.20322138E-01  1.44774176E-03  1.11657777E-03  2.56431941E-03
  5.23680305E+00 -3.32947411E-02  1.20656289E-01  1.45579397E-03  1.10853976E-03  2.56433384E-03
  5.23780298E+00 -3.31739187E-02  1.20989233E-01  1.46383944E-03  1.10050885E-03  2.56434828E-03
  5.23880291E+00 -3.30527611E-02  1.21320970E-01  1.47187780E-03  1.09248504E-03  2.56436272E-03
  5.23980284E+00 -3.29312757E-02  1.21651500E-01  1.47990871E-03  1.08446891E-03  2.56437762E-03
  5.24080276E+00 -3.28094587E-02  1.21980816E-01  1.48793205E-03  1.07646058E-03  2.56439252E-03
  5.24180269E+00 -3.26873139E-02  1.22308910E-01  1.49594701E-03  1.06846052E-03  2.56440742E-03
  5.24280262E+00 -3.25648412E-02  1.22635782E-01  1.50395359E-03  1.06046884E-03  2.56442232E-03
  5.24380255E+00 -3.24420407E-02  1.22961432E-01  1.51195133E-03  1.05248601E-03  2.56443722E-03
  5.24480247E+00 -3.23189162E-02  1.23285852E-01  1.51994021E-03  1.04451238E-03  2.56445259E-03
  5.24580240E+00 -3.21954712E-02  1.23609044E-01  1.52791955E-03  1.03654840E-03  2.56446796E-03
  5.24680233E+00 -3.20717022E-02  1.23930998E-01  1.53588923E-03  1.02859410E-03  2.56448332E-03
  5.24780226E+00 -3.19476128E-02  1.24251716E-01  1.54384889E-03  1.02064991E-03  2.56449869E-03
  5.24880219E+00 -3.18231992E-02  1.24571189E-01  1.55179808E-03  1.01271598E-03  2.56451406E-03
  5.24980211E+00 -3.16984691E-02  1.24889418E-01  1.55973667E-03  1.00479298E-03  2.56452966E-03
  5.25080204E+00 -3.15734185E-02  1.25206396E-01  1.56766421E-03  9.96880815E-04  2.56454502E-03
  5.25180197E+00 -3.14480551E-02  1.25522137E-01  1.57558068E-03  9.88980173E-04  2.56456085E-03
  5.25280190E+00 -3.13223749E-02  1.25836611E-01  1.58348528E-03  9.81091172E-04  2.56457645E-03
  5.25380182E+00 -3.11963819E-02  1.26149833E-01  1.59137812E-03  9.73214221E-04  2.56459229E-03
  5.25480175E+00 -3.10700759E-02  1.26461804E-01  1.59925874E-03  9.65349609E-04  2.56460835E-03
  5.25580168E+00 -3.09434589E-02  1.26772508E-01  1.60712691E-03  9.57497628E-04  2.56462442E-03
  5.25680161E+00 -3.08165327E-02  1.27081946E-01  1.61498215E-03  9.49658686E-04  2.56464072E-03
  5.25780153E+00 -3.06892954E-02  1.27390116E-01  1.62282423E-03  9.41832841E-04  2.56465701E-03
  5.25880146E+00 -3.05617526E-02  1.27697006E-01  1.63065258E-03  9.34020733E-04  2.56467331E-03
  5.25980139E+00 -3.04339025E-02  1.28002629E-01  1.63846731E-03  9.26222419E-04  2.56468961E-03
  5.26080132E+00 -3.03057469E-02  1.28306970E-01  1.64626783E-03  9.18438309E-04  2.56470614E-03
  5.26180124E+00 -3.01772896E-02  1.28610030E-01  1.65405404E-03  9.10668809E-04  2.56472290E-03
  5.26280117E+00 -3.00485287E-02  1.28911808E-01  1.66182534E-03  9.02914093E-04  2.56473944E-03
  5.26380110E+00 -2.99194660E-02  1.29212290E-01  1.66958163E-03  8.95174453E-04  2.56475620E-03
  5.26480103E+00 -2.97901053E-02  1.29511490E-01  1.67732255E-03  8.87450355E-04  2.56477296E-03
  5.26580095E+00 -2.96604447E-02  1.29809394E-01  1.68504787E-03  8.79741972E-04  2.56478973E-03
  5.26680088E+00 -2.95304861E-02  1.30106002E-01  1.69275724E-03  8.72049597E-04  2.56480696E-03
  5.26780081E+00 -2.94002332E-02  1.30401313E-01  1.70045032E-03  8.64373695E-04  2.56482395E-03
  5.26880074E+00 -2.92696841E-02  1.30695313E-01  1.70812651E-03  8.56714381E-04  2.56484095E-03
  5.26980066E+00 -2.91388407E-02  1.30988017E-01  1.71578606E-03  8.49072065E-04  2.56485818E-03
  5.27080059E+00 -2.90077068E-02  1.31279409E-01  1.72342826E-03  8.41447036E-04  2.56487541E-03
  5.27180052E+00 -2.88762823E-02  1.31569490E-01  1.73105299E-03  8.33839702E-04  2.56489264E-03
  5.27280045E+00 -2.87445672E-02  1.31858259E-01  1.73866004E-03  8.26250121E-04  2.56491010E-03
  5.27380037E+00 -2.86125652E-02  1.32145703E-01  1.74624869E-03  8.18678876E-04  2.56492756E-03
  5.27480030E+00 -2.84802765E-02  1.32431835E-01  1.75381918E-03  8.11126141E-04  2.56494526E-03
  5.27580023E+00 -2.83477027E-02  1.32716641E-01  1.76137069E-03  8.03592266E-04  2.56496295E-03
  5.27680016E+00 -2.82148439E-02  1.33000121E-01  1.76890322E-03  7.96077424E-04  2.56498065E-03
  5.27780008E+00 -2.80817021E-02  1.33282274E-01  1.77641644E-03  7.88581965E-04  2.56499834E-03
  5.27880001E+00 -2.79482808E-02  1.33563086E-01  1.78390986E-03  7.81106413E-04  2.56501627E-03
  5.27979994E+00 -2.78145783E-02  1.33842573E-01  1.79138349E-03  7.73650769E-04  2.56503420E-03
  5.28079987E+00 -2.76805963E-02  1.34120718E-01  1.79883675E-03  7.66215438E-04  2.56505213E-03
  5.28179979E+00 -2.75463369E-02  1.34397522E-01  1.80626940E-03  7.58800656E-04  2.56507006E-03
  5.28279972E+00 -2.74118017E-02  1.34672984E-01  1.81368121E-03  7.51406886E-04  2.56508822E-03
  5.28379965E+00 -2.72769909E-02  1.34947106E-01  1.82107219E-03  7.44034245E-04  2.56510638E-03
  5.28479958E+00 -2.71419082E-02  1.35219872E-01  1.82844140E-03  7.36683200E-04  2.56512454E-03
  5.28579950E+00 -2.70065516E-02  1.35491297E-01  1.83578918E-03  7.29353807E-04  2.56514293E-03
  5.28679943E+00 -2.68709268E-02  1.35761365E-01  1.84311473E-03  7.22046709E-04  2.56516133E-03
  5.28779936E+00 -2.67350320E-02  1.36030078E-01  1.85041816E-03  7.14761962E-04  2.56518018E-03
  5.28879929E+00 -2.65988670E-02  1.36297435E-01  1.85769913E-03  7.07499741E-04  2.56519881E-03
  5.28979921E+00 -2.64624376E-02  1.36563420E-01  1.86495669E-03  7.00260629E-04  2.56521720E-03
  5.29079914E+00 -2.63257418E-02  1.36828050E-01  1.87219155E-03  6.93044683E-04  2.56523630E-03
  5.29179907E+00 -2.61887815E-02  1.37091309E-01  1.87940267E-03  6.85852254E-04  2.56525492E-03
  5.29279900E+00 -2.60515604E-02  1.37353197E-01  1.88659003E-03  6.78683806E-04  2.56527378E-03
  5.29379892E+00 -2.59140767E-02  1.37613714E-01  1.89375342E-03  6.71539397E-04  2.56529287E-03
  5.29479885E+00 -2.57763322E-02  1.37872860E-01  1.90089259E-03  6.64419320E-04  2.56531197E-03
  5.29579878E+00 -2.56383307E-02  1.38130620E-01  1.90800696E-03  6.57323981E-04  2.56533083E-03
  5.29679871E+00 -2.55000722E-02  1.38387010E-01  1.91509654E-03  6.50253671E-04  2.56535015E-03
  5.29779863E+00 -2.53615584E-02  1.38642013E-01  1.92216074E-03  6.43208623E-04  2.56536948E-03
  5.29879856E+00 -2.52227895E-02  1.38895631E-01  1.92919967E-03  6.36189128E-04  2.56538880E-03
  5.29979849E+00 -2.50837673E-02  1.39147863E-01  1.93621276E-03  6.29195361E-04  2.56540813E-03
  5.30079842E+00 -2.49444954E-02  1.39398694E-01  1.94319955E-03  6.22227846E-04  2.56542745E-03
  5.30179834E+00 -2.48049721E-02  1.39648139E-01  1.95016025E-03  6.15286641E-04  2.56544678E-03
  5.30279827E+00 -2.46651992E-02  1.39896184E-01  1.95709430E-03  6.08372036E-04  2.56546633E-03
  5.30379820E+00 -2.45251805E-02  1.40142843E-01  1.96400168E-03  6.01484498E-04  2.56548612E-03
  5.30479813E+00 -2.43849140E-02  1.40388101E-01  1.97088206E-03  5.94624027E-04  2.56550615E-03
  5.30579805E+00 -2.42444053E-02  1.40631944E-01  1.97773450E-03  5.87791204E-04  2.56552570E-03
  5.30679798E+00 -2.41036527E-02  1.40874386E-01  1.98455923E-03  5.80986089E-04  2.56554526E-03
  5.30779791E+00 -2.39626579E-02  1.41115427E-01  1.99135649E-03  5.74208971E-04  2.56556552E-03
  5.30879784E+00 -2.38214228E-02  1.41355053E-01  1.99812511E-03  5.67460200E-04  2.56558531E-03
  5.30979776E+00 -2.36799493E-02  1.41593263E-01  2.00486532E-03  5.60740009E-04  2.56560533E-03
  5.31079769E+00 -2.35382374E-02  1.41830057E-01  2.01157643E-03  5.54048631E-04  2.56562512E-03
  5.31179762E+00 -2.33962908E-02  1.42065436E-01  2.01825867E-03  5.47386415E-04  2.56564515E-03
  5.31279755E+00 -2.32541077E-02  1.42299399E-01  2.02491204E-03  5.40753535E-04  2.56566564E-03
  5.31379747E+00 -2.31116936E-02  1.42531946E-01  2.03153561E-03  5.34150400E-04  2.56568613E-03
  5.31479740E+00 -2.29690466E-02  1.42763063E-01  2.03812937E-03  5.27577125E-04  2.56570661E-03
  5.31579733E+00 -2.28261687E-02  1.42992750E-01  2.04469264E-03  5.21034002E-04  2.56572664E-03
  5.31679726E+00 -2.26830617E-02  1.43221006E-01  2.05122563E-03  5.14521264E-04  2.56574689E-03
  5.31779718E+00 -2.25397274E-02  1.43447831E-01  2.05772812E-03  5.08039317E-04  2.56576738E-03
  5.31879711E+00 -2.23961659E-02  1.43673226E-01  2.06419965E-03  5.01588220E-04  2.56578787E-03
  5.31979704E+00 -2.22523808E-02  1.43897191E-01  2.07064021E-03  4.95168439E-04  2.56580859E-03
  5.32079697E+00 -2.21083723E-02  1.44119710E-01  2.07704911E-03  4.88780148E-04  2.56582932E-03
  5.32179689E+00 -2.19641421E-02  1.44340798E-01  2.08342657E-03  4.82423551E-04  2.56585004E-03
  5.32279682E+00 -2.18196921E-02  1.44560441E-01  2.08977214E-03  4.76098969E-04  2.56587099E-03
  5.32379675E+00 -2.16750223E-02  1.44778639E-01  2.09608558E-03  4.69806604E-04  2.56589218E-03
  5.32479668E+00 -2.15301365E-02  1.44995391E-01  2.10236642E-03  4.63546778E-04  2.56591314E-03
  5.32579660E+00 -2.13850327E-02  1.45210698E-01  2.10861466E-03  4.57319635E-04  2.56593432E-03
  5.32679653E+00 -2.12397166E-02  1.45424545E-01  2.11482984E-03  4.51125554E-04  2.56595528E-03
  5.32779646E+00 -2.10941862E-02  1.45636946E-01  2.12101196E-03  4.44964680E-04  2.56597670E-03
  5.32879639E+00 -2.09484436E-02  1.45847887E-01  2.12716078E-03  4.38837276E-04  2.56599812E-03
  5.32979631E+00 -2.08024923E-02  1.46057367E-01  2.13327538E-03  4.32743691E-04  2.56601907E-03
  5.33079624E+00 -2.06563305E-02  1.46265388E-01  2.13935645E-03  4.26683982E-04  2.56604049E-03
  5.33179617E+00 -2.05099620E-02  1.46471947E-01  2.14540306E-03  4.20658529E-04  2.56606168E-03
  5.33279610E+00 -2.03633867E-02  1.46677047E-01  2.15141568E-03  4.14667506E-04  2.56608310E-03
  5.33379602E+00 -2.02166066E-02  1.46880686E-01  2.15739361E-03  4.08711174E-04  2.56610475E-03
  5.33479595E+00 -2.00696252E-02  1.47082850E-01  2.16333638E-03  4.02789854E-04  2.56612618E-03
  5.33579588E+00 -1.99224409E-02  1.47283539E-01  2.16924422E-03  3.96903662E-04  2.56614783E-03
  5.33679581E+00 -1.97750591E-02  1.47482768E-01  2.17511668E-03  3.91052949E-04  2.56616971E-03
  5.33779573E+00 -1.96274780E-02  1.47680521E-01  2.18095374E-03  3.85237887E-04  2.56619160E-03
  5.33879566E+00 -1.94796994E-02  1.47876799E-01  2.18675472E-03  3.79458681E-04  2.56621349E-03
  5.33979559E+00 -1.93317253E-02  1.48071602E-01  2.19252007E-03  3.73715593E-04  2.56623561E-03
  5.34079552E+00 -1.91835575E-02  1.48264915E-01  2.19824864E-03  3.68008885E-04  2.56625749E-03
  5.34179544E+00 -1.90351978E-02  1.48456752E-01  2.20394088E-03  3.62338760E-04  2.56627961E-03
  5.34279537E+00 -1.88866463E-02  1.48647100E-01  2.20959610E-03  3.56705394E-04  2.56630150E-03
  5.34379530E+00 -1.87379047E-02  1.48835972E-01  2.21521477E-03  3.51109076E-04  2.56632385E-03
  5.34479523E+00 -1.85889751E-02  1.49023354E-01  2.22079619E-03  3.45549983E-04  2.56634620E-03
  5.34579515E+00 -1.84398592E-02  1.49209246E-01  2.22633989E-03  3.40028404E-04  2.56636832E-03
  5.34679508E+00 -1.82905588E-02  1.49393648E-01  2.23184633E-03  3.34544544E-04  2.56639090E-03
  5.34779501E+00 -1.81410741E-02  1.49576560E-01  2.23731482E-03  3.29098577E-04  2.56641349E-03
  5.34879494E+00 -1.79914068E-02  1.49757966E-01  2.24274490E-03  3.23690707E-04  2.56643561E-03
  5.34979486E+00 -1.78415589E-02  1.49937883E-01  2.24813703E-03  3.18321225E-04  2.56645819E-03
  5.35079479E+00 -1.76915321E-02  1.50116295E-01  2.25349027E-03  3.12990305E-04  2.56648054E-03
  5.35179472E+00 -1.75413284E-02  1.50293216E-01  2.25880509E-03  3.07698210E-04  2.56650336E-03
  5.35279465E+00 -1.73909478E-02  1.50468633E-01  2.26408103E-03  3.02445056E-04  2.56652618E-03
  5.35379457E+00 -1.72403920E-02  1.50642544E-01  2.26931763E-03  2.97231105E-04  2.56654876E-03
  5.35479450E+00 -1.70896631E-02  1.50814950E-01  2.27451487E-03  2.92056589E-04  2.56657135E-03
  5.35579443E+00 -1.69387627E-02  1.50985852E-01  2.27967277E-03  2.86921684E-04  2.56659440E-03
  5.35679436E+00 -1.67876929E-02  1.51155233E-01  2.28479039E-03  2.81826622E-04  2.56661698E-03
  5.35779428E+00 -1.66364536E-02  1.51323110E-01  2.28986843E-03  2.76771578E-04  2.56664003E-03
  5.35879421E+00 -1.64850466E-02  1.51489481E-01  2.29490618E-03  2.71756755E-04  2.56666285E-03
  5.35979414E+00 -1.63334757E-02  1.51654333E-01  2.29990366E-03  2.66782416E-04  2.56668613E-03
  5.36079407E+00 -1.61817390E-02  1.51817665E-01  2.30486039E-03  2.61848676E-04  2.56670918E-03
  5.36179399E+00 -1.60298422E-02  1.51979476E-01  2.30977614E-03  2.56955827E-04  2.56673200E-03
  5.36279392E+00 -1.58777833E-02  1.52139768E-01  2.31465092E-03  2.52104015E-04  2.56675482E-03
  5.36379385E+00 -1.57255642E-02  1.52298540E-01  2.31948472E-03  2.47293356E-04  2.56677810E-03
  5.36479378E+00 -1.55731877E-02  1.52455792E-01  2.32427684E-03  2.42524169E-04  2.56680092E-03
  5.36579370E+00 -1.54206539E-02  1.52611524E-01  2.32902775E-03  2.37796572E-04  2.56682420E-03
  5.36679363E+00 -1.52679654E-02  1.52765736E-01  2.33373698E-03  2.33110768E-04  2.56684772E-03
  5.36779356E+00 -1.51151232E-02  1.52918413E-01  2.33840407E-03  2.28466946E-04  2.56687100E-03
  5.36879349E+00 -1.49621293E-02  1.53069571E-01  2.34302948E-03  2.23865311E-04  2.56689475E-03
  5.36979342E+00 -1.48089854E-02  1.53219193E-01  2.34761229E-03  2.19306050E-04  2.56691827E-03
  5.37079334E+00 -1.46556916E-02  1.53367281E-01  2.35215225E-03  2.14789296E-04  2.56694155E-03
  5.37179327E+00 -1.45022506E-02  1.53513834E-01  2.35664984E-03  2.10315266E-04  2.56696506E-03
  5.37279320E+00 -1.43486643E-02  1.53658852E-01  2.36110436E-03  2.05884164E-04  2.56698858E-03
  5.37379313E+00 -1.41949337E-02  1.53802335E-01  2.36551580E-03  2.01496136E-04  2.56701186E-03
  5.37479305E+00 -1.40410606E-02  1.53944284E-01  2.36988417E-03  1.97151385E-04  2.56703561E-03
  5.37579298E+00 -1.38870468E-02  1.54084697E-01  2.37420946E-03  1.92850071E-04  2.56705959E-03
  5.37679291E+00 -1.37328925E-02  1.54223561E-01  2.37849075E-03  1.88592341E-04  2.56708311E-03
  5.37779284E+00 -1.35786003E-02  1.54360890E-01  2.38272850E-03  1.84378383E-04  2.56710686E-03
  5.37879276E+00 -1.34241711E-02  1.54496670E-01  2.38692202E-03  1.80208372E-04  2.56713037E-03
  5.37979269E+00 -1.32696070E-02  1.54630914E-01  2.39107199E-03  1.76082467E-04  2.56715436E-03
  5.38079262E+00 -1.31149096E-02  1.54763609E-01  2.39517749E-03  1.72000859E-04  2.56717834E-03
  5.38179255E+00 -1.29600810E-02  1.54894754E-01  2.39923852E-03  1.67963706E-04  2.56720232E-03
  5.38279247E+00 -1.28051210E-02  1.55024350E-01  2.40325485E-03  1.63971126E-04  2.56722607E-03
  5.38379240E+00 -1.26500325E-02  1.55152395E-01  2.40722648E-03  1.60023323E-04  2.56724982E-03
  5.38479233E+00 -1.24948164E-02  1.55278891E-01  2.41115340E-03  1.56120441E-04  2.56727380E-03
  5.38579226E+00 -1.23394756E-02  1.55403838E-01  2.41503539E-03  1.52262655E-04  2.56729801E-03
  5.38679218E+00 -1.21840099E-02  1.55527234E-01  2.41887197E-03  1.48450097E-04  2.56732199E-03
  5.38779211E+00 -1.20284222E-02  1.55649081E-01  2.42266362E-03  1.44682941E-04  2.56734667E-03
  5.38879204E+00 -1.18727125E-02  1.55769363E-01  2.42640963E-03  1.40961303E-04  2.56737089E-03
  5.38979197E+00 -1.17168836E-02  1.55888095E-01  2.43011001E-03  1.37285359E-04  2.56739534E-03
  5.39079189E+00 -1.15609365E-02  1.56005263E-01  2.43376428E-03  1.33655252E-04  2.56741955E-03
  5.39179182E+00 -1.14048738E-02  1.56120867E-01  2.43737246E-03  1.30071145E-04  2.56744353E-03
  5.39279175E+00 -1.12486957E-02  1.56234920E-01  2.44093500E-03  1.26533152E-04  2.56746821E-03
  5.39379168E+00 -1.10924048E-02  1.56347409E-01  2.44445144E-03  1.23041449E-04  2.56749289E-03
  5.39479160E+00 -1.09360013E-02  1.56458333E-01  2.44792108E-03  1.19596123E-04  2.56751711E-03
  5.39579153E+00 -1.07794879E-02  1.56567693E-01  2.45134416E-03  1.16197356E-04  2.56754155E-03
  5.39679146E+00 -1.06228665E-02  1.56675488E-01  2.45472090E-03  1.12845293E-04  2.56756623E-03
  5.39779139E+00 -1.04661379E-02  1.56781718E-01  2.45805061E-03  1.09540044E-04  2.56759068E-03
  5.39879131E+00 -1.03093041E-02  1.56886384E-01  2.46133376E-03  1.06281754E-04  2.56761559E-03
  5.39979124E+00 -1.01523669E-02  1.56989470E-01  2.46456941E-03  1.03070553E-04  2.56764004E-03
  5.40079117E+00 -9.99532640E-03  1.57090992E-01  2.46775802E-03  9.99065524E-05  2.56766449E-03
  5.40179110E+00 -9.83818527E-03  1.57190949E-01  2.47089937E-03  9.67898886E-05  2.56768917E-03
  5.40279102E+00 -9.68094449E-03  1.57289326E-01  2.47399323E-03  9.37206860E-05  2.56771385E-03
  5.40379095E+00 -9.52360686E-03  1.57386139E-01  2.47703958E-03  9.06990899E-05  2.56773876E-03
  5.40479088E+00 -9.36617330E-03  1.57481372E-01  2.48003821E-03  8.77252023E-05  2.56776344E-03
  5.40579081E+00 -9.20864567E-03  1.57575041E-01  2.48298957E-03  8.47991541E-05  2.56778882E-03
  5.40679073E+00 -9.05102491E-03  1.57667130E-01  2.48589250E-03  8.19210545E-05  2.56781350E-03
  5.40779066E+00 -8.89331196E-03  1.57757640E-01  2.48874724E-03  7.90909980E-05  2.56783818E-03
  5.40879059E+00 -8.73550959E-03  1.57846570E-01  2.49155401E-03  7.63091302E-05  2.56786309E-03
  5.40979052E+00 -8.57761968E-03  1.57933921E-01  2.49431236E-03  7.35755602E-05  2.56788800E-03
  5.41079044E+00 -8.41964316E-03  1.58019692E-01  2.49702227E-03  7.08903899E-05  2.56791268E-03
  5.41179037E+00 -8.26158188E-03  1.58103883E-01  2.49968376E-03  6.82537357E-05  2.56793760E-03
  5.41279030E+00 -8.10343679E-03  1.58186495E-01  2.50229682E-03  6.56656848E-05  2.56796251E-03
  5.41379023E+00 -7.94520974E-03  1.58267528E-01  2.50486098E-03  6.31263611E-05  2.56798742E-03
  5.41479015E+00 -7.78690260E-03  1.58346981E-01  2.50737672E-03  6.06358517E-05  2.56801257E-03
  5.41579008E+00 -7.62851629E-03  1.58424854E-01  2.50984333E-03  5.81942622E-05  2.56803748E-03
  5.41679001E+00 -7.47005315E-03  1.58501133E-01  2.51226104E-03  5.58016945E-05  2.56806263E-03
  5.41778994E+00 -7.31151458E-03  1.58575833E-01  2.51462939E-03  5.34582468E-05  2.56808754E-03
  5.41878986E+00 -7.15290196E-03  1.58648953E-01  2.51694908E-03  5.11640064E-05  2.56811315E-03
  5.41978979E+00 -6.99421717E-03  1.58720478E-01  2.51921895E-03  4.89190752E-05  2.56813806E-03
  5.42078972E+00 -6.83546159E-03  1.58790424E-01  2.52143992E-03  4.67235368E-05  2.56816344E-03
  5.42178965E+00 -6.67663710E-03  1.58858776E-01  2.52361107E-03  4.45774822E-05  2.56818859E-03
  5.42278957E+00 -6.51774462E-03  1.58925548E-01  2.52573309E-03  4.24809950E-05  2.56821397E-03
  5.42378950E+00 -6.35878649E-03  1.58990726E-01  2.52780505E-03  4.04341663E-05  2.56823911E-03
  5.42478943E+00 -6.19976409E-03  1.59054309E-01  2.52982741E-03  3.84370760E-05  2.56826449E-03
  5.42578936E+00 -6.04067836E-03  1.59116313E-01  2.53180019E-03  3.64897933E-05  2.56828987E-03
  5.42678928E+00 -5.88153163E-03  1.59176722E-01  2.53372290E-03  3.45924127E-05  2.56831525E-03
  5.42778921E+00 -5.72232576E-03  1.59235537E-01  2.53559556E-03  3.27450107E-05  2.56834063E-03
  5.42878914E+00 -5.56306168E-03  1.59292758E-01  2.53741839E-03  3.09476563E-05  2.56836601E-03
  5.42978907E+00 -5.40374080E-03  1.59348384E-01  2.53919070E-03  2.92004152E-05  2.56839115E-03
  5.43078899E+00 -5.24436543E-03  1.59402415E-01  2.54091318E-03  2.75033690E-05  2.56841653E-03
  5.43178892E+00 -5.08493697E-03  1.59454852E-01  2.54258490E-03  2.58565833E-05  2.56844144E-03
  5.43278885E+00 -4.92545636E-03  1.59505695E-01  2.54420680E-03  2.42601200E-05  2.56846682E-03
  5.43378878E+00 -4.76592593E-03  1.59554943E-01  2.54577817E-03  2.27140499E-05  2.56849220E-03
  5.43478870E+00 -4.60634707E-03  1.59602597E-01  2.54729902E-03  2.12184332E-05  2.56851735E-03
  5.43578863E+00 -4.44672164E-03  1.59648657E-01  2.54876935E-03  1.97733334E-05  2.56854272E-03
  5.43678856E+00 -4.28705057E-03  1.59693122E-01  2.55018938E-03  1.83788034E-05  2.56856810E-03
  5.43778849E+00 -4.12733620E-03  1.59735993E-01  2.55155889E-03  1.70349049E-05  2.56859371E-03
  5.43878841E+00 -3.96757992E-03  1.59777269E-01  2.55287765E-03  1.57416907E-05  2.56861933E-03
  5.43978834E+00 -3.80778289E-03  1.59816951E-01  2.55414587E-03  1.44992109E-05  2.56864517E-03
  5.44078827E+00 -3.64794675E-03  1.59855023E-01  2.55536288E-03  1.33075155E-05  2.56867032E-03
  5.44178820E+00 -3.48807359E-03  1.59891501E-01  2.55652936E-03  1.21666571E-05  2.56869593E-03
  5.44278812E+00 -3.32816457E-03  1.59926385E-01  2.55764485E-03  1.10766796E-05  2.56872154E-03
  5.44378805E+00 -3.16822156E-03  1.59959659E-01  2.55870936E-03  1.00376283E-05  2.56874692E-03
  5.44478798E+00 -3.00824596E-03  1.59991339E-01  2.55972287E-03  9.04954413E-06  2.56877230E-03
  5.44578791E+00 -2.84823938E-03  1.60021424E-01  2.56068562E-03  8.11246719E-06  2.56879814E-03
  5.44678783E+00 -2.68820371E-03  1.60049900E-01  2.56159715E-03  7.22643927E-06  2.56882352E-03
  5.44778776E+00 -2.52814032E-03  1.60076782E-01  2.56245770E-03  6.39149357E-06  2.56884913E-03
  5.44878769E+00 -2.36805086E-03  1.60102069E-01  2.56326725E-03  5.60766466E-06  2.56887497E-03
  5.44978762E+00 -2.20793695E-03  1.60125747E-01  2.56402558E-03  4.87498573E-06  2.56890059E-03
  5.45078754E+00 -2.04780023E-03  1.60147831E-01  2.56473268E-03  4.19348589E-06  2.56892620E-03
  5.45178747E+00 -1.88764208E-03  1.60168305E-01  2.56538857E-03  3.56319265E-06  2.56895181E-03
  5.45278740E+00 -1.72746438E-03  1.60187185E-01  2.56599346E-03  2.98413306E-06  2.56897765E-03
  5.45378733E+00 -1.56726851E-03  1.60204455E-01  2.56654690E-03  2.45633055E-06  2.56900326E-03
  5.45478725E+00 -1.40705623E-03  1.60220131E-01  2.56704912E-03  1.97980717E-06  2.56902887E-03
  5.45578718E+00 -1.24682905E-03  1.60234198E-01  2.56749988E-03  1.55458270E-06  2.56905449E-03
  5.45678711E+00 -1.08658860E-03  1.60246670E-01  2.56789965E-03  1.18067476E-06  2.56908033E-03
  5.45778704E+00 -9.26336506E-04  1.60257533E-01  2.56824773E-03  8.58099327E-07  2.56910594E-03
  5.45878696E+00 -7.66074285E-04  1.60266802E-01  2.56854482E-03  5.86869817E-07  2.56913179E-03
  5.45978689E+00 -6.05803623E-04  1.60274461E-01  2.56879046E-03  3.66998023E-07  2.56915740E-03
  5.46078682E+00 -4.45526122E-04  1.60280526E-01  2.56898487E-03  1.98493524E-07  2.56918347E-03
  5.46178675E+00 -2.85243354E-04  1.60284981E-01  2.56912760E-03  8.13637726E-08  2.56920885E-03
  5.46278667E+00 -1.24956932E-04  1.60287827E-01  2.56921886E-03  1.56142352E-08  2.56923446E-03
  5.46378660E+00  3.53315263E-05  1.60289079E-01  2.56925891E-03  1.24831678E-09  2.56926008E-03
  5.46478653E+00  1.95620436E-04  1.60288721E-01  2.56924750E-03  3.82673555E-08  2.56928569E-03
  5.46578646E+00  3.55908182E-04  1.60286769E-01  2.56918487E-03  1.26670628E-07  2.56931153E-03
  5.46678638E+00  5.16193162E-04  1.60283208E-01  2.56907078E-03  2.66455373E-07  2.56933714E-03
  5.46778631E+00  6.76473835E-04  1.60278052E-01  2.56890547E-03  4.57616864E-07  2.56936299E-03
  5.46878624E+00  8.36748513E-04  1.60271287E-01  2.56868871E-03  7.00148064E-07  2.56938883E-03
  5.46978617E+00  9.97015624E-04  1.60262913E-01  2.56842002E-03  9.94040192E-07  2.56941398E-03
  5.47078609E+00  1.15727354E-03  1.60252944E-01  2.56810058E-03  1.33928199E-06  2.56943982E-03
  5.47178602E+00  1.31752063E-03  1.60241365E-01  2.56772968E-03  1.73586056E-06  2.56946543E-03
  5.47278595E+00  1.47775537E-03  1.60228193E-01  2.56730756E-03  2.18376090E-06  2.56949128E-03
  5.47378588E+00  1.63797627E-03  1.60213411E-01  2.56683375E-03  2.68296617E-06  2.56951666E-03
  5.47478580E+00  1.79818156E-03  1.60197034E-01  2.56630895E-03  3.23345694E-06  2.56954250E-03
  5.47578573E+00  1.95836951E-03  1.60179049E-01  2.56573292E-03  3.83521092E-06  2.56956811E-03
  5.47678566E+00  2.11853883E-03  1.60159469E-01  2.56510568E-03  4.48820674E-06  2.56959395E-03
  5.47778559E+00  2.27868790E-03  1.60138279E-01  2.56442698E-03  5.19241848E-06  2.56961933E-03
  5.47878551E+00  2.43881484E-03  1.60115495E-01  2.56369705E-03  5.94781795E-06  2.56964494E-03
  5.47978544E+00  2.59891828E-03  1.60091102E-01  2.56291614E-03  6.75437605E-06  2.56967056E-03
  5.48078537E+00  2.75899633E-03  1.60065114E-01  2.56208400E-03  7.61206093E-06  2.56969617E-03
  5.48178530E+00  2.91904761E-03  1.60037518E-01  2.56120088E-03  8.52083849E-06  2.56972178E-03
  5.48278522E+00  3.07907048E-03  1.60008326E-01  2.56026653E-03  9.48067463E-06  2.56974716E-03
  5.48378515E+00  3.23906355E-03  1.59977540E-01  2.55928142E-03  1.04915325E-05  2.56977300E-03
  5.48478508E+00  3.39902472E-03  1.59945145E-01  2.55824509E-03  1.15533694E-05  2.56979838E-03
  5.48578501E+00  3.55895283E-03  1.59911156E-01  2.55715777E-03  1.26661453E-05  2.56982399E-03
  5.48678493E+00  3.71884624E-03  1.59875572E-01  2.55601993E-03  1.38298174E-05  2.56984984E-03
  5.48778486E+00  3.87870311E-03  1.59838378E-01  2.55483086E-03  1.50443375E-05  2.56987521E-03
  5.48878479E+00  4.03852202E-03  1.59799591E-01  2.55359104E-03  1.63096593E-05  2.56990059E-03
  5.48978472E+00  4.19830158E-03  1.59759209E-01  2.55230046E-03  1.76257363E-05  2.56992620E-03
  5.49078465E+00  4.35803970E-03  1.59717232E-01  2.55095935E-03  1.89925104E-05  2.56995182E-03
  5.49178457E+00  4.51773498E-03  1.59673646E-01  2.54956726E-03  2.04099288E-05  2.56997719E-03
  5.49278450E+00  4.67738602E-03  1.59628466E-01  2.54812464E-03  2.18779405E-05  2.57000257E-03
  5.49378443E+00  4.83699143E-03  1.59581691E-01  2.54663150E-03  2.33964856E-05  2.57002795E-03
  5.49478436E+00  4.99654887E-03  1.59533322E-01  2.54508830E-03  2.49655004E-05  2.57005380E-03
  5.49578428E+00  5.15605696E-03  1.59483358E-01  2.54349411E-03  2.65849230E-05  2.57007894E-03
  5.49678421E+00  5.31551475E-03  1.59431800E-01  2.54185009E-03  2.82546971E-05  2.57010479E-03
  5.49778414E+00  5.47491992E-03  1.59378648E-01  2.54015531E-03  2.99747480E-05  2.57013016E-03
  5.49878407E+00  5.63427107E-03  1.59323901E-01  2.53841071E-03  3.17450103E-05  2.57015578E-03
  5.49978399E+00  5.79356682E-03  1.59267560E-01  2.53661559E-03  3.35654149E-05  2.57018092E-03
  5.50078392E+00  5.95280528E-03  1.59209624E-01  2.53477041E-03  3.54358890E-05  2.57020630E-03
  5.50178385E+00  6.11198507E-03  1.59150094E-01  2.53287517E-03  3.73563598E-05  2.57023145E-03
  5.50278378E+00  6.27110433E-03  1.59088969E-01  2.53093010E-03  3.93267510E-05  2.57025682E-03
  5.50378370E+00  6.43016212E-03  1.59026265E-01  2.52893544E-03  4.13469861E-05  2.57028244E-03
  5.50478363E+00  6.58915611E-03  1.58961967E-01  2.52689072E-03  4.34169779E-05  2.57030781E-03
  5.50578356E+00  6.74808491E-03  1.58896074E-01  2.52479641E-03  4.55366498E-05  2.57033296E-03
  5.50678349E+00  6.90694759E-03  1.58828586E-01  2.52265204E-03  4.77059257E-05  2.57035787E-03
  5.50778341E+00  7.06574181E-03  1.58759519E-01  2.52045854E-03  4.99247071E-05  2.57038325E-03
  5.50878334E+00  7.22446572E-03  1.58688858E-01  2.51821545E-03  5.21929032E-05  2.57040840E-03
  5.50978327E+00  7.38311838E-03  1.58616617E-01  2.51592300E-03  5.45104376E-05  2.57043354E-03
  5.51078320E+00  7.54169840E-03  1.58542782E-01  2.51358142E-03  5.68772157E-05  2.57045869E-03
  5.51178312E+00  7.70020345E-03  1.58467367E-01  2.51119072E-03  5.92931319E-05  2.57048383E-03
  5.51278305E+00  7.85863306E-03  1.58390358E-01  2.50875065E-03  6.17581172E-05  2.57050875E-03
  5.51378298E+00  8.01698398E-03  1.58311769E-01  2.50626169E-03  6.42720333E-05  2.57053366E-03
  5.51478291E+00  8.17525573E-03  1.58231601E-01  2.50372407E-03  6.68348075E-05  2.57055881E-03
  5.51578283E+00  8.33344646E-03  1.58149853E-01  2.50113755E-03  6.94463306E-05  2.57058395E-03
  5.51678276E+00  8.49155430E-03  1.58066526E-01  2.49850261E-03  7.21064935E-05  2.57060910E-03
  5.51778269E+00  8.64957832E-03  1.57981604E-01  2.49581877E-03  7.48152015E-05  2.57063401E-03
  5.51878262E+00  8.80751666E-03  1.57895103E-01  2.49308627E-03  7.75723529E-05  2.57065869E-03
  5.51978254E+00  8.96536838E-03  1.57807022E-01  2.49030581E-03  8.03778312E-05  2.57068360E-03
  5.52078247E+00  9.12313070E-03  1.57717362E-01  2.48747668E-03  8.32315127E-05  2.57070828E-03
  5.52178240E+00  9.28080268E-03  1.57626137E-01  2.48459983E-03  8.61332956E-05  2.57073320E-03
  5.52278233E+00  9.43838246E-03  1.57533333E-01  2.48167524E-03  8.90830634E-05  2.57075834E-03
  5.52378225E+00  9.59586818E-03  1.57438949E-01  2.47870223E-03  9.20806851E-05  2.57078302E-03
  5.52478218E+00  9.75325890E-03  1.57342985E-01  2.47568148E-03  9.51260590E-05  2.57080747E-03
  5.52578211E+00  9.91055369E-03  1.57245457E-01  2.47261347E-03  9.82190759E-05  2.57083261E-03
  5.52678204E+00  1.00677498E-02  1.57146350E-01  2.46949750E-03  1.01359583E-04  2.57085706E-03
  5.52778196E+00  1.02248462E-02  1.57045677E-01  2.46633450E-03  1.04547478E-04  2.57088197E-03
  5.52878189E+00  1.03818411E-02  1.56943426E-01  2.46312399E-03  1.07782624E-04  2.57090665E-03
  5.52978182E+00  1.05387326E-02  1.56839609E-01  2.45986646E-03  1.11064888E-04  2.57093133E-03
  5.53078175E+00  1.06955189E-02  1.56734228E-01  2.45656190E-03  1.14394126E-04  2.57095601E-03
  5.53178167E+00  1.08522000E-02  1.56627268E-01  2.45321007E-03  1.17770243E-04  2.57098023E-03
  5.53278160E+00  1.10087730E-02  1.56518742E-01  2.44981167E-03  1.21193079E-04  2.57100468E-03
  5.53378153E+00  1.11652371E-02  1.56408653E-01  2.44636671E-03  1.24662518E-04  2.57102912E-03
  5.53478146E+00  1.13215903E-02  1.56296998E-01  2.44287518E-03  1.28178406E-04  2.57105357E-03
  5.53578138E+00  1.14778308E-02  1.56183779E-01  2.43933732E-03  1.31740599E-04  2.57107802E-03
  5.53678131E+00  1.16339568E-02  1.56068996E-01  2.43575312E-03  1.35348950E-04  2.57110200E-03
  5.53778124E+00  1.17899682E-02  1.55952662E-01  2.43212329E-03  1.39003358E-04  2.57112668E-03
  5.53878117E+00  1.19458623E-02  1.55834764E-01  2.42844759E-03  1.42703633E-04  2.57115113E-03
  5.53978109E+00  1.21016372E-02  1.55715302E-01  2.42472556E-03  1.46449616E-04  2.57117511E-03
  5.54078102E+00  1.22572919E-02  1.55594289E-01  2.42095836E-03  1.50241205E-04  2.57119955E-03
  5.54178095E+00  1.24128247E-02  1.55471712E-01  2.41714530E-03  1.54078210E-04  2.57122354E-03
  5.54278088E+00  1.25682335E-02  1.55347586E-01  2.41328729E-03  1.57960501E-04  2.57124775E-03
  5.54378080E+00  1.27235185E-02  1.55221909E-01  2.40938412E-03  1.61887918E-04  2.57127197E-03
  5.54478073E+00  1.28786769E-02  1.55094668E-01  2.40543555E-03  1.65860314E-04  2.57129595E-03
  5.54578066E+00  1.30337076E-02  1.54965878E-01  2.40144227E-03  1.69877530E-04  2.57131970E-03
  5.54678059E+00  1.31886080E-02  1.54835537E-01  2.39740452E-03  1.73939377E-04  2.57134391E-03
  5.54778051E+00  1.33433770E-02  1.54703647E-01  2.39332183E-03  1.78045710E-04  2.57136766E-03
  5.54878044E+00  1.34980138E-02  1.54570207E-01  2.38919491E-03  1.82196382E-04  2.57139141E-03
  5.54978037E+00  1.36525165E-02  1.54435232E-01  2.38502421E-03  1.86391204E-04  2.57141539E-03
  5.55078030E+00  1.38068842E-02  1.54298708E-01  2.38080928E-03  1.90630046E-04  2.57143937E-03
  5.55178022E+00  1.39611140E-02  1.54160634E-01  2.37655011E-03  1.94912704E-04  2.57146289E-03
  5.55278015E+00  1.41152050E-02  1.54021025E-01  2.37224763E-03  1.99239017E-04  2.57148664E-03
  5.55378008E+00  1.42691555E-02  1.53879866E-01  2.36790138E-03  2.03608797E-04  2.57151015E-03
  5.55478001E+00  1.44229634E-02  1.53737172E-01  2.36351183E-03  2.08021869E-04  2.57153367E-03
  5.55577993E+00  1.45766288E-02  1.53592944E-01  2.35907920E-03  2.12478102E-04  2.57155718E-03
  5.55677986E+00  1.47301489E-02  1.53447181E-01  2.35460396E-03  2.16977292E-04  2.57158116E-03
  5.55777979E+00  1.48835229E-02  1.53299883E-01  2.35008541E-03  2.21519251E-04  2.57160468E-03
  5.55877972E+00  1.50367487E-02  1.53151050E-01  2.34552450E-03  2.26103817E-04  2.57162843E-03
  5.55977964E+00  1.51898246E-02  1.53000683E-01  2.34092097E-03  2.30730773E-04  2.57165171E-03
  5.56077957E+00  1.53427487E-02  1.52848780E-01  2.33627507E-03  2.35399944E-04  2.57167500E-03
  5.56177950E+00  1.54955210E-02  1.52695358E-01  2.33158725E-03  2.40111171E-04  2.57169851E-03
  5.56277943E+00  1.56481378E-02  1.52540401E-01  2.32685730E-03  2.44864204E-04  2.57172156E-03
  5.56377935E+00  1.58006009E-02  1.52383924E-01  2.32208590E-03  2.49659002E-04  2.57174484E-03
  5.56477928E+00  1.59529075E-02  1.52225912E-01  2.31727283E-03  2.54495244E-04  2.57176813E-03
  5.56577921E+00  1.61050539E-02  1.52066380E-01  2.31241854E-03  2.59372755E-04  2.57179141E-03
  5.56677914E+00  1.62570402E-02  1.51905328E-01  2.30752281E-03  2.64291361E-04  2.57181423E-03
  5.56777906E+00  1.64088644E-02  1.51742756E-01  2.30258657E-03  2.69250828E-04  2.57183751E-03
  5.56877899E+00  1.65605247E-02  1.51578665E-01  2.29760911E-03  2.74250982E-04  2.57186010E-03
  5.56977892E+00  1.67120211E-02  1.51413053E-01  2.29259138E-03  2.79291649E-04  2.57188315E-03
  5.57077885E+00  1.68633498E-02  1.51245937E-01  2.28753337E-03  2.84372567E-04  2.57190596E-03
  5.57177877E+00  1.70145128E-02  1.51077300E-01  2.28243507E-03  2.89493648E-04  2.57192878E-03
  5.57277870E+00  1.71655044E-02  1.50907159E-01  2.27729697E-03  2.94654543E-04  2.57195160E-03
  5.57377863E+00  1.73163265E-02  1.50735497E-01  2.27211905E-03  2.99855164E-04  2.57197418E-03
  5.57477856E+00  1.74669772E-02  1.50562331E-01  2.26690155E-03  3.05095280E-04  2.57199677E-03
  5.57577848E+00  1.76174529E-02  1.50387660E-01  2.26164493E-03  3.10374657E-04  2.57201958E-03
  5.57677841E+00  1.77677535E-02  1.50211483E-01  2.25634896E-03  3.15693062E-04  2.57204194E-03
  5.57777834E+00  1.79178752E-02  1.50033802E-01  2.25101411E-03  3.21050262E-04  2.57206429E-03
  5.57877827E+00  1.80678200E-02  1.49854630E-01  2.24564108E-03  3.26446112E-04  2.57208711E-03
  5.57977819E+00  1.82175841E-02  1.49673954E-01  2.24022917E-03  3.31880379E-04  2.57210946E-03
  5.58077812E+00  1.83671676E-02  1.49491772E-01  2.23477907E-03  3.37352831E-04  2.57213181E-03
  5.58177805E+00  1.85165685E-02  1.49308100E-01  2.22929078E-03  3.42863321E-04  2.57215416E-03
  5.58277798E+00  1.86657831E-02  1.49122939E-01  2.22376524E-03  3.48411471E-04  2.57217675E-03
  5.58377790E+00  1.88148133E-02  1.48936287E-01  2.21820176E-03  3.53997195E-04  2.57219886E-03
  5.58477783E+00  1.89636555E-02  1.48748145E-01  2.21260102E-03  3.59620230E-04  2.57222122E-03
  5.58577776E+00  1.91123094E-02  1.48558512E-01  2.20696325E-03  3.65280372E-04  2.57224357E-03
  5.58677769E+00  1.92607734E-02  1.48367390E-01  2.20128824E-03  3.70977388E-04  2.57226569E-03
  5.58777761E+00  1.94090437E-02  1.48174778E-01  2.19557644E-03  3.76710988E-04  2.57228734E-03
  5.58877754E+00  1.95571221E-02  1.47980690E-01  2.18982855E-03  3.82481026E-04  2.57230969E-03
  5.58977747E+00  1.97050069E-02  1.47785112E-01  2.18404410E-03  3.88287299E-04  2.57233134E-03
  5.59077740E+00  1.98526941E-02  1.47588059E-01  2.17822357E-03  3.94129456E-04  2.57235300E-03
  5.59177732E+00  2.00001840E-02  1.47389531E-01  2.17236741E-03  4.00007353E-04  2.57237488E-03
  5.59277725E+00  2.01474726E-02  1.47189528E-01  2.16647587E-03  4.05920640E-04  2.57239654E-03
  5.59377718E+00  2.02945620E-02  1.46988049E-01  2.16054870E-03  4.11869260E-04  2.57241796E-03
  5.59477711E+00  2.04414502E-02  1.46785110E-01  2.15458684E-03  4.17852891E-04  2.57243961E-03
  5.59577703E+00  2.05881335E-02  1.46580696E-01  2.14859005E-03  4.23871243E-04  2.57246126E-03
  5.59677696E+00  2.07346119E-02  1.46374822E-01  2.14255881E-03  4.29924141E-04  2.57248292E-03
  5.59777689E+00  2.08808817E-02  1.46167472E-01  2.13649287E-03  4.36011207E-04  2.57250411E-03
  5.59877682E+00  2.10269447E-02  1.45958662E-01  2.13039317E-03  4.42132412E-04  2.57252553E-03
  5.59977674E+00  2.11727992E-02  1.45748392E-01  2.12425948E-03  4.48287436E-04  2.57254695E-03
  5.60077667E+00  2.13184413E-02  1.45536661E-01  2.11809203E-03  4.54475929E-04  2.57256790E-03
  5.60177660E+00  2.14638710E-02  1.45323470E-01  2.11189105E-03  4.60697745E-04  2.57258886E-03
  5.60277653E+00  2.16090865E-02  1.45108834E-01  2.10565748E-03  4.66952624E-04  2.57261004E-03
  5.60377645E+00  2.17540879E-02  1.44892737E-01  2.09939061E-03  4.73240332E-04  2.57263100E-03
  5.60477638E+00  2.18988732E-02  1.44675195E-01  2.09309137E-03  4.79560636E-04  2.57265195E-03
  5.60577631E+00  2.20434386E-02  1.44456208E-01  2.08675954E-03  4.85913188E-04  2.57267267E-03
  5.60677624E+00  2.21877843E-02  1.44235775E-01  2.08039582E-03  4.92297753E-04  2.57269363E-03
  5.60777617E+00  2.23319083E-02  1.44013897E-01  2.07400019E-03  4.98714158E-04  2.57271435E-03
  5.60877609E+00  2.24758107E-02  1.43790573E-01  2.06757290E-03  5.05162054E-04  2.57273484E-03
  5.60977602E+00  2.26194896E-02  1.43565819E-01  2.06111441E-03  5.11641323E-04  2.57275579E-03
  5.61077595E+00  2.27629412E-02  1.43339619E-01  2.05462473E-03  5.18151501E-04  2.57277628E-03
  5.61177588E+00  2.29061674E-02  1.43111989E-01  2.04810407E-03  5.24692528E-04  2.57279654E-03
  5.61277580E+00  2.30491664E-02  1.42882928E-01  2.04155315E-03  5.31264057E-04  2.57281726E-03
  5.61377573E+00  2.31919345E-02  1.42652437E-01  2.03497196E-03  5.37865795E-04  2.57283775E-03
  5.61477566E+00  2.33344715E-02  1.42420515E-01  2.02836050E-03  5.44497569E-04  2.57285801E-03
  5.61577559E+00  2.34767739E-02  1.42187178E-01  2.02171947E-03  5.51158912E-04  2.57287826E-03
  5.61677551E+00  2.36188434E-02  1.41952410E-01  2.01504864E-03  5.57849766E-04  2.57289829E-03
  5.61777544E+00  2.37606782E-02  1.41716227E-01  2.00834894E-03  5.64569840E-04  2.57291878E-03
  5.61877537E+00  2.39022747E-02  1.41478613E-01  2.00161966E-03  5.71318727E-04  2.57293833E-03
  5.61977530E+00  2.40436345E-02  1.41239583E-01  1.99486199E-03  5.78096369E-04  2.57295836E-03
  5.62077522E+00  2.41847523E-02  1.40999153E-01  1.98807614E-03  5.84902242E-04  2.57297838E-03
  5.62177515E+00  2.43256297E-02  1.40757307E-01  1.98126188E-03  5.91736287E-04  2.57299817E-03
  5.62277508E+00  2.44662669E-02  1.40514046E-01  1.97441969E-03  5.98598213E-04  2.57301796E-03
  5.62377501E+00  2.46066581E-02  1.40269384E-01  1.96755002E-03  6.05487614E-04  2.57303752E-03
  5.62477493E+00  2.47468054E-02  1.40023321E-01  1.96065311E-03  6.12404372E-04  2.57305754E-03
  5.62577486E+00  2.48867050E-02  1.39775857E-01  1.95372920E-03  6.19348080E-04  2.57307733E-03
  5.62677479E+00  2.50263568E-02  1.39526993E-01  1.94677827E-03  6.26318506E-04  2.57309666E-03
  5.62777472E+00  2.51657590E-02  1.39276728E-01  1.93980080E-03  6.33315416E-04  2.57311622E-03
  5.62877464E+00  2.53049098E-02  1.39025077E-01  1.93279725E-03  6.40338461E-04  2.57313577E-03
  5.62977457E+00  2.54438091E-02  1.38772026E-01  1.92576763E-03  6.47387409E-04  2.57315510E-03
  5.63077450E+00  2.55824551E-02  1.38517588E-01  1.91871228E-03  6.54462026E-04  2.57317442E-03
  5.63177443E+00  2.57208440E-02  1.38261765E-01  1.91163167E-03  6.61561789E-04  2.57319352E-03
  5.63277435E+00  2.58589778E-02  1.38004556E-01  1.90452579E-03  6.68686756E-04  2.57321261E-03
  5.63377428E+00  2.59968545E-02  1.37745962E-01  1.89739501E-03  6.75836462E-04  2.57323147E-03
  5.63477421E+00  2.61344705E-02  1.37485996E-01  1.89023989E-03  6.83010556E-04  2.57325033E-03
  5.63577414E+00  2.62718257E-02  1.37224644E-01  1.88306032E-03  6.90208806E-04  2.57326919E-03
  5.63677406E+00  2.64089182E-02  1.36961922E-01  1.87585689E-03  6.97430980E-04  2.57328781E-03
  5.63777399E+00  2.65457481E-02  1.36697829E-01  1.86862971E-03  7.04676728E-04  2.57330644E-03
  5.63877392E+00  2.66823135E-02  1.36432365E-01  1.86137890E-03  7.11945875E-04  2.57332483E-03
  5.63977385E+00  2.68186126E-02  1.36165544E-01  1.85410550E-03  7.19237956E-04  2.57334346E-03
  5.64077377E+00  2.69546434E-02  1.35897353E-01  1.84680917E-03  7.26552797E-04  2.57336209E-03
  5.64177370E+00  2.70904060E-02  1.35627806E-01  1.83949026E-03  7.33890105E-04  2.57338025E-03
  5.64277363E+00  2.72258986E-02  1.35356903E-01  1.83214922E-03  7.41249532E-04  2.57339887E-03
  5.64377356E+00  2.73611192E-02  1.35084644E-01  1.82478619E-03  7.48630846E-04  2.57341703E-03
  5.64477348E+00  2.74960678E-02  1.34811029E-01  1.81740138E-03  7.56033754E-04  2.57343519E-03
  5.64577341E+00  2.76307408E-02  1.34536073E-01  1.80999551E-03  7.63457851E-04  2.57345336E-03
  5.64677334E+00  2.77651399E-02  1.34259760E-01  1.80256832E-03  7.70903018E-04  2.57347128E-03
  5.64777327E+00  2.78992597E-02  1.33982107E-01  1.79512054E-03  7.78368674E-04  2.57348921E-03
  5.64877319E+00  2.80331019E-02  1.33703113E-01  1.78765226E-03  7.85854820E-04  2.57350714E-03
  5.64977312E+00  2.81666648E-02  1.33422777E-01  1.78016373E-03  7.93360989E-04  2.57352460E-03
  5.65077305E+00  2.82999463E-02  1.33141115E-01  1.77265576E-03  8.00886948E-04  2.57354276E-03
  5.65177298E+00  2.84329467E-02  1.32858112E-01  1.76512788E-03  8.08432465E-04  2.57356046E-03
  5.65277290E+00  2.85656638E-02  1.32573783E-01  1.75758079E-03  8.15997133E-04  2.57357792E-03
  5.65377283E+00  2.86980942E-02  1.32288128E-01  1.75001496E-03  8.23580602E-04  2.57359562E-03
  5.65477276E+00  2.88302395E-02  1.32001147E-01  1.74243026E-03  8.31182697E-04  2.57361308E-03
  5.65577269E+00  2.89620981E-02  1.31712839E-01  1.73482730E-03  8.38803127E-04  2.57363031E-03
  5.65677261E+00  2.90936660E-02  1.31423220E-01  1.72720628E-03  8.46441428E-04  2.57364777E-03
  5.65777254E+00  2.92249434E-02  1.31132290E-01  1.71956781E-03  8.54097307E-04  2.57366523E-03
  5.65877247E+00  2.93559302E-02  1.30840033E-01  1.71191152E-03  8.61770648E-04  2.57368223E-03
  5.65977240E+00  2.94866227E-02  1.30546480E-01  1.70423836E-03  8.69460928E-04  2.57369922E-03
  5.66077232E+00  2.96170227E-02  1.30251616E-01  1.69654842E-03  8.77168030E-04  2.57371645E-03
  5.66177225E+00  2.97471248E-02  1.29955441E-01  1.68884173E-03  8.84891429E-04  2.57373322E-03
  5.66277218E+00  2.98769306E-02  1.29657969E-01  1.68111885E-03  8.92631011E-04  2.57374998E-03
  5.66377211E+00  3.00064404E-02  1.29359201E-01  1.67338026E-03  9.00386483E-04  2.57376675E-03
  5.66477203E+00  3.01356483E-02  1.29059136E-01  1.66562607E-03  9.08157323E-04  2.57378351E-03
  5.66577196E+00  3.02645564E-02  1.28757775E-01  1.65785651E-03  9.15943354E-04  2.57379981E-03
  5.66677189E+00  3.03931627E-02  1.28455132E-01  1.65007205E-03  9.23744345E-04  2.57381634E-03
  5.66777182E+00  3.05214655E-02  1.28151193E-01  1.64227281E-03  9.31559829E-04  2.57383264E-03
  5.66877174E+00  3.06494646E-02  1.27845973E-01  1.63445924E-03  9.39389691E-04  2.57384893E-03
  5.66977167E+00  3.07771582E-02  1.27539471E-01  1.62663159E-03  9.47233464E-04  2.57386500E-03
  5.67077160E+00  3.09045427E-02  1.27231702E-01  1.61879067E-03  9.55090742E-04  2.57388130E-03
  5.67177153E+00  3.10316198E-02  1.26922652E-01  1.61093601E-03  9.62961407E-04  2.57389736E-03
  5.67277145E+00  3.11583877E-02  1.26612335E-01  1.60306843E-03  9.70845111E-04  2.57391343E-03
  5.67377138E+00  3.12848426E-02  1.26300752E-01  1.59518793E-03  9.78741329E-04  2.57392926E-03
  5.67477131E+00  3.14109884E-02  1.25987902E-01  1.58729521E-03  9.86650237E-04  2.57394556E-03
  5.67577124E+00  3.15368213E-02  1.25673786E-01  1.57939014E-03  9.94571135E-04  2.57396139E-03
  5.67677116E+00  3.16623375E-02  1.25358418E-01  1.57147332E-03  1.00250356E-03  2.57397676E-03
  5.67777109E+00  3.17875408E-02  1.25041798E-01  1.56354520E-03  1.01044774E-03  2.57399306E-03
  5.67877102E+00  3.19124237E-02  1.24723919E-01  1.55560568E-03  1.01840275E-03  2.57400842E-03
  5.67977095E+00  3.20369862E-02  1.24404795E-01  1.54765532E-03  1.02636847E-03  2.57402379E-03
  5.68077087E+00  3.21612321E-02  1.24084428E-01  1.53969449E-03  1.03434490E-03  2.57403939E-03
  5.68177080E+00  3.22851576E-02  1.23762816E-01  1.53172342E-03  1.04233145E-03  2.57405499E-03
  5.68277073E+00  3.24087590E-02  1.23439968E-01  1.52374257E-03  1.05032767E-03  2.57407036E-03
  5.68377066E+00  3.25320400E-02  1.23115882E-01  1.51575205E-03  1.05833367E-03  2.57408572E-03
  5.68477058E+00  3.26549932E-02  1.22790560E-01  1.50775223E-03  1.06634863E-03  2.57410086E-03
  5.68577051E+00  3.27776186E-02  1.22464009E-01  1.49974343E-03  1.07437233E-03  2.57411576E-03
  5.68677044E+00  3.28999199E-02  1.22136235E-01  1.49172603E-03  1.08240475E-03  2.57413089E-03
  5.68777037E+00  3.30218934E-02  1.21807232E-01  1.48370012E-03  1.09044544E-03  2.57414556E-03
  5.68877029E+00  3.31435353E-02  1.21477015E-01  1.47566653E-03  1.09849393E-03  2.57416046E-03
  5.68977022E+00  3.32648493E-02  1.21145576E-01  1.46762503E-03  1.10655022E-03  2.57417513E-03
  5.69077015E+00  3.33858281E-02  1.20812930E-01  1.45957642E-03  1.11461349E-03  2.57419003E-03
  5.69177008E+00  3.35064717E-02  1.20479070E-01  1.45152060E-03  1.12268364E-03  2.57420423E-03
  5.69277000E+00  3.36267836E-02  1.20144002E-01  1.44345814E-03  1.13076053E-03  2.57421867E-03
  5.69376993E+00  3.37467603E-02  1.19807735E-01  1.43538939E-03  1.13884383E-03  2.57423334E-03
  5.69476986E+00  3.38664018E-02  1.19470268E-01  1.42731459E-03  1.14693318E-03  2.57424777E-03
  5.69576979E+00  3.39857042E-02  1.19131602E-01  1.41923397E-03  1.15502812E-03  2.57426221E-03
  5.69676971E+00  3.41046639E-02  1.18791744E-01  1.41114788E-03  1.16312806E-03  2.57427595E-03
  5.69776964E+00  3.42232846E-02  1.18450694E-01  1.40305667E-03  1.17123325E-03  2.57428992E-03
  5.69876957E+00  3.43415625E-02  1.18108459E-01  1.39496091E-03  1.17934297E-03  2.57430389E-03
  5.69976950E+00  3.44595015E-02  1.17765047E-01  1.38686073E-03  1.18745724E-03  2.57431809E-03
  5.70076942E+00  3.45770940E-02  1.17420450E-01  1.37875625E-03  1.19557546E-03  2.57433159E-03
  5.70176935E+00  3.46943438E-02  1.17074676E-01  1.37064804E-03  1.20369752E-03  2.57434556E-03
  5.70276928E+00  3.48112434E-02  1.16727732E-01  1.36253645E-03  1.21182262E-03  2.57435907E-03
  5.70376921E+00  3.49277966E-02  1.16379619E-01  1.35442161E-03  1.21995097E-03  2.57437257E-03
  5.70476913E+00  3.50439996E-02  1.16030343E-01  1.34630408E-03  1.22808188E-03  2.57438608E-03
  5.70576906E+00  3.51598561E-02  1.15679905E-01  1.33818411E-03  1.23621547E-03  2.57439958E-03
  5.70676899E+00  3.52753624E-02  1.15328304E-01  1.33006182E-03  1.24435115E-03  2.57441308E-03
  5.70776892E+00  3.53905149E-02  1.14975549E-01  1.32193777E-03  1.25248858E-03  2.57442635E-03
  5.70876884E+00  3.55053134E-02  1.14621647E-01  1.31381222E-03  1.26062729E-03  2.57443963E-03
  5.70976877E+00  3.56197581E-02  1.14266597E-01  1.30568550E-03  1.26876717E-03  2.57445266E-03
  5.71076870E+00  3.57338451E-02  1.13910399E-01  1.29755796E-03  1.27690763E-03  2.57446570E-03
  5.71176863E+00  3.58475782E-02  1.13553062E-01  1.28942984E-03  1.28504890E-03  2.57447874E-03
  5.71276855E+00  3.59609537E-02  1.13194585E-01  1.28130137E-03  1.29319017E-03  2.57449155E-03
  5.71376848E+00  3.60739678E-02  1.12834975E-01  1.27317326E-03  1.30133110E-03  2.57450435E-03
  5.71476841E+00  3.61866243E-02  1.12474233E-01  1.26504537E-03  1.30947179E-03  2.57451716E-03
  5.71576834E+00  3.62989157E-02  1.12112366E-01  1.25691830E-03  1.31761131E-03  2.57452950E-03
  5.71676826E+00  3.64108458E-02  1.11749373E-01  1.24879228E-03  1.32574968E-03  2.57454207E-03
  5.71776819E+00  3.65224108E-02  1.11385264E-01  1.24066777E-03  1.33388652E-03  2.57455418E-03
  5.71876812E+00  3.66336145E-02  1.11020036E-01  1.23254478E-03  1.34202174E-03  2.57456652E-03
  5.71976805E+00  3.67444530E-02  1.10653698E-01  1.22442411E-03  1.35015487E-03  2.57457886E-03
  5.72076797E+00  3.68549228E-02  1.10286251E-01  1.21630577E-03  1.35828531E-03  2.57459097E-03
  5.72176790E+00  3.69650275E-02  1.09917700E-01  1.20819011E-03  1.36641320E-03  2.57460331E-03
  5.72276783E+00  3.70747596E-02  1.09548047E-01  1.20007747E-03  1.37453782E-03  2.57461518E-03
  5.72376776E+00  3.71841229E-02  1.09177299E-01  1.19196833E-03  1.38265896E-03  2.57462729E-03
  5.72476768E+00  3.72931138E-02  1.08805455E-01  1.18386268E-03  1.39077636E-03  2.57463893E-03
  5.72576761E+00  3.74017321E-02  1.08432524E-01  1.17576122E-03  1.39888958E-03  2.57465080E-03
  5.72676754E+00  3.75099778E-02  1.08058505E-01  1.16766407E-03  1.40699849E-03  2.57466268E-03
  5.72776747E+00  3.76178510E-02  1.07683405E-01  1.15957158E-03  1.41510274E-03  2.57467432E-03
  5.72876740E+00  3.77253480E-02  1.07307225E-01  1.15148409E-03  1.42320187E-03  2.57468596E-03
  5.72976732E+00  3.78324650E-02  1.06929973E-01  1.14340184E-03  1.43129542E-03  2.57469714E-03
  5.73076725E+00  3.79392058E-02  1.06551647E-01  1.13532541E-03  1.43938337E-03  2.57470878E-03
  5.73176718E+00  3.80455665E-02  1.06172256E-01  1.12725480E-03  1.44746515E-03  2.57471995E-03
  5.73276711E+00  3.81515473E-02  1.05791800E-01  1.11919048E-03  1.45554054E-03  2.57473113E-03
  5.73376703E+00  3.82571481E-02  1.05410285E-01  1.11113291E-03  1.46360940E-03  2.57474231E-03
  5.73476696E+00  3.83623689E-02  1.05027713E-01  1.10308209E-03  1.47167139E-03  2.57475348E-03
  5.73576689E+00  3.84672061E-02  1.04644090E-01  1.09503861E-03  1.47972594E-03  2.57476466E-03
  5.73676682E+00  3.85716558E-02  1.04259416E-01  1.08700257E-03  1.48777268E-03  2.57477537E-03
  5.73776674E+00  3.86757217E-02  1.03873700E-01  1.07897457E-03  1.49581151E-03  2.57478608E-03
  5.73876667E+00  3.87794003E-02  1.03486940E-01  1.07095472E-03  1.50384184E-03  2.57479656E-03
  5.73976660E+00  3.88826951E-02  1.03099145E-01  1.06294348E-03  1.51186401E-03  2.57480750E-03
  5.74076653E+00  3.89855988E-02  1.02710322E-01  1.05494109E-03  1.51987688E-03  2.57481798E-03
  5.74176645E+00  3.90881151E-02  1.02320462E-01  1.04694767E-03  1.52788078E-03  2.57482845E-03
  5.74276638E+00  3.91902402E-02  1.01929583E-01  1.03896402E-03  1.53587491E-03  2.57483893E-03
  5.74376631E+00  3.92919742E-02  1.01537682E-01  1.03099016E-03  1.54385925E-03  2.57484941E-03
  5.74476624E+00  3.93933132E-02  1.01144761E-01  1.02302630E-03  1.55183312E-03  2.57485942E-03
  5.74576616E+00  3.94942611E-02  1.00750826E-01  1.01507292E-03  1.55979663E-03  2.57486943E-03
  5.74676609E+00  3.95948142E-02  1.00355886E-01  1.00713037E-03  1.56774931E-03  2.57487968E-03
  5.74776602E+00  3.96949723E-02  9.99599397E-02  9.99198994E-04  1.57569081E-03  2.57488992E-03
  5.74876595E+00  3.97947356E-02  9.95629877E-02  9.91278910E-04  1.58362102E-03  2.57489993E-03
  5.74976587E+00  3.98941003E-02  9.91650373E-02  9.83370468E-04  1.59153924E-03  2.57490971E-03
  5.75076580E+00  3.99930626E-02  9.87660959E-02  9.75474191E-04  1.59944501E-03  2.57491926E-03
  5.75176573E+00  4.00916263E-02  9.83661637E-02  9.67590255E-04  1.60733855E-03  2.57492880E-03
  5.75276566E+00  4.01897915E-02  9.79652479E-02  9.59719007E-04  1.61521928E-03  2.57493835E-03
  5.75376558E+00  4.02875543E-02  9.75633487E-02  9.51860682E-04  1.62308698E-03  2.57494766E-03
  5.75476551E+00  4.03849147E-02  9.71604735E-02  9.44015745E-04  1.63094129E-03  2.57495698E-03
  5.75576544E+00  4.04818729E-02  9.67566222E-02  9.36184369E-04  1.63878198E-03  2.57496629E-03
  5.75676537E+00  4.05784287E-02  9.63518023E-02  9.28367022E-04  1.64660893E-03  2.57497607E-03
  5.75776529E+00  4.06745784E-02  9.59460214E-02  9.20563936E-04  1.65442133E-03  2.57498538E-03
  5.75876522E+00  4.07703184E-02  9.55392718E-02  9.12775286E-04  1.66221883E-03  2.57499423E-03
  5.75976515E+00  4.08656523E-02  9.51315686E-02  9.05001536E-04  1.67000154E-03  2.57500308E-03
  5.76076508E+00  4.09605801E-02  9.47229117E-02  8.97242979E-04  1.67776912E-03  2.57501216E-03
  5.76176500E+00  4.10550982E-02  9.43133086E-02  8.89500079E-04  1.68552110E-03  2.57502124E-03
  5.76276493E+00  4.11492065E-02  9.39027593E-02  8.81772896E-04  1.69325725E-03  2.57503008E-03
  5.76376486E+00  4.12429050E-02  9.34912637E-02  8.74061603E-04  1.70097721E-03  2.57503893E-03
  5.76476479E+00  4.13361900E-02  9.30788368E-02  8.66367016E-04  1.70868065E-03  2.57504778E-03
  5.76576471E+00  4.14290652E-02  9.26654786E-02  8.58689134E-04  1.71636743E-03  2.57505663E-03
  5.76676464E+00  4.15215231E-02  9.22511891E-02  8.51028250E-04  1.72403688E-03  2.57506501E-03
  5.76776457E+00  4.16135639E-02  9.18359756E-02  8.43384711E-04  1.73168874E-03  2.57507339E-03
  5.76876450E+00  4.17051911E-02  9.14198384E-02  8.35758750E-04  1.73932302E-03  2.57508177E-03
  5.76976442E+00  4.17964011E-02  9.10027847E-02  8.28150660E-04  1.74693915E-03  2.57508969E-03
  5.77076435E+00  4.18871939E-02  9.05848220E-02  8.20561021E-04  1.75453699E-03  2.57509807E-03
  5.77176428E+00  4.19775695E-02  9.01659504E-02  8.12989834E-04  1.76211633E-03  2.57510622E-03
  5.77276421E+00  4.20675278E-02  8.97461772E-02  8.05437681E-04  1.76967692E-03  2.57511460E-03
  5.77376413E+00  4.21570651E-02  8.93255025E-02  7.97904562E-04  1.77721819E-03  2.57512275E-03
  5.77476406E+00  4.22461778E-02  8.89039338E-02  7.90390943E-04  1.78473955E-03  2.57513043E-03
  5.77576399E+00  4.23348695E-02  8.84814709E-02  7.82897056E-04  1.79224112E-03  2.57513812E-03
  5.77676392E+00  4.24231403E-02  8.80581215E-02  7.75423308E-04  1.79972278E-03  2.57514603E-03
  5.77776384E+00  4.25109863E-02  8.76338929E-02  7.67969934E-04  1.80718396E-03  2.57515395E-03
  5.77876377E+00  4.25984077E-02  8.72087851E-02  7.60537223E-04  1.81462429E-03  2.57516140E-03
  5.77976370E+00  4.26854044E-02  8.67827982E-02  7.53125409E-04  1.82204379E-03  2.57516932E-03
  5.78076363E+00  4.27719764E-02  8.63559470E-02  7.45734957E-04  1.82944199E-03  2.57517700E-03
  5.78176355E+00  4.28581201E-02  8.59282240E-02  7.38365983E-04  1.83681841E-03  2.57518445E-03
  5.78276348E+00  4.29438315E-02  8.54996443E-02  7.31018954E-04  1.84417272E-03  2.57519167E-03
  5.78376341E+00  4.30291146E-02  8.50702077E-02  7.23694044E-04  1.85150467E-03  2.57519865E-03
  5.78476334E+00  4.31139693E-02  8.46399143E-02  7.16391543E-04  1.85881439E-03  2.57520587E-03
  5.78576326E+00  4.31983918E-02  8.42087716E-02  7.09111744E-04  1.86610105E-03  2.57521286E-03
  5.78676319E+00  4.32823859E-02  8.37767869E-02  7.01854995E-04  1.87336490E-03  2.57521984E-03
  5.78776312E+00  4.33659479E-02  8.33439603E-02  6.94621587E-04  1.88060547E-03  2.57522706E-03
  5.78876305E+00  4.34490740E-02  8.29102993E-02  6.87411753E-04  1.88782206E-03  2.57523381E-03
  5.78976297E+00  4.35317680E-02  8.24758112E-02  6.80225960E-04  1.89501478E-03  2.57524080E-03
  5.79076290E+00  4.36140262E-02  8.20404962E-02  6.73064322E-04  1.90218328E-03  2.57524755E-03
  5.79176283E+00  4.36958484E-02  8.16043541E-02  6.65927073E-04  1.90932723E-03  2.57525430E-03
  5.79276276E+00  4.37772349E-02  8.11673924E-02  6.58814562E-04  1.91644626E-03  2.57526082E-03
  5.79376268E+00  4.38581817E-02  8.07296187E-02  6.51727139E-04  1.92354014E-03  2.57526734E-03
  5.79476261E+00  4.39386927E-02  8.02910402E-02  6.44665153E-04  1.93060876E-03  2.57527386E-03
  5.79576254E+00  4.40187640E-02  7.98516497E-02  6.37628604E-04  1.93765154E-03  2.57528014E-03
  5.79676247E+00  4.40983959E-02  7.94114619E-02  6.30618015E-04  1.94466847E-03  2.57528643E-03
  5.79776239E+00  4.41775881E-02  7.89704770E-02  6.23633619E-04  1.95165933E-03  2.57529295E-03
  5.79876232E+00  4.42563370E-02  7.85287023E-02  6.16675708E-04  1.95862330E-03  2.57529900E-03
  5.79976225E+00  4.43346463E-02  7.80861378E-02  6.09744515E-04  1.96556095E-03  2.57530552E-03
  5.80076218E+00  4.44125086E-02  7.76427910E-02  6.02840330E-04  1.97247090E-03  2.57531134E-03
  5.80176210E+00  4.44899276E-02  7.71986693E-02  5.95963502E-04  1.97935360E-03  2.57531716E-03
  5.80276203E+00  4.45669033E-02  7.67537728E-02  5.89114148E-04  1.98620884E-03  2.57532299E-03
  5.80376196E+00  4.46434319E-02  7.63081014E-02  5.82292618E-04  1.99303590E-03  2.57532857E-03
  5.80476189E+00  4.47195172E-02  7.58616701E-02  5.75499318E-04  1.99983525E-03  2.57533463E-03
  5.80576181E+00  4.47951555E-02  7.54144713E-02  5.68734249E-04  2.00660597E-03  2.57534022E-03
  5.80676174E+00  4.48703468E-02  7.49665201E-02  5.61997935E-04  2.01334804E-03  2.57534604E-03
  5.80776167E+00  4.49450910E-02  7.45178163E-02  5.55290550E-04  2.02006125E-03  2.57535186E-03
  5.80876160E+00  4.50193845E-02  7.40683675E-02  5.48612326E-04  2.02674489E-03  2.57535721E-03
  5.80976152E+00  4.50932309E-02  7.36181736E-02  5.41963556E-04  2.03339942E-03  2.57536303E-03
  5.81076145E+00  4.51666228E-02  7.31672421E-02  5.35344530E-04  2.04002392E-03  2.57536839E-03
  5.81176138E+00  4.52395640E-02  7.27155730E-02  5.28755481E-04  2.04661814E-03  2.57537374E-03
  5.81276131E+00  4.53120507E-02  7.22631738E-02  5.22196642E-04  2.05318187E-03  2.57537840E-03
  5.81376123E+00  4.53840867E-02  7.18100518E-02  5.15668362E-04  2.05971533E-03  2.57538375E-03
  5.81476116E+00  4.54556681E-02  7.13562146E-02  5.09170990E-04  2.06621783E-03  2.57538888E-03
  5.81576109E+00  4.55267988E-02  7.09016547E-02  5.02704468E-04  2.07268936E-03  2.57539377E-03
  5.81676102E+00  4.55974750E-02  7.04463869E-02  4.96269378E-04  2.07912968E-03  2.57539912E-03
  5.81776094E+00  4.56676930E-02  6.99904114E-02  4.89865779E-04  2.08553812E-03  2.57540401E-03
  5.81876087E+00  4.57374565E-02  6.95337355E-02  4.83494019E-04  2.09191488E-03  2.57540890E-03
  5.81976080E+00  4.58067618E-02  6.90763593E-02  4.77154332E-04  2.09825952E-03  2.57541379E-03
  5.82076073E+00  4.58756126E-02  6.86182901E-02  4.70846979E-04  2.10457179E-03  2.57541868E-03
  5.82176065E+00  4.59440015E-02  6.81595355E-02  4.64572251E-04  2.11085123E-03  2.57542357E-03
  5.82276058E+00  4.60119285E-02  6.77000955E-02  4.58330294E-04  2.11709761E-03  2.57542799E-03
  5.82376051E+00  4.60793972E-02  6.72399774E-02  4.52121458E-04  2.12331093E-03  2.57543242E-03
  5.82476044E+00  4.61464077E-02  6.67791814E-02  4.45945887E-04  2.12949095E-03  2.57543684E-03
  5.82576036E+00  4.62129563E-02  6.63177148E-02  4.39803902E-04  2.13563722E-03  2.57544103E-03
  5.82676029E+00  4.62790430E-02  6.58555850E-02  4.33695823E-04  2.14174972E-03  2.57544545E-03
  5.82776022E+00  4.63446677E-02  6.53927922E-02  4.27621737E-04  2.14782823E-03  2.57544988E-03
  5.82876015E+00  4.64098305E-02  6.49293438E-02  4.21581994E-04  2.15387228E-03  2.57545430E-03
  5.82976007E+00  4.64745276E-02  6.44652471E-02  4.15576826E-04  2.15988164E-03  2.57545849E-03
  5.83076000E+00  4.65387627E-02  6.40005022E-02  4.09606437E-04  2.16585654E-03  2.57546292E-03
  5.83175993E+00  4.66025323E-02  6.35351166E-02  4.03671118E-04  2.17179605E-03  2.57546711E-03
  5.83275986E+00  4.66658324E-02  6.30690902E-02  3.97770986E-04  2.17769993E-03  2.57547083E-03
  5.83375978E+00  4.67286669E-02  6.26024306E-02  3.91906447E-04  2.18356820E-03  2.57547456E-03
  5.83475971E+00  4.67910357E-02  6.21351451E-02  3.86077649E-04  2.18940107E-03  2.57547875E-03
  5.83575964E+00  4.68529351E-02  6.16672337E-02  3.80284793E-04  2.19519762E-03  2.57548247E-03
  5.83675957E+00  4.69143689E-02  6.11987039E-02  3.74528143E-04  2.20095809E-03  2.57548620E-03
  5.83775949E+00  4.69753332E-02  6.07295595E-02  3.68807930E-04  2.20668199E-03  2.57548993E-03
  5.83875942E+00  4.70358282E-02  6.02598079E-02  3.63124447E-04  2.21236912E-03  2.57549365E-03
  5.83975935E+00  4.70958538E-02  5.97894490E-02  3.57477809E-04  2.21801945E-03  2.57549714E-03
  5.84075928E+00  4.71554101E-02  5.93184903E-02  3.51868337E-04  2.22363276E-03  2.57550110E-03
  5.84175920E+00  4.72144932E-02  5.88469356E-02  3.46296205E-04  2.22920836E-03  2.57550459E-03
  5.84275913E+00  4.72731069E-02  5.83747923E-02  3.40761646E-04  2.23474670E-03  2.57550832E-03
  5.84375906E+00  4.73312475E-02  5.79020604E-02  3.35264864E-04  2.24024709E-03  2.57551204E-03
  5.84475899E+00  4.73889112E-02  5.74287474E-02  3.29806091E-04  2.24570883E-03  2.57551484E-03
  5.84575891E+00  4.74461019E-02  5.69548570E-02  3.24385561E-04  2.25113262E-03  2.57551810E-03
  5.84675884E+00  4.75028194E-02  5.64803965E-02  3.19003535E-04  2.25651776E-03  2.57552136E-03
  5.84775877E+00  4.75590602E-02  5.60053699E-02  3.13660159E-04  2.26186425E-03  2.57552438E-03
  5.84875870E+00  4.76148278E-02  5.55297807E-02  3.08355666E-04  2.26717186E-03  2.57552741E-03
  5.84975863E+00  4.76701185E-02  5.50536327E-02  3.03090259E-04  2.27244012E-03  2.57553044E-03
  5.85075855E+00  4.77249324E-02  5.45769297E-02  2.97864142E-04  2.27766926E-03  2.57553346E-03
  5.85175848E+00  4.77792695E-02  5.40996790E-02  2.92677520E-04  2.28285859E-03  2.57553603E-03
  5.85275841E+00  4.78331298E-02  5.36218882E-02  2.87530682E-04  2.28800834E-03  2.57553905E-03
  5.85375834E+00  4.78865132E-02  5.31435572E-02  2.82423774E-04  2.29311804E-03  2.57554185E-03
  5.85475826E+00  4.79394197E-02  5.26646934E-02  2.77357001E-04  2.29818793E-03  2.57554487E-03
  5.85575819E+00  4.79918458E-02  5.21853007E-02  2.72330566E-04  2.30321730E-03  2.57554790E-03
  5.85675812E+00  4.80437912E-02  5.17053828E-02  2.67344672E-04  2.30820593E-03  2.57555069E-03
  5.85775805E+00  4.80952598E-02  5.12249433E-02  2.62399495E-04  2.31315405E-03  2.57555349E-03
  5.85875797E+00  4.81462441E-02  5.07439896E-02  2.57495267E-04  2.31806072E-03  2.57555605E-03
  5.85975790E+00  4.81967442E-02  5.02625257E-02  2.52632162E-04  2.32292619E-03  2.57555838E-03
  5.86075783E+00  4.82467636E-02  4.97805588E-02  2.47810414E-04  2.32775020E-03  2.57556071E-03
  5.86175776E+00  4.82963026E-02  4.92980927E-02  2.43030183E-04  2.33253278E-03  2.57556303E-03
  5.86275768E+00  4.83453572E-02  4.88151312E-02  2.38291716E-04  2.33727368E-03  2.57556536E-03
  5.86375761E+00  4.83939312E-02  4.83316779E-02  2.33595129E-04  2.34197266E-03  2.57556769E-03
  5.86475754E+00  4.84420210E-02  4.78477404E-02  2.28940626E-04  2.34662951E-03  2.57557025E-03
  5.86575747E+00  4.84896265E-02  4.73633185E-02  2.24328396E-04  2.35124398E-03  2.57557235E-03
  5.86675739E+00  4.85367477E-02  4.68784235E-02  2.19758673E-04  2.35581584E-03  2.57557444E-03
  5.86775732E+00  4.85833846E-02  4.63930555E-02  2.15231557E-04  2.36034533E-03  2.57557677E-03
  5.86875725E+00  4.86295372E-02  4.59072217E-02  2.10747312E-04  2.36483198E-03  2.57557933E-03
  5.86975718E+00  4.86752018E-02  4.54209261E-02  2.06306038E-04  2.36927532E-03  2.57558143E-03
  5.87075710E+00  4.87203822E-02  4.49341722E-02  2.01907984E-04  2.37367558E-03  2.57558352E-03
  5.87175703E+00  4.87650745E-02  4.44469675E-02  1.97553294E-04  2.37803254E-03  2.57558585E-03
  5.87275696E+00  4.88092788E-02  4.39593159E-02  1.93242144E-04  2.38234573E-03  2.57558795E-03
  5.87375689E+00  4.88529913E-02  4.34712246E-02  1.88974736E-04  2.38661468E-03  2.57558934E-03
  5.87475681E+00  4.88962159E-02  4.29826938E-02  1.84751203E-04  2.39083986E-03  2.57559097E-03
  5.87575674E+00  4.89389524E-02  4.24937308E-02  1.80571718E-04  2.39502103E-03  2.57559284E-03
  5.87675667E+00  4.89812009E-02  4.20043394E-02  1.76436457E-04  2.39915797E-03  2.57559447E-03
  5.87775660E+00  4.90229577E-02  4.15145271E-02  1.72345593E-04  2.40325043E-03  2.57559610E-03
  5.87875652E+00  4.90642264E-02  4.10242975E-02  1.68299302E-04  2.40729842E-03  2.57559773E-03
  5.87975645E+00  4.91050035E-02  4.05336544E-02  1.64297715E-04  2.41130148E-03  2.57559912E-03
  5.88075638E+00  4.91452925E-02  4.00426053E-02  1.60341020E-04  2.41525983E-03  2.57560075E-03
  5.88175631E+00  4.91850898E-02  3.95511538E-02  1.56429378E-04  2.41917302E-03  2.57560238E-03
  5.88275623E+00  4.92243953E-02  3.90593037E-02  1.52562920E-04  2.42304103E-03  2.57560401E-03
  5.88375616E+00  4.92632091E-02  3.85670587E-02  1.48741805E-04  2.42686388E-03  2.57560564E-03
  5.88475609E+00  4.93015312E-02  3.80744264E-02  1.44966194E-04  2.43064086E-03  2.57560704E-03
  5.88575602E+00  4.93393615E-02  3.75814103E-02  1.41236247E-04  2.43437267E-03  2.57560890E-03
  5.88675594E+00  4.93766963E-02  3.70880179E-02  1.37552110E-04  2.43805815E-03  2.57561030E-03
  5.88775587E+00  4.94135395E-02  3.65942493E-02  1.33913913E-04  2.44169799E-03  2.57561193E-03
  5.88875580E+00  4.94498871E-02  3.61001156E-02  1.30321831E-04  2.44529126E-03  2.57561309E-03
  5.88975573E+00  4.94857430E-02  3.56056169E-02  1.26775994E-04  2.44883867E-03  2.57561472E-03
  5.89075565E+00  4.95211035E-02  3.51107605E-02  1.23276550E-04  2.45233974E-03  2.57561635E-03
  5.89175558E+00  4.95559685E-02  3.46155502E-02  1.19823635E-04  2.45579402E-03  2.57561775E-03
  5.89275551E+00  4.95903343E-02  3.41199897E-02  1.16417374E-04  2.45920126E-03  2.57561868E-03
  5.89375544E+00  4.96242046E-02  3.36240865E-02  1.13057918E-04  2.46256171E-03  2.57561961E-03
  5.89475536E+00  4.96575795E-02  3.31278443E-02  1.09745415E-04  2.46587512E-03  2.57562054E-03
  5.89575529E+00  4.96904589E-02  3.26312669E-02  1.06479965E-04  2.46914173E-03  2.57562171E-03
  5.89675522E+00  4.97228391E-02  3.21343616E-02  1.03261722E-04  2.47236062E-03  2.57562241E-03
  5.89775515E+00  4.97547239E-02  3.16371322E-02  1.00090809E-04  2.47553247E-03  2.57562334E-03
  5.89875507E+00  4.97861132E-02  3.11395843E-02  9.69673711E-05  2.47865706E-03  2.57562450E-03
  5.89975500E+00  4.98170033E-02  3.06417234E-02  9.38915255E-05  2.48173391E-03  2.57562543E-03
  5.90075493E+00  4.98473942E-02  3.01435534E-02  9.08633810E-05  2.48476281E-03  2.57562613E-03
  5.90175486E+00  4.98772897E-02  2.96450797E-02  8.78830760E-05  2.48774397E-03  2.57562706E-03
  5.90275478E+00  4.99066859E-02  2.91463062E-02  8.49507196E-05  2.49067741E-03  2.57562823E-03
  5.90375471E+00  4.99355830E-02  2.86472403E-02  8.20664427E-05  2.49356241E-03  2.57562893E-03
  5.90475464E+00  4.99639809E-02  2.81478837E-02  7.92303399E-05  2.49639945E-03  2.57562986E-03
  5.90575457E+00  4.99918796E-02  2.76482441E-02  7.64425422E-05  2.49918806E-03  2.57563055E-03
  5.90675449E+00  5.00192791E-02  2.71483250E-02  7.37031587E-05  2.50192825E-03  2.57563149E-03
  5.90775442E+00  5.00461794E-02  2.66481321E-02  7.10122913E-05  2.50462000E-03  2.57563218E-03
  5.90875435E+00  5.00725769E-02  2.61476710E-02  6.83700709E-05  2.50726286E-03  2.57563288E-03
  5.90975428E+00  5.00984751E-02  2.56469455E-02  6.57765850E-05  2.50985730E-03  2.57563381E-03
  5.91075420E+00  5.01238741E-02  2.51459610E-02  6.32319352E-05  2.51240283E-03  2.57563475E-03
  5.91175413E+00  5.01487702E-02  2.46447213E-02  6.07362308E-05  2.51489924E-03  2.57563544E-03
  5.91275406E+00  5.01731671E-02  2.41432339E-02  5.82895773E-05  2.51734676E-03  2.57563638E-03
  5.91375399E+00  5.01970612E-02  2.36415025E-02  5.58920619E-05  2.51974491E-03  2.57563707E-03
  5.91475391E+00  5.02204522E-02  2.31395327E-02  5.35437975E-05  2.52209371E-03  2.57563754E-03
  5.91575384E+00  5.02433404E-02  2.26373281E-02  5.12448605E-05  2.52439314E-03  2.57563801E-03
  5.91675377E+00  5.02657294E-02  2.21348945E-02  4.89953563E-05  2.52664345E-03  2.57563870E-03
  5.91775370E+00  5.02876155E-02  2.16322374E-02  4.67953687E-05  2.52884417E-03  2.57563964E-03
  5.91875362E+00  5.03089987E-02  2.11293604E-02  4.46449885E-05  2.53099529E-03  2.57564033E-03
  5.91975355E+00  5.03298752E-02  2.06262711E-02  4.25443068E-05  2.53309635E-03  2.57564057E-03
  5.92075348E+00  5.03502488E-02  2.01229732E-02  4.04934071E-05  2.53514759E-03  2.57564103E-03
  5.92175341E+00  5.03701195E-02  1.96194705E-02  3.84923624E-05  2.53714900E-03  2.57564127E-03
  5.92275333E+00  5.03894873E-02  1.91157684E-02  3.65412598E-05  2.53910036E-03  2.57564173E-03
  5.92375326E+00  5.04083484E-02  1.86118744E-02  3.46401903E-05  2.54100165E-03  2.57564173E-03
  5.92475319E+00  5.04267067E-02  1.81077905E-02  3.27892085E-05  2.54285266E-03  2.57564196E-03
  5.92575312E+00  5.04445620E-02  1.76035240E-02  3.09884053E-05  2.54465383E-03  2.57564220E-03
  5.92675304E+00  5.04619107E-02  1.70990787E-02  2.92378518E-05  2.54640449E-03  2.57564243E-03
  5.92775297E+00  5.04787564E-02  1.65944602E-02  2.75376115E-05  2.54810485E-03  2.57564243E-03
  5.92875290E+00  5.04950993E-02  1.60896722E-02  2.58877553E-05  2.54975515E-03  2.57564289E-03
  5.92975283E+00  5.05109355E-02  1.55847212E-02  2.42883525E-05  2.55135470E-03  2.57564313E-03
  5.93075275E+00  5.05262651E-02  1.50796119E-02  2.27394685E-05  2.55290349E-03  2.57564289E-03
  5.93175268E+00  5.05410917E-02  1.45743489E-02  2.12411651E-05  2.55440199E-03  2.57564313E-03
  5.93275261E+00  5.05554117E-02  1.40689379E-02  1.97935005E-05  2.55584973E-03  2.57564313E-03
  5.93375254E+00  5.05692288E-02  1.35633834E-02  1.83965367E-05  2.55724695E-03  2.57564359E-03
  5.93475246E+00  5.05825393E-02  1.30576910E-02  1.70503299E-05  2.55859317E-03  2.57564359E-03
  5.93575239E+00  5.05953431E-02  1.25518655E-02  1.57549330E-05  2.55988864E-03  2.57564359E-03
  5.93675232E+00  5.06076403E-02  1.20459124E-02  1.45104004E-05  2.56113335E-03  2.57564383E-03
  5.93775225E+00  5.06194346E-02  1.15398364E-02  1.33167823E-05  2.56232708E-03  2.57564383E-03
  5.93875217E+00  5.06307222E-02  1.10336421E-02  1.21741259E-05  2.56347004E-03  2.57564406E-03
  5.93975210E+00  5.06415032E-02  1.05273351E-02  1.10824785E-05  2.56456179E-03  2.57564429E-03
  5.94075203E+00  5.06517775E-02  1.00209201E-02  1.00418838E-05  2.56560254E-03  2.57564452E-03
  5.94175196E+00  5.06615452E-02  9.51440260E-03  9.05238539E-06  2.56659207E-03  2.57564452E-03
  5.94275188E+00  5.06708063E-02  9.00778733E-03  8.11402333E-06  2.56753061E-03  2.57564452E-03
  5.94375181E+00  5.06795608E-02  8.50107893E-03  7.22683399E-06  2.56841793E-03  2.57564476E-03
  5.94475174E+00  5.06878085E-02  7.99428299E-03  6.39085647E-06  2.56925402E-03  2.57564499E-03
  5.94575167E+00  5.06955497E-02  7.48740509E-03  5.60612352E-06  2.57003866E-03  2.57564476E-03
  5.94675159E+00  5.07027842E-02  6.98044943E-03  4.87266743E-06  2.57077231E-03  2.57564499E-03
  5.94775152E+00  5.07095121E-02  6.47342158E-03  4.19051867E-06  2.57145450E-03  2.57564499E-03
  5.94875145E+00  5.07157333E-02  5.96632622E-03  3.55970474E-06  2.57208571E-03  2.57564546E-03
  5.94975138E+00  5.07214479E-02  5.45916893E-03  2.98025270E-06  2.57266522E-03  2.57564546E-03
  5.95075130E+00  5.07266521E-02  4.95195435E-03  2.45218530E-06  2.57319328E-03  2.57564546E-03
  5.95175123E+00  5.07313497E-02  4.44468763E-03  1.97552481E-06  2.57366989E-03  2.57564546E-03
  5.95275116E+00  5.07355407E-02  3.93737387E-03  1.55029136E-06  2.57409504E-03  2.57564522E-03
  5.95375109E+00  5.07392250E-02  3.43001843E-03  1.17650268E-06  2.57446896E-03  2.57564546E-03
  5.95475101E+00  5.07424027E-02  2.92262621E-03  8.54174402E-07  2.57479143E-03  2.57564569E-03
  5.95575094E+00  5.07450737E-02  2.41520209E-03  5.83320116E-07  2.57506245E-03  2.57564569E-03
  5.95675087E+00  5.07472344E-02  1.90775131E-03  3.63951528E-07  2.57528177E-03  2.57564569E-03
  5.95775080E+00  5.07488884E-02  1.40027888E-03  1.96078105E-07  2.57544965E-03  2.57564569E-03
  5.95875072E+00  5.07500358E-02  8.92789976E-04  7.97073980E-08  2.57556606E-03  2.57564569E-03
  5.95975065E+00  5.07506765E-02  3.85289604E-04  1.48448080E-08  2.57563125E-03  2.57564615E-03
  5.96075058E+00  5.07508069E-02 -1.22217229E-04  1.49370505E-09  2.57564429E-03  2.57564569E-03
  5.96175051E+00  5.07504307E-02 -6.29725284E-04  3.96553936E-08  2.57560611E-03  2.57564569E-03
  5.96275043E+00  5.07495478E-02 -1.13722961E-03  1.29329123E-07  2.57551670E-03  2.57564592E-03
  5.96375036E+00  5.07481582E-02 -1.64472510E-03  2.70512061E-07  2.57537561E-03  2.57564615E-03
  5.96475029E+00  5.07462583E-02 -2.15220661E-03  4.63199342E-07  2.57518282E-03  2.57564592E-03
  5.96575022E+00  5.07438518E-02 -2.65966915E-03  7.07384004E-07  2.57493858E-03  2.57564592E-03
  5.96675014E+00  5.07409386E-02 -3.16710770E-03  1.00305715E-06  2.57464289E-03  2.57564592E-03
  5.96775007E+00  5.07375188E-02 -3.67451715E-03  1.35020764E-06  2.57429574E-03  2.57564592E-03
  5.96875000E+00  5.07335924E-02 -4.18189261E-03  1.74882268E-06  2.57389736E-03  2.57564615E-03
  5.96974993E+00  5.07291555E-02 -4.68922872E-03  2.19888670E-06  2.57344730E-03  2.57564615E-03
  5.97074986E+00  5.07242121E-02 -5.19652013E-03  2.70038231E-06  2.57294578E-03  2.57564615E-03
  5.97174978E+00  5.07187620E-02 -5.70376217E-03  3.25329029E-06  2.57239281E-03  2.57564615E-03
  5.97274971E+00  5.07128052E-02 -6.21094974E-03  3.85758995E-06  2.57178862E-03  2.57564615E-03
  5.97374964E+00  5.07063419E-02 -6.71807770E-03  4.51325695E-06  2.57113320E-03  2.57564639E-03
  5.97474957E+00  5.06993718E-02 -7.22514093E-03  5.22026630E-06  2.57042632E-03  2.57564662E-03
  5.97574949E+00  5.06918952E-02 -7.73213478E-03  5.97859071E-06  2.56966823E-03  2.57564685E-03
  5.97674942E+00  5.06839082E-02 -8.23905412E-03  6.78820152E-06  2.56885844E-03  2.57564662E-03
  5.97774935E+00  5.06754145E-02 -8.74589290E-03  7.64906417E-06  2.56799767E-03  2.57564662E-03
  5.97874928E+00  5.06664142E-02 -9.25264694E-03  8.56114821E-06  2.56708544E-03  2.57564662E-03
  5.97974920E+00  5.06569073E-02 -9.75931063E-03  9.52441405E-06  2.56612222E-03  2.57564662E-03
  5.98074913E+00  5.06468937E-02 -1.02658793E-02  1.05388281E-05  2.56510777E-03  2.57564662E-03
  5.98174906E+00  5.06363735E-02 -1.07723484E-02  1.16043493E-05  2.56404234E-03  2.57564662E-03
  5.98274899E+00  5.06253466E-02 -1.12787122E-02  1.27209350E-05  2.56292569E-03  2.57564662E-03
  5.98374891E+00  5.06138131E-02 -1.17849661E-02  1.38885434E-05  2.56175804E-03  2.57564662E-03
  5.98474884E+00  5.06017730E-02 -1.22911045E-02  1.51071245E-05  2.56053940E-03  2.57564662E-03
  5.98574877E+00  5.05892299E-02 -1.27971219E-02  1.63766326E-05  2.55927024E-03  2.57564685E-03
  5.98674870E+00  5.05761802E-02 -1.33030144E-02  1.76970188E-05  2.55795009E-03  2.57564709E-03
  5.98774862E+00  5.05626239E-02 -1.38087766E-02  1.90682313E-05  2.55657895E-03  2.57564709E-03
  5.98874855E+00  5.05485609E-02 -1.43144028E-02  2.04902135E-05  2.55515706E-03  2.57564732E-03
  5.98974848E+00  5.05339950E-02 -1.48198884E-02  2.19629092E-05  2.55368464E-03  2.57564755E-03
  5.99074841E+00  5.05189225E-02 -1.53252287E-02  2.34862637E-05  2.55216146E-03  2.57564778E-03
  5.99174833E+00  5.05033433E-02 -1.58304181E-02  2.50602152E-05  2.55058776E-03  2.57564802E-03
  5.99274826E+00  5.04872613E-02 -1.63354520E-02  2.66847001E-05  2.54896353E-03  2.57564825E-03
  5.99374819E+00  5.04706725E-02 -1.68403238E-02  2.83596510E-05  2.54728878E-03  2.57564848E-03
  5.99474812E+00  5.04535772E-02 -1.73450299E-02  3.00850061E-05  2.54556350E-03  2.57564848E-03
  5.99574804E+00  5.04359789E-02 -1.78495664E-02  3.18607017E-05  2.54378794E-03  2.57564872E-03
  5.99674797E+00  5.04178777E-02 -1.83539260E-02  3.36866615E-05  2.54196231E-03  2.57564895E-03
  5.99774790E+00  5.03992699E-02 -1.88581049E-02  3.55628108E-05  2.54008640E-03  2.57564918E-03
  5.99874783E+00  5.03801592E-02 -1.93620976E-02  3.74890842E-05  2.53816042E-03  2.57564941E-03
  5.99974775E+00  5.03605455E-02 -1.98658984E-02  3.94653907E-05  2.53618462E-03  2.57565011E-03
  6.00074768E+00  5.03404252E-02 -2.03695036E-02  4.14916685E-05  2.53415853E-03  2.57565011E-03
  6.00174761E+00  5.03198020E-02 -2.08729077E-02  4.35678303E-05  2.53208238E-03  2.57565011E-03
  6.00274754E+00  5.02986759E-02 -2.13761050E-02  4.56937887E-05  2.52995687E-03  2.57565058E-03
  6.00374746E+00  5.02770469E-02 -2.18790919E-02  4.78694674E-05  2.52778153E-03  2.57565104E-03
  6.00474739E+00  5.02549186E-02 -2.23818626E-02  5.00947754E-05  2.52555683E-03  2.57565151E-03
  6.00574732E+00  5.02322875E-02 -2.28844117E-02  5.23696326E-05  2.52328278E-03  2.57565244E-03
  6.00674725E+00  5.02091534E-02 -2.33867355E-02  5.46939373E-05  2.52095913E-03  2.57565314E-03
  6.00774717E+00  5.01855165E-02 -2.38888264E-02  5.70676020E-05  2.51858612E-03  2.57565361E-03
  6.00874710E+00  5.01613766E-02 -2.43906807E-02  5.94905287E-05  2.51616375E-03  2.57565430E-03
  6.00974703E+00  5.01367375E-02 -2.48922948E-02  6.19626298E-05  2.51369248E-03  2.57565500E-03
  6.01074696E+00  5.01115955E-02 -2.53936630E-02  6.44838146E-05  2.51117209E-03  2.57565593E-03
  6.01174688E+00  5.00859506E-02 -2.58947797E-02  6.70539666E-05  2.50860234E-03  2.57565640E-03
  6.01274681E+00  5.00598066E-02 -2.63956394E-02  6.96729767E-05  2.50598416E-03  2.57565710E-03
  6.01374674E+00  5.00331596E-02 -2.68962383E-02  7.23407647E-05  2.50331708E-03  2.57565780E-03
  6.01474667E+00  5.00060134E-02 -2.73965709E-02  7.50572071E-05  2.50060135E-03  2.57565849E-03
  6.01574659E+00  4.99783680E-02 -2.78966315E-02  7.78222093E-05  2.49783718E-03  2.57565943E-03
  6.01674652E+00  4.99502234E-02 -2.83964146E-02  8.06356402E-05  2.49502482E-03  2.57566036E-03
  6.01774645E+00  4.99215759E-02 -2.88959164E-02  8.34973980E-05  2.49216380E-03  2.57566129E-03
  6.01874638E+00  4.98924293E-02 -2.93951314E-02  8.64073736E-05  2.48925458E-03  2.57566199E-03
  6.01974630E+00  4.98627834E-02 -2.98940558E-02  8.93654578E-05  2.48629716E-03  2.57566269E-03
  6.02074623E+00  4.98326384E-02 -3.03926840E-02  9.23715270E-05  2.48329178E-03  2.57566338E-03
  6.02174616E+00  4.98019978E-02 -3.08910105E-02  9.54254574E-05  2.48023891E-03  2.57566432E-03
  6.02274609E+00  4.97708581E-02 -3.13890316E-02  9.85271326E-05  2.47713830E-03  2.57566548E-03
  6.02374601E+00  4.97392192E-02 -3.18867415E-02  1.01676436E-04  2.47398997E-03  2.57566641E-03
  6.02474594E+00  4.97070812E-02 -3.23841348E-02  1.04873223E-04  2.47079390E-03  2.57566711E-03
  6.02574587E+00  4.96744476E-02 -3.28812040E-02  1.08117354E-04  2.46755080E-03  2.57566804E-03
  6.02674580E+00  4.96413186E-02 -3.33779491E-02  1.11408757E-04  2.46426044E-03  2.57566920E-03
  6.02774572E+00  4.96076904E-02 -3.38743627E-02  1.14747243E-04  2.46092305E-03  2.57567037E-03
  6.02874565E+00  4.95735668E-02 -3.43704410E-02  1.18132717E-04  2.45753862E-03  2.57567130E-03
  6.02974558E+00  4.95389476E-02 -3.48661765E-02  1.21565026E-04  2.45410739E-03  2.57567246E-03
  6.03074551E+00  4.95038368E-02 -3.53615656E-02  1.25044040E-04  2.45062984E-03  2.57567386E-03
  6.03174543E+00  4.94682305E-02 -3.58566046E-02  1.28569605E-04  2.44710571E-03  2.57567526E-03
  6.03274536E+00  4.94321287E-02 -3.63512859E-02  1.32141606E-04  2.44353525E-03  2.57567689E-03
  6.03374529E+00  4.93955314E-02 -3.68456058E-02  1.35759867E-04  2.43991846E-03  2.57567829E-03
  6.03474522E+00  4.93584387E-02 -3.73395607E-02  1.39424272E-04  2.43625557E-03  2.57567992E-03
  6.03574514E+00  4.93208542E-02 -3.78331468E-02  1.43134705E-04  2.43254658E-03  2.57568131E-03
  6.03674507E+00  4.92827743E-02 -3.83263566E-02  1.46890961E-04  2.42879195E-03  2.57568294E-03
  6.03774500E+00  4.92442027E-02 -3.88191827E-02  1.50692897E-04  2.42499146E-03  2.57568434E-03
  6.03874493E+00  4.92051393E-02 -3.93116251E-02  1.54540394E-04  2.42114579E-03  2.57568620E-03
  6.03974485E+00  4.91655804E-02 -3.98036763E-02  1.58433264E-04  2.41725426E-03  2.57568760E-03
  6.04074478E+00  4.91255298E-02 -4.02953327E-02  1.62371391E-04  2.41331779E-03  2.57568923E-03
  6.04174471E+00  4.90849875E-02 -4.07865867E-02  1.66354570E-04  2.40933592E-03  2.57569039E-03
  6.04274464E+00  4.90439534E-02 -4.12774384E-02  1.70382700E-04  2.40530935E-03  2.57569202E-03
  6.04374456E+00  4.90024313E-02 -4.17678766E-02  1.74455563E-04  2.40123831E-03  2.57569388E-03
  6.04474449E+00  4.89604175E-02 -4.22579013E-02  1.78573027E-04  2.39712256E-03  2.57569551E-03
  6.04574442E+00  4.89179119E-02 -4.27475050E-02  1.82734919E-04  2.39296211E-03  2.57569691E-03
  6.04674435E+00  4.88749184E-02 -4.32366841E-02  1.86941092E-04  2.38875765E-03  2.57569877E-03
  6.04774427E+00  4.88314368E-02 -4.37254347E-02  1.91191371E-04  2.38450919E-03  2.57570064E-03
  6.04874420E+00  4.87874672E-02 -4.42137495E-02  1.95485569E-04  2.38021696E-03  2.57570250E-03
  6.04974413E+00  4.87430096E-02 -4.47016247E-02  1.99823524E-04  2.37588095E-03  2.57570436E-03
  6.05074406E+00  4.86980639E-02 -4.51890565E-02  2.04205091E-04  2.37150141E-03  2.57570646E-03
  6.05174398E+00  4.86526340E-02 -4.56760377E-02  2.08630037E-04  2.36707879E-03  2.57570879E-03
  6.05274391E+00  4.86067161E-02 -4.61625643E-02  2.13098232E-04  2.36261287E-03  2.57571111E-03
  6.05374384E+00  4.85603102E-02 -4.66486327E-02  2.17609500E-04  2.35810364E-03  2.57571321E-03
  6.05474377E+00  4.85134199E-02 -4.71342355E-02  2.22163624E-04  2.35355180E-03  2.57571554E-03
  6.05574369E+00  4.84660417E-02 -4.76193689E-02  2.26760429E-04  2.34895712E-03  2.57571763E-03
  6.05674362E+00  4.84181792E-02 -4.81040291E-02  2.31399768E-04  2.34432006E-03  2.57571973E-03
  6.05774355E+00  4.83698323E-02 -4.85882126E-02  2.36081454E-04  2.33964063E-03  2.57572206E-03
  6.05874348E+00  4.83210012E-02 -4.90719117E-02  2.40805253E-04  2.33491906E-03  2.57572439E-03
  6.05974340E+00  4.82716858E-02 -4.95551229E-02  2.45571020E-04  2.33015558E-03  2.57572671E-03
  6.06074333E+00  4.82218899E-02 -5.00378385E-02  2.50378536E-04  2.32535065E-03  2.57572928E-03
  6.06174326E+00  4.81716096E-02 -5.05200587E-02  2.55227642E-04  2.32050405E-03  2.57573160E-03
  6.06274319E+00  4.81208488E-02 -5.10017760E-02  2.60118133E-04  2.31561600E-03  2.57573416E-03
  6.06374311E+00  4.80696037E-02 -5.14829829E-02  2.65049748E-04  2.31068674E-03  2.57573649E-03
  6.06474304E+00  4.80178781E-02 -5.19636795E-02  2.70022399E-04  2.30571651E-03  2.57573882E-03
  6.06574297E+00  4.79656756E-02 -5.24438582E-02  2.75035825E-04  2.30070599E-03  2.57574185E-03
  6.06674290E+00  4.79129925E-02 -5.29235154E-02  2.80089851E-04  2.29565497E-03  2.57574487E-03
  6.06774282E+00  4.78598289E-02 -5.34026437E-02  2.85184244E-04  2.29056319E-03  2.57574744E-03
  6.06874275E+00  4.78061885E-02 -5.38812429E-02  2.90318829E-04  2.28543160E-03  2.57575046E-03
  6.06974268E+00  4.77520674E-02 -5.43593056E-02  2.95493403E-04  2.28025997E-03  2.57575326E-03
  6.07074261E+00  4.76974696E-02 -5.48368245E-02  3.00707732E-04  2.27504852E-03  2.57575628E-03
  6.07174253E+00  4.76423949E-02 -5.53137995E-02  3.05961643E-04  2.26979773E-03  2.57575931E-03
  6.07274246E+00  4.75868434E-02 -5.57902232E-02  3.11254902E-04  2.26450758E-03  2.57576257E-03
  6.07374239E+00  4.75308150E-02 -5.62660918E-02  3.16587306E-04  2.25917832E-03  2.57576560E-03
  6.07474232E+00  4.74743098E-02 -5.67414016E-02  3.21958651E-04  2.25381018E-03  2.57576886E-03
  6.07574224E+00  4.74173315E-02 -5.72161451E-02  3.27368733E-04  2.24840338E-03  2.57577212E-03
  6.07674217E+00  4.73598763E-02 -5.76903187E-02  3.32817290E-04  2.24295794E-03  2.57577514E-03
  6.07774210E+00  4.73019481E-02 -5.81639186E-02  3.38304148E-04  2.23747431E-03  2.57577840E-03
  6.07874203E+00  4.72435504E-02 -5.86369373E-02  3.43829044E-04  2.23195297E-03  2.57578213E-03
  6.07974195E+00  4.71846797E-02 -5.91093712E-02  3.49391805E-04  2.22639390E-03  2.57578562E-03
  6.08074188E+00  4.71253358E-02 -5.95812164E-02  3.54992138E-04  2.22079735E-03  2.57578958E-03
  6.08174181E+00  4.70655188E-02 -6.00524694E-02  3.60629929E-04  2.21516308E-03  2.57579307E-03
  6.08274174E+00  4.70052324E-02 -6.05231263E-02  3.66304885E-04  2.20949179E-03  2.57579656E-03
  6.08374166E+00  4.69444729E-02 -6.09931797E-02  3.72016802E-04  2.20378349E-03  2.57580029E-03
  6.08474159E+00  4.68832441E-02 -6.14626259E-02  3.77765449E-04  2.19803862E-03  2.57580401E-03
  6.08574152E+00  4.68215458E-02 -6.19314574E-02  3.83550534E-04  2.19225721E-03  2.57580774E-03
  6.08674145E+00  4.67593782E-02 -6.23996742E-02  3.89371940E-04  2.18643947E-03  2.57581146E-03
  6.08774137E+00  4.66967449E-02 -6.28672689E-02  3.95229377E-04  2.18058587E-03  2.57581519E-03
  6.08874130E+00  4.66336422E-02 -6.33342341E-02  4.01122554E-04  2.17469665E-03  2.57581915E-03
  6.08974123E+00  4.65700738E-02 -6.38005733E-02  4.07051295E-04  2.16877181E-03  2.57582311E-03
  6.09074116E+00  4.65060398E-02 -6.42662719E-02  4.13015397E-04  2.16281181E-03  2.57582730E-03
  6.09174109E+00  4.64415438E-02 -6.47313297E-02  4.19014512E-04  2.15681689E-03  2.57583149E-03
  6.09274101E+00  4.63765822E-02 -6.51957467E-02  4.25048551E-04  2.15078727E-03  2.57583591E-03
  6.09374094E+00  4.63111550E-02 -6.56595156E-02  4.31117194E-04  2.14472297E-03  2.57584010E-03
  6.09474087E+00  4.62452658E-02 -6.61226287E-02  4.37220180E-04  2.13862467E-03  2.57584476E-03
  6.09574080E+00  4.61789109E-02 -6.65850788E-02  4.43357276E-04  2.13249191E-03  2.57584918E-03
  6.09674072E+00  4.61120941E-02 -6.70468658E-02  4.49528219E-04  2.12632515E-03  2.57585337E-03
  6.09774065E+00  4.60448153E-02 -6.75079897E-02  4.55732894E-04  2.12012511E-03  2.57585803E-03
  6.09874058E+00  4.59770747E-02 -6.79684356E-02  4.61970834E-04  2.11389130E-03  2.57586222E-03
  6.09974051E+00  4.59088758E-02 -6.84282035E-02  4.68241895E-04  2.10762490E-03  2.57586688E-03
  6.10074043E+00  4.58402149E-02 -6.88872933E-02  4.74545930E-04  2.10132520E-03  2.57587107E-03
  6.10174036E+00  4.57710959E-02 -6.93456978E-02  4.80882591E-04  2.09499313E-03  2.57587573E-03
  6.10274029E+00  4.57015224E-02 -6.98034093E-02  4.87251586E-04  2.08862917E-03  2.57588085E-03
  6.10374022E+00  4.56314906E-02 -7.02604279E-02  4.93652828E-04  2.08223285E-03  2.57588574E-03
  6.10474014E+00  4.55610044E-02 -7.07167462E-02  5.00085822E-04  2.07580510E-03  2.57589086E-03
  6.10574007E+00  4.54900600E-02 -7.11723566E-02  5.06550481E-04  2.06934544E-03  2.57589598E-03
  6.10674000E+00  4.54186611E-02 -7.16272593E-02  5.13046456E-04  2.06285482E-03  2.57590134E-03
  6.10773993E+00  4.53468077E-02 -7.20814466E-02  5.19573514E-04  2.05633300E-03  2.57590646E-03
  6.10873985E+00  4.52744998E-02 -7.25349113E-02  5.26131305E-04  2.04978022E-03  2.57591158E-03
  6.10973978E+00  4.52017374E-02 -7.29876533E-02  5.32719772E-04  2.04319716E-03  2.57591694E-03
  6.11073971E+00  4.51285243E-02 -7.34396726E-02  5.39338565E-04  2.03658361E-03  2.57592229E-03
  6.11173964E+00  4.50548567E-02 -7.38909543E-02  5.45987335E-04  2.02994002E-03  2.57592741E-03
  6.11273956E+00  4.49807420E-02 -7.43415058E-02  5.52665966E-04  2.02326709E-03  2.57593300E-03
  6.11373949E+00  4.49061766E-02 -7.47913122E-02  5.59374050E-04  2.01656460E-03  2.57593859E-03
  6.11473942E+00  4.48311605E-02 -7.52403736E-02  5.66111354E-04  2.00983300E-03  2.57594441E-03
  6.11573935E+00  4.47556973E-02 -7.56886825E-02  5.72877645E-04  2.00307253E-03  2.57595023E-03
  6.11673927E+00  4.46797833E-02 -7.61362389E-02  5.79672691E-04  1.99628295E-03  2.57595559E-03
  6.11773920E+00  4.46034223E-02 -7.65830353E-02  5.86496142E-04  1.98946521E-03  2.57596141E-03
  6.11873913E+00  4.45266142E-02 -7.70290717E-02  5.93347824E-04  1.98261929E-03  2.57596700E-03
  6.11973906E+00  4.44493629E-02 -7.74743408E-02  6.00227329E-04  1.97574589E-03  2.57597328E-03
  6.12073898E+00  4.43716645E-02 -7.79188350E-02  6.07134483E-04  1.96884456E-03  2.57597910E-03
  6.12173891E+00  4.42935228E-02 -7.83625543E-02  6.14068995E-04  1.96191622E-03  2.57598516E-03
  6.12273884E+00  4.42149416E-02 -7.88054913E-02  6.21030515E-04  1.95496110E-03  2.57599168E-03
  6.12373877E+00  4.41359170E-02 -7.92476386E-02  6.28018868E-04  1.94797921E-03  2.57599819E-03
  6.12473869E+00  4.40564491E-02 -7.96889961E-02  6.35033648E-04  1.94097066E-03  2.57600425E-03
  6.12573862E+00  4.39765416E-02 -8.01295638E-02  6.42074679E-04  1.93393626E-03  2.57601100E-03
  6.12673855E+00  4.38961908E-02 -8.05693269E-02  6.49141672E-04  1.92687556E-03  2.57601729E-03
  6.12773848E+00  4.38154005E-02 -8.10082853E-02  6.56234275E-04  1.91978936E-03  2.57602357E-03
  6.12873840E+00  4.37341742E-02 -8.14464390E-02  6.63352257E-04  1.91267801E-03  2.57603033E-03
  6.12973833E+00  4.36525084E-02 -8.18837807E-02  6.70495385E-04  1.90554152E-03  2.57603684E-03
  6.13073826E+00  4.35704030E-02 -8.23203027E-02  6.77663251E-04  1.89838000E-03  2.57604336E-03
  6.13173819E+00  4.34878655E-02 -8.27560052E-02  6.84855680E-04  1.89119449E-03  2.57605012E-03
  6.13273811E+00  4.34048921E-02 -8.31908807E-02  6.92072266E-04  1.88398466E-03  2.57605687E-03
  6.13373804E+00  4.33214866E-02 -8.36249292E-02  6.99312892E-04  1.87675119E-03  2.57606409E-03
  6.13473797E+00  4.32376452E-02 -8.40581432E-02  7.06577150E-04  1.86949398E-03  2.57607107E-03
  6.13573790E+00  4.31533717E-02 -8.44905227E-02  7.13864865E-04  1.86221348E-03  2.57607829E-03
  6.13673782E+00  4.30686660E-02 -8.49220529E-02  7.21175515E-04  1.85491005E-03  2.57608551E-03
  6.13773775E+00  4.29835282E-02 -8.53527412E-02  7.28509098E-04  1.84758368E-03  2.57609272E-03
  6.13873768E+00  4.28979583E-02 -8.57825801E-02  7.35865149E-04  1.84023485E-03  2.57609994E-03
  6.13973761E+00  4.28119600E-02 -8.62115622E-02  7.43243319E-04  1.83286390E-03  2.57610716E-03
  6.14073753E+00  4.27255370E-02 -8.66396800E-02  7.50643434E-04  1.82547153E-03  2.57611508E-03
  6.14173746E+00  4.26386856E-02 -8.70669335E-02  7.58065085E-04  1.81805750E-03  2.57612253E-03
  6.14273739E+00  4.25514057E-02 -8.74933228E-02  7.65508157E-04  1.81062217E-03  2.57613044E-03
  6.14373732E+00  4.24637012E-02 -8.79188403E-02  7.72972300E-04  1.80316588E-03  2.57613813E-03
  6.14473724E+00  4.23755683E-02 -8.83434787E-02  7.80457049E-04  1.79568876E-03  2.57614581E-03
  6.14573717E+00  4.22870107E-02 -8.87672380E-02  7.87962228E-04  1.78819126E-03  2.57615349E-03
  6.14673710E+00  4.21980321E-02 -8.91901106E-02  7.95487606E-04  1.78067386E-03  2.57616141E-03
  6.14773703E+00  4.21086289E-02 -8.96120891E-02  8.03032599E-04  1.77313667E-03  2.57616933E-03
  6.14873695E+00  4.20188047E-02 -9.00331736E-02  8.10597267E-04  1.76557992E-03  2.57617724E-03
  6.14973688E+00  4.19285633E-02 -9.04533640E-02  8.18181143E-04  1.75800442E-03  2.57618562E-03
  6.15073681E+00  4.18379009E-02 -9.08726528E-02  8.25783878E-04  1.75040995E-03  2.57619377E-03
  6.15173674E+00  4.17468213E-02 -9.12910327E-02  8.33405298E-04  1.74279709E-03  2.57620239E-03
  6.15273666E+00  4.16553207E-02 -9.17085037E-02  8.41044995E-04  1.73516572E-03  2.57621077E-03
  6.15373659E+00  4.15634029E-02 -9.21250582E-02  8.48702621E-04  1.72751641E-03  2.57621892E-03
  6.15473652E+00  4.14710678E-02 -9.25406888E-02  8.56377941E-04  1.71984942E-03  2.57622730E-03
  6.15573645E+00  4.13783193E-02 -9.29554030E-02  8.64070666E-04  1.71216531E-03  2.57623591E-03
  6.15673637E+00  4.12851535E-02 -9.33691859E-02  8.71780503E-04  1.70446385E-03  2.57624430E-03
  6.15773630E+00  4.11915779E-02 -9.37820375E-02  8.79507046E-04  1.69674610E-03  2.57625314E-03
  6.15873623E+00  4.10975926E-02 -9.41939503E-02  8.87250062E-04  1.68901216E-03  2.57626222E-03
  6.15973616E+00  4.10031937E-02 -9.46049243E-02  8.95009201E-04  1.68126193E-03  2.57627107E-03
  6.16073608E+00  4.09083851E-02 -9.50149596E-02  9.02784232E-04  1.67349598E-03  2.57628015E-03
  6.16173601E+00  4.08131666E-02 -9.54240412E-02  9.10574745E-04  1.66571455E-03  2.57628923E-03
  6.16273594E+00  4.07175384E-02 -9.58321765E-02  9.18380625E-04  1.65791798E-03  2.57629855E-03
  6.16373587E+00  4.06215005E-02 -9.62393507E-02  9.26201232E-04  1.65010628E-03  2.57630739E-03
  6.16473579E+00  4.05250564E-02 -9.66455638E-02  9.34036565E-04  1.64228014E-03  2.57631671E-03
  6.16573572E+00  4.04282100E-02 -9.70508158E-02  9.41886101E-04  1.63444015E-03  2.57632625E-03
  6.16673565E+00  4.03309576E-02 -9.74550992E-02  9.49749665E-04  1.62658619E-03  2.57633580E-03
  6.16773558E+00  4.02333029E-02 -9.78584066E-02  9.57626791E-04  1.61871861E-03  2.57634535E-03
  6.16873550E+00  4.01352420E-02 -9.82607380E-02  9.65517305E-04  1.61083764E-03  2.57635489E-03
  6.16973543E+00  4.00367789E-02 -9.86620933E-02  9.73420858E-04  1.60294364E-03  2.57636444E-03
  6.17073536E+00  3.99379171E-02 -9.90624577E-02  9.81337042E-04  1.59503717E-03  2.57637422E-03
  6.17173529E+00  3.98386531E-02 -9.94618386E-02  9.89265740E-04  1.58711825E-03  2.57638399E-03
  6.17273521E+00  3.97389941E-02 -9.98602286E-02  9.97206545E-04  1.57918769E-03  2.57639424E-03
  6.17373514E+00  3.96389365E-02 -1.00257620E-01  1.00515911E-03  1.57124526E-03  2.57640425E-03
  6.17473507E+00  3.95384803E-02 -1.00654006E-01  1.01312285E-03  1.56329141E-03  2.57641426E-03
  6.17573500E+00  3.94376293E-02 -1.01049393E-01  1.02109800E-03  1.55532663E-03  2.57642474E-03
  6.17673492E+00  3.93363833E-02 -1.01443768E-01  1.02908385E-03  1.54735101E-03  2.57643498E-03
  6.17773485E+00  3.92347425E-02 -1.01837128E-01  1.03708007E-03  1.53936504E-03  2.57644523E-03
  6.17873478E+00  3.91327068E-02 -1.02229476E-01  1.04508665E-03  1.53136870E-03  2.57645547E-03
  6.17973471E+00  3.90302800E-02 -1.02620803E-01  1.05310290E-03  1.52336271E-03  2.57646572E-03
  6.18073463E+00  3.89274657E-02 -1.03011109E-01  1.06112880E-03  1.51534763E-03  2.57647643E-03
  6.18173456E+00  3.88242602E-02 -1.03400387E-01  1.06916402E-03  1.50732324E-03  2.57648714E-03
  6.18273449E+00  3.87206674E-02 -1.03788629E-01  1.07720797E-03  1.49929011E-03  2.57649808E-03
  6.18373442E+00  3.86166833E-02 -1.04175836E-01  1.08526053E-03  1.49124826E-03  2.57650879E-03
  6.18473434E+00  3.85123156E-02 -1.04561999E-01  1.09332125E-03  1.48319849E-03  2.57651974E-03
  6.18573427E+00  3.84075604E-02 -1.04947120E-01  1.10138988E-03  1.47514069E-03  2.57653045E-03
  6.18673420E+00  3.83024178E-02 -1.05331197E-01  1.10946619E-03  1.46707520E-03  2.57654139E-03
  6.18773413E+00  3.81968953E-02 -1.05714224E-01  1.11754972E-03  1.45900284E-03  2.57655256E-03
  6.18873405E+00  3.80909927E-02 -1.06096193E-01  1.12564024E-03  1.45092374E-03  2.57656397E-03
  6.18973398E+00  3.79847065E-02 -1.06477104E-01  1.13373739E-03  1.44283788E-03  2.57657515E-03
  6.19073391E+00  3.78780402E-02 -1.06856950E-01  1.14184082E-03  1.43474597E-03  2.57658679E-03
  6.19173384E+00  3.77709940E-02 -1.07235730E-01  1.14995020E-03  1.42664800E-03  2.57659820E-03
  6.19273376E+00  3.76635678E-02 -1.07613437E-01  1.15806516E-03  1.41854433E-03  2.57660961E-03
  6.19373369E+00  3.75557654E-02 -1.07990071E-01  1.16618560E-03  1.41043554E-03  2.57662125E-03
  6.19473362E+00  3.74475904E-02 -1.08365625E-01  1.17431092E-03  1.40232197E-03  2.57663289E-03
  6.19573355E+00  3.73390391E-02 -1.08740099E-01  1.18244102E-03  1.39420386E-03  2.57664500E-03
  6.19673347E+00  3.72301117E-02 -1.09113492E-01  1.19057542E-03  1.38608122E-03  2.57665664E-03
  6.19773340E+00  3.71208116E-02 -1.09485790E-01  1.19871390E-03  1.37795461E-03  2.57666851E-03
  6.19873333E+00  3.70111391E-02 -1.09857000E-01  1.20685610E-03  1.36982440E-03  2.57668039E-03
  6.19973326E+00  3.69010940E-02 -1.10227115E-01  1.21500168E-03  1.36169069E-03  2.57669250E-03
  6.20073318E+00  3.67906801E-02 -1.10596128E-01  1.22315041E-03  1.35355419E-03  2.57670460E-03
  6.20173311E+00  3.66799012E-02 -1.10964037E-01  1.23130181E-03  1.34541513E-03  2.57671694E-03
  6.20273304E+00  3.65687534E-02 -1.11330837E-01  1.23945554E-03  1.33727374E-03  2.57672928E-03
  6.20373297E+00  3.64572406E-02 -1.11696526E-01  1.24761136E-03  1.32913038E-03  2.57674186E-03
  6.20473289E+00  3.63453627E-02 -1.12061098E-01  1.25576905E-03  1.32098538E-03  2.57675443E-03
  6.20573282E+00  3.62331197E-02 -1.12424552E-01  1.26392802E-03  1.31283898E-03  2.57676700E-03
  6.20673275E+00  3.61205116E-02 -1.12786882E-01  1.27208815E-03  1.30469131E-03  2.57677957E-03
  6.20773268E+00  3.60075459E-02 -1.13148086E-01  1.28024898E-03  1.29654340E-03  2.57679238E-03
  6.20873260E+00  3.58942188E-02 -1.13508165E-01  1.28841039E-03  1.28839491E-03  2.57680519E-03
  6.20973253E+00  3.57805304E-02 -1.13867104E-01  1.29657181E-03  1.28024630E-03  2.57681822E-03
  6.21073246E+00  3.56664844E-02 -1.14224911E-01  1.30473298E-03  1.27209816E-03  2.57683126E-03
  6.21173239E+00  3.55520807E-02 -1.14581577E-01  1.31289382E-03  1.26395049E-03  2.57684430E-03
  6.21273232E+00  3.54373194E-02 -1.14937097E-01  1.32105360E-03  1.25580363E-03  2.57685734E-03
  6.21373224E+00  3.53222042E-02 -1.15291469E-01  1.32921233E-03  1.24765816E-03  2.57687038E-03
  6.21473217E+00  3.52067389E-02 -1.15644693E-01  1.33736955E-03  1.23951444E-03  2.57688388E-03
  6.21573210E+00  3.50909196E-02 -1.15996763E-01  1.34552491E-03  1.23137259E-03  2.57689739E-03
  6.21673203E+00  3.49747464E-02 -1.16347671E-01  1.35367806E-03  1.22323283E-03  2.57691089E-03
  6.21773195E+00  3.48582231E-02 -1.16697416E-01  1.36182865E-03  1.21509575E-03  2.57692439E-03
  6.21873188E+00  3.47413495E-02 -1.17045999E-01  1.36997655E-03  1.20696134E-03  2.57693790E-03
  6.21973181E+00  3.46241295E-02 -1.17393412E-01  1.37812132E-03  1.19883032E-03  2.57695164E-03
  6.22073174E+00  3.45065631E-02 -1.17739655E-01  1.38626271E-03  1.19070290E-03  2.57696561E-03
  6.22173166E+00  3.43886539E-02 -1.18084721E-01  1.39440014E-03  1.18257955E-03  2.57697981E-03
  6.22273159E+00  3.42703983E-02 -1.18428610E-01  1.40253361E-03  1.17446017E-03  2.57699378E-03
  6.22373152E+00  3.41518000E-02 -1.18771315E-01  1.41066255E-03  1.16634544E-03  2.57700798E-03
  6.22473145E+00  3.40328589E-02 -1.19112834E-01  1.41878682E-03  1.15823548E-03  2.57702218E-03
  6.22573137E+00  3.39135751E-02 -1.19453162E-01  1.42690574E-03  1.15013053E-03  2.57703615E-03
  6.22673130E+00  3.37939523E-02 -1.19792297E-01  1.43501943E-03  1.14203116E-03  2.57705059E-03
  6.22773123E+00  3.36739905E-02 -1.20130233E-01  1.44312729E-03  1.13393762E-03  2.57706502E-03
  6.22873116E+00  3.35536934E-02 -1.20466970E-01  1.45122909E-03  1.12585037E-03  2.57707946E-03
  6.22973108E+00  3.34330574E-02 -1.20802507E-01  1.45932462E-03  1.11776928E-03  2.57709390E-03
  6.23073101E+00  3.33120860E-02 -1.21136837E-01  1.46741339E-03  1.10969506E-03  2.57710833E-03
  6.23173094E+00  3.31907831E-02 -1.21469960E-01  1.47549517E-03  1.10162806E-03  2.57712323E-03
  6.23273087E+00  3.30691449E-02 -1.21801868E-01  1.48356950E-03  1.09356840E-03  2.57713790E-03
  6.23373079E+00  3.29471789E-02 -1.22132562E-01  1.49163639E-03  1.08551665E-03  2.57715303E-03
  6.23473072E+00  3.28248814E-02 -1.22462034E-01  1.49969500E-03  1.07747281E-03  2.57716794E-03
  6.23573065E+00  3.27022560E-02 -1.22790284E-01  1.50774547E-03  1.06943760E-03  2.57718307E-03
  6.23673058E+00  3.25793028E-02 -1.23117305E-01  1.51578709E-03  1.06141099E-03  2.57719820E-03
  6.23773050E+00  3.24560218E-02 -1.23443097E-01  1.52381987E-03  1.05339335E-03  2.57721310E-03
  6.23873043E+00  3.23324129E-02 -1.23767659E-01  1.53184345E-03  1.04538491E-03  2.57722847E-03
  6.23973036E+00  3.22084837E-02 -1.24090984E-01  1.53985724E-03  1.03738636E-03  2.57724361E-03
  6.24073029E+00  3.20842341E-02 -1.24413073E-01  1.54786126E-03  1.02939806E-03  2.57725921E-03
  6.24173021E+00  3.19596604E-02 -1.24733917E-01  1.55585504E-03  1.02141988E-03  2.57727504E-03
  6.24273014E+00  3.18347663E-02 -1.25053510E-01  1.56383810E-03  1.01345230E-03  2.57729040E-03
  6.24373007E+00  3.17095518E-02 -1.25371858E-01  1.57181022E-03  1.00549567E-03  2.57730577E-03
  6.24473000E+00  3.15840207E-02 -1.25688955E-01  1.57977140E-03  9.97550320E-04  2.57732160E-03
  6.24572992E+00  3.14581767E-02 -1.26004800E-01  1.58772094E-03  9.89616849E-04  2.57733790E-03
  6.24672985E+00  3.13320160E-02 -1.26319379E-01  1.59565860E-03  9.81695252E-04  2.57735373E-03
  6.24772978E+00  3.12055405E-02 -1.26632705E-01  1.60358415E-03  9.73785762E-04  2.57737003E-03
  6.24872971E+00  3.10787521E-02 -1.26944765E-01  1.61149749E-03  9.65888845E-04  2.57738633E-03
  6.24972963E+00  3.09516527E-02 -1.27255559E-01  1.61939766E-03  9.58004792E-04  2.57740240E-03
  6.25072956E+00  3.08242422E-02 -1.27565071E-01  1.62728468E-03  9.50133894E-04  2.57741846E-03
  6.25172949E+00  3.06965224E-02 -1.27873316E-01  1.63515843E-03  9.42276500E-04  2.57743499E-03
  6.25272942E+00  3.05684973E-02 -1.28180280E-01  1.64301845E-03  9.34433017E-04  2.57745152E-03
  6.25372934E+00  3.04401647E-02 -1.28485963E-01  1.65086426E-03  9.26603621E-04  2.57746782E-03
  6.25472927E+00  3.03115267E-02 -1.28790364E-01  1.65869575E-03  9.18788661E-04  2.57748435E-03
  6.25572920E+00  3.01825851E-02 -1.29093483E-01  1.66651269E-03  9.10988427E-04  2.57750112E-03
  6.25672913E+00  3.00533399E-02 -1.29395306E-01  1.67431461E-03  9.03203210E-04  2.57751788E-03
  6.25772905E+00  2.99237929E-02 -1.29695833E-01  1.68210082E-03  8.95433361E-04  2.57753418E-03
  6.25872898E+00  2.97939479E-02 -1.29995078E-01  1.68987201E-03  8.87679344E-04  2.57755141E-03
  6.25972891E+00  2.96638031E-02 -1.30293012E-01  1.69762690E-03  8.79941217E-04  2.57756817E-03
  6.26072884E+00  2.95333602E-02 -1.30589649E-01  1.70536560E-03  8.72219389E-04  2.57758494E-03
  6.26172876E+00  2.94026230E-02 -1.30884990E-01  1.71308813E-03  8.64514208E-04  2.57760240E-03
  6.26272869E+00  2.92715915E-02 -1.31179020E-01  1.72079355E-03  8.56826082E-04  2.57761963E-03
  6.26372862E+00  2.91402657E-02 -1.31471738E-01  1.72848185E-03  8.49155069E-04  2.57763686E-03
  6.26472855E+00  2.90086493E-02 -1.31763145E-01  1.73615280E-03  8.41501751E-04  2.57765455E-03
  6.26572847E+00  2.88767405E-02 -1.32053226E-01  1.74380548E-03  8.33866128E-04  2.57767155E-03
  6.26672840E+00  2.87445411E-02 -1.32341996E-01  1.75144046E-03  8.26248666E-04  2.57768901E-03
  6.26772833E+00  2.86120549E-02 -1.32629439E-01  1.75905682E-03  8.18649656E-04  2.57770647E-03
  6.26872826E+00  2.84792818E-02 -1.32915556E-01  1.76665455E-03  8.11069505E-04  2.57772394E-03
  6.26972818E+00  2.83462256E-02 -1.33200347E-01  1.77423318E-03  8.03508505E-04  2.57774163E-03
  6.27072811E+00  2.82128844E-02 -1.33483812E-01  1.78179273E-03  7.95966829E-04  2.57775956E-03
  6.27172804E+00  2.80792583E-02 -1.33765936E-01  1.78933260E-03  7.88444770E-04  2.57777749E-03
  6.27272797E+00  2.79453527E-02 -1.34046733E-01  1.79685268E-03  7.80942733E-04  2.57779541E-03
  6.27372789E+00  2.78111659E-02 -1.34326190E-01  1.80435262E-03  7.73460953E-04  2.57781358E-03
  6.27472782E+00  2.76766997E-02 -1.34604305E-01  1.81183184E-03  7.65999721E-04  2.57783150E-03
  6.27572775E+00  2.75419578E-02 -1.34881079E-01  1.81929057E-03  7.58559443E-04  2.57785013E-03
  6.27672768E+00  2.74069384E-02 -1.35156497E-01  1.82672800E-03  7.51140295E-04  2.57786829E-03
  6.27772760E+00  2.72716433E-02 -1.35430560E-01  1.83414377E-03  7.43742508E-04  2.57788622E-03
  6.27872753E+00  2.71360762E-02 -1.35703281E-01  1.84153800E-03  7.36366608E-04  2.57790461E-03
  6.27972746E+00  2.70002373E-02 -1.35974646E-01  1.84891035E-03  7.29012827E-04  2.57792324E-03
  6.28072739E+00  2.68641282E-02 -1.36244655E-01  1.85626058E-03  7.21681397E-04  2.57794186E-03
  6.28172731E+00  2.67277490E-02 -1.36513293E-01  1.86358788E-03  7.14372552E-04  2.57796049E-03
  6.28272724E+00  2.65911017E-02 -1.36780575E-01  1.87089259E-03  7.07086700E-04  2.57797935E-03
  6.28372717E+00  2.64541879E-02 -1.37046486E-01  1.87817402E-03  6.99824071E-04  2.57799821E-03
  6.28472710E+00  2.63170097E-02 -1.37311026E-01  1.88543182E-03  6.92585018E-04  2.57801684E-03
  6.28572702E+00  2.61795670E-02 -1.37574196E-01  1.89266598E-03  6.85369712E-04  2.57803570E-03
  6.28672695E+00  2.60418616E-02 -1.37835994E-01  1.89987605E-03  6.78178563E-04  2.57805455E-03
  6.28772688E+00  2.59038955E-02 -1.38096407E-01  1.90706179E-03  6.71011803E-04  2.57807365E-03
  6.28872681E+00  2.57656686E-02 -1.38355449E-01  1.91422307E-03  6.63869665E-04  2.57809274E-03
  6.28972673E+00  2.56271847E-02 -1.38613105E-01  1.92135933E-03  6.56752614E-04  2.57811183E-03
  6.29072666E+00  2.54884437E-02 -1.38869375E-01  1.92847033E-03  6.49660768E-04  2.57813116E-03
  6.29172659E+00  2.53494475E-02 -1.39124259E-01  1.93555595E-03  6.42594474E-04  2.57815048E-03
  6.29272652E+00  2.52101962E-02 -1.39377758E-01  1.94261596E-03  6.35553966E-04  2.57817004E-03
  6.29372644E+00  2.50706915E-02 -1.39629856E-01  1.94964965E-03  6.28539594E-04  2.57818913E-03
  6.29472637E+00  2.49309372E-02 -1.39880568E-01  1.95665727E-03  6.21551648E-04  2.57820892E-03
  6.29572630E+00  2.47909315E-02 -1.40129879E-01  1.96363847E-03  6.14590303E-04  2.57822871E-03
  6.29672623E+00  2.46506762E-02 -1.40377790E-01  1.97059242E-03  6.07655849E-04  2.57824827E-03
  6.29772615E+00  2.45101750E-02 -1.40624300E-01  1.97751937E-03  6.00748695E-04  2.57826806E-03
  6.29872608E+00  2.43694279E-02 -1.40869409E-01  1.98441907E-03  5.93869016E-04  2.57828808E-03
  6.29972601E+00  2.42284369E-02 -1.41113102E-01  1.99129083E-03  5.87017159E-04  2.57830787E-03
  6.30072594E+00  2.40872018E-02 -1.41355380E-01  1.99813442E-03  5.80193300E-04  2.57832767E-03
  6.30172586E+00  2.39457246E-02 -1.41596258E-01  2.00495007E-03  5.73397730E-04  2.57834792E-03
  6.30272579E+00  2.38040090E-02 -1.41835719E-01  2.01173709E-03  5.66630857E-04  2.57836794E-03
  6.30372572E+00  2.36620549E-02 -1.42073765E-01  2.01849546E-03  5.59892855E-04  2.57838843E-03
  6.30472565E+00  2.35198624E-02 -1.42310381E-01  2.02522450E-03  5.53183956E-04  2.57840846E-03
  6.30572557E+00  2.33774353E-02 -1.42545581E-01  2.03192420E-03  5.46504452E-04  2.57842871E-03
  6.30672550E+00  2.32347716E-02 -1.42779350E-01  2.03859434E-03  5.39854635E-04  2.57844897E-03
  6.30772543E+00  2.30918769E-02 -1.43011704E-01  2.04523467E-03  5.33234794E-04  2.57846946E-03
  6.30872536E+00  2.29487494E-02 -1.43242627E-01  2.05184496E-03  5.26645104E-04  2.57848995E-03
  6.30972528E+00  2.28053909E-02 -1.43472120E-01  2.05842499E-03  5.20085858E-04  2.57851090E-03
  6.31072521E+00  2.26618052E-02 -1.43700168E-01  2.06497381E-03  5.13557403E-04  2.57853116E-03
  6.31172514E+00  2.25179922E-02 -1.43926784E-01  2.07149214E-03  5.07059973E-04  2.57855211E-03
  6.31272507E+00  2.23739538E-02 -1.44151971E-01  2.07797904E-03  5.00593800E-04  2.57857284E-03
  6.31372499E+00  2.22296901E-02 -1.44375712E-01  2.08443473E-03  4.94159118E-04  2.57859379E-03
  6.31472492E+00  2.20852029E-02 -1.44598007E-01  2.09085830E-03  4.87756188E-04  2.57861451E-03
  6.31572485E+00  2.19404958E-02 -1.44818857E-01  2.09725020E-03  4.81385359E-04  2.57863547E-03
  6.31672478E+00  2.17955671E-02 -1.45038262E-01  2.10360973E-03  4.75046749E-04  2.57865642E-03
  6.31772470E+00  2.16504186E-02 -1.45256221E-01  2.10993714E-03  4.68740618E-04  2.57867784E-03
  6.31872463E+00  2.15050541E-02 -1.45472720E-01  2.11623125E-03  4.62467346E-04  2.57869856E-03
  6.31972456E+00  2.13594735E-02 -1.45687774E-01  2.12249276E-03  4.56227106E-04  2.57871998E-03
  6.32072449E+00  2.12136786E-02 -1.45901367E-01  2.12872098E-03  4.50020161E-04  2.57874117E-03
  6.32172441E+00  2.10676715E-02 -1.46113500E-01  2.13491544E-03  4.43846773E-04  2.57876213E-03
  6.32272434E+00  2.09214520E-02 -1.46324173E-01  2.14107637E-03  4.37707145E-04  2.57878355E-03
  6.32372427E+00  2.07750238E-02 -1.46533385E-01  2.14720331E-03  4.31601627E-04  2.57880497E-03
  6.32472420E+00  2.06283852E-02 -1.46741137E-01  2.15329626E-03  4.25530277E-04  2.57882662E-03
  6.32572412E+00  2.04815418E-02 -1.46947414E-01  2.15935428E-03  4.19493561E-04  2.57884781E-03
  6.32672405E+00  2.03344915E-02 -1.47152230E-01  2.16537784E-03  4.13491536E-04  2.57886946E-03
  6.32772398E+00  2.01872364E-02 -1.47355571E-01  2.17136648E-03  4.07524523E-04  2.57889088E-03
  6.32872391E+00  2.00397801E-02 -1.47557437E-01  2.17731972E-03  4.01592784E-04  2.57891254E-03
  6.32972383E+00  1.98921226E-02 -1.47757828E-01  2.18323781E-03  3.95696552E-04  2.57893442E-03
  6.33072376E+00  1.97442658E-02 -1.47956744E-01  2.18911981E-03  3.89836030E-04  2.57895584E-03
  6.33172369E+00  1.95962097E-02 -1.48154184E-01  2.19496619E-03  3.84011422E-04  2.57897750E-03
  6.33272362E+00  1.94479562E-02 -1.48350149E-01  2.20077671E-03  3.78222991E-04  2.57899961E-03
  6.33372355E+00  1.92995090E-02 -1.48544624E-01  2.20655068E-03  3.72471055E-04  2.57902173E-03
  6.33472347E+00  1.91508681E-02 -1.48737624E-01  2.21228809E-03  3.66755761E-04  2.57904385E-03
  6.33572340E+00  1.90020353E-02 -1.48929134E-01  2.21798872E-03  3.61077342E-04  2.57906597E-03
  6.33672333E+00  1.88530106E-02 -1.49119154E-01  2.22365232E-03  3.55436001E-04  2.57908832E-03
  6.33772326E+00  1.87037960E-02 -1.49307683E-01  2.22927844E-03  3.49831971E-04  2.57911044E-03
  6.33872318E+00  1.85543951E-02 -1.49494722E-01  2.23486731E-03  3.44265572E-04  2.57913279E-03
  6.33972311E+00  1.84048079E-02 -1.49680272E-01  2.24041846E-03  3.38736951E-04  2.57915538E-03
  6.34072304E+00  1.82550363E-02 -1.49864316E-01  2.24593142E-03  3.33246338E-04  2.57917773E-03
  6.34172297E+00  1.81050804E-02 -1.50046870E-01  2.25140643E-03  3.27793940E-04  2.57920031E-03
  6.34272289E+00  1.79549418E-02 -1.50227919E-01  2.25684280E-03  3.22379929E-04  2.57922267E-03
  6.34372282E+00  1.78046245E-02 -1.50407463E-01  2.26224051E-03  3.17004655E-04  2.57924525E-03
  6.34472275E+00  1.76541284E-02 -1.50585502E-01  2.26759934E-03  3.11668235E-04  2.57926760E-03
  6.34572268E+00  1.75034553E-02 -1.50762036E-01  2.27291929E-03  3.06370959E-04  2.57929019E-03
  6.34672260E+00  1.73526052E-02 -1.50937065E-01  2.27819989E-03  3.01112916E-04  2.57931277E-03
  6.34772253E+00  1.72015801E-02 -1.51110590E-01  2.28344114E-03  2.95894366E-04  2.57933559E-03
  6.34872246E+00  1.70503836E-02 -1.51282609E-01  2.28864281E-03  2.90715572E-04  2.57935841E-03
  6.34972239E+00  1.68990158E-02 -1.51453108E-01  2.29380443E-03  2.85576738E-04  2.57938122E-03
  6.35072231E+00  1.67474784E-02 -1.51622102E-01  2.29892624E-03  2.80478038E-04  2.57940427E-03
  6.35172224E+00  1.65957715E-02 -1.51789576E-01  2.30400753E-03  2.75419647E-04  2.57942709E-03
  6.35272217E+00  1.64438989E-02 -1.51955530E-01  2.30904832E-03  2.70401797E-04  2.57945014E-03
  6.35372210E+00  1.62918605E-02 -1.52119964E-01  2.31404859E-03  2.65424722E-04  2.57947342E-03
  6.35472202E+00  1.61396582E-02 -1.52282879E-01  2.31900765E-03  2.60488567E-04  2.57949624E-03
  6.35572195E+00  1.59872957E-02 -1.52444273E-01  2.32392573E-03  2.55593623E-04  2.57951929E-03
  6.35672188E+00  1.58347711E-02 -1.52604148E-01  2.32880260E-03  2.50739977E-04  2.57954258E-03
  6.35772181E+00  1.56820863E-02 -1.52762502E-01  2.33363826E-03  2.45927833E-04  2.57956609E-03
  6.35872173E+00  1.55292451E-02 -1.52919322E-01  2.33843201E-03  2.41157453E-04  2.57958937E-03
  6.35972166E+00  1.53762484E-02 -1.53074622E-01  2.34318408E-03  2.36429012E-04  2.57961312E-03
  6.36072159E+00  1.52230961E-02 -1.53228387E-01  2.34789378E-03  2.31742655E-04  2.57963641E-03
  6.36172152E+00  1.50697911E-02 -1.53380617E-01  2.35256157E-03  2.27098601E-04  2.57966015E-03
  6.36272144E+00  1.49163352E-02 -1.53531313E-01  2.35718652E-03  2.22497052E-04  2.57968367E-03
  6.36372137E+00  1.47627294E-02 -1.53680474E-01  2.36176886E-03  2.17938185E-04  2.57970695E-03
  6.36472130E+00  1.46089755E-02 -1.53828099E-01  2.36630859E-03  2.13422172E-04  2.57973070E-03
  6.36572123E+00  1.44550744E-02 -1.53974190E-01  2.37080525E-03  2.08949175E-04  2.57975445E-03
  6.36672115E+00  1.43010272E-02 -1.54118747E-01  2.37525883E-03  2.04519383E-04  2.57977820E-03
  6.36772108E+00  1.41468365E-02 -1.54261753E-01  2.37966888E-03  2.00132985E-04  2.57980195E-03
  6.36872101E+00  1.39925042E-02 -1.54403225E-01  2.38403562E-03  1.95790170E-04  2.57982570E-03
  6.36972094E+00  1.38380313E-02 -1.54543146E-01  2.38835858E-03  1.91491112E-04  2.57984968E-03
  6.37072086E+00  1.36834197E-02 -1.54681534E-01  2.39263778E-03  1.87235972E-04  2.57987366E-03
  6.37172079E+00  1.35286702E-02 -1.54818371E-01  2.39687297E-03  1.83024924E-04  2.57989787E-03
  6.37272072E+00  1.33737838E-02 -1.54953659E-01  2.40106368E-03  1.78858099E-04  2.57992186E-03
  6.37372065E+00  1.32187633E-02 -1.55087397E-01  2.40521017E-03  1.74735702E-04  2.57994584E-03
  6.37472057E+00  1.30636096E-02 -1.55219585E-01  2.40931194E-03  1.70657891E-04  2.57996982E-03
  6.37572050E+00  1.29083246E-02 -1.55350223E-01  2.41336925E-03  1.66624843E-04  2.57999403E-03
  6.37672043E+00  1.27529101E-02 -1.55479312E-01  2.41738162E-03  1.62636716E-04  2.58001825E-03
  6.37772036E+00  1.25973672E-02 -1.55606836E-01  2.42134882E-03  1.58693656E-04  2.58004246E-03
  6.37872028E+00  1.24416966E-02 -1.55732810E-01  2.42527085E-03  1.54795809E-04  2.58006668E-03
  6.37972021E+00  1.22859012E-02 -1.55857220E-01  2.42914725E-03  1.50943364E-04  2.58009066E-03
  6.38072014E+00  1.21299829E-02 -1.55980080E-01  2.43297848E-03  1.47136481E-04  2.58011487E-03
  6.38172007E+00  1.19739426E-02 -1.56101376E-01  2.43676407E-03  1.43375306E-04  2.58013932E-03
  6.38271999E+00  1.18177813E-02 -1.56221122E-01  2.44050380E-03  1.39659955E-04  2.58016377E-03
  6.38371992E+00  1.16615016E-02 -1.56339303E-01  2.44419789E-03  1.35990616E-04  2.58018845E-03
  6.38471985E+00  1.15051037E-02 -1.56455919E-01  2.44784541E-03  1.32367408E-04  2.58021289E-03
  6.38571978E+00  1.13485903E-02 -1.56570971E-01  2.45144684E-03  1.28790503E-04  2.58023734E-03
  6.38671970E+00  1.11919623E-02 -1.56684458E-01  2.45500193E-03  1.25260020E-04  2.58026202E-03
  6.38771963E+00  1.10352216E-02 -1.56796381E-01  2.45851069E-03  1.21776116E-04  2.58028670E-03
  6.38871956E+00  1.08783701E-02 -1.56906739E-01  2.46197241E-03  1.18338940E-04  2.58031138E-03
  6.38971949E+00  1.07214097E-02 -1.57015517E-01  2.46538734E-03  1.14948627E-04  2.58033606E-03
  6.39071941E+00  1.05643403E-02 -1.57122731E-01  2.46875524E-03  1.11605288E-04  2.58036051E-03
  6.39171934E+00  1.04071647E-02 -1.57228380E-01  2.47207633E-03  1.08309076E-04  2.58038542E-03
  6.39271927E+00  1.02498839E-02 -1.57332450E-01  2.47534993E-03  1.05060120E-04  2.58041010E-03
  6.39371920E+00  1.00925006E-02 -1.57434955E-01  2.47857650E-03  1.01858568E-04  2.58043502E-03
  6.39471912E+00  9.93501581E-03 -1.57535881E-01  2.48175557E-03  9.87045423E-05  2.58046016E-03
  6.39571905E+00  9.77743044E-03 -1.57635227E-01  2.48488667E-03  9.55981450E-05  2.58048484E-03
  6.39671898E+00  9.61974636E-03 -1.57733008E-01  2.48797028E-03  9.25395216E-05  2.58050975E-03
  6.39771891E+00  9.46196448E-03 -1.57829210E-01  2.49100593E-03  8.95287740E-05  2.58053467E-03
  6.39871883E+00  9.30408761E-03 -1.57923833E-01  2.49399384E-03  8.65660477E-05  2.58055981E-03
  6.39971876E+00  9.14611761E-03 -1.58016875E-01  2.49693333E-03  8.36514664E-05  2.58058473E-03
  6.40071869E+00  8.98805540E-03 -1.58108339E-01  2.49982486E-03  8.07851393E-05  2.58061010E-03
  6.40171862E+00  8.82990193E-03 -1.58198223E-01  2.50266772E-03  7.79671682E-05  2.58063478E-03
  6.40271854E+00  8.67165998E-03 -1.58286527E-01  2.50546238E-03  7.51976841E-05  2.58066016E-03
  6.40371847E+00  8.51332955E-03 -1.58373237E-01  2.50820816E-03  7.24767815E-05  2.58068484E-03
  6.40471840E+00  8.35491344E-03 -1.58458367E-01  2.51090550E-03  6.98045769E-05  2.58070999E-03
  6.40571833E+00  8.19641352E-03 -1.58541918E-01  2.51355395E-03  6.71811940E-05  2.58073513E-03
  6.40671825E+00  8.03783070E-03 -1.58623889E-01  2.51615397E-03  6.46067201E-05  2.58076075E-03
  6.40771818E+00  7.87916686E-03 -1.58704266E-01  2.51870439E-03  6.20812716E-05  2.58078566E-03
  6.40871811E+00  7.72042293E-03 -1.58783063E-01  2.52120616E-03  5.96049285E-05  2.58081104E-03
  6.40971804E+00  7.56160123E-03 -1.58860266E-01  2.52365856E-03  5.71778146E-05  2.58083642E-03
  6.41071796E+00  7.40270317E-03 -1.58935890E-01  2.52606161E-03  5.48000135E-05  2.58086156E-03
  6.41171789E+00  7.24373059E-03 -1.59009919E-01  2.52841553E-03  5.24716343E-05  2.58088717E-03
  6.41271782E+00  7.08468445E-03 -1.59082353E-01  2.53071962E-03  5.01927534E-05  2.58091232E-03
  6.41371775E+00  6.92556659E-03 -1.59153193E-01  2.53297389E-03  4.79634728E-05  2.58093746E-03
  6.41471767E+00  6.76637888E-03 -1.59222454E-01  2.53517902E-03  4.57838833E-05  2.58096284E-03
  6.41571760E+00  6.60712225E-03 -1.59290120E-01  2.53733410E-03  4.36540649E-05  2.58098822E-03
  6.41671753E+00  6.44779904E-03 -1.59356192E-01  2.53943959E-03  4.15741124E-05  2.58101360E-03
  6.41771746E+00  6.28841063E-03 -1.59420669E-01  2.54149502E-03  3.95441093E-05  2.58103921E-03
  6.41871738E+00  6.12895843E-03 -1.59483552E-01  2.54350039E-03  3.75641321E-05  2.58106459E-03
  6.41971731E+00  5.96944429E-03 -1.59544840E-01  2.54545570E-03  3.56342643E-05  2.58108997E-03
  6.42071724E+00  5.80986962E-03 -1.59604535E-01  2.54736072E-03  3.37545862E-05  2.58111535E-03
  6.42171717E+00  5.65023627E-03 -1.59662634E-01  2.54921569E-03  3.19251703E-05  2.58114096E-03
  6.42271709E+00  5.49054518E-03 -1.59719139E-01  2.55102036E-03  3.01460859E-05  2.58116634E-03
  6.42371702E+00  5.33079868E-03 -1.59774050E-01  2.55277473E-03  2.84174148E-05  2.58119218E-03
  6.42471695E+00  5.17099816E-03 -1.59827352E-01  2.55447836E-03  2.67392224E-05  2.58121756E-03
  6.42571688E+00  5.01114456E-03 -1.59879059E-01  2.55613145E-03  2.51115689E-05  2.58124294E-03
  6.42671680E+00  4.85124020E-03 -1.59929171E-01  2.55773403E-03  2.35345324E-05  2.58126855E-03
  6.42771673E+00  4.69128694E-03 -1.59977689E-01  2.55928631E-03  2.20081729E-05  2.58129439E-03
  6.42871666E+00  4.53128573E-03 -1.60024598E-01  2.56078737E-03  2.05325505E-05  2.58132000E-03
  6.42971659E+00  4.37123841E-03 -1.60069913E-01  2.56223767E-03  1.91077252E-05  2.58134538E-03
  6.43071651E+00  4.21114638E-03 -1.60113618E-01  2.56363722E-03  1.77337533E-05  2.58137099E-03
  6.43171644E+00  4.05101199E-03 -1.60155728E-01  2.56498577E-03  1.64106987E-05  2.58139637E-03
  6.43271637E+00  3.89083591E-03 -1.60196245E-01  2.56628380E-03  1.51386039E-05  2.58142245E-03
  6.43371630E+00  3.73062002E-03 -1.60235152E-01  2.56753038E-03  1.39175254E-05  2.58144783E-03
  6.43471622E+00  3.57036619E-03 -1.60272464E-01  2.56872620E-03  1.27475150E-05  2.58147367E-03
  6.43571615E+00  3.41007579E-03 -1.60308167E-01  2.56987079E-03  1.16286164E-05  2.58149952E-03
  6.43671608E+00  3.24975071E-03 -1.60342261E-01  2.57096416E-03  1.05608797E-05  2.58152513E-03
  6.43771601E+00  3.08939209E-03 -1.60374761E-01  2.57200631E-03  9.54434381E-06  2.58155074E-03
  6.43871593E+00  2.92900205E-03 -1.60405651E-01  2.57299724E-03  8.57905343E-06  2.58157635E-03
  6.43971586E+00  2.76858173E-03 -1.60434946E-01  2.57393718E-03  7.66504490E-06  2.58160220E-03
  6.44071579E+00  2.60813301E-03 -1.60462633E-01  2.57482566E-03  6.80235780E-06  2.58162804E-03
  6.44171572E+00  2.44765729E-03 -1.60488710E-01  2.57566269E-03  5.99102623E-06  2.58165365E-03
  6.44271564E+00  2.28715618E-03 -1.60513192E-01  2.57644872E-03  5.23108338E-06  2.58167973E-03
  6.44371557E+00  2.12663156E-03 -1.60536066E-01  2.57718284E-03  4.52256199E-06  2.58170534E-03
  6.44471550E+00  1.96608482E-03 -1.60557330E-01  2.57786573E-03  3.86548936E-06  2.58173118E-03
  6.44571543E+00  1.80551771E-03 -1.60576984E-01  2.57849670E-03  3.25989413E-06  2.58175656E-03
  6.44671535E+00  1.64493162E-03 -1.60595044E-01  2.57907691E-03  2.70579994E-06  2.58178264E-03
  6.44771528E+00  1.48432830E-03 -1.60611495E-01  2.57960521E-03  2.20323045E-06  2.58180848E-03
  6.44871521E+00  1.32370938E-03 -1.60626337E-01  2.58008204E-03  1.75220657E-06  2.58183433E-03
  6.44971514E+00  1.16307638E-03 -1.60639569E-01  2.58050719E-03  1.35274661E-06  2.58185994E-03
  6.45071507E+00  1.00243092E-03 -1.60651207E-01  2.58088112E-03  1.00486773E-06  2.58188602E-03
  6.45171499E+00  8.41774687E-04 -1.60661235E-01  2.58120312E-03  7.08584651E-07  2.58191163E-03
  6.45271492E+00  6.81109261E-04 -1.60669655E-01  2.58147391E-03  4.63909828E-07  2.58193770E-03
  6.45371485E+00  5.20436151E-04 -1.60676464E-01  2.58169277E-03  2.70853775E-07  2.58196355E-03
  6.45471478E+00  3.59757076E-04 -1.60681665E-01  2.58185971E-03  1.29425160E-07  2.58198916E-03
  6.45571470E+00  1.99073605E-04 -1.60685256E-01  2.58197519E-03  3.96303008E-08  2.58201477E-03
  6.45671463E+00  3.83873485E-05 -1.60687253E-01  2.58203945E-03  1.47358847E-09  2.58204085E-03
  6.45771456E+00 -1.22300102E-04 -1.60687640E-01  2.58205179E-03  1.49573154E-08  2.58206669E-03
  6.45871449E+00 -2.82987137E-04 -1.60686418E-01  2.58201244E-03  8.00817190E-08  2.58209254E-03
  6.45971441E+00 -4.43672150E-04 -1.60683587E-01  2.58192164E-03  1.96844979E-07  2.58211838E-03
  6.46071434E+00 -6.04353554E-04 -1.60679147E-01  2.58177868E-03  3.65243210E-07  2.58214399E-03
  6.46171427E+00 -7.65029690E-04 -1.60673097E-01  2.58158450E-03  5.85270413E-07  2.58216984E-03
  6.46271420E+00 -9.25698958E-04 -1.60665452E-01  2.58133886E-03  8.56918575E-07  2.58219568E-03
  6.46371412E+00 -1.08635973E-03 -1.60656199E-01  2.58104154E-03  1.18017749E-06  2.58222176E-03
  6.46471405E+00 -1.24701043E-03 -1.60645336E-01  2.58069253E-03  1.55503506E-06  2.58224760E-03
  6.46571398E+00 -1.40764948E-03 -1.60632864E-01  2.58029182E-03  1.98147700E-06  2.58227321E-03
  6.46671391E+00 -1.56827539E-03 -1.60618782E-01  2.57983943E-03  2.45948763E-06  2.58229882E-03
  6.46771383E+00 -1.72888639E-03 -1.60603106E-01  2.57933582E-03  2.98904820E-06  2.58232490E-03
  6.46871376E+00 -1.88948086E-03 -1.60585821E-01  2.57878075E-03  3.57013801E-06  2.58235098E-03
  6.46971369E+00 -2.05005705E-03 -1.60566926E-01  2.57817376E-03  4.20273409E-06  2.58237659E-03
  6.47071362E+00 -2.21061381E-03 -1.60546422E-01  2.57751532E-03  4.88681326E-06  2.58240220E-03
  6.47171354E+00 -2.37114937E-03 -1.60524309E-01  2.57680542E-03  5.62234936E-06  2.58242781E-03
  6.47271347E+00 -2.53166188E-03 -1.60500601E-01  2.57604429E-03  6.40931194E-06  2.58245366E-03
  6.47371340E+00 -2.69214995E-03 -1.60475284E-01  2.57523172E-03  7.24767142E-06  2.58247950E-03
  6.47471333E+00 -2.85261171E-03 -1.60448357E-01  2.57436745E-03  8.13739371E-06  2.58250488E-03
  6.47571325E+00 -3.01304576E-03 -1.60419837E-01  2.57345242E-03  9.07844515E-06  2.58253096E-03
  6.47671318E+00 -3.17345047E-03 -1.60389706E-01  2.57248594E-03  1.00707875E-05  2.58255680E-03
  6.47771311E+00 -3.33382445E-03 -1.60357967E-01  2.57146778E-03  1.11143854E-05  2.58258218E-03
  6.47871304E+00 -3.49416560E-03 -1.60324633E-01  2.57039885E-03  1.22091933E-05  2.58260802E-03
  6.47971296E+00 -3.65447276E-03 -1.60289690E-01  2.56927847E-03  1.33551712E-05  2.58263364E-03
  6.48071289E+00 -3.81474430E-03 -1.60253152E-01  2.56810733E-03  1.45522745E-05  2.58265971E-03
  6.48171282E+00 -3.97497835E-03 -1.60215005E-01  2.56688497E-03  1.58004532E-05  2.58268532E-03
  6.48271275E+00 -4.13517328E-03 -1.60175249E-01  2.56561092E-03  1.70996573E-05  2.58271047E-03
  6.48371267E+00 -4.29532817E-03 -1.60133898E-01  2.56428658E-03  1.84498440E-05  2.58273631E-03
  6.48471260E+00 -4.45544068E-03 -1.60090938E-01  2.56291102E-03  1.98509515E-05  2.58276192E-03
  6.48571253E+00 -4.61550942E-03 -1.60046384E-01  2.56148446E-03  2.13029271E-05  2.58278730E-03
  6.48671246E+00 -4.77553252E-03 -1.60000235E-01  2.56000762E-03  2.28057106E-05  2.58281338E-03
  6.48771238E+00 -4.93550906E-03 -1.59952477E-01  2.55847955E-03  2.43592494E-05  2.58283876E-03
  6.48871231E+00 -5.09543670E-03 -1.59903124E-01  2.55690096E-03  2.59634744E-05  2.58286437E-03
  6.48971224E+00 -5.25531406E-03 -1.59852177E-01  2.55527184E-03  2.76183255E-05  2.58289021E-03
  6.49071217E+00 -5.41514019E-03 -1.59799621E-01  2.55359197E-03  2.93237426E-05  2.58291583E-03
  6.49171209E+00 -5.57491276E-03 -1.59745470E-01  2.55186157E-03  3.10796531E-05  2.58294120E-03
  6.49271202E+00 -5.73463039E-03 -1.59689724E-01  2.55008088E-03  3.28859860E-05  2.58296682E-03
  6.49371195E+00 -5.89429121E-03 -1.59632385E-01  2.54824990E-03  3.47426685E-05  2.58299266E-03
  6.49471188E+00 -6.05389429E-03 -1.59573436E-01  2.54636817E-03  3.66496351E-05  2.58301781E-03
  6.49571180E+00 -6.21343730E-03 -1.59512892E-01  2.54443637E-03  3.86068023E-05  2.58304318E-03
  6.49671173E+00 -6.37291884E-03 -1.59450755E-01  2.54245452E-03  4.06140935E-05  2.58306856E-03
  6.49771166E+00 -6.53233798E-03 -1.59387022E-01  2.54042237E-03  4.26714396E-05  2.58309371E-03
  6.49871159E+00 -6.69169240E-03 -1.59321696E-01  2.53834040E-03  4.47787461E-05  2.58311909E-03
  6.49971151E+00 -6.85098069E-03 -1.59254774E-01  2.53620837E-03  4.69359366E-05  2.58314423E-03
  6.50071144E+00 -7.01020099E-03 -1.59186259E-01  2.53402651E-03  4.91429164E-05  2.58316938E-03
  6.50171137E+00 -7.16935238E-03 -1.59116164E-01  2.53179553E-03  5.13996129E-05  2.58319522E-03
  6.50271130E+00 -7.32843252E-03 -1.59044474E-01  2.52951449E-03  5.37059241E-05  2.58322037E-03
  6.50371122E+00 -7.48744002E-03 -1.58971190E-01  2.52718385E-03  5.60617591E-05  2.58324551E-03
  6.50471115E+00 -7.64637394E-03 -1.58896312E-01  2.52480386E-03  5.84670343E-05  2.58327089E-03
  6.50571108E+00 -7.80523196E-03 -1.58819854E-01  2.52237474E-03  6.09216477E-05  2.58329627E-03
  6.50671101E+00 -7.96401314E-03 -1.58741802E-01  2.51989602E-03  6.34255048E-05  2.58332142E-03
  6.50771093E+00 -8.12271517E-03 -1.58662155E-01  2.51736795E-03  6.59785001E-05  2.58334633E-03
  6.50871086E+00 -8.28133617E-03 -1.58580929E-01  2.51479121E-03  6.85805280E-05  2.58337171E-03
  6.50971079E+00 -8.43987614E-03 -1.58498108E-01  2.51216511E-03  7.12315086E-05  2.58339662E-03
  6.51071072E+00 -8.59833229E-03 -1.58413708E-01  2.50949035E-03  7.39313182E-05  2.58342177E-03
  6.51171064E+00 -8.75670277E-03 -1.58327729E-01  2.50676717E-03  7.66798403E-05  2.58344691E-03
  6.51271057E+00 -8.91498663E-03 -1.58240154E-01  2.50399462E-03  7.94769876E-05  2.58347159E-03
  6.51371050E+00 -9.07318201E-03 -1.58151001E-01  2.50117388E-03  8.23226292E-05  2.58349651E-03
  6.51471043E+00 -9.23128705E-03 -1.58060268E-01  2.49830494E-03  8.52166631E-05  2.58352165E-03
  6.51571035E+00 -9.38930083E-03 -1.57967955E-01  2.49538757E-03  8.81589731E-05  2.58354656E-03
  6.51671028E+00 -9.54722241E-03 -1.57874063E-01  2.49242201E-03  9.11494571E-05  2.58357148E-03
  6.51771021E+00 -9.70504899E-03 -1.57778591E-01  2.48940825E-03  9.41879771E-05  2.58359616E-03
  6.51871014E+00 -9.86277871E-03 -1.57681540E-01  2.48634699E-03  9.72744019E-05  2.58362130E-03
  6.51971006E+00 -1.00204106E-02 -1.57582909E-01  2.48323730E-03  1.00408630E-04  2.58364598E-03
  6.52070999E+00 -1.01779429E-02 -1.57482699E-01  2.48008012E-03  1.03590522E-04  2.58367066E-03
  6.52170992E+00 -1.03353746E-02 -1.57380924E-01  2.47687544E-03  1.06819971E-04  2.58369534E-03
  6.52270985E+00 -1.04927039E-02 -1.57277569E-01  2.47362326E-03  1.10096837E-04  2.58372002E-03
  6.52370977E+00 -1.06499298E-02 -1.57172635E-01  2.47032382E-03  1.13421003E-04  2.58374494E-03
  6.52470970E+00 -1.08070495E-02 -1.57066137E-01  2.46697734E-03  1.16792318E-04  2.58376962E-03
  6.52570963E+00 -1.09640611E-02 -1.56958073E-01  2.46358360E-03  1.20210636E-04  2.58379430E-03
  6.52670956E+00 -1.11209638E-02 -1.56848431E-01  2.46014306E-03  1.23675840E-04  2.58381898E-03
  6.52770948E+00 -1.12777567E-02 -1.56737223E-01  2.45665573E-03  1.27187799E-04  2.58384342E-03
  6.52870941E+00 -1.14344368E-02 -1.56624451E-01  2.45312206E-03  1.30746339E-04  2.58386834E-03
  6.52970934E+00 -1.15910042E-02 -1.56510100E-01  2.44954112E-03  1.34351372E-04  2.58389255E-03
  6.53070927E+00 -1.17474562E-02 -1.56394184E-01  2.44591408E-03  1.38002724E-04  2.58391676E-03
  6.53170919E+00 -1.19037917E-02 -1.56276703E-01  2.44224072E-03  1.41700250E-04  2.58394098E-03
  6.53270912E+00 -1.20600089E-02 -1.56157672E-01  2.43852194E-03  1.45443817E-04  2.58396566E-03
  6.53370905E+00 -1.22161061E-02 -1.56037077E-01  2.43475707E-03  1.49233252E-04  2.58399034E-03
  6.53470898E+00 -1.23720821E-02 -1.55914918E-01  2.43094633E-03  1.53068409E-04  2.58401479E-03
  6.53570890E+00 -1.25279352E-02 -1.55791193E-01  2.42708973E-03  1.56949158E-04  2.58403877E-03
  6.53670883E+00 -1.26836644E-02 -1.55665919E-01  2.42318795E-03  1.60875337E-04  2.58406322E-03
  6.53770876E+00 -1.28392670E-02 -1.55539081E-01  2.41924054E-03  1.64846773E-04  2.58408720E-03
  6.53870869E+00 -1.29947420E-02 -1.55410692E-01  2.41524843E-03  1.68863320E-04  2.58411164E-03
  6.53970861E+00 -1.31500876E-02 -1.55280739E-01  2.41121068E-03  1.72924803E-04  2.58413539E-03
  6.54070854E+00 -1.33053018E-02 -1.55149236E-01  2.40712869E-03  1.77031048E-04  2.58415984E-03
  6.54170847E+00 -1.34603847E-02 -1.55016184E-01  2.40300177E-03  1.81181953E-04  2.58418382E-03
  6.54270840E+00 -1.36153335E-02 -1.54881582E-01  2.39883061E-03  1.85377299E-04  2.58420780E-03
  6.54370832E+00 -1.37701472E-02 -1.54745430E-01  2.39461474E-03  1.89616956E-04  2.58423178E-03
  6.54470825E+00 -1.39248241E-02 -1.54607728E-01  2.39035487E-03  1.93900720E-04  2.58425553E-03
  6.54570818E+00 -1.40793622E-02 -1.54468477E-01  2.38605100E-03  1.98228445E-04  2.58427951E-03
  6.54670811E+00 -1.42337596E-02 -1.54327691E-01  2.38170358E-03  2.02599913E-04  2.58430350E-03
  6.54770803E+00 -1.43880164E-02 -1.54185355E-01  2.37731240E-03  2.07015022E-04  2.58432748E-03
  6.54870796E+00 -1.45421298E-02 -1.54041469E-01  2.37287744E-03  2.11473540E-04  2.58435099E-03
  6.54970789E+00 -1.46960989E-02 -1.53896049E-01  2.36839941E-03  2.15975320E-04  2.58437474E-03
  6.55070782E+00 -1.48499217E-02 -1.53749093E-01  2.36387830E-03  2.20520174E-04  2.58439849E-03
  6.55170774E+00 -1.50035964E-02 -1.53600588E-01  2.35931412E-03  2.25107913E-04  2.58442201E-03
  6.55270767E+00 -1.51571212E-02 -1.53450549E-01  2.35470710E-03  2.29738318E-04  2.58444552E-03
  6.55370760E+00 -1.53104961E-02 -1.53298974E-01  2.35005748E-03  2.34411287E-04  2.58446881E-03
  6.55470753E+00 -1.54637191E-02 -1.53145865E-01  2.34536570E-03  2.39126603E-04  2.58449232E-03
  6.55570745E+00 -1.56167876E-02 -1.52991220E-01  2.34063133E-03  2.43884060E-04  2.58451537E-03
  6.55670738E+00 -1.57697015E-02 -1.52835056E-01  2.33585550E-03  2.48683471E-04  2.58453889E-03
  6.55770731E+00 -1.59224588E-02 -1.52677357E-01  2.33103777E-03  2.53524689E-04  2.58456240E-03
  6.55870724E+00 -1.60750560E-02 -1.52518138E-01  2.32617813E-03  2.58407439E-04  2.58458545E-03
  6.55970716E+00 -1.62274949E-02 -1.52357385E-01  2.32127728E-03  2.63331603E-04  2.58460897E-03
  6.56070709E+00 -1.63797699E-02 -1.52195111E-01  2.31633522E-03  2.68296862E-04  2.58463202E-03
  6.56170702E+00 -1.65318828E-02 -1.52031317E-01  2.31135217E-03  2.73303158E-04  2.58465530E-03
  6.56270695E+00 -1.66838318E-02 -1.51866004E-01  2.30632839E-03  2.78350257E-04  2.58467859E-03
  6.56370687E+00 -1.68356132E-02 -1.51699170E-01  2.30126386E-03  2.83437868E-04  2.58470164E-03
  6.56470680E+00 -1.69872288E-02 -1.51530817E-01  2.29615881E-03  2.88565934E-04  2.58472469E-03
  6.56570673E+00 -1.71386730E-02 -1.51360944E-01  2.29101349E-03  2.93734105E-04  2.58474750E-03
  6.56670666E+00 -1.72899477E-02 -1.51189551E-01  2.28582812E-03  2.98942294E-04  2.58477032E-03
  6.56770658E+00 -1.74410511E-02 -1.51016653E-01  2.28060293E-03  3.04190267E-04  2.58479314E-03
  6.56870651E+00 -1.75919794E-02 -1.50842249E-01  2.27533840E-03  3.09477735E-04  2.58481619E-03
  6.56970644E+00 -1.77427344E-02 -1.50666326E-01  2.27003428E-03  3.14804638E-04  2.58483901E-03
  6.57070637E+00 -1.78933106E-02 -1.50488898E-01  2.26469082E-03  3.20170569E-04  2.58486136E-03
  6.57170630E+00 -1.80437099E-02 -1.50309965E-01  2.25930847E-03  3.25575471E-04  2.58488394E-03
  6.57270622E+00 -1.81939304E-02 -1.50129527E-01  2.25388748E-03  3.31019110E-04  2.58490653E-03
  6.57370615E+00 -1.83439683E-02 -1.49947584E-01  2.24842783E-03  3.36501165E-04  2.58492911E-03
  6.57470608E+00 -1.84938256E-02 -1.49764150E-01  2.24293000E-03  3.42021580E-04  2.58495146E-03
  6.57570601E+00 -1.86434966E-02 -1.49579212E-01  2.23739422E-03  3.47579975E-04  2.58497428E-03
  6.57670593E+00 -1.87929831E-02 -1.49392784E-01  2.23182025E-03  3.53176205E-04  2.58499640E-03
  6.57770586E+00 -1.89422835E-02 -1.49204850E-01  2.22620880E-03  3.58810095E-04  2.58501898E-03
  6.57870579E+00 -1.90913938E-02 -1.49015427E-01  2.22055963E-03  3.64481326E-04  2.58504087E-03
  6.57970572E+00 -1.92403141E-02 -1.48824513E-01  2.21487368E-03  3.70189693E-04  2.58506346E-03
  6.58070564E+00 -1.93890426E-02 -1.48632109E-01  2.20915047E-03  3.75934964E-04  2.58508534E-03
  6.58170557E+00 -1.95375774E-02 -1.48438215E-01  2.20339047E-03  3.81716934E-04  2.58510746E-03
  6.58270550E+00 -1.96859185E-02 -1.48242846E-01  2.19759415E-03  3.87535372E-04  2.58512958E-03
  6.58370543E+00 -1.98340621E-02 -1.48045987E-01  2.19176151E-03  3.93390015E-04  2.58515147E-03
  6.58470535E+00 -1.99820101E-02 -1.47847652E-01  2.18589301E-03  3.99280718E-04  2.58517382E-03
  6.58570528E+00 -2.01297570E-02 -1.47647828E-01  2.17998819E-03  4.05207131E-04  2.58519524E-03
  6.58670521E+00 -2.02773046E-02 -1.47446528E-01  2.17404799E-03  4.11169080E-04  2.58521712E-03
  6.58770514E+00 -2.04246510E-02 -1.47243753E-01  2.16807215E-03  4.17166360E-04  2.58523854E-03
  6.58870506E+00 -2.05717925E-02 -1.47039503E-01  2.16206163E-03  4.23198653E-04  2.58526020E-03
  6.58970499E+00 -2.07187291E-02 -1.46833792E-01  2.15601618E-03  4.29265725E-04  2.58528185E-03
  6.59070492E+00 -2.08654590E-02 -1.46626607E-01  2.14993628E-03  4.35367372E-04  2.58530374E-03
  6.59170485E+00 -2.10119821E-02 -1.46417946E-01  2.14382145E-03  4.41503391E-04  2.58532492E-03
  6.59270477E+00 -2.11582966E-02 -1.46207824E-01  2.13767285E-03  4.47673519E-04  2.58534634E-03
  6.59370470E+00 -2.13043988E-02 -1.45996243E-01  2.13149027E-03  4.53877408E-04  2.58536777E-03
  6.59470463E+00 -2.14502886E-02 -1.45783201E-01  2.12527416E-03  4.60114883E-04  2.58538895E-03
  6.59570456E+00 -2.15959642E-02 -1.45568699E-01  2.11902475E-03  4.66385682E-04  2.58541037E-03
  6.59670448E+00 -2.17414256E-02 -1.45352736E-01  2.11274181E-03  4.72689600E-04  2.58543133E-03
  6.59770441E+00 -2.18866710E-02 -1.45135328E-01  2.10642628E-03  4.79026377E-04  2.58545275E-03
  6.59870434E+00 -2.20316965E-02 -1.44916460E-01  2.10007816E-03  4.85395663E-04  2.58547394E-03
  6.59970427E+00 -2.21765023E-02 -1.44696146E-01  2.09369767E-03  4.91797226E-04  2.58549489E-03
  6.60070419E+00 -2.23210864E-02 -1.44474387E-01  2.08728481E-03  4.98230918E-04  2.58551585E-03
  6.60170412E+00 -2.24654488E-02 -1.44251183E-01  2.08084052E-03  5.04696392E-04  2.58553680E-03
  6.60270405E+00 -2.26095878E-02 -1.44026533E-01  2.07436434E-03  5.11193473E-04  2.58555776E-03
  6.60370398E+00 -2.27535013E-02 -1.43800437E-01  2.06785649E-03  5.17721812E-04  2.58557824E-03
  6.60470390E+00 -2.28971876E-02 -1.43572897E-01  2.06131767E-03  5.24281175E-04  2.58559873E-03
  6.60570383E+00 -2.30406467E-02 -1.43343925E-01  2.05474813E-03  5.30871388E-04  2.58561946E-03
  6.60670376E+00 -2.31838748E-02 -1.43113524E-01  2.04814808E-03  5.37492044E-04  2.58564018E-03
  6.60770369E+00 -2.33268719E-02 -1.42881691E-01  2.04151776E-03  5.44142968E-04  2.58566067E-03
  6.60870361E+00 -2.34696362E-02 -1.42648429E-01  2.03485764E-03  5.50823810E-04  2.58568139E-03
  6.60970354E+00 -2.36121677E-02 -1.42413735E-01  2.02816725E-03  5.57534455E-04  2.58570164E-03
  6.61070347E+00 -2.37544645E-02 -1.42177612E-01  2.02144752E-03  5.64274611E-04  2.58572213E-03
  6.61170340E+00 -2.38965228E-02 -1.41940072E-01  2.01469846E-03  5.71043813E-04  2.58574216E-03
  6.61270332E+00 -2.40383446E-02 -1.41701102E-01  2.00792030E-03  5.77842002E-04  2.58576218E-03
  6.61370325E+00 -2.41799243E-02 -1.41460717E-01  2.00111349E-03  5.84668713E-04  2.58578220E-03
  6.61470318E+00 -2.43212637E-02 -1.41218916E-01  1.99427828E-03  5.91523887E-04  2.58580223E-03
  6.61570311E+00 -2.44623609E-02 -1.40975699E-01  1.98741490E-03  5.98407118E-04  2.58582202E-03
  6.61670303E+00 -2.46032141E-02 -1.40731081E-01  1.98052381E-03  6.05318171E-04  2.58584204E-03
  6.61770296E+00 -2.47438215E-02 -1.40485048E-01  1.97360502E-03  6.12256699E-04  2.58586183E-03
  6.61870289E+00 -2.48841830E-02 -1.40237615E-01  1.96665875E-03  6.19222585E-04  2.58588139E-03
  6.61970282E+00 -2.50242967E-02 -1.39988780E-01  1.95968593E-03  6.26215420E-04  2.58590141E-03
  6.62070274E+00 -2.51641609E-02 -1.39738530E-01  1.95268565E-03  6.33234973E-04  2.58592051E-03
  6.62170267E+00 -2.53037736E-02 -1.39486894E-01  1.94565940E-03  6.40280952E-04  2.58594030E-03
  6.62270260E+00 -2.54431330E-02 -1.39233857E-01  1.93860661E-03  6.47353008E-04  2.58595962E-03
  6.62370253E+00 -2.55822409E-02 -1.38979420E-01  1.93152798E-03  6.54451025E-04  2.58597895E-03
  6.62470245E+00 -2.57210918E-02 -1.38723597E-01  1.92442373E-03  6.61574537E-04  2.58599827E-03
  6.62570238E+00 -2.58596875E-02 -1.38466388E-01  1.91729411E-03  6.68723427E-04  2.58601760E-03
  6.62670231E+00 -2.59980261E-02 -1.38207793E-01  1.91013946E-03  6.75897347E-04  2.58603692E-03
  6.62770224E+00 -2.61361040E-02 -1.37947813E-01  1.90295989E-03  6.83095946E-04  2.58605578E-03
  6.62870216E+00 -2.62739211E-02 -1.37686446E-01  1.89575576E-03  6.90318935E-04  2.58607464E-03
  6.62970209E+00 -2.64114756E-02 -1.37423709E-01  1.88852753E-03  6.97566022E-04  2.58609350E-03
  6.63070202E+00 -2.65487675E-02 -1.37159601E-01  1.88127568E-03  7.04837032E-04  2.58611282E-03
  6.63170195E+00 -2.66857948E-02 -1.36894107E-01  1.87399972E-03  7.12131674E-04  2.58613145E-03
  6.63270187E+00 -2.68225539E-02 -1.36627242E-01  1.86670036E-03  7.19449425E-04  2.58614984E-03
  6.63370180E+00 -2.69590467E-02 -1.36359021E-01  1.85937830E-03  7.26790226E-04  2.58616847E-03
  6.63470173E+00 -2.70952713E-02 -1.36089429E-01  1.85203331E-03  7.34153728E-04  2.58618710E-03
  6.63570166E+00 -2.72312239E-02 -1.35818481E-01  1.84466597E-03  7.41539581E-04  2.58620549E-03
  6.63670158E+00 -2.73669064E-02 -1.35546163E-01  1.83727627E-03  7.48947554E-04  2.58622388E-03
  6.63770151E+00 -2.75023170E-02 -1.35272488E-01  1.82986469E-03  7.56377412E-04  2.58624204E-03
  6.63870144E+00 -2.76374519E-02 -1.34997472E-01  1.82243180E-03  7.63828750E-04  2.58626044E-03
  6.63970137E+00 -2.77723111E-02 -1.34721100E-01  1.81497750E-03  7.71301275E-04  2.58627883E-03
  6.64070129E+00 -2.79068928E-02 -1.34443372E-01  1.80750212E-03  7.78794638E-04  2.58629676E-03
  6.64170122E+00 -2.80411970E-02 -1.34164304E-01  1.80000614E-03  7.86308723E-04  2.58631492E-03
  6.64270115E+00 -2.81752218E-02 -1.33883893E-01  1.79248978E-03  7.93843123E-04  2.58633285E-03
  6.64370108E+00 -2.83089634E-02 -1.33602142E-01  1.78495329E-03  8.01397429E-04  2.58635078E-03
  6.64470100E+00 -2.84424238E-02 -1.33319050E-01  1.77739689E-03  8.08971468E-04  2.58636847E-03
  6.64570093E+00 -2.85756011E-02 -1.33034632E-01  1.76982139E-03  8.16564949E-04  2.58638640E-03
  6.64670086E+00 -2.87084915E-02 -1.32748872E-01  1.76222622E-03  8.24177463E-04  2.58640363E-03
  6.64770079E+00 -2.88410969E-02 -1.32461786E-01  1.75461255E-03  8.31808895E-04  2.58642156E-03
  6.64870071E+00 -2.89734155E-02 -1.32173374E-01  1.74698012E-03  8.39458779E-04  2.58643879E-03
  6.64970064E+00 -2.91054435E-02 -1.31883636E-01  1.73932931E-03  8.47126823E-04  2.58645602E-03
  6.65070057E+00 -2.92371809E-02 -1.31592587E-01  1.73166103E-03  8.54812737E-04  2.58647371E-03
  6.65170050E+00 -2.93686278E-02 -1.31300211E-01  1.72397459E-03  8.62516288E-04  2.58649094E-03
  6.65270042E+00 -2.94997804E-02 -1.31006524E-01  1.71627093E-03  8.70237069E-04  2.58650794E-03
  6.65370035E+00 -2.96306405E-02 -1.30711526E-01  1.70855038E-03  8.77974846E-04  2.58652517E-03
  6.65470028E+00 -2.97612026E-02 -1.30415216E-01  1.70081295E-03  8.85729154E-04  2.58654216E-03
  6.65570021E+00 -2.98914686E-02 -1.30117610E-01  1.69305934E-03  8.93499877E-04  2.58655916E-03
  6.65670013E+00 -3.00214365E-02 -1.29818693E-01  1.68528932E-03  9.01286665E-04  2.58657592E-03
  6.65770006E+00 -3.01511046E-02 -1.29518479E-01  1.67750369E-03  9.09089111E-04  2.58659292E-03
  6.65869999E+00 -3.02804727E-02 -1.29216969E-01  1.66970247E-03  9.16907040E-04  2.58660945E-03
  6.65969992E+00 -3.04095391E-02 -1.28914163E-01  1.66188611E-03  9.24740045E-04  2.58662621E-03
  6.66069984E+00 -3.05383001E-02 -1.28610075E-01  1.65405520E-03  9.32587776E-04  2.58664298E-03
  6.66169977E+00 -3.06667574E-02 -1.28304690E-01  1.64620939E-03  9.40450002E-04  2.58665951E-03
  6.66269970E+00 -3.07949092E-02 -1.27998024E-01  1.63834938E-03  9.48326429E-04  2.58667581E-03
  6.66369963E+00 -3.09227519E-02 -1.27690077E-01  1.63047563E-03  9.56216594E-04  2.58669211E-03
  6.66469955E+00 -3.10502872E-02 -1.27380848E-01  1.62258802E-03  9.64120321E-04  2.58670840E-03
  6.66569948E+00 -3.11775133E-02 -1.27070352E-01  1.61468738E-03  9.72037320E-04  2.58672470E-03
  6.66669941E+00 -3.13044265E-02 -1.26758575E-01  1.60677359E-03  9.79967066E-04  2.58674053E-03
  6.66769934E+00 -3.14310268E-02 -1.26445532E-01  1.59884733E-03  9.87909385E-04  2.58675683E-03
  6.66869926E+00 -3.15573141E-02 -1.26131222E-01  1.59090851E-03  9.95864044E-04  2.58677267E-03
  6.66969919E+00 -3.16832885E-02 -1.25815645E-01  1.58295769E-03  1.00383081E-03  2.58678850E-03
  6.67069912E+00 -3.18089426E-02 -1.25498816E-01  1.57499535E-03  1.01180887E-03  2.58680433E-03
  6.67169905E+00 -3.19342799E-02 -1.25180721E-01  1.56702136E-03  1.01979822E-03  2.58681970E-03
  6.67269897E+00 -3.20593007E-02 -1.24861382E-01  1.55903655E-03  1.02779875E-03  2.58683530E-03
  6.67369890E+00 -3.21840011E-02 -1.24540791E-01  1.55104080E-03  1.03580987E-03  2.58685066E-03
  6.67469883E+00 -3.23083811E-02 -1.24218948E-01  1.54303468E-03  1.04383146E-03  2.58686626E-03
  6.67569876E+00 -3.24324407E-02 -1.23895861E-01  1.53501844E-03  1.05186319E-03  2.58688163E-03
  6.67669868E+00 -3.25561725E-02 -1.23571537E-01  1.52699254E-03  1.05990435E-03  2.58689700E-03
  6.67769861E+00 -3.26795802E-02 -1.23245977E-01  1.51895708E-03  1.06795493E-03  2.58691190E-03
  6.67869854E+00 -3.28026637E-02 -1.22919179E-01  1.51091244E-03  1.07601471E-03  2.58692726E-03
  6.67969847E+00 -3.29254195E-02 -1.22591153E-01  1.50285906E-03  1.08408323E-03  2.58694217E-03
  6.68069839E+00 -3.30478474E-02 -1.22261897E-01  1.49479718E-03  1.09216024E-03  2.58695753E-03
  6.68169832E+00 -3.31699438E-02 -1.21931419E-01  1.48672715E-03  1.10024516E-03  2.58697243E-03
  6.68269825E+00 -3.32917087E-02 -1.21599719E-01  1.47864921E-03  1.10833789E-03  2.58698710E-03
  6.68369818E+00 -3.34131420E-02 -1.21266805E-01  1.47056382E-03  1.11643807E-03  2.58700177E-03
  6.68469810E+00 -3.35342400E-02 -1.20932676E-01  1.46247121E-03  1.12454523E-03  2.58701644E-03
  6.68569803E+00 -3.36550064E-02 -1.20597333E-01  1.45437173E-03  1.13265950E-03  2.58703111E-03
  6.68669796E+00 -3.37754376E-02 -1.20260783E-01  1.44626561E-03  1.14078016E-03  2.58704578E-03
  6.68769789E+00 -3.38955298E-02 -1.19923025E-01  1.43815321E-03  1.14890689E-03  2.58705998E-03
  6.68869781E+00 -3.40152867E-02 -1.19584069E-01  1.43003499E-03  1.15703978E-03  2.58707488E-03
  6.68969774E+00 -3.41347009E-02 -1.19243912E-01  1.42191106E-03  1.16517779E-03  2.58708885E-03
  6.69069767E+00 -3.42537723E-02 -1.18902564E-01  1.41378201E-03  1.17332092E-03  2.58710282E-03
  6.69169760E+00 -3.43725048E-02 -1.18560024E-01  1.40564796E-03  1.18146907E-03  2.58711702E-03
  6.69269753E+00 -3.44908945E-02 -1.18216299E-01  1.39750936E-03  1.18962175E-03  2.58713122E-03
  6.69369745E+00 -3.46089378E-02 -1.17871389E-01  1.38936646E-03  1.19777862E-03  2.58714519E-03
  6.69469738E+00 -3.47266383E-02 -1.17525302E-01  1.38121971E-03  1.20593945E-03  2.58715916E-03
  6.69569731E+00 -3.48439887E-02 -1.17178038E-01  1.37306924E-03  1.21410354E-03  2.58717267E-03
  6.69669724E+00 -3.49609926E-02 -1.16829596E-01  1.36491552E-03  1.22227101E-03  2.58718664E-03
  6.69769716E+00 -3.50776464E-02 -1.16479985E-01  1.35675876E-03  1.23044127E-03  2.58720014E-03
  6.69869709E+00 -3.51939499E-02 -1.16129212E-01  1.34859944E-03  1.23861409E-03  2.58721365E-03
  6.69969702E+00 -3.53099033E-02 -1.15777269E-01  1.34043756E-03  1.24678924E-03  2.58722669E-03
  6.70069695E+00 -3.54255065E-02 -1.15424171E-01  1.33227394E-03  1.25496648E-03  2.58724042E-03
  6.70169687E+00 -3.55407521E-02 -1.15069918E-01  1.32410869E-03  1.26314501E-03  2.58725369E-03
  6.70269680E+00 -3.56556438E-02 -1.14714511E-01  1.31594192E-03  1.27132493E-03  2.58726673E-03
  6.70369673E+00 -3.57701778E-02 -1.14357956E-01  1.30777422E-03  1.27950567E-03  2.58727977E-03
  6.70469666E+00 -3.58843580E-02 -1.14000253E-01  1.29960582E-03  1.28768710E-03  2.58729281E-03
  6.70569658E+00 -3.59981805E-02 -1.13641411E-01  1.29143707E-03  1.29586901E-03  2.58730608E-03
  6.70669651E+00 -3.61116417E-02 -1.13281429E-01  1.28326833E-03  1.30405067E-03  2.58731889E-03
  6.70769644E+00 -3.62247452E-02 -1.12920314E-01  1.27509970E-03  1.31223211E-03  2.58733192E-03
  6.70869637E+00 -3.63374837E-02 -1.12558067E-01  1.26693188E-03  1.32041273E-03  2.58734450E-03
  6.70969629E+00 -3.64498608E-02 -1.12194695E-01  1.25876500E-03  1.32859231E-03  2.58735730E-03
  6.71069622E+00 -3.65618728E-02 -1.11830197E-01  1.25059939E-03  1.33677060E-03  2.58737011E-03
  6.71169615E+00 -3.66735198E-02 -1.11464575E-01  1.24243519E-03  1.34494703E-03  2.58738222E-03
  6.71269608E+00 -3.67848016E-02 -1.11097842E-01  1.23427308E-03  1.35312160E-03  2.58739479E-03
  6.71369600E+00 -3.68957184E-02 -1.10729992E-01  1.22611306E-03  1.36129407E-03  2.58740713E-03
  6.71469593E+00 -3.70062627E-02 -1.10361032E-01  1.21795572E-03  1.36946351E-03  2.58741924E-03
  6.71569586E+00 -3.71164382E-02 -1.09990969E-01  1.20980141E-03  1.37762993E-03  2.58743134E-03
  6.71669579E+00 -3.72262411E-02 -1.09619804E-01  1.20165013E-03  1.38579297E-03  2.58744322E-03
  6.71769571E+00 -3.73356752E-02 -1.09247543E-01  1.19350257E-03  1.39395264E-03  2.58745532E-03
  6.71869564E+00 -3.74447368E-02 -1.08874187E-01  1.18535885E-03  1.40210835E-03  2.58746720E-03
  6.71969557E+00 -3.75534259E-02 -1.08499743E-01  1.17721944E-03  1.41025975E-03  2.58747907E-03
  6.72069550E+00 -3.76617387E-02 -1.08124211E-01  1.16908445E-03  1.41840661E-03  2.58749118E-03
  6.72169542E+00 -3.77696715E-02 -1.07747592E-01  1.16095447E-03  1.42654811E-03  2.58750259E-03
  6.72269535E+00 -3.78772281E-02 -1.07369892E-01  1.15282938E-03  1.43468438E-03  2.58751377E-03
  6.72369528E+00 -3.79844084E-02 -1.06991120E-01  1.14471000E-03  1.44281529E-03  2.58752517E-03
  6.72469521E+00 -3.80912088E-02 -1.06611274E-01  1.13659643E-03  1.45094015E-03  2.58753658E-03
  6.72569513E+00 -3.81976292E-02 -1.06230363E-01  1.12848904E-03  1.45905884E-03  2.58754799E-03
  6.72669506E+00 -3.83036695E-02 -1.05848387E-01  1.12038816E-03  1.46717113E-03  2.58755917E-03
  6.72769499E+00 -3.84093262E-02 -1.05465353E-01  1.11229415E-03  1.47527631E-03  2.58757034E-03
  6.72869492E+00 -3.85145992E-02 -1.05081260E-01  1.10420713E-03  1.48337439E-03  2.58758152E-03
  6.72969484E+00 -3.86194885E-02 -1.04696117E-01  1.09612779E-03  1.49146491E-03  2.58759269E-03
  6.73069477E+00 -3.87239903E-02 -1.04309924E-01  1.08805613E-03  1.49954739E-03  2.58760341E-03
  6.73169470E+00 -3.88281047E-02 -1.03922687E-01  1.07999251E-03  1.50762172E-03  2.58761412E-03
  6.73269463E+00 -3.89318354E-02 -1.03534408E-01  1.07193738E-03  1.51568779E-03  2.58762529E-03
  6.73369455E+00 -3.90351750E-02 -1.03145093E-01  1.06389110E-03  1.52374490E-03  2.58763600E-03
  6.73469448E+00 -3.91381271E-02 -1.02754742E-01  1.05585379E-03  1.53179304E-03  2.58764671E-03
  6.73569441E+00 -3.92406844E-02 -1.02363363E-01  1.04782579E-03  1.53983128E-03  2.58765696E-03
  6.73669434E+00 -3.93428504E-02 -1.01970956E-01  1.03980757E-03  1.54785987E-03  2.58766743E-03
  6.73769426E+00 -3.94446254E-02 -1.01577528E-01  1.03179947E-03  1.55587844E-03  2.58767791E-03
  6.73869419E+00 -3.95460054E-02 -1.01183079E-01  1.02380151E-03  1.56388653E-03  2.58768816E-03
  6.73969412E+00 -3.96469906E-02 -1.00787617E-01  1.01581437E-03  1.57188391E-03  2.58769840E-03
  6.74069405E+00 -3.97475809E-02 -1.00391150E-01  1.00783829E-03  1.57987024E-03  2.58770864E-03
  6.74169397E+00 -3.98477763E-02 -9.99936759E-02  9.99873504E-04  1.58784527E-03  2.58771889E-03
  6.74269390E+00 -3.99475731E-02 -9.95951965E-02  9.91920359E-04  1.59580854E-03  2.58772890E-03
  6.74369383E+00 -4.00469676E-02 -9.91957188E-02  9.83979087E-04  1.60375959E-03  2.58773868E-03
  6.74469376E+00 -4.01459634E-02 -9.87952501E-02  9.76050214E-04  1.61169842E-03  2.58774869E-03
  6.74569368E+00 -4.02445570E-02 -9.83937904E-02  9.68133856E-04  1.61962432E-03  2.58775824E-03
  6.74669361E+00 -4.03427482E-02 -9.79913473E-02  9.60230478E-04  1.62753731E-03  2.58776778E-03
  6.74769354E+00 -4.04405370E-02 -9.75879207E-02  9.52340197E-04  1.63543702E-03  2.58777710E-03
  6.74869347E+00 -4.05379236E-02 -9.71835181E-02  9.44463653E-04  1.64332322E-03  2.58778688E-03
  6.74969339E+00 -4.06349078E-02 -9.67781395E-02  9.36600845E-04  1.65119569E-03  2.58779665E-03
  6.75069332E+00 -4.07314822E-02 -9.63717923E-02  9.28752241E-04  1.65905361E-03  2.58780597E-03
  6.75169325E+00 -4.08276506E-02 -9.59644765E-02  9.20918130E-04  1.66689709E-03  2.58781528E-03
  6.75269318E+00 -4.09234092E-02 -9.55561996E-02  9.13098746E-04  1.67472544E-03  2.58782413E-03
  6.75369310E+00 -4.10187617E-02 -9.51469690E-02  9.05294553E-04  1.68253877E-03  2.58783344E-03
  6.75469303E+00 -4.11137044E-02 -9.47367847E-02  8.97505903E-04  1.69033674E-03  2.58784276E-03
  6.75569296E+00 -4.12082374E-02 -9.43256468E-02  8.89732793E-04  1.69811887E-03  2.58785160E-03
  6.75669289E+00 -4.13023569E-02 -9.39135626E-02  8.81975691E-04  1.70588470E-03  2.58786045E-03
  6.75769281E+00 -4.13960665E-02 -9.35005397E-02  8.74235120E-04  1.71363435E-03  2.58786953E-03
  6.75869274E+00 -4.14893590E-02 -9.30865780E-02  8.66511080E-04  1.72136689E-03  2.58787791E-03
  6.75969267E+00 -4.15822379E-02 -9.26716849E-02  8.58804153E-04  1.72908255E-03  2.58788676E-03
  6.76069260E+00 -4.16746996E-02 -9.22558606E-02  8.51114397E-04  1.73678063E-03  2.58789491E-03
  6.76169252E+00 -4.17667478E-02 -9.18391123E-02  8.43442220E-04  1.74446125E-03  2.58790352E-03
  6.76269245E+00 -4.18583788E-02 -9.14214477E-02  8.35788087E-04  1.75212382E-03  2.58791191E-03
  6.76369238E+00 -4.19495925E-02 -9.10028666E-02  8.28152173E-04  1.75976835E-03  2.58792052E-03
  6.76469231E+00 -4.20403853E-02 -9.05833691E-02  8.20534711E-04  1.76739402E-03  2.58792867E-03
  6.76569223E+00 -4.21307608E-02 -9.01629627E-02  8.12936050E-04  1.77500106E-03  2.58793705E-03
  6.76669216E+00 -4.22207117E-02 -8.97416547E-02  8.05356482E-04  1.78258854E-03  2.58794497E-03
  6.76769209E+00 -4.23102416E-02 -8.93194452E-02  7.97796354E-04  1.79015659E-03  2.58795288E-03
  6.76869202E+00 -4.23993506E-02 -8.88963416E-02  7.90256017E-04  1.79770496E-03  2.58796103E-03
  6.76969194E+00 -4.24880348E-02 -8.84723514E-02  7.82735762E-04  1.80523307E-03  2.58796895E-03
  6.77069187E+00 -4.25762944E-02 -8.80474746E-02  7.75235821E-04  1.81274081E-03  2.58797663E-03
  6.77169180E+00 -4.26641293E-02 -8.76217112E-02  7.67756428E-04  1.82022795E-03  2.58798432E-03
  6.77269173E+00 -4.27515395E-02 -8.71950686E-02  7.60297989E-04  1.82769413E-03  2.58799223E-03
  6.77369165E+00 -4.28385213E-02 -8.67675543E-02  7.52860855E-04  1.83513889E-03  2.58799968E-03
  6.77469158E+00 -4.29250747E-02 -8.63391683E-02  7.45445199E-04  1.84256199E-03  2.58800713E-03
  6.77569151E+00 -4.30111960E-02 -8.59099180E-02  7.38051429E-04  1.84996298E-03  2.58801435E-03
  6.77669144E+00 -4.30968888E-02 -8.54798034E-02  7.30679720E-04  1.85734185E-03  2.58802157E-03
  6.77769136E+00 -4.31821533E-02 -8.50488320E-02  7.23330420E-04  1.86469837E-03  2.58802879E-03
  6.77869129E+00 -4.32669856E-02 -8.46170112E-02  7.16003880E-04  1.87203207E-03  2.58803600E-03
  6.77969122E+00 -4.33513857E-02 -8.41843411E-02  7.08700332E-04  1.87934260E-03  2.58804299E-03
  6.78069115E+00 -4.34353538E-02 -8.37508291E-02  7.01420184E-04  1.88662997E-03  2.58805021E-03
  6.78169107E+00 -4.35188897E-02 -8.33164752E-02  6.94163551E-04  1.89389382E-03  2.58805742E-03
  6.78269100E+00 -4.36019897E-02 -8.28812867E-02  6.86930784E-04  1.90113345E-03  2.58806418E-03
  6.78369093E+00 -4.36846502E-02 -8.24452639E-02  6.79722172E-04  1.90834864E-03  2.58807093E-03
  6.78469086E+00 -4.37668748E-02 -8.20084140E-02  6.72538008E-04  1.91553938E-03  2.58807745E-03
  6.78569078E+00 -4.38486636E-02 -8.15707445E-02  6.65378640E-04  1.92270533E-03  2.58808397E-03
  6.78669071E+00 -4.39300127E-02 -8.11322555E-02  6.58244302E-04  1.92984601E-03  2.58809025E-03
  6.78769064E+00 -4.40109260E-02 -8.06929544E-02  6.51135284E-04  1.93696166E-03  2.58809701E-03
  6.78869057E+00 -4.40913998E-02 -8.02528486E-02  6.44051994E-04  1.94405159E-03  2.58810353E-03
  6.78969049E+00 -4.41714339E-02 -7.98119381E-02  6.36994548E-04  1.95111556E-03  2.58811004E-03
  6.79069042E+00 -4.42510247E-02 -7.93702230E-02  6.29963237E-04  1.95815321E-03  2.58811656E-03
  6.79169035E+00 -4.43301760E-02 -7.89277107E-02  6.22958352E-04  1.96516444E-03  2.58812285E-03
  6.79269028E+00 -4.44088839E-02 -7.84844086E-02  6.15980243E-04  1.97214889E-03  2.58812914E-03
  6.79369020E+00 -4.44871448E-02 -7.80403167E-02  6.09029084E-04  1.97910611E-03  2.58813519E-03
  6.79469013E+00 -4.45649624E-02 -7.75954425E-02  6.02105283E-04  1.98603584E-03  2.58814124E-03
  6.79569006E+00 -4.46423329E-02 -7.71497935E-02  5.95209072E-04  1.99293788E-03  2.58814683E-03
  6.79668999E+00 -4.47192602E-02 -7.67033696E-02  5.88340685E-04  1.99981220E-03  2.58815289E-03
  6.79768991E+00 -4.47957404E-02 -7.62561783E-02  5.81500528E-04  2.00665835E-03  2.58815894E-03
  6.79868984E+00 -4.48717736E-02 -7.58082196E-02  5.74688602E-04  2.01347610E-03  2.58816476E-03
  6.79968977E+00 -4.49473597E-02 -7.53595009E-02  5.67905430E-04  2.02026521E-03  2.58817058E-03
  6.80068970E+00 -4.50224951E-02 -7.49100298E-02  5.61151246E-04  2.02702498E-03  2.58817617E-03
  6.80168962E+00 -4.50971834E-02 -7.44598061E-02  5.54426282E-04  2.03375588E-03  2.58818222E-03
  6.80268955E+00 -4.51714173E-02 -7.40088373E-02  5.47730771E-04  2.04045698E-03  2.58818781E-03
  6.80368948E+00 -4.52452004E-02 -7.35571235E-02  5.41065063E-04  2.04712804E-03  2.58819317E-03
  6.80468941E+00 -4.53185290E-02 -7.31046721E-02  5.34429331E-04  2.05376907E-03  2.58819852E-03
  6.80568933E+00 -4.53914069E-02 -7.26514831E-02  5.27823810E-04  2.06037983E-03  2.58820364E-03
  6.80668926E+00 -4.54638302E-02 -7.21975714E-02  5.21248963E-04  2.06695986E-03  2.58820876E-03
  6.80768919E+00 -4.55357991E-02 -7.17429295E-02  5.14704792E-04  2.07350892E-03  2.58821365E-03
  6.80868912E+00 -4.56073135E-02 -7.12875724E-02  5.08191821E-04  2.08002701E-03  2.58821878E-03
  6.80968904E+00 -4.56783734E-02 -7.08315000E-02  5.01710165E-04  2.08651391E-03  2.58822413E-03
  6.81068897E+00 -4.57489789E-02 -7.03747198E-02  4.95260116E-04  2.09296914E-03  2.58822925E-03
  6.81168890E+00 -4.58191261E-02 -6.99172318E-02  4.88841964E-04  2.09939224E-03  2.58823414E-03
  6.81268883E+00 -4.58888151E-02 -6.94590434E-02  4.82455886E-04  2.10578344E-03  2.58823927E-03
  6.81368876E+00 -4.59580421E-02 -6.90001547E-02  4.76102170E-04  2.11214158E-03  2.58824369E-03
  6.81468868E+00 -4.60268110E-02 -6.85405731E-02  4.69781051E-04  2.11846735E-03  2.58824835E-03
  6.81568861E+00 -4.60951217E-02 -6.80803061E-02  4.63492790E-04  2.12476030E-03  2.58825300E-03
  6.81668854E+00 -4.61629704E-02 -6.76193535E-02  4.57237707E-04  2.13101972E-03  2.58825743E-03
  6.81768847E+00 -4.62303571E-02 -6.71577230E-02  4.51015978E-04  2.13724584E-03  2.58826185E-03
  6.81868839E+00 -4.62972857E-02 -6.66954219E-02  4.44827921E-04  2.14343867E-03  2.58826651E-03
  6.81968832E+00 -4.63637486E-02 -6.62324503E-02  4.38673742E-04  2.14959728E-03  2.58827093E-03
  6.82068825E+00 -4.64297496E-02 -6.57688156E-02  4.32553701E-04  2.15572165E-03  2.58827535E-03
  6.82168818E+00 -4.64952886E-02 -6.53045177E-02  4.26468032E-04  2.16181180E-03  2.58827978E-03
  6.82268810E+00 -4.65603620E-02 -6.48395643E-02  4.20416909E-04  2.16786726E-03  2.58828420E-03
  6.82368803E+00 -4.66249697E-02 -6.43739626E-02  4.14400682E-04  2.17388780E-03  2.58828839E-03
  6.82468796E+00 -4.66891080E-02 -6.39077127E-02  4.08419612E-04  2.17987271E-03  2.58829235E-03
  6.82568789E+00 -4.67527807E-02 -6.34408221E-02  4.02473815E-04  2.18582246E-03  2.58829631E-03
  6.82668781E+00 -4.68159877E-02 -6.29732907E-02  3.96563526E-04  2.19173660E-03  2.58830003E-03
  6.82768774E+00 -4.68787253E-02 -6.25051335E-02  3.90689180E-04  2.19761487E-03  2.58830399E-03
  6.82868767E+00 -4.69409972E-02 -6.20363466E-02  3.84850835E-04  2.20345729E-03  2.58830818E-03
  6.82968760E+00 -4.70027998E-02 -6.15669377E-02  3.79048783E-04  2.20926316E-03  2.58831191E-03
  6.83068752E+00 -4.70641330E-02 -6.10969104E-02  3.73283256E-04  2.21503270E-03  2.58831587E-03
  6.83168745E+00 -4.71249968E-02 -6.06262684E-02  3.67554458E-04  2.22076522E-03  2.58831959E-03
  6.83268738E+00 -4.71853875E-02 -6.01550192E-02  3.61862651E-04  2.22646073E-03  2.58832332E-03
  6.83368731E+00 -4.72453088E-02 -5.96831664E-02  3.56208038E-04  2.23211921E-03  2.58832728E-03
  6.83468723E+00 -4.73047569E-02 -5.92107140E-02  3.50590883E-04  2.23773997E-03  2.58833077E-03
  6.83568716E+00 -4.73637320E-02 -5.87376654E-02  3.45011329E-04  2.24332302E-03  2.58833426E-03
  6.83668709E+00 -4.74222302E-02 -5.82640283E-02  3.39469727E-04  2.24886788E-03  2.58833752E-03
  6.83768702E+00 -4.74802554E-02 -5.77898063E-02  3.33966193E-04  2.25437456E-03  2.58834078E-03
  6.83868694E+00 -4.75378074E-02 -5.73150031E-02  3.28500959E-04  2.25984305E-03  2.58834404E-03
  6.83968687E+00 -4.75948825E-02 -5.68396263E-02  3.23074317E-04  2.26527289E-03  2.58834730E-03
  6.84068680E+00 -4.76514846E-02 -5.63636757E-02  3.17686412E-04  2.27066409E-03  2.58835056E-03
  6.84168673E+00 -4.77076098E-02 -5.58871627E-02  3.12337506E-04  2.27601593E-03  2.58835335E-03
  6.84268665E+00 -4.77632582E-02 -5.54100871E-02  3.07027804E-04  2.28132890E-03  2.58835661E-03
  6.84368658E+00 -4.78184298E-02 -5.49324527E-02  3.01757449E-04  2.28660228E-03  2.58835964E-03
  6.84468651E+00 -4.78731245E-02 -5.44542670E-02  2.96526734E-04  2.29183608E-03  2.58836290E-03
  6.84568644E+00 -4.79273386E-02 -5.39755374E-02  2.91335862E-04  2.29702983E-03  2.58836569E-03
  6.84668636E+00 -4.79810759E-02 -5.34962639E-02  2.86185037E-04  2.30218354E-03  2.58836849E-03
  6.84768629E+00 -4.80343327E-02 -5.30164540E-02  2.81074434E-04  2.30729720E-03  2.58837175E-03
  6.84868622E+00 -4.80871089E-02 -5.25361113E-02  2.76004284E-04  2.31237011E-03  2.58837431E-03
  6.84968615E+00 -4.81394045E-02 -5.20552397E-02  2.70974793E-04  2.31740228E-03  2.58837710E-03
  6.85068607E+00 -4.81912158E-02 -5.15738465E-02  2.65986164E-04  2.32239324E-03  2.58837943E-03
  6.85168600E+00 -4.82425466E-02 -5.10919355E-02  2.61038600E-04  2.32734322E-03  2.58838176E-03
  6.85268593E+00 -4.82933968E-02 -5.06095104E-02  2.56132276E-04  2.33225222E-03  2.58838455E-03
  6.85368586E+00 -4.83437628E-02 -5.01265749E-02  2.51267367E-04  2.33711931E-03  2.58838665E-03
  6.85468578E+00 -4.83936481E-02 -4.96431366E-02  2.46444106E-04  2.34194519E-03  2.58838921E-03
  6.85568571E+00 -4.84430492E-02 -4.91591990E-02  2.41662681E-04  2.34672893E-03  2.58839154E-03
  6.85668564E+00 -4.84919660E-02 -4.86747697E-02  2.36923326E-04  2.35147076E-03  2.58839410E-03
  6.85768557E+00 -4.85403985E-02 -4.81898487E-02  2.32226143E-04  2.35617021E-03  2.58839643E-03
  6.85868549E+00 -4.85883467E-02 -4.77044433E-02  2.27571392E-04  2.36082752E-03  2.58839899E-03
  6.85968542E+00 -4.86358106E-02 -4.72185612E-02  2.22959250E-04  2.36544199E-03  2.58840132E-03
  6.86068535E+00 -4.86827865E-02 -4.67322022E-02  2.18389891E-04  2.37001362E-03  2.58840341E-03
  6.86168528E+00 -4.87292781E-02 -4.62453738E-02  2.13863474E-04  2.37454264E-03  2.58840621E-03
  6.86268520E+00 -4.87752818E-02 -4.57580797E-02  2.09380203E-04  2.37902813E-03  2.58840830E-03
  6.86368513E+00 -4.88207974E-02 -4.52703275E-02  2.04940254E-04  2.38347030E-03  2.58841063E-03
  6.86468506E+00 -4.88658212E-02 -4.47821207E-02  2.00543829E-04  2.38786847E-03  2.58841226E-03
  6.86568499E+00 -4.89103571E-02 -4.42934632E-02  1.96191089E-04  2.39222310E-03  2.58841412E-03
  6.86668491E+00 -4.89544049E-02 -4.38043587E-02  1.91882180E-04  2.39653373E-03  2.58841598E-03
  6.86768484E+00 -4.89979647E-02 -4.33148146E-02  1.87617319E-04  2.40080059E-03  2.58841785E-03
  6.86868477E+00 -4.90410328E-02 -4.28248346E-02  1.83396653E-04  2.40502297E-03  2.58841971E-03
  6.86968470E+00 -4.90836129E-02 -4.23344225E-02  1.79220326E-04  2.40920112E-03  2.58842134E-03
  6.87068462E+00 -4.91257012E-02 -4.18435857E-02  1.75088571E-04  2.41333456E-03  2.58842320E-03
  6.87168455E+00 -4.91672978E-02 -4.13523279E-02  1.71001506E-04  2.41742306E-03  2.58842460E-03
  6.87268448E+00 -4.92084026E-02 -4.08606566E-02  1.66959333E-04  2.42146687E-03  2.58842623E-03
  6.87368441E+00 -4.92490157E-02 -4.03685719E-02  1.62962169E-04  2.42546550E-03  2.58842763E-03
  6.87468433E+00 -4.92891371E-02 -3.98760810E-02  1.59010189E-04  2.42941896E-03  2.58842926E-03
  6.87568426E+00 -4.93287668E-02 -3.93831879E-02  1.55103553E-04  2.43332726E-03  2.58843089E-03
  6.87668419E+00 -4.93679047E-02 -3.88898998E-02  1.51242435E-04  2.43718992E-03  2.58843228E-03
  6.87768412E+00 -4.94065471E-02 -3.83962207E-02  1.47426981E-04  2.44100695E-03  2.58843391E-03
  6.87868404E+00 -4.94446978E-02 -3.79021540E-02  1.43657337E-04  2.44477810E-03  2.58843554E-03
  6.87968397E+00 -4.94823530E-02 -3.74077074E-02  1.39933662E-04  2.44850316E-03  2.58843694E-03
  6.88068390E+00 -4.95195165E-02 -3.69128846E-02  1.36256102E-04  2.45218258E-03  2.58843880E-03
  6.88168383E+00 -4.95561846E-02 -3.64176892E-02  1.32624802E-04  2.45581544E-03  2.58844020E-03
  6.88268375E+00 -4.95923534E-02 -3.59221287E-02  1.29039938E-04  2.45940150E-03  2.58844136E-03
  6.88368368E+00 -4.96280268E-02 -3.54262069E-02  1.25501625E-04  2.46294099E-03  2.58844253E-03
  6.88468361E+00 -4.96632047E-02 -3.49299274E-02  1.22009988E-04  2.46643391E-03  2.58844392E-03
  6.88568354E+00 -4.96978834E-02 -3.44332941E-02  1.18565178E-04  2.46987958E-03  2.58844486E-03
  6.88668346E+00 -4.97320667E-02 -3.39363143E-02  1.15167342E-04  2.47327844E-03  2.58844579E-03
  6.88768339E+00 -4.97657545E-02 -3.34389955E-02  1.11816640E-04  2.47663027E-03  2.58844695E-03
  6.88868332E+00 -4.97989431E-02 -3.29413377E-02  1.08513181E-04  2.47993483E-03  2.58844811E-03
  6.88968325E+00 -4.98316363E-02 -3.24433483E-02  1.05257088E-04  2.48319190E-03  2.58844905E-03
  6.89068317E+00 -4.98638302E-02 -3.19450311E-02  1.02048507E-04  2.48640147E-03  2.58844998E-03
  6.89168310E+00 -4.98955250E-02 -3.14463936E-02  9.88875618E-05  2.48956331E-03  2.58845091E-03
  6.89268303E+00 -4.99267206E-02 -3.09474375E-02  9.57743905E-05  2.49267742E-03  2.58845184E-03
  6.89368296E+00 -4.99574170E-02 -3.04481704E-02  9.27091096E-05  2.49574357E-03  2.58845277E-03
  6.89468288E+00 -4.99876142E-02 -2.99485959E-02  8.96918427E-05  2.49876152E-03  2.58845347E-03
  6.89568281E+00 -5.00173122E-02 -2.94487197E-02  8.67227136E-05  2.50173151E-03  2.58845417E-03
  6.89668274E+00 -5.00465110E-02 -2.89485473E-02  8.38018386E-05  2.50465330E-03  2.58845510E-03
  6.89768267E+00 -5.00752106E-02 -2.84480825E-02  8.09293415E-05  2.50752666E-03  2.58845603E-03
  6.89868259E+00 -5.01034074E-02 -2.79473308E-02  7.81053313E-05  2.51035136E-03  2.58845673E-03
  6.89968252E+00 -5.01311049E-02 -2.74462961E-02  7.53299173E-05  2.51312763E-03  2.58845766E-03
  6.90068245E+00 -5.01583032E-02 -2.69449856E-02  7.26032231E-05  2.51585548E-03  2.58845859E-03
  6.90168238E+00 -5.01849987E-02 -2.64434032E-02  6.99253578E-05  2.51853419E-03  2.58845952E-03
  6.90268230E+00 -5.02111912E-02 -2.59415526E-02  6.72964161E-05  2.52116378E-03  2.58846022E-03
  6.90368223E+00 -5.02368845E-02 -2.54394412E-02  6.47165216E-05  2.52374448E-03  2.58846092E-03
  6.90468216E+00 -5.02620749E-02 -2.49370728E-02  6.21857616E-05  2.52627628E-03  2.58846208E-03
  6.90568209E+00 -5.02867624E-02 -2.44344529E-02  5.97042490E-05  2.52875849E-03  2.58846278E-03
  6.90668201E+00 -5.03109470E-02 -2.39315853E-02  5.72720783E-05  2.53119133E-03  2.58846348E-03
  6.90768194E+00 -5.03346249E-02 -2.34284755E-02  5.48893477E-05  2.53357436E-03  2.58846371E-03
  6.90868187E+00 -5.03578000E-02 -2.29251292E-02  5.25561591E-05  2.53590802E-03  2.58846418E-03
  6.90968180E+00 -5.03804721E-02 -2.24215519E-02  5.02725998E-05  2.53819185E-03  2.58846441E-03
  6.91068172E+00 -5.04026413E-02 -2.19177473E-02  4.80387644E-05  2.54042633E-03  2.58846511E-03
  6.91168165E+00 -5.04243076E-02 -2.14137211E-02  4.58547474E-05  2.54261075E-03  2.58846558E-03
  6.91268158E+00 -5.04454672E-02 -2.09094789E-02  4.37206290E-05  2.54474510E-03  2.58846581E-03
  6.91368151E+00 -5.04661240E-02 -2.04050243E-02  4.16365037E-05  2.54682964E-03  2.58846604E-03
  6.91468143E+00 -5.04862741E-02 -1.99003629E-02  3.96024443E-05  2.54886388E-03  2.58846628E-03
  6.91568136E+00 -5.05059212E-02 -1.93955004E-02  3.76185453E-05  2.55084806E-03  2.58846651E-03
  6.91668129E+00 -5.05250618E-02 -1.88904405E-02  3.56848723E-05  2.55278195E-03  2.58846674E-03
  6.91768122E+00 -5.05436994E-02 -1.83851905E-02  3.38015234E-05  2.55466555E-03  2.58846697E-03
  6.91868114E+00 -5.05618304E-02 -1.78797543E-02  3.19685605E-05  2.55649863E-03  2.58846721E-03
  6.91968107E+00 -5.05794585E-02 -1.73741356E-02  3.01860600E-05  2.55828165E-03  2.58846767E-03
  6.92068100E+00 -5.05965799E-02 -1.68683417E-02  2.84540965E-05  2.56001391E-03  2.58846791E-03
  6.92168093E+00 -5.06131947E-02 -1.63623765E-02  2.67727355E-05  2.56169541E-03  2.58846814E-03
  6.92268085E+00 -5.06293029E-02 -1.58562437E-02  2.51420461E-05  2.56332639E-03  2.58846837E-03
  6.92368078E+00 -5.06449044E-02 -1.53499506E-02  2.35620992E-05  2.56490638E-03  2.58846837E-03
  6.92468071E+00 -5.06599993E-02 -1.48435012E-02  2.20329530E-05  2.56643561E-03  2.58846860E-03
  6.92568064E+00 -5.06745912E-02 -1.43369008E-02  2.05546730E-05  2.56791408E-03  2.58846884E-03
  6.92668056E+00 -5.06886765E-02 -1.38301551E-02  1.91273193E-05  2.56934203E-03  2.58846930E-03
  6.92768049E+00 -5.07022552E-02 -1.33232679E-02  1.77509482E-05  2.57071876E-03  2.58846977E-03
  6.92868042E+00 -5.07153235E-02 -1.28162457E-02  1.64256162E-05  2.57204403E-03  2.58846954E-03
  6.92968035E+00 -5.07278852E-02 -1.23090921E-02  1.51513741E-05  2.57331831E-03  2.58846977E-03
  6.93068027E+00 -5.07399403E-02 -1.18018128E-02  1.39282783E-05  2.57454161E-03  2.58847000E-03
  6.93168020E+00 -5.07514887E-02 -1.12944134E-02  1.27563781E-05  2.57571368E-03  2.58847000E-03
  6.93268013E+00 -5.07625304E-02 -1.07868984E-02  1.16357178E-05  2.57683452E-03  2.58847023E-03
  6.93368006E+00 -5.07730655E-02 -1.02792736E-02  1.05663466E-05  2.57790415E-03  2.58847047E-03
  6.93467999E+00 -5.07830903E-02 -9.77154262E-03  9.54830466E-06  2.57892231E-03  2.58847070E-03
  6.93567991E+00 -5.07926084E-02 -9.26371198E-03  8.58163639E-06  2.57988903E-03  2.58847070E-03
  6.93667984E+00 -5.08016199E-02 -8.75578634E-03  7.66638004E-06  2.58080452E-03  2.58847093E-03
  6.93767977E+00 -5.08101210E-02 -8.24777037E-03  6.80257153E-06  2.58166832E-03  2.58847093E-03
  6.93867970E+00 -5.08181155E-02 -7.73966918E-03  5.99024816E-06  2.58248090E-03  2.58847116E-03
  6.93967962E+00 -5.08256033E-02 -7.23148789E-03  5.22944174E-06  2.58324202E-03  2.58847140E-03
  6.94067955E+00 -5.08325808E-02 -6.72323164E-03  4.52018458E-06  2.58395122E-03  2.58847140E-03
  6.94167948E+00 -5.08390516E-02 -6.21490600E-03  3.86250576E-06  2.58460920E-03  2.58847163E-03
  6.94267941E+00 -5.08450121E-02 -5.70651563E-03  3.25643191E-06  2.58521526E-03  2.58847163E-03
  6.94367933E+00 -5.08504659E-02 -5.19806566E-03  2.70198871E-06  2.58576986E-03  2.58847186E-03
  6.94467926E+00 -5.08554094E-02 -4.68956120E-03  2.19919843E-06  2.58627255E-03  2.58847163E-03
  6.94567919E+00 -5.08598462E-02 -4.18100692E-03  1.74808190E-06  2.58672400E-03  2.58847210E-03
  6.94667912E+00 -5.08637726E-02 -3.67240841E-03  1.34865832E-06  2.58712331E-03  2.58847186E-03
  6.94767904E+00 -5.08671924E-02 -3.16377077E-03  1.00094462E-06  2.58747116E-03  2.58847210E-03
  6.94867897E+00 -5.08701019E-02 -2.65509868E-03  7.04954914E-07  2.58776732E-03  2.58847233E-03
  6.94967890E+00 -5.08725047E-02 -2.14639772E-03  4.60702324E-07  2.58801179E-03  2.58847256E-03
  6.95067883E+00 -5.08743972E-02 -1.63767266E-03  2.68197169E-07  2.58820434E-03  2.58847256E-03
  6.95167875E+00 -5.08757830E-02 -1.12892862E-03  1.27447990E-07  2.58834520E-03  2.58847256E-03
  6.95267868E+00 -5.08766584E-02 -6.20170787E-04  3.84611809E-08  2.58843438E-03  2.58847279E-03
  6.95367861E+00 -5.08770235E-02 -1.11404166E-04  1.24108890E-09  2.58847163E-03  2.58847279E-03
  6.95467854E+00 -5.08768819E-02  3.97366064E-04  1.57899791E-08  2.58845720E-03  2.58847303E-03
  6.95567846E+00 -5.08762300E-02  9.06134897E-04  8.21080448E-08  2.58839084E-03  2.58847303E-03
  6.95667839E+00 -5.08750714E-02  1.41489715E-03  2.00193412E-07  2.58827279E-03  2.58847303E-03
  6.95767832E+00 -5.08734025E-02  1.92364794E-03  3.70042130E-07  2.58810306E-03  2.58847303E-03
  6.95867825E+00 -5.08712269E-02  2.43238197E-03  5.91648245E-07  2.58788164E-03  2.58847326E-03
  6.95967817E+00 -5.08685410E-02  2.94109434E-03  8.65003585E-07  2.58760853E-03  2.58847349E-03
  6.96067810E+00 -5.08653484E-02  3.44977970E-03  1.19009803E-06  2.58728373E-03  2.58847373E-03
  6.96167803E+00 -5.08616455E-02  3.95843294E-03  1.56691920E-06  2.58690701E-03  2.58847396E-03
  6.96267796E+00 -5.08574322E-02  4.46704961E-03  1.99545320E-06  2.58647837E-03  2.58847373E-03
  6.96367788E+00 -5.08527122E-02  4.97562392E-03  2.47568346E-06  2.58599827E-03  2.58847396E-03
  6.96467781E+00 -5.08474819E-02  5.48415119E-03  3.00759143E-06  2.58546649E-03  2.58847419E-03
  6.96567774E+00 -5.08417450E-02  5.99262584E-03  3.59115666E-06  2.58488301E-03  2.58847419E-03
  6.96667767E+00 -5.08354977E-02  6.50104322E-03  4.22635640E-06  2.58424785E-03  2.58847419E-03
  6.96767759E+00 -5.08287437E-02  7.00939819E-03  4.91316632E-06  2.58356123E-03  2.58847442E-03
  6.96867752E+00 -5.08214794E-02  7.51768565E-03  5.65155960E-06  2.58282269E-03  2.58847419E-03
  6.96967745E+00 -5.08137085E-02  8.02590046E-03  6.44150805E-06  2.58203293E-03  2.58847442E-03
  6.97067738E+00 -5.08054309E-02  8.53403751E-03  7.28297982E-06  2.58119171E-03  2.58847466E-03
  6.97167730E+00 -5.07966429E-02  9.04209167E-03  8.17594173E-06  2.58029904E-03  2.58847489E-03
  6.97267723E+00 -5.07873483E-02  9.55005828E-03  9.12036103E-06  2.57935468E-03  2.58847512E-03
  6.97367716E+00 -5.07775433E-02  1.00579318E-02  1.01161995E-05  2.57835886E-03  2.58847512E-03
  6.97467709E+00 -5.07672317E-02  1.05657075E-02  1.11634172E-05  2.57731183E-03  2.58847536E-03
  6.97567701E+00 -5.07564135E-02  1.10733798E-02  1.22619740E-05  2.57621356E-03  2.58847559E-03
  6.97667694E+00 -5.07450886E-02  1.15809441E-02  1.34118263E-05  2.57506408E-03  2.58847582E-03
  6.97767687E+00 -5.07332534E-02  1.20883947E-02  1.46129287E-05  2.57386290E-03  2.58847582E-03
  6.97867680E+00 -5.07209115E-02  1.25957271E-02  1.58652347E-05  2.57261097E-03  2.58847629E-03
  6.97967672E+00 -5.07080629E-02  1.31029366E-02  1.71686952E-05  2.57130759E-03  2.58847629E-03
  6.98067665E+00 -5.06947078E-02  1.36100175E-02  1.85232584E-05  2.56995345E-03  2.58847675E-03
  6.98167658E+00 -5.06808460E-02  1.41169643E-02  1.99288679E-05  2.56854808E-03  2.58847699E-03
  6.98267651E+00 -5.06664775E-02  1.46237724E-02  2.13854710E-05  2.56709196E-03  2.58847745E-03
  6.98367643E+00 -5.06515987E-02  1.51304370E-02  2.28930130E-05  2.56558438E-03  2.58847745E-03
  6.98467636E+00 -5.06362133E-02  1.56369526E-02  2.44514285E-05  2.56402604E-03  2.58847745E-03
  6.98567629E+00 -5.06203212E-02  1.61433145E-02  2.60606612E-05  2.56241695E-03  2.58847768E-03
  6.98667622E+00 -5.06039262E-02  1.66495182E-02  2.77206454E-05  2.56075733E-03  2.58847792E-03
  6.98767614E+00 -5.05870245E-02  1.71555579E-02  2.94313159E-05  2.55904696E-03  2.58847838E-03
  6.98867607E+00 -5.05696163E-02  1.76614281E-02  3.11926051E-05  2.55728606E-03  2.58847862E-03
  6.98967600E+00 -5.05517013E-02  1.81671251E-02  3.30044422E-05  2.55547441E-03  2.58847885E-03
  6.99067593E+00 -5.05332798E-02  1.86726414E-02  3.48667527E-05  2.55361246E-03  2.58847931E-03
  6.99167585E+00 -5.05143553E-02  1.91779733E-02  3.67794673E-05  2.55169999E-03  2.58847955E-03
  6.99267578E+00 -5.04949242E-02  1.96831170E-02  3.87425098E-05  2.54973746E-03  2.58848001E-03
  6.99367571E+00 -5.04749864E-02  2.01880671E-02  4.07558073E-05  2.54772417E-03  2.58848001E-03
  6.99467564E+00 -5.04545458E-02  2.06928179E-02  4.28192725E-05  2.54566129E-03  2.58848048E-03
  6.99567556E+00 -5.04335985E-02  2.11973637E-02  4.49328218E-05  2.54354789E-03  2.58848071E-03
  6.99667549E+00 -5.04121482E-02  2.17016991E-02  4.70963751E-05  2.54138466E-03  2.58848094E-03
  6.99767542E+00 -5.03901914E-02  2.22058203E-02  4.93098451E-05  2.53917137E-03  2.58848118E-03
  6.99867535E+00 -5.03677316E-02  2.27097217E-02  5.15731481E-05  2.53690849E-03  2.58848164E-03
  6.99967527E+00 -5.03447689E-02  2.32133996E-02  5.38861896E-05  2.53459578E-03  2.58848188E-03
  7.00067520E+00 -5.03213033E-02  2.37168465E-02  5.62488822E-05  2.53223348E-03  2.58848234E-03
  7.00167513E+00 -5.02973348E-02  2.42200587E-02  5.86611241E-05  2.52982182E-03  2.58848304E-03
  7.00267506E+00 -5.02728596E-02  2.47230325E-02  6.11228388E-05  2.52736034E-03  2.58848327E-03
  7.00367498E+00 -5.02478853E-02  2.52257604E-02  6.36339028E-05  2.52484996E-03  2.58848397E-03
  7.00467491E+00 -5.02224118E-02  2.57282387E-02  6.61942322E-05  2.52229068E-03  2.58848490E-03
  7.00567484E+00 -5.01964353E-02  2.62304638E-02  6.88037253E-05  2.51968205E-03  2.58848583E-03
  7.00667477E+00 -5.01699559E-02  2.67324280E-02  7.14622729E-05  2.51702452E-03  2.58848676E-03
  7.00767469E+00 -5.01429737E-02  2.72341277E-02  7.41697731E-05  2.51431786E-03  2.58848770E-03
  7.00867462E+00 -5.01154885E-02  2.77355574E-02  7.69261169E-05  2.51156208E-03  2.58848816E-03
  7.00967455E+00 -5.00875041E-02  2.82367133E-02  7.97311950E-05  2.50875810E-03  2.58848933E-03
  7.01067448E+00 -5.00590168E-02  2.87375879E-02  8.25848983E-05  2.50590523E-03  2.58849002E-03
  7.01167440E+00 -5.00300303E-02  2.92381775E-02  8.54871032E-05  2.50300393E-03  2.58849096E-03
  7.01267433E+00 -5.00005409E-02  2.97384784E-02  8.84377150E-05  2.50005419E-03  2.58849189E-03
  7.01367426E+00 -4.99705523E-02  3.02384831E-02  9.14365883E-05  2.49705603E-03  2.58849259E-03
  7.01467419E+00 -4.99400645E-02  3.07381880E-02  9.44836211E-05  2.49401014E-03  2.58849375E-03
  7.01567411E+00 -4.99090776E-02  3.12375892E-02  9.75787043E-05  2.49091606E-03  2.58849468E-03
  7.01667404E+00 -4.98775914E-02  3.17366794E-02  1.00721685E-04  2.48777424E-03  2.58849584E-03
  7.01767397E+00 -4.98456061E-02  3.22354548E-02  1.03912455E-04  2.48458446E-03  2.58849701E-03
  7.01867390E+00 -4.98131216E-02  3.27339098E-02  1.07150889E-04  2.48134718E-03  2.58849817E-03
  7.01967382E+00 -4.97801378E-02  3.32320407E-02  1.10436849E-04  2.47806218E-03  2.58849910E-03
  7.02067375E+00 -4.97466549E-02  3.37298438E-02  1.13770242E-04  2.47472967E-03  2.58849980E-03
  7.02167368E+00 -4.97126766E-02  3.42273116E-02  1.17150885E-04  2.47135013E-03  2.58850097E-03
  7.02267361E+00 -4.96781990E-02  3.47244367E-02  1.20578647E-04  2.46792356E-03  2.58850213E-03
  7.02367353E+00 -4.96432260E-02  3.52212191E-02  1.24053433E-04  2.46444996E-03  2.58850330E-03
  7.02467346E+00 -4.96077538E-02  3.57176512E-02  1.27575055E-04  2.46092933E-03  2.58850446E-03
  7.02567339E+00 -4.95717861E-02  3.62137295E-02  1.31143417E-04  2.45736190E-03  2.58850539E-03
  7.02667332E+00 -4.95353229E-02  3.67094465E-02  1.34758346E-04  2.45374814E-03  2.58850656E-03
  7.02767324E+00 -4.94983681E-02  3.72047983E-02  1.38419709E-04  2.45008850E-03  2.58850818E-03
  7.02867317E+00 -4.94609177E-02  3.76997814E-02  1.42127363E-04  2.44638231E-03  2.58850958E-03
  7.02967310E+00 -4.94229719E-02  3.81943919E-02  1.45881160E-04  2.44263024E-03  2.58851144E-03
  7.03067303E+00 -4.93845306E-02  3.86886224E-02  1.49680956E-04  2.43883184E-03  2.58851284E-03
  7.03167295E+00 -4.93455976E-02  3.91824692E-02  1.53526591E-04  2.43498804E-03  2.58851470E-03
  7.03267288E+00 -4.93061692E-02  3.96759249E-02  1.57417904E-04  2.43109837E-03  2.58851633E-03
  7.03367281E+00 -4.92662489E-02  4.01689857E-02  1.61354750E-04  2.42716330E-03  2.58851796E-03
  7.03467274E+00 -4.92258333E-02  4.06616479E-02  1.65336969E-04  2.42318260E-03  2.58851959E-03
  7.03567266E+00 -4.91849259E-02  4.11539078E-02  1.69364415E-04  2.41915695E-03  2.58852146E-03
  7.03667259E+00 -4.91435267E-02  4.16457579E-02  1.73436929E-04  2.41508614E-03  2.58852309E-03
  7.03767252E+00 -4.91016358E-02  4.21371944E-02  1.77554321E-04  2.41097063E-03  2.58852495E-03
  7.03867245E+00 -4.90592532E-02  4.26282100E-02  1.81716430E-04  2.40681041E-03  2.58852681E-03
  7.03967237E+00 -4.90163788E-02  4.31188010E-02  1.85923112E-04  2.40260549E-03  2.58852867E-03
  7.04067230E+00 -4.89730127E-02  4.36089635E-02  1.90174178E-04  2.39835586E-03  2.58853007E-03
  7.04167223E+00 -4.89291586E-02  4.40986939E-02  1.94469481E-04  2.39406247E-03  2.58853193E-03
  7.04267216E+00 -4.88848127E-02  4.45879847E-02  1.98808848E-04  2.38972483E-03  2.58853380E-03
  7.04367208E+00 -4.88399789E-02  4.50768322E-02  2.03192074E-04  2.38534342E-03  2.58853543E-03
  7.04467201E+00 -4.87946570E-02  4.55652326E-02  2.07619043E-04  2.38091848E-03  2.58853752E-03
  7.04567194E+00 -4.87488508E-02  4.60531786E-02  2.12089537E-04  2.37645046E-03  2.58854008E-03
  7.04667187E+00 -4.87025566E-02  4.65406664E-02  2.16603381E-04  2.37193913E-03  2.58854241E-03
  7.04767179E+00 -4.86557744E-02  4.70276922E-02  2.21160386E-04  2.36738450E-03  2.58854497E-03
  7.04867172E+00 -4.86085042E-02  4.75142486E-02  2.25760392E-04  2.36278679E-03  2.58854730E-03
  7.04967165E+00 -4.85607460E-02  4.80003320E-02  2.30403195E-04  2.35814601E-03  2.58854916E-03
  7.05067158E+00 -4.85125035E-02  4.84859385E-02  2.35088621E-04  2.35346309E-03  2.58855172E-03
  7.05167150E+00 -4.84637767E-02  4.89710644E-02  2.39816523E-04  2.34873756E-03  2.58855405E-03
  7.05267143E+00 -4.84145619E-02  4.94557023E-02  2.44586670E-04  2.34396989E-03  2.58855661E-03
  7.05367136E+00 -4.83648628E-02  4.99398485E-02  2.49398843E-04  2.33916007E-03  2.58855894E-03
  7.05467129E+00 -4.83146794E-02  5.04234955E-02  2.54252896E-04  2.33430834E-03  2.58856127E-03
  7.05567122E+00 -4.82640155E-02  5.09066433E-02  2.59148626E-04  2.32941518E-03  2.58856383E-03
  7.05667114E+00 -4.82128672E-02  5.13892844E-02  2.64085858E-04  2.32448056E-03  2.58856639E-03
  7.05767107E+00 -4.81612347E-02  5.18714115E-02  2.69064330E-04  2.31950451E-03  2.58856872E-03
  7.05867100E+00 -4.81091216E-02  5.23530245E-02  2.74083926E-04  2.31448747E-03  2.58857151E-03
  7.05967093E+00 -4.80565280E-02  5.28341159E-02  2.79144384E-04  2.30942992E-03  2.58857431E-03
  7.06067085E+00 -4.80034500E-02  5.33146821E-02  2.84245558E-04  2.30433117E-03  2.58857664E-03
  7.06167078E+00 -4.79498953E-02  5.37947156E-02  2.89387157E-04  2.29919236E-03  2.58857943E-03
  7.06267071E+00 -4.78958637E-02  5.42742163E-02  2.94569065E-04  2.29401374E-03  2.58858269E-03
  7.06367064E+00 -4.78413515E-02  5.47531731E-02  2.99790991E-04  2.28879484E-03  2.58858595E-03
  7.06467056E+00 -4.77863587E-02  5.52315861E-02  3.05052818E-04  2.28353613E-03  2.58858898E-03
  7.06567049E+00 -4.77308892E-02  5.57094514E-02  3.10354313E-04  2.27823784E-03  2.58859224E-03
  7.06667042E+00 -4.76749428E-02  5.61867617E-02  3.15695215E-04  2.27290019E-03  2.58859550E-03
  7.06767035E+00 -4.76185158E-02  5.66635095E-02  3.21075320E-04  2.26752297E-03  2.58859829E-03
  7.06867027E+00 -4.75616157E-02  5.71396947E-02  3.26494483E-04  2.26210733E-03  2.58860178E-03
  7.06967020E+00 -4.75042388E-02  5.76153100E-02  3.31952411E-04  2.25665281E-03  2.58860528E-03
  7.07067013E+00 -4.74463850E-02  5.80903515E-02  3.37448902E-04  2.25115940E-03  2.58860830E-03
  7.07167006E+00 -4.73880544E-02  5.85648157E-02  3.42983752E-04  2.24562781E-03  2.58861156E-03
  7.07266998E+00 -4.73292507E-02  5.90386949E-02  3.48556758E-04  2.24005803E-03  2.58861482E-03
  7.07366991E+00 -4.72699739E-02  5.95119856E-02  3.54167627E-04  2.23445054E-03  2.58861808E-03
  7.07466984E+00 -4.72102277E-02  5.99846840E-02  3.59816215E-04  2.22880556E-03  2.58862181E-03
  7.07566977E+00 -4.71500084E-02  6.04567863E-02  3.65502288E-04  2.22312333E-03  2.58862553E-03
  7.07666969E+00 -4.70893160E-02  6.09282851E-02  3.71225615E-04  2.21740361E-03  2.58862926E-03
  7.07766962E+00 -4.70281541E-02  6.13991767E-02  3.76985903E-04  2.21164734E-03  2.58863322E-03
  7.07866955E+00 -4.69665192E-02  6.18694574E-02  3.82782979E-04  2.20585382E-03  2.58863671E-03
  7.07966948E+00 -4.69044149E-02  6.23391233E-02  3.88616638E-04  2.20002420E-03  2.58864090E-03
  7.08066940E+00 -4.68418412E-02  6.28081709E-02  3.94486648E-04  2.19415803E-03  2.58864462E-03
  7.08166933E+00 -4.67787981E-02  6.32765889E-02  4.00392659E-04  2.18825601E-03  2.58864858E-03
  7.08266926E+00 -4.67152856E-02  6.37443736E-02  4.06334497E-04  2.18231790E-03  2.58865231E-03
  7.08366919E+00 -4.66513075E-02  6.42115250E-02  4.12312016E-04  2.17634439E-03  2.58865650E-03
  7.08466911E+00 -4.65868600E-02  6.46780357E-02  4.18324809E-04  2.17033550E-03  2.58866022E-03
  7.08566904E+00 -4.65219468E-02  6.51439056E-02  4.24372818E-04  2.16429145E-03  2.58866418E-03
  7.08666897E+00 -4.64565717E-02  6.56091273E-02  4.30455751E-04  2.15821294E-03  2.58866861E-03
  7.08766890E+00 -4.63907309E-02  6.60736933E-02  4.36573289E-04  2.15209997E-03  2.58867326E-03
  7.08866882E+00 -4.63244244E-02  6.65376037E-02  4.42725286E-04  2.14595231E-03  2.58867769E-03
  7.08966875E+00 -4.62576561E-02  6.70008510E-02  4.48911422E-04  2.13977066E-03  2.58868211E-03
  7.09066868E+00 -4.61904258E-02  6.74634278E-02  4.55131434E-04  2.13355548E-03  2.58868700E-03
  7.09166861E+00 -4.61227298E-02  6.79253340E-02  4.61385120E-04  2.12730630E-03  2.58869142E-03
  7.09266853E+00 -4.60545719E-02  6.83865622E-02  4.67672216E-04  2.12102360E-03  2.58869585E-03
  7.09366846E+00 -4.59859557E-02  6.88471049E-02  4.73992404E-04  2.11470807E-03  2.58870050E-03
  7.09466839E+00 -4.59168777E-02  6.93069622E-02  4.80345509E-04  2.10835971E-03  2.58870516E-03
  7.09566832E+00 -4.58473414E-02  6.97661340E-02  4.86731355E-04  2.10197875E-03  2.58871005E-03
  7.09666824E+00 -4.57773432E-02  7.02246055E-02  4.93149506E-04  2.09556520E-03  2.58871471E-03
  7.09766817E+00 -4.57068905E-02  7.06823766E-02  4.99599846E-04  2.08911975E-03  2.58871960E-03
  7.09866810E+00 -4.56359796E-02  7.11394474E-02  5.06082084E-04  2.08264263E-03  2.58872472E-03
  7.09966803E+00 -4.55646142E-02  7.15958104E-02  5.12595987E-04  2.07613409E-03  2.58873007E-03
  7.10066795E+00 -4.54927906E-02  7.20514581E-02  5.19141264E-04  2.06959411E-03  2.58873543E-03
  7.10166788E+00 -4.54205126E-02  7.25063831E-02  5.25717565E-04  2.06302293E-03  2.58874055E-03
  7.10266781E+00 -4.53477800E-02  7.29605854E-02  5.32324717E-04  2.05642125E-03  2.58874591E-03
  7.10366774E+00 -4.52745929E-02  7.34140649E-02  5.38962486E-04  2.04978883E-03  2.58875126E-03
  7.10466766E+00 -4.52009514E-02  7.38668144E-02  5.45630639E-04  2.04312592E-03  2.58875662E-03
  7.10566759E+00 -4.51268591E-02  7.43188262E-02  5.52328827E-04  2.03643343E-03  2.58876220E-03
  7.10666752E+00 -4.50523123E-02  7.47700930E-02  5.59056702E-04  2.02971091E-03  2.58876756E-03
  7.10766745E+00 -4.49773185E-02  7.52206147E-02  5.65814087E-04  2.02295929E-03  2.58877338E-03
  7.10866737E+00 -4.49018739E-02  7.56703913E-02  5.72600809E-04  2.01617833E-03  2.58877920E-03
  7.10966730E+00 -4.48259786E-02  7.61194080E-02  5.79416461E-04  2.00936827E-03  2.58878479E-03
  7.11066723E+00 -4.47496362E-02  7.65676647E-02  5.86260750E-04  2.00253003E-03  2.58879084E-03
  7.11166716E+00 -4.46728468E-02  7.70151615E-02  5.93133504E-04  1.99566316E-03  2.58879666E-03
  7.11266708E+00 -4.45956066E-02  7.74618909E-02  6.00034487E-04  1.98876811E-03  2.58880248E-03
  7.11366701E+00 -4.45179194E-02  7.79078454E-02  6.06963236E-04  1.98184513E-03  2.58880830E-03
  7.11466694E+00 -4.44397889E-02  7.83530250E-02  6.13919634E-04  1.97489490E-03  2.58881459E-03
  7.11566687E+00 -4.43612114E-02  7.87974223E-02  6.20903389E-04  1.96791696E-03  2.58882041E-03
  7.11666679E+00 -4.42821905E-02  7.92410374E-02  6.27914211E-04  1.96091249E-03  2.58882670E-03
  7.11766672E+00 -4.42027301E-02  7.96838626E-02  6.34951808E-04  1.95388123E-03  2.58883298E-03
  7.11866665E+00 -4.41228263E-02  8.01258907E-02  6.42015832E-04  1.94682379E-03  2.58883974E-03
  7.11966658E+00 -4.40424792E-02  8.05671215E-02  6.49106165E-04  1.93974003E-03  2.58884626E-03
  7.12066650E+00 -4.39616926E-02  8.10075477E-02  6.56222284E-04  1.93263043E-03  2.58885277E-03
  7.12166643E+00 -4.38804664E-02  8.14471617E-02  6.63364015E-04  1.92549534E-03  2.58885929E-03
  7.12266636E+00 -4.37988006E-02  8.18859637E-02  6.70531124E-04  1.91833498E-03  2.58886605E-03
  7.12366629E+00 -4.37166952E-02  8.23239535E-02  6.77723379E-04  1.91114948E-03  2.58887280E-03
  7.12466621E+00 -4.36341502E-02  8.27611238E-02  6.84940373E-04  1.90393906E-03  2.58887932E-03
  7.12566614E+00 -4.35511693E-02  8.31974670E-02  6.92181871E-04  1.89670431E-03  2.58888630E-03
  7.12666607E+00 -4.34677564E-02  8.36329758E-02  6.99447468E-04  1.88944582E-03  2.58889329E-03
  7.12766600E+00 -4.33839075E-02  8.40676501E-02  7.06736988E-04  1.88216346E-03  2.58890050E-03
  7.12866592E+00 -4.32996228E-02  8.45014900E-02  7.14050198E-04  1.87485735E-03  2.58890749E-03
  7.12966585E+00 -4.32149060E-02  8.49344879E-02  7.21386750E-04  1.86752807E-03  2.58891471E-03
  7.13066578E+00 -4.31297570E-02  8.53666365E-02  7.28746294E-04  1.86017598E-03  2.58892216E-03
  7.13166571E+00 -4.30441760E-02  8.57979357E-02  7.36128597E-04  1.85280107E-03  2.58892961E-03
  7.13266563E+00 -4.29581627E-02  8.62283781E-02  7.43533310E-04  1.84540369E-03  2.58893706E-03
  7.13366556E+00 -4.28717174E-02  8.66579562E-02  7.50960142E-04  1.83798419E-03  2.58894428E-03
  7.13466549E+00 -4.27848436E-02  8.70866701E-02  7.58408802E-04  1.83054281E-03  2.58895149E-03
  7.13566542E+00 -4.26975451E-02  8.75145197E-02  7.65879115E-04  1.82308035E-03  2.58895941E-03
  7.13666534E+00 -4.26098183E-02  8.79414976E-02  7.73370673E-04  1.81559660E-03  2.58896733E-03
  7.13766527E+00 -4.25216630E-02  8.83675963E-02  7.80883187E-04  1.80809188E-03  2.58897501E-03
  7.13866520E+00 -4.24330831E-02  8.87928158E-02  7.88416422E-04  1.80056656E-03  2.58898293E-03
  7.13966513E+00 -4.23440784E-02  8.92171487E-02  7.95969914E-04  1.79302099E-03  2.58899084E-03
  7.14066505E+00 -4.22546491E-02  8.96405876E-02  8.03543546E-04  1.78545539E-03  2.58899899E-03
  7.14166498E+00 -4.21647951E-02  9.00631323E-02  8.11136793E-04  1.77787000E-03  2.58900691E-03
  7.14266491E+00 -4.20745201E-02  9.04847831E-02  8.18749599E-04  1.77026528E-03  2.58901482E-03
  7.14366484E+00 -4.19838279E-02  9.09055248E-02  8.26381438E-04  1.76264183E-03  2.58902321E-03
  7.14466476E+00 -4.18927148E-02  9.13253650E-02  8.34032253E-04  1.75499951E-03  2.58903182E-03
  7.14566469E+00 -4.18011807E-02  9.17442888E-02  8.41701520E-04  1.74733868E-03  2.58904020E-03
  7.14666462E+00 -4.17092294E-02  9.21623036E-02  8.49389005E-04  1.73965981E-03  2.58904882E-03
  7.14766455E+00 -4.16168571E-02  9.25793946E-02  8.57094419E-04  1.73196278E-03  2.58905720E-03
  7.14866447E+00 -4.15240675E-02  9.29955617E-02  8.64817470E-04  1.72424817E-03  2.58906558E-03
  7.14966440E+00 -4.14308645E-02  9.34108049E-02  8.72557925E-04  1.71651656E-03  2.58907443E-03
  7.15066433E+00 -4.13372442E-02  9.38251168E-02  8.80315260E-04  1.70876773E-03  2.58908304E-03
  7.15166426E+00 -4.12432142E-02  9.42384899E-02  8.88089300E-04  1.70100271E-03  2.58909212E-03
  7.15266418E+00 -4.11487706E-02  9.46509242E-02  8.95879813E-04  1.69322127E-03  2.58910097E-03
  7.15366411E+00 -4.10539135E-02  9.50624123E-02  9.03686217E-04  1.68542378E-03  2.58911005E-03
  7.15466404E+00 -4.09586467E-02  9.54729542E-02  9.11508512E-04  1.67761080E-03  2.58911937E-03
  7.15566397E+00 -4.08629701E-02  9.58825424E-02  9.19346232E-04  1.66978233E-03  2.58912845E-03
  7.15666389E+00 -4.07668836E-02  9.62911695E-02  9.27198969E-04  1.66193885E-03  2.58913776E-03
  7.15766382E+00 -4.06703874E-02  9.66988355E-02  9.35066491E-04  1.65408046E-03  2.58914707E-03
  7.15866375E+00 -4.05734852E-02  9.71055403E-02  9.42948565E-04  1.64620765E-03  2.58915615E-03
  7.15966368E+00 -4.04761769E-02  9.75112766E-02  9.50844900E-04  1.63832086E-03  2.58916570E-03
  7.16066360E+00 -4.03784662E-02  9.79160368E-02  9.58755089E-04  1.63042056E-03  2.58917571E-03
  7.16166353E+00 -4.02803496E-02  9.83198211E-02  9.66678781E-04  1.62250653E-03  2.58918526E-03
  7.16266346E+00 -4.01818268E-02  9.87226218E-02  9.74615570E-04  1.61457923E-03  2.58919480E-03
  7.16366339E+00 -4.00829017E-02  9.91244391E-02  9.82565456E-04  1.60663901E-03  2.58920435E-03
  7.16466331E+00 -3.99835743E-02  9.95252654E-02  9.90527915E-04  1.59868621E-03  2.58921413E-03
  7.16566324E+00 -3.98838483E-02  9.99251008E-02  9.98502597E-04  1.59072131E-03  2.58922391E-03
  7.16666317E+00 -3.97837237E-02  1.00323938E-01  1.00648927E-03  1.58274465E-03  2.58923392E-03
  7.16766310E+00 -3.96832004E-02  1.00721776E-01  1.01448770E-03  1.57475634E-03  2.58924393E-03
  7.16866302E+00 -3.95822823E-02  1.01118609E-01  1.02249731E-03  1.56675710E-03  2.58925441E-03
  7.16966295E+00 -3.94809656E-02  1.01514429E-01  1.03051797E-03  1.55874668E-03  2.58926465E-03
  7.17066288E+00 -3.93792540E-02  1.01909235E-01  1.03854924E-03  1.55072566E-03  2.58927490E-03
  7.17166281E+00 -3.92771475E-02  1.02303028E-01  1.04659097E-03  1.54269428E-03  2.58928537E-03
  7.17266273E+00 -3.91746461E-02  1.02695800E-01  1.05464272E-03  1.53465290E-03  2.58929562E-03
  7.17366266E+00 -3.90717536E-02  1.03087544E-01  1.06270413E-03  1.52660196E-03  2.58930610E-03
  7.17466259E+00 -3.89684737E-02  1.03478260E-01  1.07077498E-03  1.51854195E-03  2.58931704E-03
  7.17566252E+00 -3.88648026E-02  1.03867948E-01  1.07885513E-03  1.51047285E-03  2.58932798E-03
  7.17666245E+00 -3.87607403E-02  1.04256593E-01  1.08694367E-03  1.50239503E-03  2.58933869E-03
  7.17766237E+00 -3.86562906E-02  1.04644202E-01  1.09504093E-03  1.49430882E-03  2.58934963E-03
  7.17866230E+00 -3.85514535E-02  1.05030768E-01  1.10314623E-03  1.48621458E-03  2.58936081E-03
  7.17966223E+00 -3.84462290E-02  1.05416283E-01  1.11125933E-03  1.47811254E-03  2.58937199E-03
  7.18066216E+00 -3.83406207E-02  1.05800748E-01  1.11937977E-03  1.47000316E-03  2.58938293E-03
  7.18166208E+00 -3.82346287E-02  1.06184155E-01  1.12750742E-03  1.46188680E-03  2.58939434E-03
  7.18266201E+00 -3.81282531E-02  1.06566504E-01  1.13564206E-03  1.45376369E-03  2.58940575E-03
  7.18366194E+00 -3.80214974E-02  1.06947787E-01  1.14378298E-03  1.44563429E-03  2.58941716E-03
  7.18466187E+00 -3.79143581E-02  1.07328005E-01  1.15193008E-03  1.43749861E-03  2.58942880E-03
  7.18566179E+00 -3.78068388E-02  1.07707150E-01  1.16008311E-03  1.42935710E-03  2.58944021E-03
  7.18666172E+00 -3.76989432E-02  1.08085215E-01  1.16824138E-03  1.42121036E-03  2.58945161E-03
  7.18766165E+00 -3.75906676E-02  1.08462207E-01  1.17640512E-03  1.41305826E-03  2.58946326E-03
  7.18866158E+00 -3.74820195E-02  1.08838111E-01  1.18457351E-03  1.40490173E-03  2.58947536E-03
  7.18966150E+00 -3.73729952E-02  1.09212935E-01  1.19274657E-03  1.39674079E-03  2.58948747E-03
  7.19066143E+00 -3.72635946E-02  1.09586664E-01  1.20092370E-03  1.38857553E-03  2.58949911E-03
  7.19166136E+00 -3.71538214E-02  1.09959297E-01  1.20910478E-03  1.38040644E-03  2.58951122E-03
  7.19266129E+00 -3.70436758E-02  1.10330835E-01  1.21728925E-03  1.37223396E-03  2.58952333E-03
  7.19366121E+00 -3.69331576E-02  1.10701270E-01  1.22547708E-03  1.36405812E-03  2.58953520E-03
  7.19466114E+00 -3.68222706E-02  1.11070603E-01  1.23366795E-03  1.35587959E-03  2.58954754E-03
  7.19566107E+00 -3.67110185E-02  1.11438826E-01  1.24186126E-03  1.34769885E-03  2.58956011E-03
  7.19666100E+00 -3.65993977E-02  1.11805938E-01  1.25005678E-03  1.33951590E-03  2.58957269E-03
  7.19766092E+00 -3.64874080E-02  1.12171933E-01  1.25825428E-03  1.33133098E-03  2.58958526E-03
  7.19866085E+00 -3.63750532E-02  1.12536810E-01  1.26645330E-03  1.32314453E-03  2.58959783E-03
  7.19966078E+00 -3.62623334E-02  1.12900563E-01  1.27465371E-03  1.31495681E-03  2.58961041E-03
  7.20066071E+00 -3.61492485E-02  1.13263182E-01  1.28285482E-03  1.30676816E-03  2.58962298E-03
  7.20166063E+00 -3.60358022E-02  1.13624677E-01  1.29105675E-03  1.29857904E-03  2.58963578E-03
  7.20266056E+00 -3.59219983E-02  1.13985032E-01  1.29925879E-03  1.29038992E-03  2.58964859E-03
  7.20366049E+00 -3.58078331E-02  1.14344254E-01  1.30746083E-03  1.28220092E-03  2.58966163E-03
  7.20466042E+00 -3.56933102E-02  1.14702329E-01  1.31566252E-03  1.27401238E-03  2.58967490E-03
  7.20566034E+00 -3.55784297E-02  1.15059264E-01  1.32386340E-03  1.26582466E-03  2.58968817E-03
  7.20666027E+00 -3.54631916E-02  1.15415052E-01  1.33206346E-03  1.25763798E-03  2.58970144E-03
  7.20766020E+00 -3.53475995E-02  1.15769684E-01  1.34026201E-03  1.24945282E-03  2.58971471E-03
  7.20866013E+00 -3.52316536E-02  1.16123162E-01  1.34845893E-03  1.24126940E-03  2.58972822E-03
  7.20966005E+00 -3.51153538E-02  1.16475478E-01  1.35665375E-03  1.23308809E-03  2.58974172E-03
  7.21065998E+00 -3.49987037E-02  1.16826631E-01  1.36484613E-03  1.22490921E-03  2.58975523E-03
  7.21165991E+00 -3.48817036E-02  1.17176615E-01  1.37303595E-03  1.21673325E-03  2.58976920E-03
  7.21265984E+00 -3.47643532E-02  1.17525429E-01  1.38122262E-03  1.20856031E-03  2.58978293E-03
  7.21365976E+00 -3.46466526E-02  1.17873073E-01  1.38940616E-03  1.20039051E-03  2.58979667E-03
  7.21465969E+00 -3.45286056E-02  1.18219540E-01  1.39758596E-03  1.19222456E-03  2.58981064E-03
  7.21565962E+00 -3.44102159E-02  1.18564829E-01  1.40576193E-03  1.18406292E-03  2.58982484E-03
  7.21665955E+00 -3.42914797E-02  1.18908934E-01  1.41393347E-03  1.17590558E-03  2.58983904E-03
  7.21765947E+00 -3.41724008E-02  1.19251847E-01  1.42210035E-03  1.16775301E-03  2.58985348E-03
  7.21865940E+00 -3.40529792E-02  1.19593568E-01  1.43026223E-03  1.15960534E-03  2.58986745E-03
  7.21965933E+00 -3.39332148E-02  1.19934097E-01  1.43841875E-03  1.15146302E-03  2.58988189E-03
  7.22065926E+00 -3.38131078E-02  1.20273426E-01  1.44656969E-03  1.14332628E-03  2.58989586E-03
  7.22165918E+00 -3.36926654E-02  1.20611556E-01  1.45471480E-03  1.13519572E-03  2.58991052E-03
  7.22265911E+00 -3.35718878E-02  1.20948486E-01  1.46285363E-03  1.12707168E-03  2.58992519E-03
  7.22365904E+00 -3.34507711E-02  1.21284202E-01  1.47098571E-03  1.11895404E-03  2.58993963E-03
  7.22465897E+00 -3.33293192E-02  1.21618710E-01  1.47911103E-03  1.11084350E-03  2.58995453E-03
  7.22565889E+00 -3.32075320E-02  1.21952005E-01  1.48722914E-03  1.10274018E-03  2.58996943E-03
  7.22665882E+00 -3.30854133E-02  1.22284077E-01  1.49533956E-03  1.09464454E-03  2.58998410E-03
  7.22765875E+00 -3.29629667E-02  1.22614928E-01  1.50344206E-03  1.08655717E-03  2.58999923E-03
  7.22865868E+00 -3.28401886E-02  1.22944556E-01  1.51153642E-03  1.07847794E-03  2.59001437E-03
  7.22965860E+00 -3.27170789E-02  1.23272955E-01  1.51962216E-03  1.07040722E-03  2.59002950E-03
  7.23065853E+00 -3.25936414E-02  1.23600125E-01  1.52769906E-03  1.06234546E-03  2.59004440E-03
  7.23165846E+00 -3.24698761E-02  1.23926058E-01  1.53576676E-03  1.05429289E-03  2.59005977E-03
  7.23265839E+00 -3.23457867E-02  1.24250755E-01  1.54382503E-03  1.04624988E-03  2.59007490E-03
  7.23365831E+00 -3.22213769E-02  1.24574214E-01  1.55187352E-03  1.03821710E-03  2.59009050E-03
  7.23465824E+00 -3.20966430E-02  1.24896429E-01  1.55991188E-03  1.03019446E-03  2.59010633E-03
  7.23565817E+00 -3.19715850E-02  1.25217393E-01  1.56793953E-03  1.02218229E-03  2.59012170E-03
  7.23665810E+00 -3.18462066E-02  1.25537112E-01  1.57595670E-03  1.01418083E-03  2.59013753E-03
  7.23765802E+00 -3.17205079E-02  1.25855580E-01  1.58396270E-03  1.00619067E-03  2.59015337E-03
  7.23865795E+00 -3.15944925E-02  1.26172781E-01  1.59195706E-03  9.98211908E-04  2.59016897E-03
  7.23965788E+00 -3.14681642E-02  1.26488730E-01  1.59993989E-03  9.90245375E-04  2.59018526E-03
  7.24065781E+00 -3.13415192E-02  1.26803413E-01  1.60791061E-03  9.82290832E-04  2.59020133E-03
  7.24165773E+00 -3.12145595E-02  1.27116829E-01  1.61586888E-03  9.74348746E-04  2.59021763E-03
  7.24265766E+00 -3.10872868E-02  1.27428979E-01  1.62381458E-03  9.66419408E-04  2.59023393E-03
  7.24365759E+00 -3.09597030E-02  1.27739847E-01  1.63174688E-03  9.58503224E-04  2.59025022E-03
  7.24465752E+00 -3.08318082E-02  1.28049448E-01  1.63966604E-03  9.50600370E-04  2.59026652E-03
  7.24565744E+00 -3.07036042E-02  1.28357768E-01  1.64757168E-03  9.42711311E-04  2.59028305E-03
  7.24665737E+00 -3.05750929E-02  1.28664806E-01  1.65546336E-03  9.34836280E-04  2.59029958E-03
  7.24765730E+00 -3.04462761E-02  1.28970563E-01  1.66334060E-03  9.26975743E-04  2.59031635E-03
  7.24865723E+00 -3.03171519E-02  1.29275024E-01  1.67120330E-03  9.19129699E-04  2.59033311E-03
  7.24965715E+00 -3.01877260E-02  1.29578188E-01  1.67905074E-03  9.11298790E-04  2.59034941E-03
  7.25065708E+00 -3.00579965E-02  1.29880071E-01  1.68688339E-03  9.03483131E-04  2.59036664E-03
  7.25165701E+00 -2.99279653E-02  1.30180657E-01  1.69470033E-03  8.95683130E-04  2.59038340E-03
  7.25265694E+00 -2.97976360E-02  1.30479932E-01  1.70250132E-03  8.87899136E-04  2.59040040E-03
  7.25365686E+00 -2.96670068E-02  1.30777910E-01  1.71028625E-03  8.80131265E-04  2.59041740E-03
  7.25465679E+00 -2.95360796E-02  1.31074578E-01  1.71805453E-03  8.72379984E-04  2.59043463E-03
  7.25565672E+00 -2.94048581E-02  1.31369933E-01  1.72580592E-03  8.64645699E-04  2.59045162E-03
  7.25665665E+00 -2.92733405E-02  1.31663978E-01  1.73354044E-03  8.56928469E-04  2.59046885E-03
  7.25765657E+00 -2.91415285E-02  1.31956711E-01  1.74125738E-03  8.49228702E-04  2.59048608E-03
  7.25865650E+00 -2.90094260E-02  1.32248133E-01  1.74895697E-03  8.41546804E-04  2.59050378E-03
  7.25965643E+00 -2.88770329E-02  1.32538229E-01  1.75663829E-03  8.33883008E-04  2.59052124E-03
  7.26065636E+00 -2.87443493E-02  1.32826999E-01  1.76430121E-03  8.26237607E-04  2.59053893E-03
  7.26165628E+00 -2.86113787E-02  1.33114442E-01  1.77194551E-03  8.18611006E-04  2.59055663E-03
  7.26265621E+00 -2.84781214E-02  1.33400559E-01  1.77957106E-03  8.11003381E-04  2.59057432E-03
  7.26365614E+00 -2.83445790E-02  1.33685336E-01  1.78717694E-03  8.03415140E-04  2.59059202E-03
  7.26465607E+00 -2.82107517E-02  1.33968785E-01  1.79476349E-03  7.95846514E-04  2.59060995E-03
  7.26565599E+00 -2.80766413E-02  1.34250894E-01  1.80233025E-03  7.88297795E-04  2.59062811E-03
  7.26665592E+00 -2.79422514E-02  1.34531662E-01  1.80987676E-03  7.80769391E-04  2.59064604E-03
  7.26765585E+00 -2.78075803E-02  1.34811088E-01  1.81740301E-03  7.73261534E-04  2.59066466E-03
  7.26865578E+00 -2.76726298E-02  1.35089159E-01  1.82490819E-03  7.65774457E-04  2.59068259E-03
  7.26965570E+00 -2.75374036E-02  1.35365888E-01  1.83239242E-03  7.58308626E-04  2.59070098E-03
  7.27065563E+00 -2.74018999E-02  1.35641262E-01  1.83985510E-03  7.50864099E-04  2.59071914E-03
  7.27165556E+00 -2.72661205E-02  1.35915279E-01  1.84729637E-03  7.43441342E-04  2.59073777E-03
  7.27265549E+00 -2.71300692E-02  1.36187941E-01  1.85471552E-03  7.36040645E-04  2.59075616E-03
  7.27365541E+00 -2.69937459E-02  1.36459246E-01  1.86211267E-03  7.28662300E-04  2.59077502E-03
  7.27465534E+00 -2.68571526E-02  1.36729181E-01  1.86948688E-03  7.21306656E-04  2.59079365E-03
  7.27565527E+00 -2.67202891E-02  1.36997759E-01  1.87683874E-03  7.13973830E-04  2.59081251E-03
  7.27665520E+00 -2.65831575E-02  1.37264967E-01  1.88416708E-03  7.06664287E-04  2.59083137E-03
  7.27765512E+00 -2.64457595E-02  1.37530804E-01  1.89147226E-03  6.99378201E-04  2.59085046E-03
  7.27865505E+00 -2.63080969E-02  1.37795255E-01  1.89875334E-03  6.92115980E-04  2.59086932E-03
  7.27965498E+00 -2.61701699E-02  1.38058335E-01  1.90601032E-03  6.84877799E-04  2.59088818E-03
  7.28065491E+00 -2.60319803E-02  1.38320044E-01  1.91324356E-03  6.77664008E-04  2.59090750E-03
  7.28165483E+00 -2.58935299E-02  1.38580367E-01  1.92045176E-03  6.70474896E-04  2.59092660E-03
  7.28265476E+00 -2.57548187E-02  1.38839304E-01  1.92763528E-03  6.63310697E-04  2.59094592E-03
  7.28365469E+00 -2.56158505E-02  1.39096856E-01  1.93479366E-03  6.56171818E-04  2.59096548E-03
  7.28465462E+00 -2.54766252E-02  1.39353022E-01  1.94192643E-03  6.49058435E-04  2.59098480E-03
  7.28565454E+00 -2.53371447E-02  1.39607787E-01  1.94903358E-03  6.41970895E-04  2.59100460E-03
  7.28665447E+00 -2.51974110E-02  1.39861152E-01  1.95611431E-03  6.34909491E-04  2.59102369E-03
  7.28765440E+00 -2.50574239E-02  1.40113130E-01  1.96316908E-03  6.27874513E-04  2.59104371E-03
  7.28865433E+00 -2.49171853E-02  1.40363708E-01  1.97019707E-03  6.20866136E-04  2.59106327E-03
  7.28965425E+00 -2.47766972E-02  1.40612885E-01  1.97719852E-03  6.13884709E-04  2.59108329E-03
  7.29065418E+00 -2.46359594E-02  1.40860647E-01  1.98417227E-03  6.06930524E-04  2.59110285E-03
  7.29165411E+00 -2.44949758E-02  1.41107008E-01  1.99111877E-03  6.00003812E-04  2.59112264E-03
  7.29265404E+00 -2.43537463E-02  1.41351953E-01  1.99803757E-03  5.93104982E-04  2.59114243E-03
  7.29365396E+00 -2.42122728E-02  1.41595498E-01  2.00492865E-03  5.86234150E-04  2.59116292E-03
  7.29465389E+00 -2.40705553E-02  1.41837627E-01  2.01179134E-03  5.79391606E-04  2.59118294E-03
  7.29565382E+00 -2.39285957E-02  1.42078325E-01  2.01862515E-03  5.72577701E-04  2.59120297E-03
  7.29665375E+00 -2.37863977E-02  1.42317608E-01  2.02543009E-03  5.65792725E-04  2.59122276E-03
  7.29765368E+00 -2.36439612E-02  1.42555475E-01  2.03220639E-03  5.59036911E-04  2.59124325E-03
  7.29865360E+00 -2.35012881E-02  1.42791912E-01  2.03895313E-03  5.52310550E-04  2.59126374E-03
  7.29965353E+00 -2.33583786E-02  1.43026918E-01  2.04567006E-03  5.45613875E-04  2.59128399E-03
  7.30065346E+00 -2.32152343E-02  1.43260509E-01  2.05235742E-03  5.38947119E-04  2.59130448E-03
  7.30165339E+00 -2.30718590E-02  1.43492654E-01  2.05901428E-03  5.32310689E-04  2.59132497E-03
  7.30265331E+00 -2.29282510E-02  1.43723369E-01  2.06564064E-03  5.25704701E-04  2.59134546E-03
  7.30365324E+00 -2.27844119E-02  1.43952653E-01  2.07223673E-03  5.19129448E-04  2.59136618E-03
  7.30465317E+00 -2.26403456E-02  1.44180492E-01  2.07880139E-03  5.12585277E-04  2.59138667E-03
  7.30565310E+00 -2.24960521E-02  1.44406900E-01  2.08533532E-03  5.06072363E-04  2.59140763E-03
  7.30665302E+00 -2.23515332E-02  1.44631863E-01  2.09183758E-03  4.99591057E-04  2.59142858E-03
  7.30765295E+00 -2.22067889E-02  1.44855380E-01  2.09830818E-03  4.93141473E-04  2.59144977E-03
  7.30865288E+00 -2.20618211E-02  1.45077452E-01  2.10474688E-03  4.86723962E-04  2.59147072E-03
  7.30965281E+00 -2.19166335E-02  1.45298064E-01  2.11115275E-03  4.80338815E-04  2.59149168E-03
  7.31065273E+00 -2.17712261E-02  1.45517230E-01  2.11752648E-03  4.73986292E-04  2.59151286E-03
  7.31165266E+00 -2.16256008E-02  1.45734936E-01  2.12386716E-03  4.67666599E-04  2.59153382E-03
  7.31265259E+00 -2.14797575E-02  1.45951197E-01  2.13017524E-03  4.61379968E-04  2.59155524E-03
  7.31365252E+00 -2.13336982E-02  1.46165997E-01  2.13645003E-03  4.55126690E-04  2.59157666E-03
  7.31465244E+00 -2.11874265E-02  1.46379337E-01  2.14269105E-03  4.48907056E-04  2.59159808E-03
  7.31565237E+00 -2.10409407E-02  1.46591216E-01  2.14889855E-03  4.42721182E-04  2.59161973E-03
  7.31665230E+00 -2.08942443E-02  1.46801621E-01  2.15507159E-03  4.36569448E-04  2.59164115E-03
  7.31765223E+00 -2.07473375E-02  1.47010565E-01  2.16121064E-03  4.30452026E-04  2.59166257E-03
  7.31865215E+00 -2.06002221E-02  1.47218034E-01  2.16731499E-03  4.24369151E-04  2.59168423E-03
  7.31965208E+00 -2.04529017E-02  1.47424042E-01  2.17338488E-03  4.18321200E-04  2.59170611E-03
  7.32065201E+00 -2.03053746E-02  1.47628576E-01  2.17941962E-03  4.12308233E-04  2.59172777E-03
  7.32165194E+00 -2.01576445E-02  1.47831634E-01  2.18541920E-03  4.06330626E-04  2.59174989E-03
  7.32265186E+00 -2.00097114E-02  1.48033217E-01  2.19138339E-03  4.00388555E-04  2.59177200E-03
  7.32365179E+00 -1.98615771E-02  1.48233309E-01  2.19731149E-03  3.94482253E-04  2.59179366E-03
  7.32465172E+00 -1.97132453E-02  1.48431927E-01  2.20320374E-03  3.88612039E-04  2.59181578E-03
  7.32565165E+00 -1.95647143E-02  1.48629054E-01  2.20905966E-03  3.82778031E-04  2.59183766E-03
  7.32665157E+00 -1.94159858E-02  1.48824707E-01  2.21487950E-03  3.76980490E-04  2.59186001E-03
  7.32765150E+00 -1.92670636E-02  1.49018869E-01  2.22066231E-03  3.71219736E-04  2.59188213E-03
  7.32865143E+00 -1.91179477E-02  1.49211541E-01  2.22640834E-03  3.65495915E-04  2.59190425E-03
  7.32965136E+00 -1.89686418E-02  1.49402723E-01  2.23211735E-03  3.59809375E-04  2.59192660E-03
  7.33065128E+00 -1.88191440E-02  1.49592414E-01  2.23778910E-03  3.54160176E-04  2.59194919E-03
  7.33165121E+00 -1.86694562E-02  1.49780601E-01  2.24342290E-03  3.48548609E-04  2.59197154E-03
  7.33265114E+00 -1.85195822E-02  1.49967298E-01  2.24901899E-03  3.42974934E-04  2.59199389E-03
  7.33365107E+00 -1.83695219E-02  1.50152490E-01  2.25457712E-03  3.37439327E-04  2.59201648E-03
  7.33465099E+00 -1.82192773E-02  1.50336191E-01  2.26009707E-03  3.31942050E-04  2.59203906E-03
  7.33565092E+00 -1.80688500E-02  1.50518388E-01  2.26557860E-03  3.26483336E-04  2.59206188E-03
  7.33665085E+00 -1.79182403E-02  1.50699079E-01  2.27102125E-03  3.21063329E-04  2.59208446E-03
  7.33765078E+00 -1.77674517E-02  1.50878266E-01  2.27642502E-03  3.15682351E-04  2.59210728E-03
  7.33865070E+00 -1.76164843E-02  1.51055947E-01  2.28178990E-03  3.10340518E-04  2.59213033E-03
  7.33965063E+00 -1.74653400E-02  1.51232108E-01  2.28711497E-03  3.05038091E-04  2.59215315E-03
  7.34065056E+00 -1.73140205E-02  1.51406765E-01  2.29240092E-03  2.99775304E-04  2.59217620E-03
  7.34165049E+00 -1.71625279E-02  1.51579902E-01  2.29764683E-03  2.94552359E-04  2.59219925E-03
  7.34265041E+00 -1.70108620E-02  1.51751533E-01  2.30285292E-03  2.89369433E-04  2.59222230E-03
  7.34365034E+00 -1.68590248E-02  1.51921645E-01  2.30801874E-03  2.84226728E-04  2.59224558E-03
  7.34465027E+00 -1.67070199E-02  1.52090237E-01  2.31314404E-03  2.79124506E-04  2.59226863E-03
  7.34565020E+00 -1.65548455E-02  1.52257308E-01  2.31822883E-03  2.74062913E-04  2.59229168E-03
  7.34665012E+00 -1.64025053E-02  1.52422860E-01  2.32327287E-03  2.69042182E-04  2.59231497E-03
  7.34765005E+00 -1.62500013E-02  1.52586892E-01  2.32827594E-03  2.64062546E-04  2.59233848E-03
  7.34864998E+00 -1.60973333E-02  1.52749389E-01  2.33323756E-03  2.59124150E-04  2.59236176E-03
  7.34964991E+00 -1.59445032E-02  1.52910367E-01  2.33815797E-03  2.54227198E-04  2.59238528E-03
  7.35064983E+00 -1.57915130E-02  1.53069809E-01  2.34303670E-03  2.49371893E-04  2.59240856E-03
  7.35164976E+00 -1.56383645E-02  1.53227732E-01  2.34787376E-03  2.44558440E-04  2.59243231E-03
  7.35264969E+00 -1.54850585E-02  1.53384119E-01  2.35266867E-03  2.39787041E-04  2.59245560E-03
  7.35364962E+00 -1.53315971E-02  1.53538972E-01  2.35742168E-03  2.35057872E-04  2.59247958E-03
  7.35464954E+00 -1.51779819E-02  1.53692290E-01  2.36213207E-03  2.30371137E-04  2.59250309E-03
  7.35564947E+00 -1.50242141E-02  1.53844073E-01  2.36679986E-03  2.25727010E-04  2.59252684E-03
  7.35664940E+00 -1.48702944E-02  1.53994322E-01  2.37142527E-03  2.21125651E-04  2.59255082E-03
  7.35764933E+00 -1.47162257E-02  1.54143021E-01  2.37600715E-03  2.16567292E-04  2.59257434E-03
  7.35864925E+00 -1.45620089E-02  1.54290184E-01  2.38054618E-03  2.12052109E-04  2.59259832E-03
  7.35964918E+00 -1.44076459E-02  1.54435799E-01  2.38504168E-03  2.07580262E-04  2.59262184E-03
  7.36064911E+00 -1.42531386E-02  1.54579878E-01  2.38949386E-03  2.03151954E-04  2.59264582E-03
  7.36164904E+00 -1.40984869E-02  1.54722407E-01  2.39390228E-03  1.98767331E-04  2.59266957E-03
  7.36264896E+00 -1.39436936E-02  1.54863387E-01  2.39826692E-03  1.94426597E-04  2.59269355E-03
  7.36364889E+00 -1.37887606E-02  1.55002818E-01  2.40258756E-03  1.90129926E-04  2.59271753E-03
  7.36464882E+00 -1.36336889E-02  1.55140698E-01  2.40686373E-03  1.85877478E-04  2.59274128E-03
  7.36564875E+00 -1.34784803E-02  1.55277029E-01  2.41109566E-03  1.81669428E-04  2.59276503E-03
  7.36664867E+00 -1.33231366E-02  1.55411810E-01  2.41528312E-03  1.77505965E-04  2.59278901E-03
  7.36764860E+00 -1.31676579E-02  1.55545041E-01  2.41942587E-03  1.73387220E-04  2.59281299E-03
  7.36864853E+00 -1.30120469E-02  1.55676723E-01  2.42352416E-03  1.69313367E-04  2.59283744E-03
  7.36964846E+00 -1.28563046E-02  1.55806839E-01  2.42757704E-03  1.65284568E-04  2.59286165E-03
  7.37064838E+00 -1.27004338E-02  1.55935407E-01  2.43158522E-03  1.61301024E-04  2.59288633E-03
  7.37164831E+00 -1.25444354E-02  1.56062409E-01  2.43554753E-03  1.57362854E-04  2.59291031E-03
  7.37264824E+00 -1.23883104E-02  1.56187847E-01  2.43946444E-03  1.53470231E-04  2.59293476E-03
  7.37364817E+00 -1.22320605E-02  1.56311736E-01  2.44333595E-03  1.49623302E-04  2.59295921E-03
  7.37464809E+00 -1.20756878E-02  1.56434059E-01  2.44716159E-03  1.45822240E-04  2.59298389E-03
  7.37564802E+00 -1.19191930E-02  1.56554818E-01  2.45094113E-03  1.42067162E-04  2.59300834E-03
  7.37664795E+00 -1.17625790E-02  1.56674013E-01  2.45467457E-03  1.38358271E-04  2.59303278E-03
  7.37764788E+00 -1.16058467E-02  1.56791642E-01  2.45836191E-03  1.34695671E-04  2.59305770E-03
  7.37864780E+00 -1.14489971E-02  1.56907707E-01  2.46200291E-03  1.31079534E-04  2.59308238E-03
  7.37964773E+00 -1.12920329E-02  1.57022193E-01  2.46559712E-03  1.27510008E-04  2.59310706E-03
  7.38064766E+00 -1.11349542E-02  1.57135114E-01  2.46914453E-03  1.23987207E-04  2.59313174E-03
  7.38164759E+00 -1.09777628E-02  1.57246470E-01  2.47264537E-03  1.20511279E-04  2.59315665E-03
  7.38264751E+00 -1.08204614E-02  1.57356247E-01  2.47609895E-03  1.17082389E-04  2.59318133E-03
  7.38364744E+00 -1.06630512E-02  1.57464445E-01  2.47950526E-03  1.13700662E-04  2.59320601E-03
  7.38464737E+00 -1.05055338E-02  1.57571077E-01  2.48286454E-03  1.10366243E-04  2.59323069E-03
  7.38564730E+00 -1.03479102E-02  1.57676131E-01  2.48617632E-03  1.07079250E-04  2.59325560E-03
  7.38664722E+00 -1.01901824E-02  1.57779604E-01  2.48944038E-03  1.03839819E-04  2.59328028E-03
  7.38764715E+00 -1.00323511E-02  1.57881513E-01  2.49265740E-03  1.00648067E-04  2.59330543E-03
  7.38864708E+00 -9.87441931E-03  1.57981843E-01  2.49582622E-03  9.75041548E-05  2.59333034E-03
  7.38964701E+00 -9.71638784E-03  1.58080593E-01  2.49894755E-03  9.44081912E-05  2.59335572E-03
  7.39064693E+00 -9.55825858E-03  1.58177763E-01  2.50202045E-03  9.13603071E-05  2.59338086E-03
  7.39164686E+00 -9.40003339E-03  1.58273339E-01  2.50504515E-03  8.83606263E-05  2.59340578E-03
  7.39264679E+00 -9.24171321E-03  1.58367336E-01  2.50802143E-03  8.54092650E-05  2.59343069E-03
  7.39364672E+00 -9.08329897E-03  1.58459753E-01  2.51094950E-03  8.25063180E-05  2.59345584E-03
  7.39464664E+00 -8.92479345E-03  1.58550590E-01  2.51382915E-03  7.96519380E-05  2.59348098E-03
  7.39564657E+00 -8.76619853E-03  1.58639833E-01  2.51665968E-03  7.68462342E-05  2.59350589E-03
  7.39664650E+00 -8.60751513E-03  1.58727497E-01  2.51944177E-03  7.40893156E-05  2.59353104E-03
  7.39764643E+00 -8.44874512E-03  1.58813566E-01  2.52217497E-03  7.13812915E-05  2.59355619E-03
  7.39864635E+00 -8.28988943E-03  1.58898056E-01  2.52485927E-03  6.87222637E-05  2.59358156E-03
  7.39964628E+00 -8.13094992E-03  1.58980951E-01  2.52749445E-03  6.61123486E-05  2.59360671E-03
  7.40064621E+00 -7.97192752E-03  1.59062266E-01  2.53008050E-03  6.35516262E-05  2.59363209E-03
  7.40164614E+00 -7.81282503E-03  1.59141988E-01  2.53261719E-03  6.10402349E-05  2.59365747E-03
  7.40264606E+00 -7.65364384E-03  1.59220114E-01  2.53510452E-03  5.85782655E-05  2.59368285E-03
  7.40364599E+00 -7.49438535E-03  1.59296647E-01  2.53754226E-03  5.61658126E-05  2.59370799E-03
  7.40464592E+00 -7.33505143E-03  1.59371585E-01  2.53993017E-03  5.38029781E-05  2.59373314E-03
  7.40564585E+00 -7.17564300E-03  1.59444928E-01  2.54226848E-03  5.14898529E-05  2.59375828E-03
  7.40664577E+00 -7.01616239E-03  1.59516677E-01  2.54455721E-03  4.92265353E-05  2.59378366E-03
  7.40764570E+00 -6.85661100E-03  1.59586832E-01  2.54679564E-03  4.70131126E-05  2.59380881E-03
  7.40864563E+00 -6.69698976E-03  1.59655392E-01  2.54898448E-03  4.48496721E-05  2.59383419E-03
  7.40964556E+00 -6.53730100E-03  1.59722358E-01  2.55112327E-03  4.27363047E-05  2.59385956E-03
  7.41064548E+00 -6.37754612E-03  1.59787729E-01  2.55321199E-03  4.06730942E-05  2.59388518E-03
  7.41164541E+00 -6.21772651E-03  1.59851506E-01  2.55525042E-03  3.86601241E-05  2.59391055E-03
  7.41264534E+00 -6.05784403E-03  1.59913689E-01  2.55723880E-03  3.66974746E-05  2.59393617E-03
  7.41364527E+00 -5.89790009E-03  1.59974262E-01  2.55917641E-03  3.47852256E-05  2.59396154E-03
  7.41464520E+00 -5.73789654E-03  1.60033241E-01  2.56106397E-03  3.29234572E-05  2.59398739E-03
  7.41564512E+00 -5.57783432E-03  1.60090625E-01  2.56290077E-03  3.11122349E-05  2.59401300E-03
  7.41664505E+00 -5.41771576E-03  1.60146400E-01  2.56468705E-03  2.93516441E-05  2.59403861E-03
  7.41764498E+00 -5.25754225E-03  1.60200581E-01  2.56642257E-03  2.76417504E-05  2.59406422E-03
  7.41864491E+00 -5.09731565E-03  1.60253152E-01  2.56810733E-03  2.59826265E-05  2.59409007E-03
  7.41964483E+00 -4.93703689E-03  1.60304129E-01  2.56974134E-03  2.43743325E-05  2.59411568E-03
  7.42064476E+00 -4.77670832E-03  1.60353497E-01  2.57132459E-03  2.28169429E-05  2.59414152E-03
  7.42164469E+00 -4.61633084E-03  1.60401270E-01  2.57285661E-03  2.13105104E-05  2.59416713E-03
  7.42264462E+00 -4.45590634E-03  1.60447434E-01  2.57433788E-03  1.98551006E-05  2.59419298E-03
  7.42364454E+00 -4.29543667E-03  1.60491988E-01  2.57576793E-03  1.84507753E-05  2.59421859E-03
  7.42464447E+00 -4.13492322E-03  1.60534948E-01  2.57714698E-03  1.70975909E-05  2.59424467E-03
  7.42564440E+00 -3.97436786E-03  1.60576299E-01  2.57847481E-03  1.57956001E-05  2.59427051E-03
  7.42664433E+00 -3.81377176E-03  1.60616040E-01  2.57975119E-03  1.45448548E-05  2.59429612E-03
  7.42764425E+00 -3.65313655E-03  1.60654172E-01  2.58097635E-03  1.33454068E-05  2.59432173E-03
  7.42864418E+00 -3.49246431E-03  1.60690710E-01  2.58215051E-03  1.21973071E-05  2.59434781E-03
  7.42964411E+00 -3.33175622E-03  1.60725638E-01  2.58327322E-03  1.11005993E-05  2.59437389E-03
  7.43064404E+00 -3.17101390E-03  1.60758957E-01  2.58434424E-03  1.00553289E-05  2.59439950E-03
  7.43164396E+00 -3.01023899E-03  1.60790667E-01  2.58536404E-03  9.06153855E-06  2.59442558E-03
  7.43264389E+00 -2.84943311E-03  1.60820767E-01  2.58633192E-03  8.11926930E-06  2.59445119E-03
  7.43364382E+00 -2.68859812E-03  1.60849258E-01  2.58724834E-03  7.22855975E-06  2.59447680E-03
  7.43464375E+00 -2.52773543E-03  1.60876140E-01  2.58811330E-03  6.38944630E-06  2.59450264E-03
  7.43564367E+00 -2.36684666E-03  1.60901412E-01  2.58892658E-03  5.60196304E-06  2.59452849E-03
  7.43664360E+00 -2.20593344E-03  1.60925075E-01  2.58968817E-03  4.86614226E-06  2.59455433E-03
  7.43764353E+00 -2.04499741E-03  1.60947129E-01  2.59039784E-03  4.18201444E-06  2.59457994E-03
  7.43864346E+00 -1.88404007E-03  1.60967574E-01  2.59105605E-03  3.54960707E-06  2.59460555E-03
  7.43964338E+00 -1.72306306E-03  1.60986409E-01  2.59166234E-03  2.96894632E-06  2.59463140E-03
  7.44064331E+00 -1.56206801E-03  1.61003634E-01  2.59221694E-03  2.44005651E-06  2.59465701E-03
  7.44164324E+00 -1.40105654E-03  1.61019251E-01  2.59271986E-03  1.96295946E-06  2.59468285E-03
  7.44264317E+00 -1.24003028E-03  1.61033258E-01  2.59317108E-03  1.53767508E-06  2.59470870E-03
  7.44364309E+00 -1.07899087E-03  1.61045656E-01  2.59357039E-03  1.16422132E-06  2.59473454E-03
  7.44464302E+00 -9.17939760E-04  1.61056444E-01  2.59391777E-03  8.42613417E-07  2.59476039E-03
  7.44564295E+00 -7.56878697E-04  1.61065623E-01  2.59421370E-03  5.72865360E-07  2.59478646E-03
  7.44664288E+00 -5.95809252E-04  1.61073193E-01  2.59445747E-03  3.54988657E-07  2.59481254E-03
  7.44764280E+00 -4.34733083E-04  1.61079153E-01  2.59464956E-03  1.88992857E-07  2.59483862E-03
  7.44864273E+00 -2.73651734E-04  1.61083505E-01  2.59478949E-03  7.48852713E-08  2.59486446E-03
  7.44964266E+00 -1.12566850E-04  1.61086246E-01  2.59487797E-03  1.26712960E-08  2.59489054E-03
  7.45064259E+00  4.85199671E-05  1.61087379E-01  2.59491429E-03  2.35418729E-09  2.59491662E-03
  7.45164251E+00  2.09607111E-04  1.61086887E-01  2.59489845E-03  4.39351417E-08  2.59494246E-03
  7.45264244E+00  3.70692956E-04  1.61084786E-01  2.59483093E-03  1.37413267E-07  2.59496830E-03
  7.45364237E+00  5.31775877E-04  1.61081076E-01  2.59471126E-03  2.82785578E-07  2.59499415E-03
  7.45464230E+00  6.92854286E-04  1.61075756E-01  2.59453990E-03  4.80047049E-07  2.59501999E-03
  7.45564222E+00  8.53926525E-04  1.61068827E-01  2.59431684E-03  7.29190504E-07  2.59504607E-03
  7.45664215E+00  1.01499108E-03  1.61060289E-01  2.59404164E-03  1.03020693E-06  2.59507191E-03
  7.45764208E+00  1.17604621E-03  1.61050141E-01  2.59371474E-03  1.38308474E-06  2.59509776E-03
  7.45864201E+00  1.33709039E-03  1.61038384E-01  2.59333616E-03  1.78781067E-06  2.59512407E-03
  7.45964193E+00  1.49812212E-03  1.61025017E-01  2.59290566E-03  2.24436985E-06  2.59514991E-03
  7.46064186E+00  1.65913964E-03  1.61010042E-01  2.59242347E-03  2.75274442E-06  2.59517622E-03
  7.46164179E+00  1.82014145E-03  1.60993457E-01  2.59188935E-03  3.31291494E-06  2.59520230E-03
  7.46264172E+00  1.98112591E-03  1.60975263E-01  2.59130355E-03  3.92485981E-06  2.59522838E-03
  7.46364164E+00  2.14209105E-03  1.60955444E-01  2.59066536E-03  4.58855402E-06  2.59525399E-03
  7.46464157E+00  2.30303570E-03  1.60934016E-01  2.58997572E-03  5.30397347E-06  2.59527960E-03
  7.46564150E+00  2.46395823E-03  1.60910979E-01  2.58923438E-03  6.07108996E-06  2.59530544E-03
  7.46664143E+00  2.62485677E-03  1.60886332E-01  2.58844136E-03  6.88987302E-06  2.59533129E-03
  7.46764135E+00  2.78573018E-03  1.60860077E-01  2.58759665E-03  7.76029265E-06  2.59535690E-03
  7.46864128E+00  2.94657634E-03  1.60832226E-01  2.58670072E-03  8.68231200E-06  2.59538298E-03
  7.46964121E+00  3.10739386E-03  1.60802767E-01  2.58575310E-03  9.65589697E-06  2.59540905E-03
  7.47064114E+00  3.26818111E-03  1.60771698E-01  2.58475402E-03  1.06810076E-05  2.59543513E-03
  7.47164106E+00  3.42893647E-03  1.60739020E-01  2.58370326E-03  1.17576055E-05  2.59546097E-03
  7.47264099E+00  3.58965830E-03  1.60704732E-01  2.58260104E-03  1.28856464E-05  2.59548659E-03
  7.47364092E+00  3.75034520E-03  1.60668835E-01  2.58144736E-03  1.40650891E-05  2.59551243E-03
  7.47464085E+00  3.91099555E-03  1.60631329E-01  2.58024246E-03  1.52958855E-05  2.59553827E-03
  7.47564077E+00  4.07160725E-03  1.60592213E-01  2.57898588E-03  1.65779857E-05  2.59556388E-03
  7.47664070E+00  4.23217891E-03  1.60551503E-01  2.57767853E-03  1.79113376E-05  2.59558996E-03
  7.47764063E+00  4.39270958E-03  1.60509184E-01  2.57631997E-03  1.92958978E-05  2.59561581E-03
  7.47864056E+00  4.55319695E-03  1.60465255E-01  2.57490994E-03  2.07316025E-05  2.59564165E-03
  7.47964048E+00  4.71363962E-03  1.60419717E-01  2.57344870E-03  2.22183990E-05  2.59566703E-03
  7.48064041E+00  4.87403572E-03  1.60372585E-01  2.57193670E-03  2.37562235E-05  2.59569287E-03
  7.48164034E+00  5.03438432E-03  1.60323843E-01  2.57037370E-03  2.53450253E-05  2.59571872E-03
  7.48264027E+00  5.19468309E-03  1.60273492E-01  2.56875926E-03  2.69847333E-05  2.59574410E-03
  7.48364019E+00  5.35493065E-03  1.60221547E-01  2.56709452E-03  2.86752820E-05  2.59576971E-03
  7.48464012E+00  5.51512558E-03  1.60167992E-01  2.56537856E-03  3.04166097E-05  2.59579509E-03
  7.48564005E+00  5.67526603E-03  1.60112843E-01  2.56361230E-03  3.22086453E-05  2.59582093E-03
  7.48663998E+00  5.83535060E-03  1.60056084E-01  2.56179506E-03  3.40513179E-05  2.59584631E-03
  7.48763990E+00  5.99537743E-03  1.59997731E-01  2.55992752E-03  3.59445512E-05  2.59587215E-03
  7.48863983E+00  6.15534559E-03  1.59937784E-01  2.55800947E-03  3.78882796E-05  2.59589776E-03
  7.48963976E+00  6.31525274E-03  1.59876227E-01  2.55604088E-03  3.98824159E-05  2.59592338E-03
  7.49063969E+00  6.47509750E-03  1.59813076E-01  2.55402201E-03  4.19268872E-05  2.59594899E-03
  7.49163961E+00  6.63487799E-03  1.59748331E-01  2.55195308E-03  4.40216063E-05  2.59597460E-03
  7.49263954E+00  6.79459330E-03  1.59681976E-01  2.54983339E-03  4.61664968E-05  2.59599998E-03
  7.49363947E+00  6.95424108E-03  1.59614027E-01  2.54766387E-03  4.83614676E-05  2.59602536E-03
  7.49463940E+00  7.11382041E-03  1.59544483E-01  2.54544406E-03  5.06064425E-05  2.59605050E-03
  7.49563932E+00  7.27332942E-03  1.59473345E-01  2.54317489E-03  5.29013196E-05  2.59607611E-03
  7.49663925E+00  7.43276626E-03  1.59400612E-01  2.54085544E-03  5.52460151E-05  2.59610149E-03
  7.49763918E+00  7.59212952E-03  1.59326285E-01  2.53848662E-03  5.76404309E-05  2.59612710E-03
  7.49863911E+00  7.75141781E-03  1.59250364E-01  2.53606797E-03  6.00844796E-05  2.59615248E-03
  7.49963903E+00  7.91062880E-03  1.59172848E-01  2.53359950E-03  6.25780449E-05  2.59617763E-03
  7.50063896E+00  8.06976296E-03  1.59093738E-01  2.53108190E-03  6.51210721E-05  2.59620300E-03
  7.50163889E+00  8.22881702E-03  1.59013033E-01  2.52851448E-03  6.77134303E-05  2.59622792E-03
  7.50263882E+00  8.38778913E-03  1.58930749E-01  2.52589840E-03  7.03550031E-05  2.59625330E-03
  7.50363874E+00  8.54667835E-03  1.58846870E-01  2.52323295E-03  7.30457105E-05  2.59627867E-03
  7.50463867E+00  8.70548282E-03  1.58761397E-01  2.52051814E-03  7.57854286E-05  2.59630359E-03
  7.50563860E+00  8.86420067E-03  1.58674344E-01  2.51775491E-03  7.85740558E-05  2.59632897E-03
  7.50663853E+00  9.02283005E-03  1.58585697E-01  2.51494232E-03  8.14114610E-05  2.59635388E-03
  7.50763845E+00  9.18137096E-03  1.58495471E-01  2.51208129E-03  8.42975714E-05  2.59637879E-03
  7.50863838E+00  9.33982059E-03  1.58403650E-01  2.50917184E-03  8.72322489E-05  2.59640417E-03
  7.50963831E+00  9.49817803E-03  1.58310249E-01  2.50621350E-03  9.02153843E-05  2.59642885E-03
  7.51063824E+00  9.65644047E-03  1.58215269E-01  2.50320719E-03  9.32468392E-05  2.59645400E-03
  7.51163816E+00  9.81460698E-03  1.58118710E-01  2.50015268E-03  9.63265120E-05  2.59647914E-03
  7.51263809E+00  9.97267663E-03  1.58020571E-01  2.49705021E-03  9.94542788E-05  2.59650452E-03
  7.51363802E+00  1.01306466E-02  1.57920837E-01  2.49389908E-03  1.02630001E-04  2.59652920E-03
  7.51463795E+00  1.02885170E-02  1.57819524E-01  2.49070022E-03  1.05853585E-04  2.59655388E-03
  7.51563787E+00  1.04462849E-02  1.57716632E-01  2.48745363E-03  1.09124871E-04  2.59657856E-03
  7.51663780E+00  1.06039494E-02  1.57612175E-01  2.48415978E-03  1.12443740E-04  2.59660347E-03
  7.51763773E+00  1.07615087E-02  1.57506138E-01  2.48081842E-03  1.15810071E-04  2.59662839E-03
  7.51863766E+00  1.09189609E-02  1.57398522E-01  2.47742957E-03  1.19223710E-04  2.59665330E-03
  7.51963758E+00  1.10763041E-02  1.57289326E-01  2.47399323E-03  1.22684520E-04  2.59667775E-03
  7.52063751E+00  1.12335384E-02  1.57178566E-01  2.47051008E-03  1.26192390E-04  2.59670243E-03
  7.52163744E+00  1.13906609E-02  1.57066226E-01  2.46698014E-03  1.29747161E-04  2.59672734E-03
  7.52263737E+00  1.15476707E-02  1.56952322E-01  2.46340316E-03  1.33348702E-04  2.59675179E-03
  7.52363729E+00  1.17045650E-02  1.56836838E-01  2.45977938E-03  1.36996838E-04  2.59677623E-03
  7.52463722E+00  1.18613429E-02  1.56719789E-01  2.45610927E-03  1.40691453E-04  2.59680068E-03
  7.52563715E+00  1.20180035E-02  1.56601176E-01  2.45239283E-03  1.44432415E-04  2.59682536E-03
  7.52663708E+00  1.21745439E-02  1.56480998E-01  2.44863029E-03  1.48219522E-04  2.59684981E-03
  7.52763700E+00  1.23309642E-02  1.56359255E-01  2.44482164E-03  1.52052671E-04  2.59687426E-03
  7.52863693E+00  1.24872616E-02  1.56235948E-01  2.44096736E-03  1.55931702E-04  2.59689917E-03
  7.52963686E+00  1.26434350E-02  1.56111076E-01  2.43706699E-03  1.59856456E-04  2.59692338E-03
  7.53063679E+00  1.27994828E-02  1.55984640E-01  2.43312097E-03  1.63826757E-04  2.59694783E-03
  7.53163671E+00  1.29554030E-02  1.55856639E-01  2.42912932E-03  1.67842460E-04  2.59697181E-03
  7.53263664E+00  1.31111946E-02  1.55727088E-01  2.42509274E-03  1.71903419E-04  2.59699626E-03
  7.53363657E+00  1.32668568E-02  1.55595973E-01  2.42101075E-03  1.76009489E-04  2.59702024E-03
  7.53463650E+00  1.34223867E-02  1.55463308E-01  2.41688406E-03  1.80160467E-04  2.59704445E-03
  7.53563643E+00  1.35777825E-02  1.55329078E-01  2.41271220E-03  1.84356177E-04  2.59706844E-03
  7.53663635E+00  1.37330433E-02  1.55193299E-01  2.40849587E-03  1.88596474E-04  2.59709242E-03
  7.53763628E+00  1.38881681E-02  1.55055970E-01  2.40423530E-03  1.92881213E-04  2.59711640E-03
  7.53863621E+00  1.40431542E-02  1.54917091E-01  2.39993050E-03  1.97210175E-04  2.59714061E-03
  7.53963614E+00  1.41980015E-02  1.54776663E-01  2.39558145E-03  2.01583243E-04  2.59716460E-03
  7.54063606E+00  1.43527072E-02  1.54634684E-01  2.39118864E-03  2.06000201E-04  2.59718881E-03
  7.54163599E+00  1.45072704E-02  1.54491156E-01  2.38675182E-03  2.10460901E-04  2.59721279E-03
  7.54263592E+00  1.46616893E-02  1.54346079E-01  2.38227122E-03  2.14965126E-04  2.59723631E-03
  7.54363585E+00  1.48159619E-02  1.54199466E-01  2.37774756E-03  2.19512731E-04  2.59726029E-03
  7.54463577E+00  1.49700865E-02  1.54051304E-01  2.37318035E-03  2.24103496E-04  2.59728380E-03
  7.54563570E+00  1.51240630E-02  1.53901607E-01  2.36857054E-03  2.28737277E-04  2.59730779E-03
  7.54663563E+00  1.52778896E-02  1.53750360E-01  2.36391718E-03  2.33413914E-04  2.59733107E-03
  7.54763556E+00  1.54315634E-02  1.53597578E-01  2.35922169E-03  2.38133143E-04  2.59735482E-03
  7.54863548E+00  1.55850835E-02  1.53443262E-01  2.35448359E-03  2.42894821E-04  2.59737833E-03
  7.54963541E+00  1.57384481E-02  1.53287411E-01  2.34970311E-03  2.47698743E-04  2.59740185E-03
  7.55063534E+00  1.58916581E-02  1.53130025E-01  2.34488049E-03  2.52544793E-04  2.59742537E-03
  7.55163527E+00  1.60447080E-02  1.52971104E-01  2.34001572E-03  2.57432665E-04  2.59744842E-03
  7.55263519E+00  1.61975995E-02  1.52810663E-01  2.33510998E-03  2.62362242E-04  2.59747216E-03
  7.55363512E+00  1.63503308E-02  1.52648687E-01  2.33016233E-03  2.67333322E-04  2.59749568E-03
  7.55463505E+00  1.65028982E-02  1.52485177E-01  2.32517300E-03  2.72345642E-04  2.59751873E-03
  7.55563498E+00  1.66553017E-02  1.52320147E-01  2.32014270E-03  2.77399085E-04  2.59754178E-03
  7.55663490E+00  1.68075375E-02  1.52153596E-01  2.31507164E-03  2.82493304E-04  2.59756483E-03
  7.55763483E+00  1.69596076E-02  1.51985526E-01  2.30996008E-03  2.87628296E-04  2.59758835E-03
  7.55863476E+00  1.71115082E-02  1.51815936E-01  2.30480800E-03  2.92803714E-04  2.59761163E-03
  7.55963469E+00  1.72632392E-02  1.51644826E-01  2.29961541E-03  2.98019440E-04  2.59763491E-03
  7.56063461E+00  1.74147990E-02  1.51472196E-01  2.29438278E-03  3.03275214E-04  2.59765796E-03
  7.56163454E+00  1.75661836E-02  1.51298046E-01  2.28910986E-03  3.08570801E-04  2.59768078E-03
  7.56263447E+00  1.77173950E-02  1.51122391E-01  2.28379783E-03  3.13906086E-04  2.59770383E-03
  7.56363440E+00  1.78684276E-02  1.50945216E-01  2.27844599E-03  3.19280691E-04  2.59772665E-03
  7.56463432E+00  1.80192832E-02  1.50766537E-01  2.27305479E-03  3.24694556E-04  2.59774923E-03
  7.56563425E+00  1.81699600E-02  1.50586337E-01  2.26762448E-03  3.30147450E-04  2.59777205E-03
  7.56663418E+00  1.83204543E-02  1.50404632E-01  2.26215529E-03  3.35639052E-04  2.59779440E-03
  7.56763411E+00  1.84707679E-02  1.50221422E-01  2.25664745E-03  3.41169274E-04  2.59781675E-03
  7.56863403E+00  1.86208971E-02  1.50036708E-01  2.25110142E-03  3.46737797E-04  2.59783911E-03
  7.56963396E+00  1.87708400E-02  1.49850503E-01  2.24551721E-03  3.52344447E-04  2.59786169E-03
  7.57063389E+00  1.89205967E-02  1.49662793E-01  2.23989529E-03  3.57988989E-04  2.59788428E-03
  7.57163382E+00  1.90701652E-02  1.49473593E-01  2.23423541E-03  3.63671192E-04  2.59790663E-03
  7.57263374E+00  1.92195438E-02  1.49282888E-01  2.22853827E-03  3.69390851E-04  2.59792921E-03
  7.57363367E+00  1.93687305E-02  1.49090692E-01  2.22280342E-03  3.75147734E-04  2.59795110E-03
  7.57463360E+00  1.95177235E-02  1.48897007E-01  2.21703178E-03  3.80941521E-04  2.59797322E-03
  7.57563353E+00  1.96665227E-02  1.48701832E-01  2.21122359E-03  3.86772124E-04  2.59799580E-03
  7.57663345E+00  1.98151264E-02  1.48505166E-01  2.20537838E-03  3.92639224E-04  2.59801769E-03
  7.57763338E+00  1.99635327E-02  1.48307011E-01  2.19949684E-03  3.98542645E-04  2.59803957E-03
  7.57863331E+00  2.01117396E-02  1.48107380E-01  2.19357968E-03  4.04482067E-04  2.59806169E-03
  7.57963324E+00  2.02597473E-02  1.47906259E-01  2.18762620E-03  4.10457345E-04  2.59808358E-03
  7.58063316E+00  2.04075538E-02  1.47703663E-01  2.18163710E-03  4.16468247E-04  2.59810546E-03
  7.58163309E+00  2.05551554E-02  1.47499591E-01  2.17561307E-03  4.22514422E-04  2.59812758E-03
  7.58263302E+00  2.07025521E-02  1.47294044E-01  2.16955366E-03  4.28595667E-04  2.59814924E-03
  7.58363295E+00  2.08497420E-02  1.47087023E-01  2.16345931E-03  4.34711750E-04  2.59817112E-03
  7.58463287E+00  2.09967252E-02  1.46878526E-01  2.15733028E-03  4.40862466E-04  2.59819278E-03
  7.58563280E+00  2.11434998E-02  1.46668553E-01  2.15116655E-03  4.47047583E-04  2.59821420E-03
  7.58663273E+00  2.12900620E-02  1.46457121E-01  2.14496884E-03  4.53266752E-04  2.59823562E-03
  7.58763266E+00  2.14364138E-02  1.46244213E-01  2.13873712E-03  4.59519826E-04  2.59825704E-03
  7.58863258E+00  2.15825494E-02  1.46029845E-01  2.13247165E-03  4.65806428E-04  2.59827799E-03
  7.58963251E+00  2.17284709E-02  1.45814016E-01  2.12617288E-03  4.72126441E-04  2.59829941E-03
  7.59063244E+00  2.18741763E-02  1.45596728E-01  2.11984082E-03  4.78479604E-04  2.59832037E-03
  7.59163237E+00  2.20196638E-02  1.45377979E-01  2.11347570E-03  4.84865595E-04  2.59834132E-03
  7.59263229E+00  2.21649315E-02  1.45157784E-01  2.10707821E-03  4.91284183E-04  2.59836251E-03
  7.59363222E+00  2.23099794E-02  1.44936129E-01  2.10064813E-03  4.97735164E-04  2.59838323E-03
  7.59463215E+00  2.24548038E-02  1.44713029E-01  2.09418614E-03  5.04218217E-04  2.59840442E-03
  7.59563208E+00  2.25994047E-02  1.44488484E-01  2.08769226E-03  5.10733109E-04  2.59842537E-03
  7.59663200E+00  2.27437802E-02  1.44262493E-01  2.08116672E-03  5.17279550E-04  2.59844633E-03
  7.59763193E+00  2.28879284E-02  1.44035056E-01  2.07460974E-03  5.23857248E-04  2.59846705E-03
  7.59863186E+00  2.30318494E-02  1.43806174E-01  2.06802157E-03  5.30466088E-04  2.59848777E-03
  7.59963179E+00  2.31755394E-02  1.43575862E-01  2.06140289E-03  5.37105603E-04  2.59850849E-03
  7.60063171E+00  2.33190004E-02  1.43344104E-01  2.05475325E-03  5.43775794E-04  2.59852898E-03
  7.60163164E+00  2.34622266E-02  1.43110916E-01  2.04807334E-03  5.50476077E-04  2.59854947E-03
  7.60263157E+00  2.36052200E-02  1.42876297E-01  2.04136386E-03  5.57206396E-04  2.59857019E-03
  7.60363150E+00  2.37479787E-02  1.42640248E-01  2.03462411E-03  5.63966518E-04  2.59859068E-03
  7.60463142E+00  2.38904990E-02  1.42402768E-01  2.02785502E-03  5.70755918E-04  2.59861094E-03
  7.60563135E+00  2.40327828E-02  1.42163858E-01  2.02105637E-03  5.77574654E-04  2.59863096E-03
  7.60663128E+00  2.41748262E-02  1.41923532E-01  2.01422884E-03  5.84422203E-04  2.59865099E-03
  7.60763121E+00  2.43166294E-02  1.41681790E-01  2.00737314E-03  5.91298449E-04  2.59867171E-03
  7.60863113E+00  2.44581904E-02  1.41438618E-01  2.00048834E-03  5.98203100E-04  2.59869150E-03
  7.60963106E+00  2.45995056E-02  1.41194031E-01  1.99357560E-03  6.05135690E-04  2.59871129E-03
  7.61063099E+00  2.47405767E-02  1.40948042E-01  1.98663515E-03  6.12096163E-04  2.59873131E-03
  7.61163092E+00  2.48814020E-02  1.40700638E-01  1.97966699E-03  6.19084167E-04  2.59875110E-03
  7.61263084E+00  2.50219777E-02  1.40451819E-01  1.97267137E-03  6.26099354E-04  2.59877066E-03
  7.61363077E+00  2.51623038E-02  1.40201598E-01  1.96564896E-03  6.33141550E-04  2.59879045E-03
  7.61463070E+00  2.53023785E-02  1.39949977E-01  1.95859978E-03  6.40210346E-04  2.59881001E-03
  7.61563063E+00  2.54422016E-02  1.39696956E-01  1.95152394E-03  6.47305627E-04  2.59882957E-03
  7.61663055E+00  2.55817715E-02  1.39442533E-01  1.94442202E-03  6.54427044E-04  2.59884913E-03
  7.61763048E+00  2.57210862E-02  1.39186710E-01  1.93729403E-03  6.61574246E-04  2.59886822E-03
  7.61863041E+00  2.58601438E-02  1.38929501E-01  1.93014077E-03  6.68747060E-04  2.59888778E-03
  7.61963034E+00  2.59989444E-02  1.38670906E-01  1.92296214E-03  6.75945135E-04  2.59890733E-03
  7.62063026E+00  2.61374842E-02  1.38410911E-01  1.91575813E-03  6.83168066E-04  2.59892619E-03
  7.62163019E+00  2.62757652E-02  1.38149530E-01  1.90852920E-03  6.90415851E-04  2.59894505E-03
  7.62263012E+00  2.64137816E-02  1.37886778E-01  1.90127641E-03  6.97687850E-04  2.59896414E-03
  7.62363005E+00  2.65515354E-02  1.37622640E-01  1.89399906E-03  7.04984006E-04  2.59898300E-03
  7.62462997E+00  2.66890265E-02  1.37357131E-01  1.88669807E-03  7.12304143E-04  2.59900233E-03
  7.62562990E+00  2.68262494E-02  1.37090236E-01  1.87937322E-03  7.19647680E-04  2.59902095E-03
  7.62662983E+00  2.69632060E-02  1.36821970E-01  1.87202531E-03  7.27014500E-04  2.59903981E-03
  7.62762976E+00  2.70998944E-02  1.36552334E-01  1.86465401E-03  7.34404253E-04  2.59905821E-03
  7.62862968E+00  2.72363108E-02  1.36281341E-01  1.85726047E-03  7.41816650E-04  2.59907707E-03
  7.62962961E+00  2.73724552E-02  1.36008978E-01  1.84984412E-03  7.49251281E-04  2.59909546E-03
  7.63062954E+00  2.75083277E-02  1.35735258E-01  1.84240600E-03  7.56708090E-04  2.59911409E-03
  7.63162947E+00  2.76439246E-02  1.35460168E-01  1.83494575E-03  7.64186552E-04  2.59913225E-03
  7.63262939E+00  2.77792476E-02  1.35183722E-01  1.82746386E-03  7.71686609E-04  2.59915041E-03
  7.63362932E+00  2.79142912E-02  1.34905934E-01  1.81996112E-03  7.79207679E-04  2.59916880E-03
  7.63462925E+00  2.80490573E-02  1.34626791E-01  1.81243743E-03  7.86749646E-04  2.59918720E-03
  7.63562918E+00  2.81835441E-02  1.34346306E-01  1.80489314E-03  7.94312160E-04  2.59920536E-03
  7.63662910E+00  2.83177495E-02  1.34064466E-01  1.79732812E-03  8.01894930E-04  2.59922305E-03
  7.63762903E+00  2.84516718E-02  1.33781284E-01  1.78974331E-03  8.09497607E-04  2.59924098E-03
  7.63862896E+00  2.85853110E-02  1.33496761E-01  1.78213848E-03  8.17120017E-04  2.59925844E-03
  7.63962889E+00  2.87186652E-02  1.33210912E-01  1.77451468E-03  8.24761752E-04  2.59927637E-03
  7.64062881E+00  2.88517326E-02  1.32923722E-01  1.76687166E-03  8.32422462E-04  2.59929406E-03
  7.64162874E+00  2.89845131E-02  1.32635206E-01  1.75920990E-03  8.40101973E-04  2.59931199E-03
  7.64262867E+00  2.91170031E-02  1.32345363E-01  1.75152963E-03  8.47799878E-04  2.59932945E-03
  7.64362860E+00  2.92492025E-02  1.32054195E-01  1.74383109E-03  8.55515827E-04  2.59934692E-03
  7.64462852E+00  2.93811094E-02  1.31761700E-01  1.73611462E-03  8.63249588E-04  2.59936415E-03
  7.64562845E+00  2.95127239E-02  1.31467894E-01  1.72838068E-03  8.71000870E-04  2.59938161E-03
  7.64662838E+00  2.96440441E-02  1.31172761E-01  1.72062928E-03  8.78769381E-04  2.59939861E-03
  7.64762831E+00  2.97750682E-02  1.30876318E-01  1.71286112E-03  8.86554655E-04  2.59941583E-03
  7.64862823E+00  2.99057961E-02  1.30578563E-01  1.70507620E-03  8.94356635E-04  2.59943283E-03
  7.64962816E+00  3.00362259E-02  1.30279511E-01  1.69727509E-03  9.02174856E-04  2.59944983E-03
  7.65062809E+00  3.01663540E-02  1.29979149E-01  1.68945792E-03  9.10008908E-04  2.59946682E-03
  7.65162802E+00  3.02961823E-02  1.29677489E-01  1.68162514E-03  9.17858677E-04  2.59948382E-03
  7.65262794E+00  3.04257087E-02  1.29374534E-01  1.67377701E-03  9.25723754E-04  2.59950082E-03
  7.65362787E+00  3.05549297E-02  1.29070282E-01  1.66591373E-03  9.33603733E-04  2.59951735E-03
  7.65462780E+00  3.06838471E-02  1.28764734E-01  1.65803568E-03  9.41498496E-04  2.59953411E-03
  7.65562773E+00  3.08124591E-02  1.28457889E-01  1.65014283E-03  9.49407637E-04  2.59955041E-03
  7.65662766E+00  3.09407618E-02  1.28149763E-01  1.64223614E-03  9.57330747E-04  2.59956694E-03
  7.65762758E+00  3.10687572E-02  1.27840355E-01  1.63431559E-03  9.65267653E-04  2.59958324E-03
  7.65862751E+00  3.11964434E-02  1.27529666E-01  1.62638165E-03  9.73218062E-04  2.59959977E-03
  7.65962744E+00  3.13238166E-02  1.27217695E-01  1.61843409E-03  9.81181511E-04  2.59961560E-03
  7.66062737E+00  3.14508788E-02  1.26904458E-01  1.61047408E-03  9.89157823E-04  2.59963190E-03
  7.66162729E+00  3.15776281E-02  1.26589954E-01  1.60250161E-03  9.97146592E-04  2.59964820E-03
  7.66262722E+00  3.17040607E-02  1.26274183E-01  1.59451703E-03  1.00514747E-03  2.59966450E-03
  7.66362715E+00  3.18301730E-02  1.25957146E-01  1.58652035E-03  1.01315987E-03  2.59968033E-03
  7.66462708E+00  3.19559686E-02  1.25638843E-01  1.57851190E-03  1.02118391E-03  2.59969570E-03
  7.66562700E+00  3.20814475E-02  1.25319287E-01  1.57049240E-03  1.02921925E-03  2.59971153E-03
  7.66662693E+00  3.22066061E-02  1.24998473E-01  1.56246184E-03  1.03726552E-03  2.59972736E-03
  7.66762686E+00  3.23314443E-02  1.24676406E-01  1.55442057E-03  1.04532228E-03  2.59974273E-03
  7.66862679E+00  3.24559622E-02  1.24353088E-01  1.54636905E-03  1.05338951E-03  2.59975856E-03
  7.66962671E+00  3.25801522E-02  1.24028526E-01  1.53830752E-03  1.06146629E-03  2.59977393E-03
  7.67062664E+00  3.27040181E-02  1.23702727E-01  1.53023645E-03  1.06955285E-03  2.59978930E-03
  7.67162657E+00  3.28275561E-02  1.23375684E-01  1.52215594E-03  1.07764849E-03  2.59980443E-03
  7.67262650E+00  3.29507664E-02  1.23047411E-01  1.51406659E-03  1.08575297E-03  2.59981956E-03
  7.67362642E+00  3.30736488E-02  1.22717902E-01  1.50596839E-03  1.09386630E-03  2.59983470E-03
  7.67462635E+00  3.31962034E-02  1.22387163E-01  1.49786181E-03  1.10198790E-03  2.59984983E-03
  7.67562628E+00  3.33184227E-02  1.22055203E-01  1.48974720E-03  1.11011730E-03  2.59986450E-03
  7.67662621E+00  3.34403105E-02  1.21722020E-01  1.48162514E-03  1.11825438E-03  2.59987963E-03
  7.67762613E+00  3.35618667E-02  1.21387616E-01  1.47349539E-03  1.12639891E-03  2.59989430E-03
  7.67862606E+00  3.36830877E-02  1.21051997E-01  1.46535865E-03  1.13455043E-03  2.59990897E-03
  7.67962599E+00  3.38039733E-02  1.20715164E-01  1.45721517E-03  1.14270858E-03  2.59992387E-03
  7.68062592E+00  3.39245200E-02  1.20377123E-01  1.44906517E-03  1.15087302E-03  2.59993831E-03
  7.68162584E+00  3.40447240E-02  1.20037876E-01  1.44090911E-03  1.15904328E-03  2.59995228E-03
  7.68262577E+00  3.41645889E-02  1.19697429E-01  1.43274746E-03  1.16721913E-03  2.59996671E-03
  7.68362570E+00  3.42841148E-02  1.19355783E-01  1.42458023E-03  1.17540057E-03  2.59998068E-03
  7.68462563E+00  3.44032981E-02  1.19012944E-01  1.41640811E-03  1.18358689E-03  2.59999512E-03
  7.68562555E+00  3.45221385E-02  1.18668914E-01  1.40823110E-03  1.19177799E-03  2.60000909E-03
  7.68662548E+00  3.46406363E-02  1.18323691E-01  1.40004966E-03  1.19997363E-03  2.60002329E-03
  7.68762541E+00  3.47587876E-02  1.17977284E-01  1.39186392E-03  1.20817334E-03  2.60003726E-03
  7.68862534E+00  3.48765887E-02  1.17629699E-01  1.38367468E-03  1.21637643E-03  2.60005100E-03
  7.68962526E+00  3.49940434E-02  1.17280930E-01  1.37548172E-03  1.22458313E-03  2.60006497E-03
  7.69062519E+00  3.51111479E-02  1.16930991E-01  1.36728573E-03  1.23279274E-03  2.60007847E-03
  7.69162512E+00  3.52279022E-02  1.16579883E-01  1.35908695E-03  1.24100514E-03  2.60009198E-03
  7.69262505E+00  3.53443064E-02  1.16227604E-01  1.35088561E-03  1.24921999E-03  2.60010548E-03
  7.69362497E+00  3.54603603E-02  1.15874164E-01  1.34268217E-03  1.25743716E-03  2.60011945E-03
  7.69462490E+00  3.55760567E-02  1.15519561E-01  1.33447698E-03  1.26565585E-03  2.60013295E-03
  7.69562483E+00  3.56913991E-02  1.15163803E-01  1.32627017E-03  1.27387594E-03  2.60014599E-03
  7.69662476E+00  3.58063839E-02  1.14806890E-01  1.31806219E-03  1.28209707E-03  2.60015926E-03
  7.69762468E+00  3.59210111E-02  1.14448823E-01  1.30985340E-03  1.29031902E-03  2.60017253E-03
  7.69862461E+00  3.60352807E-02  1.14089616E-01  1.30164402E-03  1.29854144E-03  2.60018557E-03
  7.69962454E+00  3.61491926E-02  1.13729261E-01  1.29343453E-03  1.30676408E-03  2.60019861E-03
  7.70062447E+00  3.62627394E-02  1.13367766E-01  1.28522504E-03  1.31498626E-03  2.60021118E-03
  7.70162439E+00  3.63759249E-02  1.13005139E-01  1.27701613E-03  1.32320786E-03  2.60022399E-03
  7.70262432E+00  3.64887491E-02  1.12641379E-01  1.26880815E-03  1.33142876E-03  2.60023680E-03
  7.70362425E+00  3.66012082E-02  1.12276495E-01  1.26060110E-03  1.33964838E-03  2.60024937E-03
  7.70462418E+00  3.67133021E-02  1.11910485E-01  1.25239568E-03  1.34786661E-03  2.60026241E-03
  7.70562410E+00  3.68250310E-02  1.11543350E-01  1.24419190E-03  1.35608297E-03  2.60027498E-03
  7.70662403E+00  3.69363911E-02  1.11175098E-01  1.23599020E-03  1.36429700E-03  2.60028709E-03
  7.70762396E+00  3.70473787E-02  1.10805735E-01  1.22779107E-03  1.37250824E-03  2.60029919E-03
  7.70862389E+00  3.71579975E-02  1.10435262E-01  1.21959473E-03  1.38071680E-03  2.60031153E-03
  7.70962381E+00  3.72682475E-02  1.10063680E-01  1.21140142E-03  1.38892222E-03  2.60032364E-03
  7.71062374E+00  3.73781249E-02  1.09690994E-01  1.20321137E-03  1.39712426E-03  2.60033552E-03
  7.71162367E+00  3.74876298E-02  1.09317213E-01  1.19502540E-03  1.40532234E-03  2.60034762E-03
  7.71262360E+00  3.75967622E-02  1.08942337E-01  1.18684338E-03  1.41351658E-03  2.60035996E-03
  7.71362352E+00  3.77055183E-02  1.08566366E-01  1.17866555E-03  1.42170605E-03  2.60037160E-03
  7.71462345E+00  3.78138945E-02  1.08189315E-01  1.17049285E-03  1.42989063E-03  2.60038348E-03
  7.71562338E+00  3.79218943E-02  1.07811175E-01  1.16232492E-03  1.43807009E-03  2.60039512E-03
  7.71662331E+00  3.80295143E-02  1.07431956E-01  1.15416257E-03  1.44624396E-03  2.60040653E-03
  7.71762323E+00  3.81367579E-02  1.07051663E-01  1.14600582E-03  1.45441236E-03  2.60041817E-03
  7.71862316E+00  3.82436179E-02  1.06670298E-01  1.13785535E-03  1.46257435E-03  2.60042958E-03
  7.71962309E+00  3.83500978E-02  1.06287859E-01  1.12971093E-03  1.47073006E-03  2.60044099E-03
  7.72062302E+00  3.84561941E-02  1.05904356E-01  1.12157327E-03  1.47887890E-03  2.60045216E-03
  7.72162294E+00  3.85619029E-02  1.05519794E-01  1.11344270E-03  1.48702040E-03  2.60046311E-03
  7.72262287E+00  3.86672281E-02  1.05134174E-01  1.10531948E-03  1.49515457E-03  2.60047405E-03
  7.72362280E+00  3.87721695E-02  1.04747504E-01  1.09720405E-03  1.50328118E-03  2.60048523E-03
  7.72462273E+00  3.88767235E-02  1.04359783E-01  1.08909642E-03  1.51139963E-03  2.60049617E-03
  7.72562265E+00  3.89808901E-02  1.03971019E-01  1.08099729E-03  1.51950982E-03  2.60050711E-03
  7.72662258E+00  3.90846692E-02  1.03581212E-01  1.07290677E-03  1.52761140E-03  2.60051806E-03
  7.72762251E+00  3.91880572E-02  1.03190362E-01  1.06482510E-03  1.53570378E-03  2.60052877E-03
  7.72862244E+00  3.92910503E-02  1.02798484E-01  1.05675287E-03  1.54378661E-03  2.60053948E-03
  7.72962236E+00  3.93936522E-02  1.02405570E-01  1.04869006E-03  1.55185978E-03  2.60054972E-03
  7.73062229E+00  3.94958593E-02  1.02011636E-01  1.04063738E-03  1.55992294E-03  2.60056043E-03
  7.73162222E+00  3.95976752E-02  1.01616681E-01  1.03259494E-03  1.56797585E-03  2.60057067E-03
  7.73262215E+00  3.96990962E-02  1.01220705E-01  1.02456321E-03  1.57601829E-03  2.60058139E-03
  7.73362207E+00  3.98001187E-02  1.00823715E-01  1.01654220E-03  1.58404943E-03  2.60059163E-03
  7.73462200E+00  3.99007462E-02  1.00425713E-01  1.00853236E-03  1.59206952E-03  2.60060187E-03
  7.73562193E+00  4.00009714E-02  1.00026704E-01  1.00053416E-03  1.60007773E-03  2.60061189E-03
  7.73662186E+00  4.01007980E-02  9.96266976E-02  9.92547954E-04  1.60807394E-03  2.60062190E-03
  7.73762178E+00  4.02002223E-02  9.92256925E-02  9.84573853E-04  1.61605782E-03  2.60063168E-03
  7.73862171E+00  4.02992480E-02  9.88236889E-02  9.76612209E-04  1.62402936E-03  2.60064146E-03
  7.73962164E+00  4.03978713E-02  9.84206945E-02  9.68663313E-04  1.63198798E-03  2.60065123E-03
  7.74062157E+00  4.04960923E-02  9.80167165E-02  9.60727688E-04  1.63993344E-03  2.60066101E-03
  7.74162149E+00  4.05939072E-02  9.76117551E-02  9.52805509E-04  1.64786528E-03  2.60067079E-03
  7.74262142E+00  4.06913161E-02  9.72058177E-02  9.44897067E-04  1.65578316E-03  2.60068011E-03
  7.74362135E+00  4.07883152E-02  9.67989042E-02  9.37002827E-04  1.66368671E-03  2.60068942E-03
  7.74462128E+00  4.08849083E-02  9.63910222E-02  9.29122907E-04  1.67157571E-03  2.60069873E-03
  7.74562120E+00  4.09810953E-02  9.59821716E-02  9.21257772E-04  1.67945016E-03  2.60070805E-03
  7.74662113E+00  4.10768725E-02  9.55723599E-02  9.13407595E-04  1.68730947E-03  2.60071713E-03
  7.74762106E+00  4.11722399E-02  9.51615945E-02  9.05572902E-04  1.69515330E-03  2.60072621E-03
  7.74862099E+00  4.12671976E-02  9.47498754E-02  8.97753926E-04  1.70298165E-03  2.60073552E-03
  7.74962091E+00  4.13617417E-02  9.43372026E-02  8.89950839E-04  1.71079370E-03  2.60074460E-03
  7.75062084E+00  4.14558686E-02  9.39235836E-02  8.82163935E-04  1.71858899E-03  2.60075298E-03
  7.75162077E+00  4.15495820E-02  9.35090259E-02  8.74393794E-04  1.72636774E-03  2.60076160E-03
  7.75262070E+00  4.16428819E-02  9.30935293E-02  8.66640534E-04  1.73412962E-03  2.60077021E-03
  7.75362062E+00  4.17357683E-02  9.26771015E-02  8.58904503E-04  1.74187438E-03  2.60077883E-03
  7.75462055E+00  4.18282375E-02  9.22597423E-02  8.51185992E-04  1.74960145E-03  2.60078744E-03
  7.75562048E+00  4.19202894E-02  9.18414593E-02  8.43485352E-04  1.75731070E-03  2.60079606E-03
  7.75662041E+00  4.20119241E-02  9.14222598E-02  8.35802988E-04  1.76500180E-03  2.60080490E-03
  7.75762033E+00  4.21031378E-02  9.10021439E-02  8.28139018E-04  1.77267427E-03  2.60081328E-03
  7.75862026E+00  4.21939269E-02  9.05811116E-02  8.20493791E-04  1.78032741E-03  2.60082120E-03
  7.75962019E+00  4.22842950E-02  9.01591703E-02  8.12867598E-04  1.78796158E-03  2.60082912E-03
  7.76062012E+00  4.23742421E-02  8.97363275E-02  8.05260905E-04  1.79557642E-03  2.60083727E-03
  7.76162004E+00  4.24637645E-02  8.93125832E-02  7.97673769E-04  1.80317136E-03  2.60084518E-03
  7.76261997E+00  4.25528660E-02  8.88879448E-02  7.90106715E-04  1.81074638E-03  2.60085310E-03
  7.76361990E+00  4.26415429E-02  8.84624198E-02  7.82560033E-04  1.81830116E-03  2.60086125E-03
  7.76461983E+00  4.27297913E-02  8.80360007E-02  7.75033783E-04  1.82583509E-03  2.60086893E-03
  7.76561975E+00  4.28176150E-02  8.76087025E-02  7.67528487E-04  1.83334819E-03  2.60087661E-03
  7.76661968E+00  4.29050103E-02  8.71805251E-02  7.60044379E-04  1.84083986E-03  2.60088430E-03
  7.76761961E+00  4.29919735E-02  8.67514759E-02  7.52581866E-04  1.84830977E-03  2.60089152E-03
  7.76861954E+00  4.30785082E-02  8.63215551E-02  7.45141122E-04  1.85575790E-03  2.60089897E-03
  7.76961946E+00  4.31646146E-02  8.58907700E-02  7.37722439E-04  1.86318392E-03  2.60090642E-03
  7.77061939E+00  4.32502888E-02  8.54591206E-02  7.30326108E-04  1.87058747E-03  2.60091363E-03
  7.77161932E+00  4.33355309E-02  8.50266144E-02  7.22952536E-04  1.87796820E-03  2.60092085E-03
  7.77261925E+00  4.34203409E-02  8.45932588E-02  7.15601956E-04  1.88532600E-03  2.60092784E-03
  7.77361917E+00  4.35047187E-02  8.41590539E-02  7.08274660E-04  1.89266051E-03  2.60093529E-03
  7.77461910E+00  4.35886607E-02  8.37240070E-02  7.00970937E-04  1.89997139E-03  2.60094227E-03
  7.77561903E+00  4.36721630E-02  8.32881182E-02  6.93691080E-04  1.90725783E-03  2.60094879E-03
  7.77661896E+00  4.37552296E-02  8.28513950E-02  6.86435378E-04  1.91452017E-03  2.60095554E-03
  7.77761889E+00  4.38378602E-02  8.24138448E-02  6.79204182E-04  1.92175794E-03  2.60096206E-03
  7.77861881E+00  4.39200550E-02  8.19754675E-02  6.71997725E-04  1.92897127E-03  2.60096905E-03
  7.77961874E+00  4.40018103E-02  8.15362632E-02  6.64816238E-04  1.93615933E-03  2.60097557E-03
  7.78061867E+00  4.40831259E-02  8.10962468E-02  6.57660130E-04  1.94332201E-03  2.60098209E-03
  7.78161860E+00  4.41640019E-02  8.06554183E-02  6.50529691E-04  1.95045909E-03  2.60098884E-03
  7.78261852E+00  4.42444384E-02  8.02137777E-02  6.43425039E-04  1.95757044E-03  2.60099536E-03
  7.78361845E+00  4.43244316E-02  7.97713324E-02  6.36346580E-04  1.96465524E-03  2.60100188E-03
  7.78461838E+00  4.44039814E-02  7.93280900E-02  6.29294605E-04  1.97171350E-03  2.60100816E-03
  7.78561831E+00  4.44830842E-02  7.88840503E-02  6.22269348E-04  1.97874475E-03  2.60101398E-03
  7.78661823E+00  4.45617437E-02  7.84392208E-02  6.15271158E-04  1.98574900E-03  2.60102004E-03
  7.78761816E+00  4.46399599E-02  7.79936016E-02  6.08300208E-04  1.99272600E-03  2.60102609E-03
  7.78861809E+00  4.47177291E-02  7.75472000E-02  6.01356791E-04  1.99967530E-03  2.60103215E-03
  7.78961802E+00  4.47950512E-02  7.71000236E-02  5.94441372E-04  2.00659665E-03  2.60103797E-03
  7.79061794E+00  4.48719263E-02  7.66520724E-02  5.87554008E-04  2.01348984E-03  2.60104379E-03
  7.79161787E+00  4.49483544E-02  7.62033537E-02  5.80695167E-04  2.02035462E-03  2.60104984E-03
  7.79261780E+00  4.50243354E-02  7.57538676E-02  5.73864847E-04  2.02719076E-03  2.60105566E-03
  7.79361773E+00  4.50998656E-02  7.53036216E-02  5.67063573E-04  2.03399779E-03  2.60106148E-03
  7.79461765E+00  4.51749414E-02  7.48526230E-02  5.60291519E-04  2.04077526E-03  2.60106684E-03
  7.79561758E+00  4.52495664E-02  7.44008720E-02  5.53548976E-04  2.04752316E-03  2.60107219E-03
  7.79661751E+00  4.53237407E-02  7.39483759E-02  5.46836236E-04  2.05424149E-03  2.60107778E-03
  7.79761744E+00  4.53974605E-02  7.34951347E-02  5.40153531E-04  2.06092931E-03  2.60108290E-03
  7.79861736E+00  4.54707295E-02  7.30411634E-02  5.33501152E-04  2.06758734E-03  2.60108849E-03
  7.79961729E+00  4.55435440E-02  7.25864545E-02  5.26879390E-04  2.07421440E-03  2.60109385E-03
  7.80061722E+00  4.56159040E-02  7.21310154E-02  5.20288362E-04  2.08081072E-03  2.60109920E-03
  7.80161715E+00  4.56878096E-02  7.16748536E-02  5.13728475E-04  2.08737585E-03  2.60110432E-03
  7.80261707E+00  4.57592569E-02  7.12179765E-02  5.07200020E-04  2.09390954E-03  2.60110945E-03
  7.80361700E+00  4.58302461E-02  7.07603842E-02  5.00703172E-04  2.10041157E-03  2.60111480E-03
  7.80461693E+00  4.59007770E-02  7.03020841E-02  4.94238338E-04  2.10688123E-03  2.60111969E-03
  7.80561686E+00  4.59708497E-02  6.98430762E-02  4.87805548E-04  2.11331900E-03  2.60112458E-03
  7.80661678E+00  4.60404605E-02  6.93833679E-02  4.81405150E-04  2.11972394E-03  2.60112900E-03
  7.80761671E+00  4.61096130E-02  6.89229667E-02  4.75037523E-04  2.12609651E-03  2.60113413E-03
  7.80861664E+00  4.61783037E-02  6.84618726E-02  4.68702812E-04  2.13243579E-03  2.60113855E-03
  7.80961657E+00  4.62465361E-02  6.80000931E-02  4.62401280E-04  2.13874201E-03  2.60114321E-03
  7.81061649E+00  4.63143066E-02  6.75376281E-02  4.56133130E-04  2.14501494E-03  2.60114809E-03
  7.81161642E+00  4.63816114E-02  6.70744851E-02  4.49898653E-04  2.15125387E-03  2.60115252E-03
  7.81261635E+00  4.64484543E-02  6.66106716E-02  4.43698140E-04  2.15745880E-03  2.60115694E-03
  7.81361628E+00  4.65148352E-02  6.61461875E-02  4.37531824E-04  2.16362998E-03  2.60116183E-03
  7.81461620E+00  4.65807505E-02  6.56810403E-02  4.31399880E-04  2.16976623E-03  2.60116602E-03
  7.81561613E+00  4.66461964E-02  6.52152300E-02  4.25302627E-04  2.17586756E-03  2.60117021E-03
  7.81661606E+00  4.67111766E-02  6.47487715E-02  4.19240358E-04  2.18193396E-03  2.60117440E-03
  7.81761599E+00  4.67756912E-02  6.42816573E-02  4.13213158E-04  2.18796520E-03  2.60117836E-03
  7.81861591E+00  4.68397364E-02  6.38139024E-02  4.07221407E-04  2.19396083E-03  2.60118232E-03
  7.81961584E+00  4.69033159E-02  6.33455068E-02  4.01265308E-04  2.19992106E-03  2.60118628E-03
  7.82061577E+00  4.69664261E-02  6.28764704E-02  3.95345036E-04  2.20584520E-03  2.60119024E-03
  7.82161570E+00  4.70290668E-02  6.24068044E-02  3.89460911E-04  2.21173302E-03  2.60119396E-03
  7.82261562E+00  4.70912382E-02  6.19365126E-02  3.83613165E-04  2.21758476E-03  2.60119792E-03
  7.82361555E+00  4.71529402E-02  6.14655986E-02  3.77802004E-04  2.22339970E-03  2.60120165E-03
  7.82461548E+00  4.72141728E-02  6.09940700E-02  3.72027658E-04  2.22917809E-03  2.60120584E-03
  7.82561541E+00  4.72749323E-02  6.05219267E-02  3.66290362E-04  2.23491923E-03  2.60120956E-03
  7.82661533E+00  4.73352186E-02  6.00491762E-02  3.60590377E-04  2.24062288E-03  2.60121329E-03
  7.82761526E+00  4.73950282E-02  5.95758222E-02  3.54927848E-04  2.24628858E-03  2.60121655E-03
  7.82861519E+00  4.74543646E-02  5.91018721E-02  3.49303125E-04  2.25191680E-03  2.60121981E-03
  7.82961512E+00  4.75132279E-02  5.86273298E-02  3.43716383E-04  2.25750683E-03  2.60122330E-03
  7.83061504E+00  4.75716181E-02  5.81521988E-02  3.38167825E-04  2.26305891E-03  2.60122679E-03
  7.83161497E+00  4.76295315E-02  5.76764829E-02  3.32657684E-04  2.26857234E-03  2.60123005E-03
  7.83261490E+00  4.76869680E-02  5.72001860E-02  3.27186135E-04  2.27404688E-03  2.60123308E-03
  7.83361483E+00  4.77439314E-02  5.67233153E-02  3.21753439E-04  2.27948301E-03  2.60123657E-03
  7.83461475E+00  4.78004180E-02  5.62458746E-02  3.16359859E-04  2.28488003E-03  2.60123983E-03
  7.83561468E+00  4.78564240E-02  5.57678714E-02  3.11005570E-04  2.29023723E-03  2.60124286E-03
  7.83661461E+00  4.79119532E-02  5.52893057E-02  3.05690744E-04  2.29555531E-03  2.60124612E-03
  7.83761454E+00  4.79670055E-02  5.48101850E-02  3.00415646E-04  2.30083358E-03  2.60124914E-03
  7.83861446E+00  4.80215773E-02  5.43305166E-02  2.95180507E-04  2.30607181E-03  2.60125240E-03
  7.83961439E+00  4.80756685E-02  5.38503006E-02  2.89985503E-04  2.31126999E-03  2.60125543E-03
  7.84061432E+00  4.81292754E-02  5.33695444E-02  2.84830836E-04  2.31642718E-03  2.60125799E-03
  7.84161425E+00  4.81824018E-02  5.28882518E-02  2.79716740E-04  2.32154387E-03  2.60126055E-03
  7.84261417E+00  4.82350476E-02  5.24064265E-02  2.74643360E-04  2.32661981E-03  2.60126311E-03
  7.84361410E+00  4.82872128E-02  5.19240759E-02  2.69610988E-04  2.33165501E-03  2.60126591E-03
  7.84461403E+00  4.83388938E-02  5.14412038E-02  2.64619768E-04  2.33664876E-03  2.60126847E-03
  7.84561396E+00  4.83900942E-02  5.09578139E-02  2.59669876E-04  2.34160130E-03  2.60127126E-03
  7.84661388E+00  4.84408103E-02  5.04739136E-02  2.54761602E-04  2.34651216E-03  2.60127382E-03
  7.84761381E+00  4.84910421E-02  4.99895066E-02  2.49895093E-04  2.35138112E-03  2.60127615E-03
  7.84861374E+00  4.85407896E-02  4.95045967E-02  2.45070521E-04  2.35620816E-03  2.60127871E-03
  7.84961367E+00  4.85900529E-02  4.90191877E-02  2.40288078E-04  2.36099330E-03  2.60128127E-03
  7.85061359E+00  4.86388281E-02  4.85332869E-02  2.35547996E-04  2.36573559E-03  2.60128360E-03
  7.85161352E+00  4.86871190E-02  4.80468981E-02  2.30850448E-04  2.37043551E-03  2.60128593E-03
  7.85261345E+00  4.87349220E-02  4.75600287E-02  2.26195625E-04  2.37509259E-03  2.60128826E-03
  7.85361338E+00  4.87822406E-02  4.70726788E-02  2.21583716E-04  2.37970706E-03  2.60129082E-03
  7.85461330E+00  4.88290712E-02  4.65848558E-02  2.17014880E-04  2.38427822E-03  2.60129315E-03
  7.85561323E+00  4.88754101E-02  4.60965633E-02  2.12489322E-04  2.38880562E-03  2.60129501E-03
  7.85661316E+00  4.89212610E-02  4.56078090E-02  2.08007215E-04  2.39328970E-03  2.60129687E-03
  7.85761309E+00  4.89666238E-02  4.51185964E-02  2.03568765E-04  2.39773025E-03  2.60129897E-03
  7.85861301E+00  4.90114950E-02  4.46289293E-02  1.99174145E-04  2.40212656E-03  2.60130060E-03
  7.85961294E+00  4.90558781E-02  4.41388153E-02  1.94823500E-04  2.40647909E-03  2.60130269E-03
  7.86061287E+00  4.90997694E-02  4.36482579E-02  1.90517036E-04  2.41078739E-03  2.60130432E-03
  7.86161280E+00  4.91431728E-02  4.31572609E-02  1.86254925E-04  2.41505145E-03  2.60130642E-03
  7.86261272E+00  4.91860844E-02  4.26658280E-02  1.82037285E-04  2.41927081E-03  2.60130805E-03
  7.86361265E+00  4.92285043E-02  4.21739668E-02  1.77864349E-04  2.42344569E-03  2.60131015E-03
  7.86461258E+00  4.92704324E-02  4.16816808E-02  1.73736247E-04  2.42757541E-03  2.60131154E-03
  7.86561251E+00  4.93118688E-02  4.11889777E-02  1.69653198E-04  2.43166042E-03  2.60131364E-03
  7.86661243E+00  4.93528135E-02  4.06958573E-02  1.65615274E-04  2.43570027E-03  2.60131550E-03
  7.86761236E+00  4.93932627E-02  4.02023308E-02  1.61622753E-04  2.43969448E-03  2.60131713E-03
  7.86861229E+00  4.94332202E-02  3.97083983E-02  1.57675691E-04  2.44364329E-03  2.60131899E-03
  7.86961222E+00  4.94726822E-02  3.92140672E-02  1.53774308E-04  2.44754623E-03  2.60132062E-03
  7.87061214E+00  4.95116487E-02  3.87193412E-02  1.49918749E-04  2.45140330E-03  2.60132202E-03
  7.87161207E+00  4.95501235E-02  3.82242240E-02  1.46109131E-04  2.45521474E-03  2.60132388E-03
  7.87261200E+00  4.95880991E-02  3.77287231E-02  1.42345656E-04  2.45897961E-03  2.60132528E-03
  7.87361193E+00  4.96255793E-02  3.72328423E-02  1.38628457E-04  2.46269815E-03  2.60132668E-03
  7.87461185E+00  4.96625639E-02  3.67365852E-02  1.34957678E-04  2.46637035E-03  2.60132807E-03
  7.87561178E+00  4.96990494E-02  3.62399593E-02  1.31333465E-04  2.46999552E-03  2.60132900E-03
  7.87661171E+00  4.97350395E-02  3.57429683E-02  1.27755979E-04  2.47357413E-03  2.60133017E-03
  7.87761164E+00  4.97705340E-02  3.52456197E-02  1.24225378E-04  2.47710617E-03  2.60133157E-03
  7.87861156E+00  4.98055294E-02  3.47479135E-02  1.20741744E-04  2.48059072E-03  2.60133250E-03
  7.87961149E+00  4.98400293E-02  3.42498571E-02  1.17305273E-04  2.48402846E-03  2.60133366E-03
  7.88061142E+00  4.98740301E-02  3.37514579E-02  1.13916096E-04  2.48741894E-03  2.60133506E-03
  7.88161135E+00  4.99075316E-02  3.32527161E-02  1.10574314E-04  2.49076169E-03  2.60133599E-03
  7.88261127E+00  4.99405339E-02  3.27536389E-02  1.07280088E-04  2.49405694E-03  2.60133692E-03
  7.88361120E+00  4.99730371E-02  3.22542340E-02  1.04033563E-04  2.49730446E-03  2.60133808E-03
  7.88461113E+00  5.00050411E-02  3.17545049E-02  1.00834855E-04  2.50050402E-03  2.60133878E-03
  7.88561106E+00  5.00365458E-02  3.12544554E-02  9.76840965E-05  2.50365585E-03  2.60133995E-03
  7.88661098E+00  5.00675514E-02  3.07540894E-02  9.45814027E-05  2.50675972E-03  2.60134111E-03
  7.88761091E+00  5.00980541E-02  3.02534141E-02  9.15269120E-05  2.50981492E-03  2.60134181E-03
  7.88861084E+00  5.01280576E-02  2.97524333E-02  8.85207264E-05  2.51282216E-03  2.60134297E-03
  7.88961077E+00  5.01575619E-02  2.92511526E-02  8.55629914E-05  2.51578097E-03  2.60134391E-03
  7.89061069E+00  5.01865633E-02  2.87495777E-02  8.26538235E-05  2.51869112E-03  2.60134484E-03
  7.89161062E+00  5.02150618E-02  2.82477122E-02  7.97933244E-05  2.52155238E-03  2.60134577E-03
  7.89261055E+00  5.02430610E-02  2.77455617E-02  7.69816179E-05  2.52436521E-03  2.60134693E-03
  7.89361048E+00  5.02705574E-02  2.72431318E-02  7.42188276E-05  2.52712891E-03  2.60134763E-03
  7.89461040E+00  5.02975509E-02  2.67404262E-02  7.15050410E-05  2.52984371E-03  2.60134879E-03
  7.89561033E+00  5.03240377E-02  2.62374505E-02  6.88403816E-05  2.53250869E-03  2.60134903E-03
  7.89661026E+00  5.03500216E-02  2.57342104E-02  6.62249586E-05  2.53512478E-03  2.60134973E-03
  7.89761019E+00  5.03755026E-02  2.52307095E-02  6.36588738E-05  2.53769127E-03  2.60135019E-03
  7.89861012E+00  5.04004806E-02  2.47269552E-02  6.11422292E-05  2.54020840E-03  2.60135066E-03
  7.89961004E+00  5.04249558E-02  2.42229495E-02  5.86751266E-05  2.54267617E-03  2.60135136E-03
  7.90060997E+00  5.04489243E-02  2.37186998E-02  5.62576715E-05  2.54509388E-03  2.60135159E-03
  7.90160990E+00  5.04723899E-02  2.32142098E-02  5.38899585E-05  2.54746224E-03  2.60135229E-03
  7.90260983E+00  5.04953526E-02  2.27094851E-02  5.15720712E-05  2.54978053E-03  2.60135252E-03
  7.90360975E+00  5.05178086E-02  2.22045314E-02  4.93041262E-05  2.55204900E-03  2.60135322E-03
  7.90460968E+00  5.05397581E-02  2.16993541E-02  4.70861960E-05  2.55426718E-03  2.60135345E-03
  7.90560961E+00  5.05612046E-02  2.11939570E-02  4.49183826E-05  2.55643530E-03  2.60135368E-03
  7.90660954E+00  5.05821444E-02  2.06883457E-02  4.28007661E-05  2.55855336E-03  2.60135415E-03
  7.90760946E+00  5.06025776E-02  2.01825239E-02  4.07334264E-05  2.56062089E-03  2.60135438E-03
  7.90860939E+00  5.06225079E-02  1.96764972E-02  3.87164546E-05  2.56263837E-03  2.60135485E-03
  7.90960932E+00  5.06419316E-02  1.91702712E-02  3.67499306E-05  2.56460533E-03  2.60135531E-03
  7.91060925E+00  5.06608486E-02  1.86638515E-02  3.48339345E-05  2.56652152E-03  2.60135555E-03
  7.91160917E+00  5.06792590E-02  1.81572437E-02  3.29685536E-05  2.56838719E-03  2.60135578E-03
  7.91260910E+00  5.06971627E-02  1.76504515E-02  3.11538424E-05  2.57020234E-03  2.60135625E-03
  7.91360903E+00  5.07145599E-02  1.71434805E-02  2.93898920E-05  2.57196650E-03  2.60135648E-03
  7.91460896E+00  5.07314503E-02  1.66363344E-02  2.76767623E-05  2.57368013E-03  2.60135694E-03
  7.91560888E+00  5.07478341E-02  1.61290206E-02  2.60145316E-05  2.57534278E-03  2.60135741E-03
  7.91660881E+00  5.07637113E-02  1.56215420E-02  2.44032581E-05  2.57695443E-03  2.60135764E-03
  7.91760874E+00  5.07790782E-02  1.51139051E-02  2.28430126E-05  2.57851486E-03  2.60135788E-03
  7.91860867E+00  5.07939383E-02  1.46061145E-02  2.13338590E-05  2.58002407E-03  2.60135788E-03
  7.91960859E+00  5.08082919E-02  1.40981749E-02  1.98758535E-05  2.58148252E-03  2.60135834E-03
  7.92060852E+00  5.08221351E-02  1.35900918E-02  1.84690598E-05  2.58288952E-03  2.60135857E-03
  7.92160845E+00  5.08354716E-02  1.30818710E-02  1.71135362E-05  2.58424529E-03  2.60135881E-03
  7.92260838E+00  5.08483015E-02  1.25735160E-02  1.58093299E-05  2.58554984E-03  2.60135927E-03
  7.92360830E+00  5.08606210E-02  1.20650325E-02  1.45565009E-05  2.58680270E-03  2.60135927E-03
  7.92460823E+00  5.08724339E-02  1.15564261E-02  1.33550993E-05  2.58800457E-03  2.60135974E-03
  7.92560816E+00  5.08837365E-02  1.10477014E-02  1.22051706E-05  2.58915452E-03  2.60135974E-03
  7.92660809E+00  5.08945324E-02  1.05388639E-02  1.11067657E-05  2.59025348E-03  2.60136020E-03
  7.92760801E+00  5.09048179E-02  1.00299185E-02  1.00599273E-05  2.59130052E-03  2.60136044E-03
  7.92860794E+00  5.09145930E-02  9.52087063E-03  9.06469813E-06  2.59229587E-03  2.60136067E-03
  7.92960787E+00  5.09238616E-02  9.01172496E-03  8.12111921E-06  2.59323977E-03  2.60136090E-03
  7.93060780E+00  5.09326197E-02  8.50248616E-03  7.22922732E-06  2.59413174E-03  2.60136090E-03
  7.93160772E+00  5.09408675E-02  7.99315982E-03  6.38906067E-06  2.59497203E-03  2.60136114E-03
  7.93260765E+00  5.09486087E-02  7.48375105E-03  5.60065337E-06  2.59576063E-03  2.60136137E-03
  7.93360758E+00  5.09558395E-02  6.97426498E-03  4.86403724E-06  2.59649754E-03  2.60136160E-03
  7.93460751E+00  5.09625599E-02  6.46470673E-03  4.17924366E-06  2.59718252E-03  2.60136183E-03
  7.93560743E+00  5.09687699E-02  5.95508097E-03  3.54629879E-06  2.59781559E-03  2.60136183E-03
  7.93660736E+00  5.09744734E-02  5.44539327E-03  2.96523081E-06  2.59839697E-03  2.60136230E-03
  7.93760729E+00  5.09796664E-02  4.93564829E-03  2.43606246E-06  2.59892642E-03  2.60136253E-03
  7.93860722E+00  5.09843491E-02  4.42585163E-03  1.95881626E-06  2.59940396E-03  2.60136276E-03
  7.93960714E+00  5.09885214E-02  3.91600793E-03  1.53351175E-06  2.59982934E-03  2.60136276E-03
  7.94060707E+00  5.09921834E-02  3.40612279E-03  1.16016724E-06  2.60020280E-03  2.60136300E-03
  7.94160700E+00  5.09953350E-02  2.89620087E-03  8.38797973E-07  2.60052411E-03  2.60136300E-03
  7.94260693E+00  5.09979762E-02  2.38624751E-03  5.69417750E-07  2.60079349E-03  2.60136300E-03
  7.94360685E+00  5.10001108E-02  1.87626772E-03  3.52038057E-07  2.60101119E-03  2.60136323E-03
  7.94460678E+00  5.10017350E-02  1.36626652E-03  1.86668430E-07  2.60117697E-03  2.60136370E-03
  7.94560671E+00  5.10028489E-02  8.56249128E-04  7.33162580E-08  2.60129059E-03  2.60136393E-03
  7.94660664E+00  5.10034524E-02  3.46220622E-04  1.19868719E-08  2.60135205E-03  2.60136393E-03
  7.94760656E+00  5.10035455E-02 -1.63813878E-04  2.68349876E-09  2.60136160E-03  2.60136439E-03
  7.94860649E+00  5.10031283E-02 -6.73849368E-04  4.54072975E-08  2.60131899E-03  2.60136439E-03
  7.94960642E+00  5.10022007E-02 -1.18388073E-03  1.40157368E-07  2.60122446E-03  2.60136463E-03
  7.95060635E+00  5.10007627E-02 -1.69390277E-03  2.86930657E-07  2.60107778E-03  2.60136463E-03
  7.95160627E+00  5.09988144E-02 -2.20391038E-03  4.85722126E-07  2.60087918E-03  2.60136486E-03
  7.95260620E+00  5.09963557E-02 -2.71389866E-03  7.36524612E-07  2.60062818E-03  2.60136463E-03
  7.95360613E+00  5.09933867E-02 -3.22386227E-03  1.03932882E-06  2.60032550E-03  2.60136486E-03
  7.95460606E+00  5.09899110E-02 -3.73379607E-03  1.39412339E-06  2.59997114E-03  2.60136533E-03
  7.95560598E+00  5.09859249E-02 -4.24369518E-03  1.80089489E-06  2.59956461E-03  2.60136556E-03
  7.95660591E+00  5.09814285E-02 -4.75355424E-03  2.25962776E-06  2.59910594E-03  2.60136556E-03
  7.95760584E+00  5.09764217E-02 -5.26336860E-03  2.77030495E-06  2.59859557E-03  2.60136579E-03
  7.95860577E+00  5.09709045E-02 -5.77313267E-03  3.33290586E-06  2.59803305E-03  2.60136602E-03
  7.95960569E+00  5.09648770E-02 -6.28284179E-03  3.94741028E-06  2.59741861E-03  2.60136602E-03
  7.96060562E+00  5.09583391E-02 -6.79249037E-03  4.61379250E-06  2.59675225E-03  2.60136602E-03
  7.96160555E+00  5.09512946E-02 -7.30207376E-03  5.33202819E-06  2.59603444E-03  2.60136649E-03
  7.96260548E+00  5.09437397E-02 -7.81158684E-03  6.10208872E-06  2.59526470E-03  2.60136672E-03
  7.96360540E+00  5.09356745E-02 -8.32102448E-03  6.92394451E-06  2.59444304E-03  2.60136696E-03
  7.96460533E+00  5.09270988E-02 -8.83038156E-03  7.79756374E-06  2.59356946E-03  2.60136696E-03
  7.96560526E+00  5.09180166E-02 -9.33965296E-03  8.72291184E-06  2.59264442E-03  2.60136742E-03
  7.96660519E+00  5.09084240E-02 -9.84883308E-03  9.69995199E-06  2.59166770E-03  2.60136765E-03
  7.96760511E+00  5.08983210E-02 -1.03579173E-02  1.07286451E-05  2.59063905E-03  2.60136765E-03
  7.96860504E+00  5.08877113E-02 -1.08669009E-02  1.18089538E-05  2.58955918E-03  2.60136812E-03
  7.96960497E+00  5.08765914E-02 -1.13757784E-02  1.29408336E-05  2.58842763E-03  2.60136835E-03
  7.97060490E+00  5.08649610E-02 -1.18845440E-02  1.41242390E-05  2.58724415E-03  2.60136835E-03
  7.97160482E+00  5.08528240E-02 -1.23931933E-02  1.53591245E-05  2.58600968E-03  2.60136882E-03
  7.97260475E+00  5.08401766E-02 -1.29017215E-02  1.66454429E-05  2.58472352E-03  2.60136905E-03
  7.97360468E+00  5.08270226E-02 -1.34101231E-02  1.79831404E-05  2.58338614E-03  2.60136928E-03
  7.97460461E+00  5.08133583E-02 -1.39183933E-02  1.93721680E-05  2.58199731E-03  2.60136952E-03
  7.97560453E+00  5.07991873E-02 -1.44265266E-02  2.08124675E-05  2.58055748E-03  2.60136998E-03
  7.97660446E+00  5.07845059E-02 -1.49345184E-02  2.23039842E-05  2.57906597E-03  2.60136998E-03
  7.97760439E+00  5.07693179E-02 -1.54423639E-02  2.38466600E-05  2.57752370E-03  2.60137045E-03
  7.97860432E+00  5.07536232E-02 -1.59500577E-02  2.54404349E-05  2.57593021E-03  2.60137068E-03
  7.97960424E+00  5.07374182E-02 -1.64575931E-02  2.70852379E-05  2.57428573E-03  2.60137091E-03
  7.98060417E+00  5.07207066E-02 -1.69649664E-02  2.87810090E-05  2.57259002E-03  2.60137091E-03
  7.98160410E+00  5.07034883E-02 -1.74721740E-02  3.05276881E-05  2.57084379E-03  2.60137138E-03
  7.98260403E+00  5.06857634E-02 -1.79792084E-02  3.23251952E-05  2.56904657E-03  2.60137185E-03
  7.98360395E+00  5.06675318E-02 -1.84860658E-02  3.41734631E-05  2.56719883E-03  2.60137231E-03
  7.98460388E+00  5.06487936E-02 -1.89927407E-02  3.60724189E-05  2.56530032E-03  2.60137278E-03
  7.98560381E+00  5.06295487E-02 -1.94992293E-02  3.80219972E-05  2.56335130E-03  2.60137324E-03
  7.98660374E+00  5.06097972E-02 -2.00055242E-02  4.00220997E-05  2.56135152E-03  2.60137371E-03
  7.98760366E+00  5.05895391E-02 -2.05116216E-02  4.20726647E-05  2.55930144E-03  2.60137417E-03
  7.98860359E+00  5.05687743E-02 -2.10175179E-02  4.41736047E-05  2.55720085E-03  2.60137441E-03
  7.98960352E+00  5.05475029E-02 -2.15232056E-02  4.63248398E-05  2.55504996E-03  2.60137487E-03
  7.99060345E+00  5.05257249E-02 -2.20286809E-02  4.85262790E-05  2.55284877E-03  2.60137510E-03
  7.99160337E+00  5.05034439E-02 -2.25339383E-02  5.07778386E-05  2.55059777E-03  2.60137557E-03
  7.99260330E+00  5.04806563E-02 -2.30389722E-02  5.30794277E-05  2.54829670E-03  2.60137604E-03
  7.99360323E+00  5.04573658E-02 -2.35437788E-02  5.54309518E-05  2.54594581E-03  2.60137673E-03
  7.99460316E+00  5.04335687E-02 -2.40483526E-02  5.78323270E-05  2.54354486E-03  2.60137720E-03
  7.99560308E+00  5.04092686E-02 -2.45526880E-02  6.02834516E-05  2.54109432E-03  2.60137767E-03
  7.99660301E+00  5.03844619E-02 -2.50567812E-02  6.27842310E-05  2.53859395E-03  2.60137813E-03
  7.99760294E+00  5.03591523E-02 -2.55606268E-02  6.53345705E-05  2.53604422E-03  2.60137883E-03
  7.99860287E+00  5.03333397E-02 -2.60642190E-02  6.79343575E-05  2.53344513E-03  2.60137953E-03
  7.99960279E+00  5.03070205E-02 -2.65675522E-02  7.05834827E-05  2.53079622E-03  2.60137976E-03
  8.00060272E+00  5.02801985E-02 -2.70706229E-02  7.32818662E-05  2.52809841E-03  2.60138023E-03
  8.00160313E+00  5.02528772E-02 -2.75734253E-02  7.60293842E-05  2.52535171E-03  2.60138116E-03
  8.00260353E+00  5.02250530E-02 -2.80759539E-02  7.88259204E-05  2.52255588E-03  2.60138186E-03
  8.00360394E+00  5.01967259E-02 -2.85782050E-02  8.16713800E-05  2.51971139E-03  2.60138279E-03
  8.00460434E+00  5.01678996E-02 -2.90801730E-02  8.45656468E-05  2.51681823E-03  2.60138395E-03
  8.00560474E+00  5.01385704E-02 -2.95818523E-02  8.75086043E-05  2.51387618E-03  2.60138488E-03
  8.00660515E+00  5.01087382E-02 -3.00832372E-02  9.05001216E-05  2.51088571E-03  2.60138582E-03
  8.00760555E+00  5.00784069E-02 -3.05843242E-02  9.35400894E-05  2.50784680E-03  2.60138698E-03
  8.00860596E+00  5.00475727E-02 -3.10851075E-02  9.66283915E-05  2.50475947E-03  2.60138791E-03
  8.00960636E+00  5.00162393E-02 -3.15855816E-02  9.97648967E-05  2.50162417E-03  2.60138907E-03
  8.01060677E+00  4.99844030E-02 -3.20857428E-02  1.02949496E-04  2.49844044E-03  2.60139001E-03
  8.01160717E+00  4.99520674E-02 -3.25855874E-02  1.06182059E-04  2.49520899E-03  2.60139094E-03
  8.01260757E+00  4.99192327E-02 -3.30851078E-02  1.09462439E-04  2.49192980E-03  2.60139233E-03
  8.01360798E+00  4.98858988E-02 -3.35843004E-02  1.12790520E-04  2.48860288E-03  2.60139350E-03
  8.01460838E+00  4.98520657E-02 -3.40831578E-02  1.16166171E-04  2.48522847E-03  2.60139466E-03
  8.01560879E+00  4.98177335E-02 -3.45816799E-02  1.19589262E-04  2.48180656E-03  2.60139583E-03
  8.01660919E+00  4.97829020E-02 -3.50798555E-02  1.23059624E-04  2.47833738E-03  2.60139699E-03
  8.01760960E+00  4.97475713E-02 -3.55776846E-02  1.26577172E-04  2.47482094E-03  2.60139816E-03
  8.01861000E+00  4.97117452E-02 -3.60751599E-02  1.30141721E-04  2.47125770E-03  2.60139932E-03
  8.01961040E+00  4.96754199E-02 -3.65722775E-02  1.33753158E-04  2.46764743E-03  2.60140048E-03
  8.02061081E+00  4.96385992E-02 -3.70690301E-02  1.37411305E-04  2.46399059E-03  2.60140188E-03
  8.02161121E+00  4.96012792E-02 -3.75654176E-02  1.41116063E-04  2.46028695E-03  2.60140304E-03
  8.02261162E+00  4.95634638E-02 -3.80614288E-02  1.44867241E-04  2.45653698E-03  2.60140421E-03
  8.02361202E+00  4.95251529E-02 -3.85570638E-02  1.48664723E-04  2.45274068E-03  2.60140537E-03
  8.02461243E+00  4.94863503E-02 -3.90523151E-02  1.52508335E-04  2.44889897E-03  2.60140724E-03
  8.02561283E+00  4.94470522E-02 -3.95471789E-02  1.56397931E-04  2.44501093E-03  2.60140887E-03
  8.02661324E+00  4.94072586E-02 -4.00416479E-02  1.60333351E-04  2.44107726E-03  2.60141073E-03
  8.02761364E+00  4.93669696E-02 -4.05357219E-02  1.64314479E-04  2.43709772E-03  2.60141212E-03
  8.02861404E+00  4.93261889E-02 -4.10293899E-02  1.68341081E-04  2.43307301E-03  2.60141399E-03
  8.02961445E+00  4.92849126E-02 -4.15226519E-02  1.72413056E-04  2.42900266E-03  2.60141562E-03
  8.03061485E+00  4.92431447E-02 -4.20155004E-02  1.76530230E-04  2.42488738E-03  2.60141771E-03
  8.03161526E+00  4.92008850E-02 -4.25079316E-02  1.80692427E-04  2.42072716E-03  2.60141958E-03
  8.03261566E+00  4.91581298E-02 -4.29999419E-02  1.84899502E-04  2.41652178E-03  2.60142121E-03
  8.03361607E+00  4.91148829E-02 -4.34915237E-02  1.89151266E-04  2.41227169E-03  2.60142284E-03
  8.03461647E+00  4.90711443E-02 -4.39826734E-02  1.93447559E-04  2.40797712E-03  2.60142470E-03
  8.03561687E+00  4.90269139E-02 -4.44733836E-02  1.97788191E-04  2.40363833E-03  2.60142656E-03
  8.03661728E+00  4.89821956E-02 -4.49636541E-02  2.02173018E-04  2.39925552E-03  2.60142842E-03
  8.03761768E+00  4.89369854E-02 -4.54534777E-02  2.06601850E-04  2.39482848E-03  2.60143029E-03
  8.03861809E+00  4.88912873E-02 -4.59428467E-02  2.11074512E-04  2.39035790E-03  2.60143238E-03
  8.03961849E+00  4.88450974E-02 -4.64317612E-02  2.15590844E-04  2.38584355E-03  2.60143448E-03
  8.04061890E+00  4.87984195E-02 -4.69202138E-02  2.20150643E-04  2.38128565E-03  2.60143634E-03
  8.04161930E+00  4.87512574E-02 -4.74081971E-02  2.24753734E-04  2.37668515E-03  2.60143890E-03
  8.04261971E+00  4.87036072E-02 -4.78957109E-02  2.29399913E-04  2.37204134E-03  2.60144123E-03
  8.04362011E+00  4.86554690E-02 -4.83827479E-02  2.34089021E-04  2.36735470E-03  2.60144379E-03
  8.04462051E+00  4.86068428E-02 -4.88693044E-02  2.38820896E-04  2.36262521E-03  2.60144612E-03
  8.04562092E+00  4.85577323E-02 -4.93553728E-02  2.43595292E-04  2.35785334E-03  2.60144868E-03
  8.04662132E+00  4.85081337E-02 -4.98409495E-02  2.48412020E-04  2.35303910E-03  2.60145124E-03
  8.04762173E+00  4.84580509E-02 -5.03260307E-02  2.53270933E-04  2.34818272E-03  2.60145357E-03
  8.04862213E+00  4.84074838E-02 -5.08106127E-02  2.58171844E-04  2.34328443E-03  2.60145636E-03
  8.04962254E+00  4.83564325E-02 -5.12946881E-02  2.63114518E-04  2.33834446E-03  2.60145892E-03
  8.05062294E+00  4.83048968E-02 -5.17782532E-02  2.68098753E-04  2.33336305E-03  2.60146172E-03
  8.05162334E+00  4.82528768E-02 -5.22613004E-02  2.73124373E-04  2.32834020E-03  2.60146451E-03
  8.05262375E+00  4.82003726E-02 -5.27438298E-02  2.78191146E-04  2.32327590E-03  2.60146707E-03
  8.05362415E+00  4.81473878E-02 -5.32258339E-02  2.83298956E-04  2.31817085E-03  2.60146987E-03
  8.05462456E+00  4.80939187E-02 -5.37073091E-02  2.88447511E-04  2.31302506E-03  2.60147266E-03
  8.05562496E+00  4.80399691E-02 -5.41882478E-02  2.93636636E-04  2.30783853E-03  2.60147522E-03
  8.05662537E+00  4.79855426E-02 -5.46686463E-02  2.98866100E-04  2.30261241E-03  2.60147848E-03
  8.05762577E+00  4.79306355E-02 -5.51485009E-02  3.04135727E-04  2.29734578E-03  2.60148151E-03
  8.05862617E+00  4.78752479E-02 -5.56278080E-02  3.09445313E-04  2.29203934E-03  2.60148477E-03
  8.05962658E+00  4.78193834E-02 -5.61065599E-02  3.14794597E-04  2.28669355E-03  2.60148803E-03
  8.06062698E+00  4.77630384E-02 -5.65847531E-02  3.20183433E-04  2.28130794E-03  2.60149129E-03
  8.06162739E+00  4.77062166E-02 -5.70623837E-02  3.25611560E-04  2.27588299E-03  2.60149455E-03
  8.06262779E+00  4.76489142E-02 -5.75394444E-02  3.31078772E-04  2.27041892E-03  2.60149781E-03
  8.06362820E+00  4.75911349E-02 -5.80159351E-02  3.36584868E-04  2.26491620E-03  2.60150107E-03
  8.06462860E+00  4.75328788E-02 -5.84918447E-02  3.42129584E-04  2.25937460E-03  2.60150409E-03
  8.06562901E+00  4.74741496E-02 -5.89671731E-02  3.47712747E-04  2.25379481E-03  2.60150759E-03
  8.06662941E+00  4.74149436E-02 -5.94419129E-02  3.53334093E-04  2.24817684E-03  2.60151085E-03
  8.06762981E+00  4.73552644E-02 -5.99160641E-02  3.58993479E-04  2.24252115E-03  2.60151457E-03
  8.06863022E+00  4.72951084E-02 -6.03896156E-02  3.64690583E-04  2.23682728E-03  2.60151783E-03
  8.06963062E+00  4.72344831E-02 -6.08625673E-02  3.70425230E-04  2.23109638E-03  2.60152156E-03
  8.07063103E+00  4.71733846E-02 -6.13349117E-02  3.76197131E-04  2.22532824E-03  2.60152528E-03
  8.07163143E+00  4.71118167E-02 -6.18066452E-02  3.82006139E-04  2.21952330E-03  2.60152947E-03
  8.07263184E+00  4.70497757E-02 -6.22777641E-02  3.87851993E-04  2.21368135E-03  2.60153343E-03
  8.07363224E+00  4.69872616E-02 -6.27482608E-02  3.93734401E-04  2.20780284E-03  2.60153715E-03
  8.07463264E+00  4.69242781E-02 -6.32181317E-02  3.99653189E-04  2.20188778E-03  2.60154088E-03
  8.07563305E+00  4.68608253E-02 -6.36873767E-02  4.05608211E-04  2.19593686E-03  2.60154507E-03
  8.07663345E+00  4.67969030E-02 -6.41559884E-02  4.11599089E-04  2.18995009E-03  2.60154926E-03
  8.07763386E+00  4.67325114E-02 -6.46239594E-02  4.17625619E-04  2.18392769E-03  2.60155322E-03
  8.07863426E+00  4.66676541E-02 -6.50912821E-02  4.23687510E-04  2.17786990E-03  2.60155741E-03
  8.07963467E+00  4.66023274E-02 -6.55579567E-02  4.29784559E-04  2.17177696E-03  2.60156160E-03
  8.08063507E+00  4.65365350E-02 -6.60239831E-02  4.35916620E-04  2.16564909E-03  2.60156579E-03
  8.08163548E+00  4.64702807E-02 -6.64893463E-02  4.42083314E-04  2.15948699E-03  2.60157022E-03
  8.08263588E+00  4.64035608E-02 -6.69540465E-02  4.48284438E-04  2.15329044E-03  2.60157487E-03
  8.08363628E+00  4.63363752E-02 -6.74180835E-02  4.54519788E-04  2.14705965E-03  2.60157953E-03
  8.08463669E+00  4.62687276E-02 -6.78814501E-02  4.60789131E-04  2.14079511E-03  2.60158419E-03
  8.08563709E+00  4.62006144E-02 -6.83441386E-02  4.67092119E-04  2.13449681E-03  2.60158884E-03
  8.08663750E+00  4.61320393E-02 -6.88061416E-02  4.73428518E-04  2.12816498E-03  2.60159350E-03
  8.08763790E+00  4.60630022E-02 -6.92674592E-02  4.79798124E-04  2.12180009E-03  2.60159816E-03
  8.08863831E+00  4.59935032E-02 -6.97280914E-02  4.86200675E-04  2.11540237E-03  2.60160305E-03
  8.08963871E+00  4.59235460E-02 -7.01880231E-02  4.92635882E-04  2.10897205E-03  2.60160794E-03
  8.09063911E+00  4.58531268E-02 -7.06472620E-02  4.99103568E-04  2.10250914E-03  2.60161282E-03
  8.09163952E+00  4.57822494E-02 -7.11057931E-02  5.05603384E-04  2.09601433E-03  2.60161771E-03
  8.09263992E+00  4.57109176E-02 -7.15636164E-02  5.12135157E-04  2.08948809E-03  2.60162330E-03
  8.09364033E+00  4.56391275E-02 -7.20207244E-02  5.18698478E-04  2.08292995E-03  2.60162842E-03
  8.09464073E+00  4.55668792E-02 -7.24771172E-02  5.25293290E-04  2.07634037E-03  2.60163378E-03
  8.09564114E+00  4.54941764E-02 -7.29327872E-02  5.31919184E-04  2.06972007E-03  2.60163937E-03
  8.09664154E+00  4.54210155E-02 -7.33877271E-02  5.38575870E-04  2.06306856E-03  2.60164449E-03
  8.09764194E+00  4.53474000E-02 -7.38419369E-02  5.45263174E-04  2.05638679E-03  2.60165008E-03
  8.09864235E+00  4.52733301E-02 -7.42954090E-02  5.51980804E-04  2.04967451E-03  2.60165520E-03
  8.09964275E+00  4.51988056E-02 -7.47481436E-02  5.58728527E-04  2.04293197E-03  2.60166056E-03
  8.10064316E+00  4.51238304E-02 -7.52001330E-02  5.65505994E-04  2.03616009E-03  2.60166614E-03
  8.10164356E+00  4.50484045E-02 -7.56513700E-02  5.72313031E-04  2.02935864E-03  2.60167173E-03
  8.10264397E+00  4.49725278E-02 -7.61018544E-02  5.79149229E-04  2.02252832E-03  2.60167755E-03
  8.10364437E+00  4.48962040E-02 -7.65515789E-02  5.86014416E-04  2.01566913E-03  2.60168361E-03
  8.10464478E+00  4.48194295E-02 -7.70005435E-02  5.92908356E-04  2.00878130E-03  2.60168966E-03
  8.10564518E+00  4.47422042E-02 -7.74487406E-02  5.99830761E-04  2.00186484E-03  2.60169571E-03
  8.10664558E+00  4.46645319E-02 -7.78961629E-02  6.06781221E-04  1.99492043E-03  2.60170177E-03
  8.10764599E+00  4.45864126E-02 -7.83428103E-02  6.13759621E-04  1.98794808E-03  2.60170782E-03
  8.10864639E+00  4.45078462E-02 -7.87886754E-02  6.20765553E-04  1.98094826E-03  2.60171387E-03
  8.10964680E+00  4.44288328E-02 -7.92337507E-02  6.27798727E-04  1.97392120E-03  2.60171993E-03
  8.11064720E+00  4.43493761E-02 -7.96780363E-02  6.34858967E-04  1.96686713E-03  2.60172598E-03
  8.11164761E+00  4.42694761E-02 -8.01215321E-02  6.41945982E-04  1.95978652E-03  2.60173250E-03
  8.11264801E+00  4.41891365E-02 -8.05642232E-02  6.49059424E-04  1.95267983E-03  2.60173925E-03
  8.11364841E+00  4.41083536E-02 -8.10061172E-02  6.56199118E-04  1.94554683E-03  2.60174600E-03
  8.11464882E+00  4.40271273E-02 -8.14471990E-02  6.63364655E-04  1.93838798E-03  2.60175252E-03
  8.11564922E+00  4.39454615E-02 -8.18874687E-02  6.70555746E-04  1.93120365E-03  2.60175951E-03
  8.11664963E+00  4.38633524E-02 -8.23269263E-02  6.77772274E-04  1.92399370E-03  2.60176603E-03
  8.11765003E+00  4.37808074E-02 -8.27655569E-02  6.85013772E-04  1.91675907E-03  2.60177278E-03
  8.11865044E+00  4.36978228E-02 -8.32033679E-02  6.92280068E-04  1.90949976E-03  2.60177976E-03
  8.11965084E+00  4.36143987E-02 -8.36403444E-02  6.99570752E-04  1.90221576E-03  2.60178652E-03
  8.12065125E+00  4.35305387E-02 -8.40764865E-02  7.06885592E-04  1.89490779E-03  2.60179350E-03
  8.12165165E+00  4.34462465E-02 -8.45117941E-02  7.14224356E-04  1.88757631E-03  2.60180072E-03
  8.12265205E+00  4.33615185E-02 -8.49462599E-02  7.21586752E-04  1.88022130E-03  2.60180794E-03
  8.12365246E+00  4.32763547E-02 -8.53798762E-02  7.28972314E-04  1.87284290E-03  2.60181515E-03
  8.12465286E+00  4.31907587E-02 -8.58126432E-02  7.36380985E-04  1.86544168E-03  2.60182261E-03
  8.12565327E+00  4.31047305E-02 -8.62445533E-02  7.43812299E-04  1.85801776E-03  2.60183006E-03
  8.12665367E+00  4.30182703E-02 -8.66755992E-02  7.51265965E-04  1.85057160E-03  2.60183751E-03
  8.12765408E+00  4.29313779E-02 -8.71057808E-02  7.58741691E-04  1.84310321E-03  2.60184496E-03
  8.12865448E+00  4.28440571E-02 -8.75350982E-02  7.66239362E-04  1.83561328E-03  2.60185264E-03
  8.12965488E+00  4.27563041E-02 -8.79635364E-02  7.73758395E-04  1.82810158E-03  2.60186009E-03
  8.13065529E+00  4.26681265E-02 -8.83911029E-02  7.81298731E-04  1.82056904E-03  2.60186777E-03
  8.13165569E+00  4.25795242E-02 -8.88177827E-02  7.88859848E-04  1.81301590E-03  2.60187569E-03
  8.13265610E+00  4.24904935E-02 -8.92435759E-02  7.96441571E-04  1.80544204E-03  2.60188361E-03
  8.13365650E+00  4.24010381E-02 -8.96684825E-02  8.04043666E-04  1.79784803E-03  2.60189176E-03
  8.13465691E+00  4.23111580E-02 -9.00924951E-02  8.11665785E-04  1.79023412E-03  2.60189991E-03
  8.13565731E+00  4.22208533E-02 -9.05156061E-02  8.19307461E-04  1.78260042E-03  2.60190782E-03
  8.13665771E+00  4.21301238E-02 -9.09378156E-02  8.26968637E-04  1.77494728E-03  2.60191597E-03
  8.13765812E+00  4.20389734E-02 -9.13591161E-02  8.34648788E-04  1.76727527E-03  2.60192412E-03
  8.13865852E+00  4.19474058E-02 -9.17795077E-02  8.42347858E-04  1.75958488E-03  2.60193273E-03
  8.13965893E+00  4.18554172E-02 -9.21989828E-02  8.50065262E-04  1.75187597E-03  2.60194112E-03
  8.14065933E+00  4.17630114E-02 -9.26175341E-02  8.57800827E-04  1.74414914E-03  2.60194996E-03
  8.14165974E+00  4.16701846E-02 -9.30351615E-02  8.65554146E-04  1.73640426E-03  2.60195835E-03
  8.14266014E+00  4.15769406E-02 -9.34518650E-02  8.73325102E-04  1.72864203E-03  2.60196719E-03
  8.14366055E+00  4.14832793E-02 -9.38676372E-02  8.81113287E-04  1.72086246E-03  2.60197581E-03
  8.14466095E+00  4.13892046E-02 -9.42824706E-02  8.88918468E-04  1.71306625E-03  2.60198466E-03
  8.14566135E+00  4.12947126E-02 -9.46963653E-02  8.96740181E-04  1.70525326E-03  2.60199350E-03
  8.14666176E+00  4.11998108E-02 -9.51093137E-02  9.04578192E-04  1.69742445E-03  2.60200258E-03
  8.14766216E+00  4.11044955E-02 -9.55213085E-02  9.12432035E-04  1.68957957E-03  2.60201166E-03
  8.14866257E+00  4.10087705E-02 -9.59323570E-02  9.20301711E-04  1.68171921E-03  2.60202098E-03
  8.14966297E+00  4.09126319E-02 -9.63424444E-02  9.28186637E-04  1.67384348E-03  2.60203006E-03
  8.15066338E+00  4.08160836E-02 -9.67515707E-02  9.36086697E-04  1.66595273E-03  2.60203937E-03
  8.15166378E+00  4.07191254E-02 -9.71597284E-02  9.44001309E-04  1.65804720E-03  2.60204845E-03
  8.15266418E+00  4.06217612E-02 -9.75669175E-02  9.51930357E-04  1.65012747E-03  2.60205776E-03
  8.15366459E+00  4.05239910E-02 -9.79731381E-02  9.59873607E-04  1.64219388E-03  2.60206754E-03
  8.15466499E+00  4.04258184E-02 -9.83783752E-02  9.67830536E-04  1.63424679E-03  2.60207732E-03
  8.15566540E+00  4.03272398E-02 -9.87826362E-02  9.75800969E-04  1.62628631E-03  2.60208733E-03
  8.15666580E+00  4.02282551E-02 -9.91859064E-02  9.83784441E-04  1.61831256E-03  2.60209711E-03
  8.15766621E+00  4.01288681E-02 -9.95881855E-02  9.91780660E-04  1.61032600E-03  2.60210666E-03
  8.15866661E+00  4.00290787E-02 -9.99894738E-02  9.99789569E-04  1.60232710E-03  2.60211667E-03
  8.15966702E+00  3.99288870E-02 -1.00389764E-01  1.00781047E-03  1.59431598E-03  2.60212645E-03
  8.16066742E+00  3.98282968E-02 -1.00789055E-01  1.01584336E-03  1.58629322E-03  2.60213669E-03
  8.16166782E+00  3.97273116E-02 -1.01187341E-01  1.02388777E-03  1.57825928E-03  2.60214694E-03
  8.16266823E+00  3.96259278E-02 -1.01584613E-01  1.03194348E-03  1.57021417E-03  2.60215765E-03
  8.16366863E+00  3.95241454E-02 -1.01980872E-01  1.04000990E-03  1.56215811E-03  2.60216789E-03
  8.16466904E+00  3.94219682E-02 -1.02376111E-01  1.04808679E-03  1.55409158E-03  2.60217837E-03
  8.16566944E+00  3.93193960E-02 -1.02770329E-01  1.05617405E-03  1.54601492E-03  2.60218885E-03
  8.16666985E+00  3.92164290E-02 -1.03163525E-01  1.06427132E-03  1.53792836E-03  2.60219956E-03
  8.16767025E+00  3.91130671E-02 -1.03555687E-01  1.07237801E-03  1.52983202E-03  2.60221004E-03
  8.16867065E+00  3.90093178E-02 -1.03946820E-01  1.08049414E-03  1.52172684E-03  2.60222098E-03
  8.16967106E+00  3.89051773E-02 -1.04336910E-01  1.08861912E-03  1.51361281E-03  2.60223192E-03
  8.17067146E+00  3.88006456E-02 -1.04725964E-01  1.09675282E-03  1.50549004E-03  2.60224286E-03
  8.17167187E+00  3.86957265E-02 -1.05113968E-01  1.10489468E-03  1.49735925E-03  2.60225404E-03
  8.17267227E+00  3.85904200E-02 -1.05500929E-01  1.11304456E-03  1.48922054E-03  2.60226522E-03
  8.17367268E+00  3.84847261E-02 -1.05886832E-01  1.12120213E-03  1.48107414E-03  2.60227639E-03
  8.17467308E+00  3.83786447E-02 -1.06271677E-01  1.12936692E-03  1.47292041E-03  2.60228734E-03
  8.17567348E+00  3.82721797E-02 -1.06655464E-01  1.13753881E-03  1.46475970E-03  2.60229851E-03
  8.17667389E+00  3.81653346E-02 -1.07038185E-01  1.14571734E-03  1.45659281E-03  2.60231015E-03
  8.17767429E+00  3.80581059E-02 -1.07419841E-01  1.15390227E-03  1.44841941E-03  2.60232156E-03
  8.17867470E+00  3.79504971E-02 -1.07800424E-01  1.16209313E-03  1.44024019E-03  2.60233320E-03
  8.17967510E+00  3.78425084E-02 -1.08179927E-01  1.17028970E-03  1.43205549E-03  2.60234531E-03
  8.18067551E+00  3.77341397E-02 -1.08558349E-01  1.17849151E-03  1.42386532E-03  2.60235695E-03
  8.18167591E+00  3.76253910E-02 -1.08935691E-01  1.18669856E-03  1.41567003E-03  2.60236859E-03
  8.18267632E+00  3.75162698E-02 -1.09311946E-01  1.19491015E-03  1.40747055E-03  2.60238070E-03
  8.18367672E+00  3.74067724E-02 -1.09687105E-01  1.20312616E-03  1.39926665E-03  2.60239281E-03
  8.18467712E+00  3.72968987E-02 -1.10061176E-01  1.21134624E-03  1.39105867E-03  2.60240491E-03
  8.18567753E+00  3.71866524E-02 -1.10434145E-01  1.21957005E-03  1.38284708E-03  2.60241702E-03
  8.18667793E+00  3.70760337E-02 -1.10806011E-01  1.22779724E-03  1.37463224E-03  2.60242959E-03
  8.18767834E+00  3.69650424E-02 -1.11176774E-01  1.23602746E-03  1.36641436E-03  2.60244170E-03
  8.18867874E+00  3.68536785E-02 -1.11546427E-01  1.24426058E-03  1.35819358E-03  2.60245427E-03
  8.18967915E+00  3.67419496E-02 -1.11914963E-01  1.25249592E-03  1.34997081E-03  2.60246685E-03
  8.19067955E+00  3.66298519E-02 -1.12282380E-01  1.26073335E-03  1.34174607E-03  2.60247942E-03
  8.19167995E+00  3.65173854E-02 -1.12648681E-01  1.26897253E-03  1.33351947E-03  2.60249199E-03
  8.19268036E+00  3.64045538E-02 -1.13013856E-01  1.27721322E-03  1.32529158E-03  2.60250480E-03
  8.19368076E+00  3.62913571E-02 -1.13377899E-01  1.28545484E-03  1.31706265E-03  2.60251760E-03
  8.19468117E+00  3.61777954E-02 -1.13740809E-01  1.29369728E-03  1.30883290E-03  2.60253018E-03
  8.19568157E+00  3.60638723E-02 -1.14102587E-01  1.30194006E-03  1.30060292E-03  2.60254298E-03
  8.19668198E+00  3.59495915E-02 -1.14463225E-01  1.31018308E-03  1.29237317E-03  2.60255625E-03
  8.19768238E+00  3.58349495E-02 -1.14822723E-01  1.31842576E-03  1.28414365E-03  2.60256929E-03
  8.19868279E+00  3.57199498E-02 -1.15181074E-01  1.32666796E-03  1.27591484E-03  2.60258280E-03
  8.19968319E+00  3.56045887E-02 -1.15538277E-01  1.33490935E-03  1.26768672E-03  2.60259607E-03
  8.20068359E+00  3.54888700E-02 -1.15894325E-01  1.34314946E-03  1.25945988E-03  2.60260934E-03
  8.20168400E+00  3.53727974E-02 -1.16249211E-01  1.35138794E-03  1.25123479E-03  2.60262284E-03
  8.20268440E+00  3.52563746E-02 -1.16602942E-01  1.35962467E-03  1.24301191E-03  2.60263658E-03
  8.20368481E+00  3.51395980E-02 -1.16955504E-01  1.36785896E-03  1.23479136E-03  2.60265032E-03
  8.20468521E+00  3.50224674E-02 -1.17306903E-01  1.37609092E-03  1.22657325E-03  2.60266429E-03
  8.20568562E+00  3.49049866E-02 -1.17657125E-01  1.38431997E-03  1.21835805E-03  2.60267803E-03
  8.20668602E+00  3.47871557E-02 -1.18006177E-01  1.39254588E-03  1.21014623E-03  2.60269223E-03
  8.20768642E+00  3.46689746E-02 -1.18354052E-01  1.40076817E-03  1.20193779E-03  2.60270596E-03
  8.20868683E+00  3.45504470E-02 -1.18700743E-01  1.40898663E-03  1.19373342E-03  2.60272017E-03
  8.20968723E+00  3.44315767E-02 -1.19046248E-01  1.41720090E-03  1.18553347E-03  2.60273437E-03
  8.21068764E+00  3.43123600E-02 -1.19390562E-01  1.42541062E-03  1.17733807E-03  2.60274857E-03
  8.21168804E+00  3.41927968E-02 -1.19733684E-01  1.43361546E-03  1.16914732E-03  2.60276278E-03
  8.21268845E+00  3.40728909E-02 -1.20075613E-01  1.44181529E-03  1.16096193E-03  2.60277721E-03
  8.21368885E+00  3.39526422E-02 -1.20416343E-01  1.45000953E-03  1.15278189E-03  2.60279141E-03
  8.21468925E+00  3.38320546E-02 -1.20755866E-01  1.45819795E-03  1.14460790E-03  2.60280585E-03
  8.21568966E+00  3.37111317E-02 -1.21094190E-01  1.46638032E-03  1.13644043E-03  2.60282075E-03
  8.21669006E+00  3.35898697E-02 -1.21431299E-01  1.47455605E-03  1.12827937E-03  2.60283542E-03
  8.21769047E+00  3.34682725E-02 -1.21767201E-01  1.48272514E-03  1.12012529E-03  2.60285055E-03
  8.21869087E+00  3.33463363E-02 -1.22101881E-01  1.49088691E-03  1.11197820E-03  2.60286499E-03
  8.21969128E+00  3.32240686E-02 -1.22435346E-01  1.49904133E-03  1.10383879E-03  2.60288012E-03
  8.22069168E+00  3.31014656E-02 -1.22767590E-01  1.50718808E-03  1.09570706E-03  2.60289526E-03
  8.22169209E+00  3.29785347E-02 -1.23098604E-01  1.51532667E-03  1.08758372E-03  2.60291039E-03
  8.22269249E+00  3.28552723E-02 -1.23428389E-01  1.52345677E-03  1.07946887E-03  2.60292552E-03
  8.22369289E+00  3.27316783E-02 -1.23756945E-01  1.53157813E-03  1.07136276E-03  2.60294089E-03
  8.22469330E+00  3.26077566E-02 -1.24084264E-01  1.53969042E-03  1.06326584E-03  2.60295626E-03
  8.22569370E+00  3.24835069E-02 -1.24410339E-01  1.54779328E-03  1.05517823E-03  2.60297162E-03
  8.22669411E+00  3.23589332E-02 -1.24735177E-01  1.55588647E-03  1.04710052E-03  2.60298699E-03
  8.22769451E+00  3.22340392E-02 -1.25058770E-01  1.56396965E-03  1.03903329E-03  2.60300282E-03
  8.22869492E+00  3.21088210E-02 -1.25381112E-01  1.57204235E-03  1.03097642E-03  2.60301866E-03
  8.22969532E+00  3.19832787E-02 -1.25702202E-01  1.58010446E-03  1.02293014E-03  2.60303449E-03
  8.23069572E+00  3.18574160E-02 -1.26022041E-01  1.58815552E-03  1.01489492E-03  2.60305032E-03
  8.23169613E+00  3.17312330E-02 -1.26340613E-01  1.59619504E-03  1.00687111E-03  2.60306615E-03
  8.23269653E+00  3.16047333E-02 -1.26657918E-01  1.60422293E-03  9.98859177E-04  2.60308199E-03
  8.23369694E+00  3.14779207E-02 -1.26973972E-01  1.61223894E-03  9.90859466E-04  2.60309828E-03
  8.23469734E+00  3.13507915E-02 -1.27288744E-01  1.62024237E-03  9.82872094E-04  2.60311458E-03
  8.23569775E+00  3.12233455E-02 -1.27602249E-01  1.62823347E-03  9.74897295E-04  2.60313088E-03
  8.23669815E+00  3.10955867E-02 -1.27914488E-01  1.63621164E-03  9.66935535E-04  2.60314718E-03
  8.23769855E+00  3.09675168E-02 -1.28225446E-01  1.64417643E-03  9.58987104E-04  2.60316348E-03
  8.23869896E+00  3.08391359E-02 -1.28535122E-01  1.65212771E-03  9.51052294E-04  2.60318001E-03
  8.23969936E+00  3.07104457E-02 -1.28843516E-01  1.66006514E-03  9.43131454E-04  2.60319654E-03
  8.24069977E+00  3.05814501E-02 -1.29150614E-01  1.66798814E-03  9.35225107E-04  2.60321330E-03
  8.24170017E+00  3.04521471E-02 -1.29456431E-01  1.67589670E-03  9.27333254E-04  2.60323007E-03
  8.24270058E+00  3.03225387E-02 -1.29760951E-01  1.68379047E-03  9.19456361E-04  2.60324683E-03
  8.24370098E+00  3.01926266E-02 -1.30064175E-01  1.69166911E-03  9.11594718E-04  2.60326383E-03
  8.24470139E+00  3.00624110E-02 -1.30366102E-01  1.69953203E-03  9.03748558E-04  2.60328059E-03
  8.24570179E+00  2.99318936E-02 -1.30666733E-01  1.70737959E-03  8.95918231E-04  2.60329782E-03
  8.24670219E+00  2.98010781E-02 -1.30966052E-01  1.71521062E-03  8.88104260E-04  2.60331482E-03
  8.24770260E+00  2.96699628E-02 -1.31264061E-01  1.72302534E-03  8.80306703E-04  2.60333205E-03
  8.24870300E+00  2.95385495E-02 -1.31560758E-01  1.73082331E-03  8.72525910E-04  2.60334928E-03
  8.24970341E+00  2.94068418E-02 -1.31856143E-01  1.73860439E-03  8.64762347E-04  2.60336674E-03
  8.25070381E+00  2.92748380E-02 -1.32150218E-01  1.74636801E-03  8.57016130E-04  2.60338420E-03
  8.25170422E+00  2.91425399E-02 -1.32442966E-01  1.75411382E-03  8.49287608E-04  2.60340143E-03
  8.25270462E+00  2.90099513E-02 -1.32734388E-01  1.76184182E-03  8.41577246E-04  2.60341913E-03
  8.25370502E+00  2.88770720E-02 -1.33024484E-01  1.76955131E-03  8.33885279E-04  2.60343659E-03
  8.25470543E+00  2.87439022E-02 -1.33313254E-01  1.77724229E-03  8.26211937E-04  2.60345428E-03
  8.25570583E+00  2.86104456E-02 -1.33600697E-01  1.78491452E-03  8.18557572E-04  2.60347221E-03
  8.25670624E+00  2.84767020E-02 -1.33886799E-01  1.79256743E-03  8.10922531E-04  2.60348991E-03
  8.25770664E+00  2.83426736E-02 -1.34171560E-01  1.80020079E-03  8.03307164E-04  2.60350807E-03
  8.25870705E+00  2.82083601E-02 -1.34454980E-01  1.80781411E-03  7.95711589E-04  2.60352576E-03
  8.25970745E+00  2.80737635E-02 -1.34737059E-01  1.81540754E-03  7.88136211E-04  2.60354369E-03
  8.26070786E+00  2.79388875E-02 -1.35017797E-01  1.82298047E-03  7.80581438E-04  2.60356185E-03
  8.26170826E+00  2.78037302E-02 -1.35297179E-01  1.83053256E-03  7.73047388E-04  2.60358001E-03
  8.26270866E+00  2.76682936E-02 -1.35575220E-01  1.83806405E-03  7.65534467E-04  2.60359840E-03
  8.26370907E+00  2.75325812E-02 -1.35851905E-01  1.84557401E-03  7.58043025E-04  2.60361703E-03
  8.26470947E+00  2.73965914E-02 -1.36127234E-01  1.85306242E-03  7.50573236E-04  2.60363566E-03
  8.26570988E+00  2.72603258E-02 -1.36401206E-01  1.86052907E-03  7.43125391E-04  2.60365452E-03
  8.26671028E+00  2.71237884E-02 -1.36673808E-01  1.86797313E-03  7.35699898E-04  2.60367291E-03
  8.26771069E+00  2.69869789E-02 -1.36945039E-01  1.87539437E-03  7.28297047E-04  2.60369154E-03
  8.26871109E+00  2.68498994E-02 -1.37214914E-01  1.88279327E-03  7.20917073E-04  2.60371040E-03
  8.26971149E+00  2.67125499E-02 -1.37483418E-01  1.89016911E-03  7.13560323E-04  2.60372949E-03
  8.27071190E+00  2.65749320E-02 -1.37750536E-01  1.89752097E-03  7.06227031E-04  2.60374788E-03
  8.27171230E+00  2.64370497E-02 -1.38016284E-01  1.90484955E-03  6.98917604E-04  2.60376721E-03
  8.27271271E+00  2.62989011E-02 -1.38280660E-01  1.91215414E-03  6.91632216E-04  2.60378630E-03
  8.27371311E+00  2.61604879E-02 -1.38543651E-01  1.91943429E-03  6.84371102E-04  2.60380539E-03
  8.27471352E+00  2.60218140E-02 -1.38805255E-01  1.92668999E-03  6.77134783E-04  2.60382472E-03
  8.27571392E+00  2.58828774E-02 -1.39065474E-01  1.93392055E-03  6.69923320E-04  2.60384381E-03
  8.27671432E+00  2.57436838E-02 -1.39324307E-01  1.94112619E-03  6.62737235E-04  2.60386337E-03
  8.27771473E+00  2.56042313E-02 -1.39581740E-01  1.94830622E-03  6.55576645E-04  2.60388292E-03
  8.27871513E+00  2.54645217E-02 -1.39837787E-01  1.95546052E-03  6.48441841E-04  2.60390248E-03
  8.27971554E+00  2.53245570E-02 -1.40092432E-01  1.96258887E-03  6.41333172E-04  2.60392204E-03
  8.28071594E+00  2.51843370E-02 -1.40345678E-01  1.96969113E-03  6.34250813E-04  2.60394206E-03
  8.28171635E+00  2.50438638E-02 -1.40597522E-01  1.97676639E-03  6.27195113E-04  2.60396162E-03
  8.28271675E+00  2.49031410E-02 -1.40847966E-01  1.98381487E-03  6.20166422E-04  2.60398118E-03
  8.28371716E+00  2.47621685E-02 -1.41096994E-01  1.99083611E-03  6.13164972E-04  2.60400120E-03
  8.28471756E+00  2.46209484E-02 -1.41344622E-01  1.99783011E-03  6.06191112E-04  2.60402123E-03
  8.28571796E+00  2.44794805E-02 -1.41590834E-01  2.00479641E-03  5.99244959E-04  2.60404125E-03
  8.28671837E+00  2.43377667E-02 -1.41835630E-01  2.01173476E-03  5.92326862E-04  2.60406174E-03
  8.28771877E+00  2.41958108E-02 -1.42079011E-01  2.01864447E-03  5.85437287E-04  2.60408176E-03
  8.28871918E+00  2.40536109E-02 -1.42320976E-01  2.02552602E-03  5.78576175E-04  2.60410225E-03
  8.28971958E+00  2.39111688E-02 -1.42561510E-01  2.03237846E-03  5.71743993E-04  2.60412251E-03
  8.29071999E+00  2.37684883E-02 -1.42800629E-01  2.03920202E-03  5.64941030E-04  2.60414300E-03
  8.29172039E+00  2.36255676E-02 -1.43038318E-01  2.04599625E-03  5.58167463E-04  2.60416372E-03
  8.29272079E+00  2.34824121E-02 -1.43274575E-01  2.05276045E-03  5.51423698E-04  2.60418421E-03
  8.29372120E+00  2.33390201E-02 -1.43509403E-01  2.05949484E-03  5.44709852E-04  2.60420470E-03
  8.29472160E+00  2.31953934E-02 -1.43742800E-01  2.06619943E-03  5.38026274E-04  2.60422565E-03
  8.29572201E+00  2.30515357E-02 -1.43974751E-01  2.07287306E-03  5.31373313E-04  2.60424637E-03
  8.29672241E+00  2.29074452E-02 -1.44205272E-01  2.07951618E-03  5.24751027E-04  2.60426709E-03
  8.29772282E+00  2.27631256E-02 -1.44434348E-01  2.08612811E-03  5.18159883E-04  2.60428805E-03
  8.29872322E+00  2.26185769E-02 -1.44661978E-01  2.09270883E-03  5.11599996E-04  2.60430877E-03
  8.29972363E+00  2.24738009E-02 -1.44888163E-01  2.09925789E-03  5.05071715E-04  2.60432949E-03
  8.30072403E+00  2.23288015E-02 -1.45112902E-01  2.10577552E-03  4.98575391E-04  2.60435091E-03
  8.30172443E+00  2.21835766E-02 -1.45336196E-01  2.11226102E-03  4.92111081E-04  2.60437210E-03
  8.30272484E+00  2.20381282E-02 -1.45558029E-01  2.11871392E-03  4.85679106E-04  2.60439306E-03
  8.30372524E+00  2.18924601E-02 -1.45778418E-01  2.12513469E-03  4.79279814E-04  2.60441448E-03
  8.30472565E+00  2.17465721E-02 -1.45997345E-01  2.13152240E-03  4.72913409E-04  2.60443590E-03
  8.30572605E+00  2.16004662E-02 -1.46214813E-01  2.13787728E-03  4.66580153E-04  2.60445755E-03
  8.30672646E+00  2.14541443E-02 -1.46430820E-01  2.14419863E-03  4.60280309E-04  2.60447897E-03
  8.30772686E+00  2.13076063E-02 -1.46645367E-01  2.15048646E-03  4.54014080E-04  2.60450062E-03
  8.30872726E+00  2.11608540E-02 -1.46858439E-01  2.15674005E-03  4.47781757E-04  2.60452181E-03
  8.30972767E+00  2.10138895E-02 -1.47070050E-01  2.16296013E-03  4.41583543E-04  2.60454370E-03
  8.31072807E+00  2.08667144E-02 -1.47280186E-01  2.16914527E-03  4.35419759E-04  2.60456512E-03
  8.31172848E+00  2.07193308E-02 -1.47488847E-01  2.17529619E-03  4.29290667E-04  2.60458677E-03
  8.31272888E+00  2.05717385E-02 -1.47696048E-01  2.18141242E-03  4.23196412E-04  2.60460889E-03
  8.31372929E+00  2.04239395E-02 -1.47901759E-01  2.18749302E-03  4.17137315E-04  2.60463031E-03
  8.31472969E+00  2.02759355E-02 -1.48105994E-01  2.19353847E-03  4.11113549E-04  2.60465196E-03
  8.31573009E+00  2.01277286E-02 -1.48308754E-01  2.19954876E-03  4.05125465E-04  2.60467432E-03
  8.31673050E+00  1.99793186E-02 -1.48510024E-01  2.20552273E-03  3.99173179E-04  2.60469597E-03
  8.31773090E+00  1.98307075E-02 -1.48709819E-01  2.21146108E-03  3.93256953E-04  2.60471809E-03
  8.31873131E+00  1.96818989E-02 -1.48908123E-01  2.21736310E-03  3.87377135E-04  2.60474021E-03
  8.31973171E+00  1.95328929E-02 -1.49104938E-01  2.22322834E-03  3.81533901E-04  2.60476233E-03
  8.32073212E+00  1.93836913E-02 -1.49300262E-01  2.22905702E-03  3.75727483E-04  2.60478444E-03
  8.32173252E+00  1.92342941E-02 -1.49494097E-01  2.23484845E-03  3.69958056E-04  2.60480656E-03
  8.32273293E+00  1.90847032E-02 -1.49686441E-01  2.24060309E-03  3.64225882E-04  2.60482891E-03
  8.32373333E+00  1.89349223E-02 -1.49877295E-01  2.24632048E-03  3.58531281E-04  2.60485173E-03
  8.32473373E+00  1.87849496E-02 -1.50066644E-01  2.25199992E-03  3.52874340E-04  2.60487432E-03
  8.32573414E+00  1.86347906E-02 -1.50254488E-01  2.25764117E-03  3.47255409E-04  2.60489667E-03
  8.32673454E+00  1.84844434E-02 -1.50440842E-01  2.26324471E-03  3.41674662E-04  2.60491949E-03
  8.32773495E+00  1.83339100E-02 -1.50625691E-01  2.26880983E-03  3.36132245E-04  2.60494207E-03
  8.32873535E+00  1.81831922E-02 -1.50809035E-01  2.27433653E-03  3.30628478E-04  2.60496512E-03
  8.32973576E+00  1.80322919E-02 -1.50990874E-01  2.27982434E-03  3.25163564E-04  2.60498794E-03
  8.33073616E+00  1.78812109E-02 -1.51171193E-01  2.28527305E-03  3.19737708E-04  2.60501076E-03
  8.33173656E+00  1.77299511E-02 -1.51350006E-01  2.29068263E-03  3.14351171E-04  2.60503381E-03
  8.33273697E+00  1.75785124E-02 -1.51527300E-01  2.29605241E-03  3.09004099E-04  2.60505639E-03
  8.33373737E+00  1.74268968E-02 -1.51703089E-01  2.30138260E-03  3.03696725E-04  2.60507921E-03
  8.33473778E+00  1.72751062E-02 -1.51877359E-01  2.30667321E-03  2.98429281E-04  2.60510249E-03
  8.33573818E+00  1.71231423E-02 -1.52050108E-01  2.31192354E-03  2.93202000E-04  2.60512554E-03
  8.33673859E+00  1.69710070E-02 -1.52221337E-01  2.31713359E-03  2.88015086E-04  2.60514859E-03
  8.33773899E+00  1.68187004E-02 -1.52391046E-01  2.32230313E-03  2.82868685E-04  2.60517187E-03
  8.33873940E+00  1.66662261E-02 -1.52559236E-01  2.32743216E-03  2.77763087E-04  2.60519516E-03
  8.33973980E+00  1.65135823E-02 -1.52725905E-01  2.33252044E-03  2.72698409E-04  2.60521891E-03
  8.34074020E+00  1.63607746E-02 -1.52891040E-01  2.33756704E-03  2.67674943E-04  2.60524196E-03
  8.34174061E+00  1.62078012E-02 -1.53054655E-01  2.34257290E-03  2.62692833E-04  2.60526570E-03
  8.34274101E+00  1.60546638E-02 -1.53216735E-01  2.34753685E-03  2.57752225E-04  2.60528899E-03
  8.34374142E+00  1.59013662E-02 -1.53377280E-01  2.35245912E-03  2.52853439E-04  2.60531250E-03
  8.34474182E+00  1.57479085E-02 -1.53536290E-01  2.35733925E-03  2.47996621E-04  2.60533579E-03
  8.34574223E+00  1.55942934E-02 -1.53693765E-01  2.36217747E-03  2.43181988E-04  2.60535954E-03
  8.34674263E+00  1.54405218E-02 -1.53849706E-01  2.36697332E-03  2.38409717E-04  2.60538305E-03
  8.34774303E+00  1.52865946E-02 -1.54004112E-01  2.37172656E-03  2.33679981E-04  2.60540657E-03
  8.34874344E+00  1.51325138E-02 -1.54156983E-01  2.37643765E-03  2.28992969E-04  2.60543055E-03
  8.34974384E+00  1.49782812E-02 -1.54308304E-01  2.38110544E-03  2.24348914E-04  2.60545430E-03
  8.35074425E+00  1.48238987E-02 -1.54458091E-01  2.38573016E-03  2.19747977E-04  2.60547805E-03
  8.35174465E+00  1.46693662E-02 -1.54606327E-01  2.39031180E-03  2.15190303E-04  2.60550203E-03
  8.35274506E+00  1.45146865E-02 -1.54753014E-01  2.39484967E-03  2.10676124E-04  2.60552578E-03
  8.35374546E+00  1.43598607E-02 -1.54898167E-01  2.39934423E-03  2.06205601E-04  2.60554976E-03
  8.35474586E+00  1.42048905E-02 -1.55041769E-01  2.40379502E-03  2.01778908E-04  2.60557397E-03
  8.35574627E+00  1.40497778E-02 -1.55183822E-01  2.40820181E-03  1.97396250E-04  2.60559795E-03
  8.35674667E+00  1.38945244E-02 -1.55324325E-01  2.41256482E-03  1.93057815E-04  2.60562263E-03
  8.35774708E+00  1.37391305E-02 -1.55463263E-01  2.41688266E-03  1.88763705E-04  2.60564638E-03
  8.35874748E+00  1.35835987E-02 -1.55600652E-01  2.42115627E-03  1.84514152E-04  2.60567036E-03
  8.35974789E+00  1.34279300E-02 -1.55736491E-01  2.42538541E-03  1.80309304E-04  2.60569481E-03
  8.36074829E+00  1.32721262E-02 -1.55870765E-01  2.42956961E-03  1.76149333E-04  2.60571903E-03
  8.36174870E+00  1.31161893E-02 -1.56003490E-01  2.43370887E-03  1.72034415E-04  2.60574324E-03
  8.36274910E+00  1.29601210E-02 -1.56134650E-01  2.43780296E-03  1.67964739E-04  2.60576769E-03
  8.36374950E+00  1.28039215E-02 -1.56264246E-01  2.44185142E-03  1.63940407E-04  2.60579190E-03
  8.36474991E+00  1.26475934E-02 -1.56392291E-01  2.44585495E-03  1.59961623E-04  2.60581658E-03
  8.36575031E+00  1.24911377E-02 -1.56518772E-01  2.44981260E-03  1.56028516E-04  2.60584103E-03
  8.36675072E+00  1.23345563E-02 -1.56643689E-01  2.45372462E-03  1.52141278E-04  2.60586594E-03
  8.36775112E+00  1.21778511E-02 -1.56767040E-01  2.45759054E-03  1.48300052E-04  2.60589062E-03
  8.36875153E+00  1.20210238E-02 -1.56888813E-01  2.46140989E-03  1.44505015E-04  2.60591484E-03
  8.36975193E+00  1.18640745E-02 -1.57009020E-01  2.46518338E-03  1.40756267E-04  2.60593975E-03
  8.37075233E+00  1.17070060E-02 -1.57127663E-01  2.46891030E-03  1.37053983E-04  2.60596420E-03
  8.37175274E+00  1.15498193E-02 -1.57244727E-01  2.47259042E-03  1.33398324E-04  2.60598864E-03
  8.37275314E+00  1.13925170E-02 -1.57360226E-01  2.47622421E-03  1.29789449E-04  2.60601356E-03
  8.37375355E+00  1.12351002E-02 -1.57474145E-01  2.47981073E-03  1.26227475E-04  2.60603824E-03
  8.37475395E+00  1.10775698E-02 -1.57586500E-01  2.48335046E-03  1.22712547E-04  2.60606292E-03
  8.37575436E+00  1.09199286E-02 -1.57697275E-01  2.48684315E-03  1.19244840E-04  2.60608806E-03
  8.37675476E+00  1.07621765E-02 -1.57806471E-01  2.49028835E-03  1.15824441E-04  2.60611274E-03
  8.37775517E+00  1.06043164E-02 -1.57914087E-01  2.49368581E-03  1.12451526E-04  2.60613742E-03
  8.37875557E+00  1.04463492E-02 -1.58020124E-01  2.49703601E-03  1.09126209E-04  2.60616234E-03
  8.37975597E+00  1.02882767E-02 -1.58124581E-01  2.50033825E-03  1.05848638E-04  2.60618678E-03
  8.38075638E+00  1.01301009E-02 -1.58227459E-01  2.50359299E-03  1.02618942E-04  2.60621193E-03
  8.38175678E+00  9.97182354E-03 -1.58328757E-01  2.50679953E-03  9.94372676E-05  2.60623684E-03
  8.38275719E+00  9.81344469E-03 -1.58428475E-01  2.50995811E-03  9.63036946E-05  2.60626175E-03
  8.38375759E+00  9.65496711E-03 -1.58526614E-01  2.51306873E-03  9.32183902E-05  2.60628713E-03
  8.38475800E+00  9.49639175E-03 -1.58623159E-01  2.51613068E-03  9.01814565E-05  2.60631205E-03
  8.38575840E+00  9.33772139E-03 -1.58718124E-01  2.51914444E-03  8.71930388E-05  2.60633742E-03
  8.38675880E+00  9.17895697E-03 -1.58811495E-01  2.52210908E-03  8.42532536E-05  2.60636234E-03
  8.38775921E+00  9.02009942E-03 -1.58903286E-01  2.52502551E-03  8.13621955E-05  2.60638772E-03
  8.38875961E+00  8.86115152E-03 -1.58993483E-01  2.52789282E-03  7.85200027E-05  2.60641286E-03
  8.38976002E+00  8.70211329E-03 -1.59082100E-01  2.53071147E-03  7.57267771E-05  2.60643824E-03
  8.39076042E+00  8.54298752E-03 -1.59169123E-01  2.53348099E-03  7.29826352E-05  2.60646362E-03
  8.39176083E+00  8.38377513E-03 -1.59254551E-01  2.53620138E-03  7.02876860E-05  2.60648900E-03
  8.39276123E+00  8.22447892E-03 -1.59338385E-01  2.53887218E-03  6.76420532E-05  2.60651414E-03
  8.39376163E+00  8.06509983E-03 -1.59420624E-01  2.54149362E-03  6.50458387E-05  2.60653952E-03
  8.39476204E+00  7.90563878E-03 -1.59501269E-01  2.54406570E-03  6.24991226E-05  2.60656490E-03
  8.39576244E+00  7.74609810E-03 -1.59580320E-01  2.54658773E-03  6.00020358E-05  2.60658981E-03
  8.39676285E+00  7.58647919E-03 -1.59657776E-01  2.54906062E-03  5.75546655E-05  2.60661519E-03
  8.39776325E+00  7.42678391E-03 -1.59733638E-01  2.55148369E-03  5.51571175E-05  2.60664080E-03
  8.39876366E+00  7.26701319E-03 -1.59807906E-01  2.55385670E-03  5.28094824E-05  2.60666618E-03
  8.39976406E+00  7.10716890E-03 -1.59880579E-01  2.55618012E-03  5.05118514E-05  2.60669203E-03
  8.40076447E+00  6.94725290E-03 -1.59951657E-01  2.55845324E-03  4.82643227E-05  2.60671764E-03
  8.40176487E+00  6.78726612E-03 -1.60021126E-01  2.56067608E-03  4.60669798E-05  2.60674302E-03
  8.40276527E+00  6.62721088E-03 -1.60089001E-01  2.56284885E-03  4.39199248E-05  2.60676886E-03
  8.40376568E+00  6.46708859E-03 -1.60155267E-01  2.56497110E-03  4.18232339E-05  2.60679424E-03
  8.40476608E+00  6.30690111E-03 -1.60219938E-01  2.56704283E-03  3.97770018E-05  2.60681985E-03
  8.40576649E+00  6.14664936E-03 -1.60282999E-01  2.56906403E-03  3.77812976E-05  2.60684523E-03
  8.40676689E+00  5.98633569E-03 -1.60344467E-01  2.57103494E-03  3.58362158E-05  2.60687107E-03
  8.40776730E+00  5.82596147E-03 -1.60404325E-01  2.57295487E-03  3.39418257E-05  2.60689668E-03
  8.40876770E+00  5.66552766E-03 -1.60462588E-01  2.57482426E-03  3.20982035E-05  2.60692253E-03
  8.40976810E+00  5.50503656E-03 -1.60519242E-01  2.57664267E-03  3.03054276E-05  2.60694814E-03
  8.41076851E+00  5.34449005E-03 -1.60574287E-01  2.57841009E-03  2.85635742E-05  2.60697375E-03
  8.41176891E+00  5.18388906E-03 -1.60627738E-01  2.58012698E-03  2.68727053E-05  2.60699959E-03
  8.41276932E+00  5.02323546E-03 -1.60679579E-01  2.58179265E-03  2.52328937E-05  2.60702544E-03
  8.41376972E+00  4.86253062E-03 -1.60729811E-01  2.58340733E-03  2.36442047E-05  2.60705152E-03
  8.41477013E+00  4.70177643E-03 -1.60778433E-01  2.58497032E-03  2.21067021E-05  2.60707713E-03
  8.41577053E+00  4.54097474E-03 -1.60825446E-01  2.58648256E-03  2.06204513E-05  2.60710297E-03
  8.41677094E+00  4.38012648E-03 -1.60870850E-01  2.58794311E-03  1.91855088E-05  2.60712858E-03
  8.41777134E+00  4.21923352E-03 -1.60914645E-01  2.58935220E-03  1.78019309E-05  2.60715419E-03
  8.41877174E+00  4.05829772E-03 -1.60956830E-01  2.59071006E-03  1.64697813E-05  2.60717981E-03
  8.41977215E+00  3.89732071E-03 -1.60997406E-01  2.59201648E-03  1.51891090E-05  2.60720565E-03
  8.42077255E+00  3.73630365E-03 -1.61036372E-01  2.59327120E-03  1.39599651E-05  2.60723126E-03
  8.42177296E+00  3.57524864E-03 -1.61073729E-01  2.59447470E-03  1.27824032E-05  2.60725711E-03
  8.42277336E+00  3.41415708E-03 -1.61109477E-01  2.59562652E-03  1.16564688E-05  2.60728295E-03
  8.42377377E+00  3.25303059E-03 -1.61143616E-01  2.59672641E-03  1.05822082E-05  2.60730856E-03
  8.42477417E+00  3.09187057E-03 -1.61176145E-01  2.59777508E-03  9.55966334E-06  2.60733464E-03
  8.42577457E+00  2.93067913E-03 -1.61207065E-01  2.59877183E-03  8.58888052E-06  2.60736072E-03
  8.42677498E+00  2.76945741E-03 -1.61236376E-01  2.59971689E-03  7.66989433E-06  2.60738679E-03
  8.42777538E+00  2.60820729E-03 -1.61264077E-01  2.60061026E-03  6.80274525E-06  2.60741310E-03
  8.42877579E+00  2.44693016E-03 -1.61290154E-01  2.60145147E-03  5.98746738E-06  2.60743895E-03
  8.42977619E+00  2.28562765E-03 -1.61314622E-01  2.60224077E-03  5.22409391E-06  2.60746479E-03
  8.43077660E+00  2.12430162E-03 -1.61337480E-01  2.60297838E-03  4.51265760E-06  2.60749110E-03
  8.43177700E+00  1.96295348E-03 -1.61358729E-01  2.60366383E-03  3.85318617E-06  2.60751694E-03
  8.43277740E+00  1.80158496E-03 -1.61378354E-01  2.60429736E-03  3.24570829E-06  2.60754302E-03
  8.43377781E+00  1.64019759E-03 -1.61396369E-01  2.60487897E-03  2.69024804E-06  2.60756933E-03
  8.43477821E+00  1.47879310E-03 -1.61412776E-01  2.60540843E-03  2.18682908E-06  2.60759518E-03
  8.43577862E+00  1.31737289E-03 -1.61427557E-01  2.60588573E-03  1.73547130E-06  2.60762125E-03
  8.43677902E+00  1.15593872E-03 -1.61440730E-01  2.60631088E-03  1.33619437E-06  2.60764710E-03
  8.43777943E+00  9.94492206E-04 -1.61452293E-01  2.60668434E-03  9.89014779E-07  2.60767341E-03
  8.43877983E+00  8.33034923E-04 -1.61462232E-01  2.60700542E-03  6.93947186E-07  2.60769925E-03
  8.43978024E+00  6.71568501E-04 -1.61470562E-01  2.60727433E-03  4.51004240E-07  2.60772533E-03
  8.44078064E+00  5.10094571E-04 -1.61477283E-01  2.60749133E-03  2.60196458E-07  2.60775164E-03
  8.44178104E+00  3.48614703E-04 -1.61482379E-01  2.60765594E-03  1.21532210E-07  2.60777748E-03
  8.44278145E+00  1.87130572E-04 -1.61485866E-01  2.60776840E-03  3.50178517E-08  2.60780333E-03
  8.44378185E+00  2.56437597E-05 -1.61487743E-01  2.60782917E-03  6.57602417E-10  2.60782987E-03
  8.44478226E+00 -1.35844122E-04 -1.61487997E-01  2.60783732E-03  1.84536262E-08  2.60785571E-03
  8.44578266E+00 -2.97331455E-04 -1.61486641E-01  2.60779355E-03  8.84059972E-08  2.60788202E-03
  8.44678307E+00 -4.58816619E-04 -1.61483660E-01  2.60769739E-03  2.10512695E-07  2.60790787E-03
  8.44778347E+00 -6.20298029E-04 -1.61479071E-01  2.60754908E-03  3.84769635E-07  2.60793394E-03
  8.44878387E+00 -7.81773997E-04 -1.61472872E-01  2.60734884E-03  6.11170606E-07  2.60796002E-03
  8.44978428E+00 -9.43242980E-04 -1.61465049E-01  2.60709622E-03  8.89707337E-07  2.60798587E-03
  8.45078468E+00 -1.10470329E-03 -1.61455616E-01  2.60679168E-03  1.22036931E-06  2.60801194E-03
  8.45178509E+00 -1.26615341E-03 -1.61444575E-01  2.60643521E-03  1.60314448E-06  2.60803825E-03
  8.45278549E+00 -1.42759166E-03 -1.61431909E-01  2.60602613E-03  2.03801801E-06  2.60806410E-03
  8.45378590E+00 -1.58901652E-03 -1.61417633E-01  2.60556536E-03  2.52497352E-06  2.60809041E-03
  8.45478630E+00 -1.75042625E-03 -1.61401749E-01  2.60505243E-03  3.06399215E-06  2.60811648E-03
  8.45578671E+00 -1.91181933E-03 -1.61384240E-01  2.60448735E-03  3.65505321E-06  2.60814233E-03
  8.45678711E+00 -2.07319413E-03 -1.61365122E-01  2.60387035E-03  4.29813372E-06  2.60816840E-03
  8.45778751E+00 -2.23454880E-03 -1.61344394E-01  2.60320143E-03  4.99320822E-06  2.60819471E-03
  8.45878792E+00 -2.39588204E-03 -1.61322042E-01  2.60248012E-03  5.74025080E-06  2.60822033E-03
  8.45978832E+00 -2.55719223E-03 -1.61298081E-01  2.60170712E-03  6.53923189E-06  2.60824640E-03
  8.46078873E+00 -2.71847751E-03 -1.61272511E-01  2.60088220E-03  7.39012012E-06  2.60827225E-03
  8.46178913E+00 -2.87973648E-03 -1.61245331E-01  2.60000560E-03  8.29288183E-06  2.60829856E-03
  8.46278954E+00 -3.04096728E-03 -1.61216527E-01  2.59907707E-03  9.24748201E-06  2.60832463E-03
  8.46378994E+00 -3.20216874E-03 -1.61186114E-01  2.59809638E-03  1.02538843E-05  2.60835025E-03
  8.46479034E+00 -3.36333876E-03 -1.61154091E-01  2.59706425E-03  1.13120477E-05  2.60837632E-03
  8.46579075E+00 -3.52447620E-03 -1.61120459E-01  2.59598042E-03  1.24219323E-05  2.60840240E-03
  8.46679115E+00 -3.68557894E-03 -1.61085218E-01  2.59484490E-03  1.35834925E-05  2.60842848E-03
  8.46779156E+00 -3.84664582E-03 -1.61048368E-01  2.59365770E-03  1.47966839E-05  2.60845432E-03
  8.46879196E+00 -4.00767522E-03 -1.61009908E-01  2.59241904E-03  1.60614600E-05  2.60848040E-03
  8.46979237E+00 -4.16866504E-03 -1.60969824E-01  2.59112846E-03  1.73777680E-05  2.60850624E-03
  8.47079277E+00 -4.32961388E-03 -1.60928130E-01  2.58978619E-03  1.87455571E-05  2.60853185E-03
  8.47179317E+00 -4.49052081E-03 -1.60884827E-01  2.58839293E-03  2.01647763E-05  2.60855770E-03
  8.47279358E+00 -4.65138350E-03 -1.60839915E-01  2.58694775E-03  2.16353692E-05  2.60858308E-03
  8.47379398E+00 -4.81220009E-03 -1.60793409E-01  2.58545205E-03  2.31572703E-05  2.60860939E-03
  8.47479439E+00 -4.97296918E-03 -1.60745293E-01  2.58390489E-03  2.47304233E-05  2.60863523E-03
  8.47579479E+00 -5.13368985E-03 -1.60695568E-01  2.58230674E-03  2.63547718E-05  2.60866154E-03
  8.47679520E+00 -5.29435975E-03 -1.60644233E-01  2.58065714E-03  2.80302447E-05  2.60868738E-03
  8.47779560E+00 -5.45497751E-03 -1.60591289E-01  2.57895631E-03  2.97567803E-05  2.60871300E-03
  8.47879601E+00 -5.61554125E-03 -1.60536736E-01  2.57720449E-03  3.15343023E-05  2.60873884E-03
  8.47979641E+00 -5.77605003E-03 -1.60480574E-01  2.57540145E-03  3.33627540E-05  2.60876422E-03
  8.48079681E+00 -5.93650155E-03 -1.60422817E-01  2.57354812E-03  3.52420502E-05  2.60879006E-03
  8.48179722E+00 -6.09689439E-03 -1.60363451E-01  2.57164380E-03  3.71721217E-05  2.60881591E-03
  8.48279762E+00 -6.25722762E-03 -1.60302475E-01  2.56968825E-03  3.91528993E-05  2.60884105E-03
  8.48379803E+00 -6.41749892E-03 -1.60239905E-01  2.56768288E-03  4.11842921E-05  2.60886713E-03
  8.48479843E+00 -6.57770690E-03 -1.60175726E-01  2.56562629E-03  4.32662273E-05  2.60889251E-03
  8.48579884E+00 -6.73784968E-03 -1.60109952E-01  2.56351964E-03  4.53986177E-05  2.60891835E-03
  8.48679924E+00 -6.89792633E-03 -1.60042569E-01  2.56136246E-03  4.75813868E-05  2.60894373E-03
  8.48779964E+00 -7.05793453E-03 -1.59973592E-01  2.55915499E-03  4.98144400E-05  2.60896934E-03
  8.48880005E+00 -7.21787289E-03 -1.59903020E-01  2.55689747E-03  5.20976901E-05  2.60899519E-03
  8.48980045E+00 -7.37773953E-03 -1.59830838E-01  2.55458965E-03  5.44310424E-05  2.60902080E-03
  8.49080086E+00 -7.53753353E-03 -1.59757063E-01  2.55223201E-03  5.68144133E-05  2.60904641E-03
  8.49180126E+00 -7.69725302E-03 -1.59681693E-01  2.54982430E-03  5.92477045E-05  2.60907202E-03
  8.49280167E+00 -7.85689615E-03 -1.59604713E-01  2.54736631E-03  6.17308178E-05  2.60909717E-03
  8.49380207E+00 -8.01646151E-03 -1.59526139E-01  2.54485896E-03  6.42636587E-05  2.60912254E-03
  8.49480247E+00 -8.17594770E-03 -1.59445971E-01  2.54230178E-03  6.68461216E-05  2.60914792E-03
  8.49580288E+00 -8.33535288E-03 -1.59364209E-01  2.53969501E-03  6.94781047E-05  2.60917307E-03
  8.49680328E+00 -8.49467516E-03 -1.59280851E-01  2.53703888E-03  7.21595061E-05  2.60919845E-03
  8.49780369E+00 -8.65391362E-03 -1.59195900E-01  2.53433338E-03  7.48902239E-05  2.60922359E-03
  8.49880409E+00 -8.81306641E-03 -1.59109354E-01  2.53157853E-03  7.76701418E-05  2.60924874E-03
  8.49980450E+00 -8.97213165E-03 -1.59021229E-01  2.52877525E-03  8.04991432E-05  2.60927435E-03
  8.50080490E+00 -9.13110841E-03 -1.58931509E-01  2.52592261E-03  8.33771410E-05  2.60929973E-03
  8.50180531E+00 -9.28999390E-03 -1.58840194E-01  2.52302061E-03  8.63039895E-05  2.60932464E-03
  8.50280571E+00 -9.44878720E-03 -1.58747301E-01  2.52007064E-03  8.92795797E-05  2.60935025E-03
  8.50380611E+00 -9.60748736E-03 -1.58652812E-01  2.51707155E-03  9.23038169E-05  2.60937540E-03
  8.50480652E+00 -9.76609159E-03 -1.58556744E-01  2.51402403E-03  9.53765484E-05  2.60940054E-03
  8.50580692E+00 -9.92459990E-03 -1.58459082E-01  2.51092808E-03  9.84976796E-05  2.60942569E-03
  8.50680733E+00 -1.00830095E-02 -1.58359841E-01  2.50778394E-03  1.01667079E-04  2.60945107E-03
  8.50780773E+00 -1.02413194E-02 -1.58259004E-01  2.50459136E-03  1.04884624E-04  2.60947598E-03
  8.50880814E+00 -1.03995269E-02 -1.58156589E-01  2.50135059E-03  1.08150161E-04  2.60950066E-03
  8.50980854E+00 -1.05576310E-02 -1.58052593E-01  2.49806209E-03  1.11463574E-04  2.60952557E-03
  8.51080894E+00 -1.07156308E-02 -1.57947019E-01  2.49472610E-03  1.14824747E-04  2.60955095E-03
  8.51180935E+00 -1.08735235E-02 -1.57839864E-01  2.49134237E-03  1.18233511E-04  2.60957587E-03
  8.51280975E+00 -1.10313091E-02 -1.57731131E-01  2.48791091E-03  1.21689780E-04  2.60960078E-03
  8.51381016E+00 -1.11889858E-02 -1.57620817E-01  2.48443219E-03  1.25193401E-04  2.60962569E-03
  8.51481056E+00 -1.13465507E-02 -1.57508925E-01  2.48090620E-03  1.28744214E-04  2.60965037E-03
  8.51581097E+00 -1.15040028E-02 -1.57395452E-01  2.47733272E-03  1.32342087E-04  2.60967482E-03
  8.51681137E+00 -1.16613405E-02 -1.57280415E-01  2.47371290E-03  1.35986862E-04  2.60969973E-03
  8.51781178E+00 -1.18185626E-02 -1.57163799E-01  2.47004605E-03  1.39678421E-04  2.60972441E-03
  8.51881218E+00 -1.19756674E-02 -1.57045618E-01  2.46633263E-03  1.43416604E-04  2.60974932E-03
  8.51981258E+00 -1.21326530E-02 -1.56925857E-01  2.46257242E-03  1.47201266E-04  2.60977377E-03
  8.52081299E+00 -1.22895185E-02 -1.56804532E-01  2.45876610E-03  1.51032262E-04  2.60979845E-03
  8.52181339E+00 -1.24462619E-02 -1.56681642E-01  2.45491392E-03  1.54909430E-04  2.60982336E-03
  8.52281380E+00 -1.26028815E-02 -1.56557173E-01  2.45101494E-03  1.58832627E-04  2.60984758E-03
  8.52381420E+00 -1.27593754E-02 -1.56431139E-01  2.44707032E-03  1.62801662E-04  2.60987203E-03
  8.52481461E+00 -1.29157426E-02 -1.56303540E-01  2.44307960E-03  1.66816404E-04  2.60989601E-03
  8.52581501E+00 -1.30719822E-02 -1.56174377E-01  2.43904372E-03  1.70876723E-04  2.60992046E-03
  8.52681541E+00 -1.32280914E-02 -1.56043664E-01  2.43496243E-03  1.74982400E-04  2.60994490E-03
  8.52781582E+00 -1.33840693E-02 -1.55911386E-01  2.43083620E-03  1.79133305E-04  2.60996958E-03
  8.52881622E+00 -1.35399140E-02 -1.55777544E-01  2.42666434E-03  1.83329277E-04  2.60999356E-03
  8.52981663E+00 -1.36956237E-02 -1.55642152E-01  2.42244801E-03  1.87570113E-04  2.61001801E-03
  8.53081703E+00 -1.38511974E-02 -1.55505195E-01  2.41818652E-03  1.91855666E-04  2.61004223E-03
  8.53181744E+00 -1.40066333E-02 -1.55366689E-01  2.41388078E-03  1.96185778E-04  2.61006644E-03
  8.53281784E+00 -1.41619304E-02 -1.55226618E-01  2.40953034E-03  2.00560273E-04  2.61009065E-03
  8.53381824E+00 -1.43170860E-02 -1.55084997E-01  2.40513566E-03  2.04978947E-04  2.61011464E-03
  8.53481865E+00 -1.44720990E-02 -1.54941827E-01  2.40069698E-03  2.09441656E-04  2.61013862E-03
  8.53581905E+00 -1.46269687E-02 -1.54797107E-01  2.39621452E-03  2.13948209E-04  2.61016283E-03
  8.53681946E+00 -1.47816921E-02 -1.54650837E-01  2.39168829E-03  2.18498419E-04  2.61018681E-03
  8.53781986E+00 -1.49362693E-02 -1.54503018E-01  2.38711829E-03  2.23092138E-04  2.61021033E-03
  8.53882027E+00 -1.50906974E-02 -1.54353648E-01  2.38250499E-03  2.27729150E-04  2.61023408E-03
  8.53982067E+00 -1.52449757E-02 -1.54202744E-01  2.37784884E-03  2.32409278E-04  2.61025806E-03
  8.54082108E+00 -1.53991021E-02 -1.54050291E-01  2.37314939E-03  2.37132350E-04  2.61028181E-03
  8.54182148E+00 -1.55530749E-02 -1.53896302E-01  2.36840709E-03  2.41898146E-04  2.61030532E-03
  8.54282188E+00 -1.57068931E-02 -1.53740779E-01  2.36362289E-03  2.46706477E-04  2.61032931E-03
  8.54382229E+00 -1.58605557E-02 -1.53583705E-01  2.35879561E-03  2.51557241E-04  2.61035282E-03
  8.54482269E+00 -1.60140600E-02 -1.53425097E-01  2.35392596E-03  2.56450119E-04  2.61037610E-03
  8.54582310E+00 -1.61674041E-02 -1.53264955E-01  2.34901463E-03  2.61384965E-04  2.61039962E-03
  8.54682350E+00 -1.63205881E-02 -1.53103277E-01  2.34406139E-03  2.66361603E-04  2.61042290E-03
  8.54782391E+00 -1.64736100E-02 -1.52940065E-01  2.33906647E-03  2.71379831E-04  2.61044642E-03
  8.54882431E+00 -1.66264679E-02 -1.52775332E-01  2.33403011E-03  2.76439445E-04  2.61046947E-03
  8.54982471E+00 -1.67791601E-02 -1.52609065E-01  2.32895254E-03  2.81540211E-04  2.61049275E-03
  8.55082512E+00 -1.69316847E-02 -1.52441278E-01  2.32383446E-03  2.86681956E-04  2.61051650E-03
  8.55182552E+00 -1.70840416E-02 -1.52271956E-01  2.31867493E-03  2.91864475E-04  2.61053932E-03
  8.55282593E+00 -1.72362272E-02 -1.52101114E-01  2.31347489E-03  2.97087536E-04  2.61056237E-03
  8.55382633E+00 -1.73882432E-02 -1.51928753E-01  2.30823457E-03  3.02350993E-04  2.61058565E-03
  8.55482674E+00 -1.75400842E-02 -1.51754871E-01  2.30295421E-03  3.07654554E-04  2.61060870E-03
  8.55582714E+00 -1.76917519E-02 -1.51579469E-01  2.29763356E-03  3.12998076E-04  2.61063175E-03
  8.55682755E+00 -1.78432446E-02 -1.51402548E-01  2.29227333E-03  3.18381382E-04  2.61065480E-03
  8.55782795E+00 -1.79945584E-02 -1.51224121E-01  2.28687353E-03  3.23804124E-04  2.61067762E-03
  8.55882835E+00 -1.81456935E-02 -1.51044175E-01  2.28143437E-03  3.29266186E-04  2.61070067E-03
  8.55982876E+00 -1.82966460E-02 -1.50862724E-01  2.27595610E-03  3.34767246E-04  2.61072326E-03
  8.56082916E+00 -1.84474178E-02 -1.50679752E-01  2.27043871E-03  3.40307219E-04  2.61074584E-03
  8.56182957E+00 -1.85980052E-02 -1.50495276E-01  2.26488290E-03  3.45885783E-04  2.61076866E-03
  8.56282997E+00 -1.87484082E-02 -1.50309294E-01  2.25928845E-03  3.51502822E-04  2.61079124E-03
  8.56383038E+00 -1.88986249E-02 -1.50121808E-01  2.25365581E-03  3.57158016E-04  2.61081383E-03
  8.56483078E+00 -1.90486517E-02 -1.49932817E-01  2.24798499E-03  3.62851133E-04  2.61083618E-03
  8.56583118E+00 -1.91984903E-02 -1.49742335E-01  2.24227668E-03  3.68582027E-04  2.61085876E-03
  8.56683159E+00 -1.93481352E-02 -1.49550349E-01  2.23653088E-03  3.74350348E-04  2.61088135E-03
  8.56783199E+00 -1.94975883E-02 -1.49356872E-01  2.23074760E-03  3.80155951E-04  2.61090347E-03
  8.56883240E+00 -1.96468476E-02 -1.49161890E-01  2.22492707E-03  3.85998632E-04  2.61092559E-03
  8.56983280E+00 -1.97959114E-02 -1.48965418E-01  2.21906952E-03  3.91878100E-04  2.61094770E-03
  8.57083321E+00 -1.99447777E-02 -1.48767456E-01  2.21317564E-03  3.97794152E-04  2.61096982E-03
  8.57183361E+00 -2.00934447E-02 -1.48568004E-01  2.20724521E-03  4.03746526E-04  2.61099171E-03
  8.57283401E+00 -2.02419125E-02 -1.48367077E-01  2.20127893E-03  4.09735017E-04  2.61101406E-03
  8.57383442E+00 -2.03901790E-02 -1.48164660E-01  2.19527679E-03  4.15759394E-04  2.61103618E-03
  8.57483482E+00 -2.05382407E-02 -1.47960752E-01  2.18923832E-03  4.21819335E-04  2.61105760E-03
  8.57583523E+00 -2.06860993E-02 -1.47755370E-01  2.18316494E-03  4.27914696E-04  2.61107972E-03
  8.57683563E+00 -2.08337512E-02 -1.47548512E-01  2.17705639E-03  4.34045185E-04  2.61110160E-03
  8.57783604E+00 -2.09811963E-02 -1.47340178E-01  2.17091269E-03  4.40210599E-04  2.61112326E-03
  8.57883644E+00 -2.11284328E-02 -1.47130370E-01  2.16473453E-03  4.46410675E-04  2.61114514E-03
  8.57983685E+00 -2.12754570E-02 -1.46919087E-01  2.15852191E-03  4.52645065E-04  2.61116703E-03
  8.58083725E+00 -2.14222707E-02 -1.46706328E-01  2.15227483E-03  4.58913681E-04  2.61118845E-03
  8.58183765E+00 -2.15688683E-02 -1.46492109E-01  2.14599376E-03  4.65216086E-04  2.61120987E-03
  8.58283806E+00 -2.17152517E-02 -1.46276414E-01  2.13967892E-03  4.71552165E-04  2.61123106E-03
  8.58383846E+00 -2.18614209E-02 -1.46059260E-01  2.13333080E-03  4.77921712E-04  2.61125248E-03
  8.58483887E+00 -2.20073704E-02 -1.45840645E-01  2.12694937E-03  4.84324351E-04  2.61127367E-03
  8.58583927E+00 -2.21531019E-02 -1.45620570E-01  2.12053512E-03  4.90759907E-04  2.61129509E-03
  8.58683968E+00 -2.22986117E-02 -1.45399034E-01  2.11408804E-03  4.97228059E-04  2.61131604E-03
  8.58784008E+00 -2.24438999E-02 -1.45176053E-01  2.10760883E-03  5.03728632E-04  2.61133746E-03
  8.58884048E+00 -2.25889646E-02 -1.44951612E-01  2.10109702E-03  5.10261336E-04  2.61135842E-03
  8.58984089E+00 -2.27338020E-02 -1.44725725E-01  2.09455355E-03  5.16825763E-04  2.61137937E-03
  8.59084129E+00 -2.28784140E-02 -1.44498393E-01  2.08797865E-03  5.23421855E-04  2.61140056E-03
  8.59184170E+00 -2.30227988E-02 -1.44269615E-01  2.08137231E-03  5.30049263E-04  2.61142151E-03
  8.59284210E+00 -2.31669527E-02 -1.44039392E-01  2.07473477E-03  5.36707696E-04  2.61144247E-03
  8.59384251E+00 -2.33108774E-02 -1.43807724E-01  2.06806627E-03  5.43396978E-04  2.61146319E-03
  8.59484291E+00 -2.34545674E-02 -1.43574610E-01  2.06136680E-03  5.50116762E-04  2.61148345E-03
  8.59584332E+00 -2.35980246E-02 -1.43340066E-01  2.05463753E-03  5.56866755E-04  2.61150440E-03
  8.59684372E+00 -2.37412471E-02 -1.43104091E-01  2.04787822E-03  5.63646841E-04  2.61152512E-03
  8.59784412E+00 -2.38842312E-02 -1.42866686E-01  2.04108912E-03  5.70456497E-04  2.61154561E-03
  8.59884453E+00 -2.40269788E-02 -1.42627850E-01  2.03427044E-03  5.77295723E-04  2.61156610E-03
  8.59984493E+00 -2.41694879E-02 -1.42387584E-01  2.02742242E-03  5.84164169E-04  2.61158659E-03
  8.60084534E+00 -2.43117549E-02 -1.42145887E-01  2.02054530E-03  5.91061427E-04  2.61160685E-03
  8.60184574E+00 -2.44537797E-02 -1.41902775E-01  2.01363978E-03  5.97987324E-04  2.61162710E-03
  8.60284615E+00 -2.45955586E-02 -1.41658232E-01  2.00670562E-03  6.04941510E-04  2.61164713E-03
  8.60384655E+00 -2.47370936E-02 -1.41412273E-01  1.99974305E-03  6.11923810E-04  2.61166692E-03
  8.60484695E+00 -2.48783827E-02 -1.41164899E-01  1.99275278E-03  6.18933933E-04  2.61168671E-03
  8.60584736E+00 -2.50194222E-02 -1.40916109E-01  1.98573503E-03  6.25971472E-04  2.61170650E-03
  8.60684776E+00 -2.51602139E-02 -1.40665919E-01  1.97869004E-03  6.33036369E-04  2.61172652E-03
  8.60784817E+00 -2.53007524E-02 -1.40414312E-01  1.97161804E-03  6.40128099E-04  2.61174608E-03
  8.60884857E+00 -2.54410394E-02 -1.40161306E-01  1.96451927E-03  6.47246488E-04  2.61176564E-03
  8.60984898E+00 -2.55810749E-02 -1.39906898E-01  1.95739395E-03  6.54391421E-04  2.61178543E-03
  8.61084938E+00 -2.57208534E-02 -1.39651090E-01  1.95024279E-03  6.61562313E-04  2.61180522E-03
  8.61184978E+00 -2.58603767E-02 -1.39393881E-01  1.94306544E-03  6.68759109E-04  2.61182454E-03
  8.61285019E+00 -2.59996429E-02 -1.39135271E-01  1.93586235E-03  6.75981457E-04  2.61184387E-03
  8.61385059E+00 -2.61386484E-02 -1.38875276E-01  1.92863424E-03  6.83228951E-04  2.61186319E-03
  8.61485100E+00 -2.62773931E-02 -1.38613895E-01  1.92138122E-03  6.90501416E-04  2.61188252E-03
  8.61585140E+00 -2.64158752E-02 -1.38351128E-01  1.91410352E-03  6.97798445E-04  2.61190208E-03
  8.61685181E+00 -2.65540946E-02 -1.38086975E-01  1.90680125E-03  7.05119921E-04  2.61192117E-03
  8.61785221E+00 -2.66920496E-02 -1.37821436E-01  1.89947488E-03  7.12465495E-04  2.61194026E-03
  8.61885262E+00 -2.68297363E-02 -1.37554511E-01  1.89212430E-03  7.19834759E-04  2.61195912E-03
  8.61985302E+00 -2.69671567E-02 -1.37286216E-01  1.88475044E-03  7.27227540E-04  2.61197798E-03
  8.62085342E+00 -2.71043088E-02 -1.37016550E-01  1.87735353E-03  7.34643545E-04  2.61199707E-03
  8.62185383E+00 -2.72411890E-02 -1.36745512E-01  1.86993356E-03  7.42082368E-04  2.61201593E-03
  8.62285423E+00 -2.73777992E-02 -1.36473104E-01  1.86249078E-03  7.49543891E-04  2.61203479E-03
  8.62385464E+00 -2.75141355E-02 -1.36199325E-01  1.85502565E-03  7.57027650E-04  2.61205342E-03
  8.62485504E+00 -2.76501961E-02 -1.35924190E-01  1.84753851E-03  7.64533354E-04  2.61207181E-03
  8.62585545E+00 -2.77859829E-02 -1.35647684E-01  1.84002949E-03  7.72060826E-04  2.61209020E-03
  8.62685585E+00 -2.79214904E-02 -1.35369822E-01  1.83249882E-03  7.79609603E-04  2.61210836E-03
  8.62785625E+00 -2.80567203E-02 -1.35090604E-01  1.82494707E-03  7.87179568E-04  2.61212653E-03
  8.62885666E+00 -2.81916708E-02 -1.34810030E-01  1.81737449E-03  7.94770312E-04  2.61214469E-03
  8.62985706E+00 -2.83263400E-02 -1.34528115E-01  1.80978142E-03  8.02381546E-04  2.61216285E-03
  8.63085747E+00 -2.84607261E-02 -1.34244859E-01  1.80216820E-03  8.10012920E-04  2.61218101E-03
  8.63185787E+00 -2.85948291E-02 -1.33960247E-01  1.79453474E-03  8.17664259E-04  2.61219894E-03
  8.63285828E+00 -2.87286453E-02 -1.33674294E-01  1.78688171E-03  8.25335039E-04  2.61221686E-03
  8.63385868E+00 -2.88621765E-02 -1.33387014E-01  1.77920971E-03  8.33025202E-04  2.61223502E-03
  8.63485909E+00 -2.89954208E-02 -1.33098394E-01  1.77151826E-03  8.40734399E-04  2.61225272E-03
  8.63585949E+00 -2.91283745E-02 -1.32808447E-01  1.76380842E-03  8.48462223E-04  2.61227065E-03
  8.63685989E+00 -2.92610377E-02 -1.32517159E-01  1.75607973E-03  8.56208324E-04  2.61228811E-03
  8.63786030E+00 -2.93934084E-02 -1.32224545E-01  1.74833299E-03  8.63972469E-04  2.61230534E-03
  8.63886070E+00 -2.95254868E-02 -1.31930605E-01  1.74056855E-03  8.71754368E-04  2.61232303E-03
  8.63986111E+00 -2.96572708E-02 -1.31635353E-01  1.73278654E-03  8.79553729E-04  2.61234026E-03
  8.64086151E+00 -2.97887567E-02 -1.31338775E-01  1.72498752E-03  8.87370028E-04  2.61235749E-03
  8.64186192E+00 -2.99199466E-02 -1.31040886E-01  1.71717152E-03  8.95203208E-04  2.61237472E-03
  8.64286232E+00 -3.00508384E-02 -1.30741686E-01  1.70933886E-03  9.03052860E-04  2.61239172E-03
  8.64386272E+00 -3.01814284E-02 -1.30441174E-01  1.70149002E-03  9.10918636E-04  2.61240872E-03
  8.64486313E+00 -3.03117186E-02 -1.30139366E-01  1.69362535E-03  9.18800302E-04  2.61242571E-03
  8.64586353E+00 -3.04417070E-02 -1.29836246E-01  1.68574508E-03  9.26697510E-04  2.61244271E-03
  8.64686394E+00 -3.05713899E-02 -1.29531831E-01  1.67784956E-03  9.34609910E-04  2.61245947E-03
  8.64786434E+00 -3.07007693E-02 -1.29226118E-01  1.66993903E-03  9.42537212E-04  2.61247624E-03
  8.64886475E+00 -3.08298431E-02 -1.28919110E-01  1.66201370E-03  9.50479240E-04  2.61249300E-03
  8.64986515E+00 -3.09586078E-02 -1.28610805E-01  1.65407395E-03  9.58435412E-04  2.61250930E-03
  8.65086555E+00 -3.10870633E-02 -1.28301218E-01  1.64612033E-03  9.66405496E-04  2.61252583E-03
  8.65186596E+00 -3.12152095E-02 -1.27990350E-01  1.63815299E-03  9.74389317E-04  2.61254236E-03
  8.65286636E+00 -3.13430429E-02 -1.27678201E-01  1.63017237E-03  9.82386293E-04  2.61255866E-03
  8.65386677E+00 -3.14705633E-02 -1.27364770E-01  1.62217848E-03  9.90396366E-04  2.61257496E-03
  8.65486717E+00 -3.15977708E-02 -1.27050057E-01  1.61417166E-03  9.98419127E-04  2.61259079E-03
  8.65586758E+00 -3.17246653E-02 -1.26734078E-01  1.60615263E-03  1.00645435E-03  2.61260709E-03
  8.65686798E+00 -3.18512395E-02 -1.26416832E-01  1.59812160E-03  1.01450144E-03  2.61262292E-03
  8.65786839E+00 -3.19774970E-02 -1.26098320E-01  1.59007870E-03  1.02256029E-03  2.61263899E-03
  8.65886879E+00 -3.21034342E-02 -1.25778541E-01  1.58202404E-03  1.03063043E-03  2.61265459E-03
  8.65986919E+00 -3.22290510E-02 -1.25457510E-01  1.57395867E-03  1.03871175E-03  2.61267042E-03
  8.66086960E+00 -3.23543474E-02 -1.25135213E-01  1.56588224E-03  1.04680378E-03  2.61268602E-03
  8.66187000E+00 -3.24793234E-02 -1.24811672E-01  1.55779533E-03  1.05490640E-03  2.61270162E-03
  8.66287041E+00 -3.26039717E-02 -1.24486879E-01  1.54969830E-03  1.06301892E-03  2.61271722E-03
  8.66387081E+00 -3.27282958E-02 -1.24160841E-01  1.54159148E-03  1.07114133E-03  2.61273282E-03
  8.66487122E+00 -3.28522921E-02 -1.23833559E-01  1.53347512E-03  1.07927306E-03  2.61274818E-03
  8.66587162E+00 -3.29759605E-02 -1.23505034E-01  1.52534933E-03  1.08741398E-03  2.61276332E-03
  8.66687202E+00 -3.30993012E-02 -1.23175271E-01  1.51721470E-03  1.09556376E-03  2.61277845E-03
  8.66787243E+00 -3.32223140E-02 -1.22844279E-01  1.50907168E-03  1.10372214E-03  2.61279382E-03
  8.66887283E+00 -3.33449915E-02 -1.22512057E-01  1.50092039E-03  1.11188844E-03  2.61280872E-03
  8.66987324E+00 -3.34673375E-02 -1.22178607E-01  1.49276119E-03  1.12006266E-03  2.61282385E-03
  8.67087364E+00 -3.35893482E-02 -1.21843934E-01  1.48459442E-03  1.12824433E-03  2.61283875E-03
  8.67187405E+00 -3.37110236E-02 -1.21508040E-01  1.47642044E-03  1.13643310E-03  2.61285342E-03
  8.67287445E+00 -3.38323638E-02 -1.21170931E-01  1.46823947E-03  1.14462886E-03  2.61286832E-03
  8.67387486E+00 -3.39533687E-02 -1.20832607E-01  1.46005198E-03  1.15283125E-03  2.61288323E-03
  8.67487526E+00 -3.40740308E-02 -1.20493077E-01  1.45185820E-03  1.16103957E-03  2.61289766E-03
  8.67587566E+00 -3.41943540E-02 -1.20152339E-01  1.44365849E-03  1.16925384E-03  2.61291233E-03
  8.67687607E+00 -3.43143344E-02 -1.19810395E-01  1.43545307E-03  1.17747358E-03  2.61292653E-03
  8.67787647E+00 -3.44339721E-02 -1.19467251E-01  1.42724242E-03  1.18569843E-03  2.61294097E-03
  8.67887688E+00 -3.45532671E-02 -1.19122908E-01  1.41902675E-03  1.19392830E-03  2.61295494E-03
  8.67987728E+00 -3.46722193E-02 -1.18777372E-01  1.41080644E-03  1.20216282E-03  2.61296937E-03
  8.68087769E+00 -3.47908214E-02 -1.18430652E-01  1.40258193E-03  1.21040130E-03  2.61298334E-03
  8.68187809E+00 -3.49090770E-02 -1.18082747E-01  1.39435357E-03  1.21864362E-03  2.61299731E-03
  8.68287849E+00 -3.50269862E-02 -1.17733657E-01  1.38612138E-03  1.22688978E-03  2.61301128E-03
  8.68387890E+00 -3.51445451E-02 -1.17383391E-01  1.37788604E-03  1.23513909E-03  2.61302525E-03
  8.68487930E+00 -3.52617539E-02 -1.17031947E-01  1.36964768E-03  1.24339131E-03  2.61303899E-03
  8.68587971E+00 -3.53786126E-02 -1.16679326E-01  1.36140652E-03  1.25164620E-03  2.61305273E-03
  8.68688011E+00 -3.54951173E-02 -1.16325542E-01  1.35316316E-03  1.25990331E-03  2.61306646E-03
  8.68788052E+00 -3.56112644E-02 -1.15970589E-01  1.34491769E-03  1.26816216E-03  2.61307973E-03
  8.68888092E+00 -3.57270576E-02 -1.15614474E-01  1.33667071E-03  1.27642264E-03  2.61309324E-03
  8.68988132E+00 -3.58424932E-02 -1.15257204E-01  1.32842234E-03  1.28468429E-03  2.61310674E-03
  8.69088173E+00 -3.59575711E-02 -1.14898778E-01  1.32017292E-03  1.29294686E-03  2.61311978E-03
  8.69188213E+00 -3.60722914E-02 -1.14539206E-01  1.31192303E-03  1.30121026E-03  2.61313329E-03
  8.69288254E+00 -3.61866504E-02 -1.14178486E-01  1.30367267E-03  1.30947365E-03  2.61314632E-03
  8.69388294E+00 -3.63006480E-02 -1.13816619E-01  1.29542232E-03  1.31773704E-03  2.61315936E-03
  8.69488335E+00 -3.64142805E-02 -1.13453612E-01  1.28717220E-03  1.32599985E-03  2.61317194E-03
  8.69588375E+00 -3.65275517E-02 -1.13089472E-01  1.27892289E-03  1.33426208E-03  2.61318497E-03
  8.69688416E+00 -3.66404578E-02 -1.12724200E-01  1.27067452E-03  1.34252314E-03  2.61319755E-03
  8.69788456E+00 -3.67529988E-02 -1.12357795E-01  1.26242742E-03  1.35078293E-03  2.61321035E-03
  8.69888496E+00 -3.68651748E-02 -1.11990266E-01  1.25418196E-03  1.35904108E-03  2.61322316E-03
  8.69988537E+00 -3.69769819E-02 -1.11621611E-01  1.24593847E-03  1.36729714E-03  2.61323573E-03
  8.70088577E+00 -3.70884165E-02 -1.11251839E-01  1.23769720E-03  1.37555064E-03  2.61324784E-03
  8.70188618E+00 -3.71994823E-02 -1.10880956E-01  1.22945872E-03  1.38380146E-03  2.61326018E-03
  8.70288658E+00 -3.73101756E-02 -1.10508963E-01  1.22122315E-03  1.39204925E-03  2.61327252E-03
  8.70388699E+00 -3.74205001E-02 -1.10135861E-01  1.21299073E-03  1.40029378E-03  2.61328463E-03
  8.70488739E+00 -3.75304483E-02 -1.09761655E-01  1.20476214E-03  1.40853459E-03  2.61329673E-03
  8.70588779E+00 -3.76400240E-02 -1.09386347E-01  1.19653728E-03  1.41677144E-03  2.61330884E-03
  8.70688820E+00 -3.77492197E-02 -1.09009944E-01  1.18831673E-03  1.42500363E-03  2.61332048E-03
  8.70788860E+00 -3.78580391E-02 -1.08632453E-01  1.18010107E-03  1.43323117E-03  2.61333212E-03
  8.70888901E+00 -3.79664823E-02 -1.08253874E-01  1.17189006E-03  1.44145382E-03  2.61334376E-03
  8.70988941E+00 -3.80745456E-02 -1.07874207E-01  1.16368453E-03  1.44967099E-03  2.61335541E-03
  8.71088982E+00 -3.81822288E-02 -1.07493460E-01  1.15548435E-03  1.45788258E-03  2.61336705E-03
  8.71189022E+00 -3.82895321E-02 -1.07111640E-01  1.14729034E-03  1.46608823E-03  2.61337869E-03
  8.71289062E+00 -3.83964553E-02 -1.06728747E-01  1.13910262E-03  1.47428783E-03  2.61339033E-03
  8.71389103E+00 -3.85029912E-02 -1.06344782E-01  1.13092130E-03  1.48248032E-03  2.61340151E-03
  8.71489143E+00 -3.86091433E-02 -1.05959751E-01  1.12274697E-03  1.49066595E-03  2.61341291E-03
  8.71589184E+00 -3.87149081E-02 -1.05573662E-01  1.11457985E-03  1.49884413E-03  2.61342386E-03
  8.71689224E+00 -3.88202891E-02 -1.05186515E-01  1.10642030E-03  1.50701485E-03  2.61343503E-03
  8.71789265E+00 -3.89252827E-02 -1.04798310E-01  1.09826855E-03  1.51517766E-03  2.61344621E-03
  8.71889305E+00 -3.90298888E-02 -1.04409054E-01  1.09012506E-03  1.52333220E-03  2.61345739E-03
  8.71989346E+00 -3.91341038E-02 -1.04018755E-01  1.08199019E-03  1.53147813E-03  2.61346833E-03
  8.72089386E+00 -3.92379239E-02 -1.03627414E-01  1.07386417E-03  1.53961463E-03  2.61347881E-03
  8.72189426E+00 -3.93413529E-02 -1.03235036E-01  1.06574723E-03  1.54774205E-03  2.61348928E-03
  8.72289467E+00 -3.94443907E-02 -1.02841623E-01  1.05763995E-03  1.55585993E-03  2.61349976E-03
  8.72389507E+00 -3.95470336E-02 -1.02447182E-01  1.04954257E-03  1.56396790E-03  2.61351047E-03
  8.72489548E+00 -3.96492817E-02 -1.02051713E-01  1.04145519E-03  1.57206552E-03  2.61352072E-03
  8.72589588E+00 -3.97511348E-02 -1.01655222E-01  1.03337842E-03  1.58015278E-03  2.61353119E-03
  8.72689629E+00 -3.98525931E-02 -1.01257712E-01  1.02531246E-03  1.58822921E-03  2.61354167E-03
  8.72789669E+00 -3.99536528E-02 -1.00859188E-01  1.01725757E-03  1.59629434E-03  2.61355191E-03
  8.72889709E+00 -4.00543101E-02 -1.00459650E-01  1.00921409E-03  1.60434772E-03  2.61356169E-03
  8.72989750E+00 -4.01545689E-02 -1.00059107E-01  1.00118248E-03  1.61238934E-03  2.61357194E-03
  8.73089790E+00 -4.02544253E-02 -9.96575579E-02  9.93162859E-04  1.62041874E-03  2.61358172E-03
  8.73189831E+00 -4.03538831E-02 -9.92550105E-02  9.85155697E-04  1.62843592E-03  2.61359150E-03
  8.73289871E+00 -4.04529385E-02 -9.88514721E-02  9.77161340E-04  1.63644028E-03  2.61360174E-03
  8.73389912E+00 -4.05515879E-02 -9.84469429E-02  9.69180081E-04  1.64443126E-03  2.61361129E-03
  8.73489952E+00 -4.06498350E-02 -9.80414301E-02  9.61212150E-04  1.65240909E-03  2.61362130E-03
  8.73589993E+00 -4.07476723E-02 -9.76349339E-02  9.53258015E-04  1.66037283E-03  2.61363084E-03
  8.73690033E+00 -4.08451036E-02 -9.72274542E-02  9.45317734E-04  1.66832248E-03  2.61364016E-03
  8.73790073E+00 -4.09421250E-02 -9.68190059E-02  9.37392004E-04  1.67625758E-03  2.61364970E-03
  8.73890114E+00 -4.10387404E-02 -9.64095816E-02  9.29480710E-04  1.68417825E-03  2.61365902E-03
  8.73990154E+00 -4.11349460E-02 -9.59991962E-02  9.21584608E-04  1.69208378E-03  2.61366833E-03
  8.74090195E+00 -4.12307419E-02 -9.55878496E-02  9.13703756E-04  1.69997406E-03  2.61367788E-03
  8.74190235E+00 -4.13261242E-02 -9.51755419E-02  9.05838446E-04  1.70784851E-03  2.61368696E-03
  8.74290276E+00 -4.14210930E-02 -9.47622806E-02  8.97988968E-04  1.71570689E-03  2.61369580E-03
  8.74390316E+00 -4.15156484E-02 -9.43480730E-02  8.90155905E-04  1.72354910E-03  2.61370512E-03
  8.74490356E+00 -4.16097865E-02 -9.39329192E-02  8.82339315E-04  1.73137430E-03  2.61371350E-03
  8.74590397E+00 -4.17035110E-02 -9.35168192E-02  8.74539546E-04  1.73918286E-03  2.61372235E-03
  8.74690437E+00 -4.17968184E-02 -9.30997804E-02  8.66756891E-04  1.74697407E-03  2.61373096E-03
  8.74790478E+00 -4.18897085E-02 -9.26818103E-02  8.58991814E-04  1.75474770E-03  2.61373958E-03
  8.74890518E+00 -4.19821814E-02 -9.22629163E-02  8.51244607E-04  1.76250353E-03  2.61374819E-03
  8.74990559E+00 -4.20742370E-02 -9.18430910E-02  8.43515329E-04  1.77024142E-03  2.61375681E-03
  8.75090599E+00 -4.21658717E-02 -9.14223492E-02  8.35804560E-04  1.77796069E-03  2.61376519E-03
  8.75190639E+00 -4.22570817E-02 -9.10006911E-02  8.28112592E-04  1.78566098E-03  2.61377357E-03
  8.75290680E+00 -4.23478708E-02 -9.05781239E-02  8.20439716E-04  1.79334218E-03  2.61378195E-03
  8.75390720E+00 -4.24382351E-02 -9.01546478E-02  8.12786107E-04  1.80100382E-03  2.61378987E-03
  8.75490761E+00 -4.25281785E-02 -8.97302628E-02  8.05152056E-04  1.80864602E-03  2.61379802E-03
  8.75590801E+00 -4.26176973E-02 -8.93049836E-02  7.97538029E-04  1.81626808E-03  2.61380617E-03
  8.75690842E+00 -4.27067913E-02 -8.88788030E-02  7.89944199E-04  1.82387000E-03  2.61381408E-03
  8.75790882E+00 -4.27954569E-02 -8.84517357E-02  7.82370975E-04  1.83145108E-03  2.61382200E-03
  8.75890923E+00 -4.28836979E-02 -8.80237818E-02  7.74818647E-04  1.83901156E-03  2.61383015E-03
  8.75990963E+00 -4.29715067E-02 -8.75949413E-02  7.67287391E-04  1.84655038E-03  2.61383783E-03
  8.76091003E+00 -4.30588871E-02 -8.71652290E-02  7.59777729E-04  1.85406778E-03  2.61384551E-03
  8.76191044E+00 -4.31458354E-02 -8.67346376E-02  7.52289721E-04  1.86156307E-03  2.61385273E-03
  8.76291084E+00 -4.32323553E-02 -8.63031819E-02  7.44823948E-04  1.86903658E-03  2.61386065E-03
  8.76391125E+00 -4.33184430E-02 -8.58708620E-02  7.37380527E-04  1.87648751E-03  2.61386810E-03
  8.76491165E+00 -4.34040986E-02 -8.54376778E-02  7.29959691E-04  1.88391574E-03  2.61387555E-03
  8.76591206E+00 -4.34893221E-02 -8.50036368E-02  7.22561846E-04  1.89132115E-03  2.61388300E-03
  8.76691246E+00 -4.35741097E-02 -8.45687464E-02  7.15187285E-04  1.89870305E-03  2.61389045E-03
  8.76791286E+00 -4.36584614E-02 -8.41330066E-02  7.07836298E-04  1.90606120E-03  2.61389744E-03
  8.76891327E+00 -4.37423736E-02 -8.36964250E-02  7.00509176E-04  1.91339524E-03  2.61390442E-03
  8.76991367E+00 -4.38258499E-02 -8.32590014E-02  6.93206151E-04  1.92070508E-03  2.61391117E-03
  8.77091408E+00 -4.39088903E-02 -8.28207433E-02  6.85927575E-04  1.92799070E-03  2.61391839E-03
  8.77191448E+00 -4.39914912E-02 -8.23816508E-02  6.78673619E-04  1.93525129E-03  2.61392491E-03
  8.77291489E+00 -4.40736525E-02 -8.19417387E-02  6.71444868E-04  1.94248685E-03  2.61393166E-03
  8.77391529E+00 -4.41553742E-02 -8.15009996E-02  6.64241321E-04  1.94969703E-03  2.61393841E-03
  8.77491570E+00 -4.42366563E-02 -8.10594484E-02  6.57063385E-04  1.95688172E-03  2.61394517E-03
  8.77591610E+00 -4.43174951E-02 -8.06170851E-02  6.49911468E-04  1.96404033E-03  2.61395192E-03
  8.77691650E+00 -4.43978906E-02 -8.01739097E-02  6.42785570E-04  1.97117263E-03  2.61395820E-03
  8.77791691E+00 -4.44778427E-02 -7.97299296E-02  6.35686156E-04  1.97827839E-03  2.61396449E-03
  8.77891731E+00 -4.45573479E-02 -7.92851523E-02  6.28613576E-04  1.98535714E-03  2.61397078E-03
  8.77991772E+00 -4.46364097E-02 -7.88395777E-02  6.21567888E-04  1.99240912E-03  2.61397706E-03
  8.78091812E+00 -4.47150245E-02 -7.83932135E-02  6.14549615E-04  1.99943339E-03  2.61398312E-03
  8.78191853E+00 -4.47931960E-02 -7.79460669E-02  6.07558934E-04  2.00643041E-03  2.61398940E-03
  8.78291893E+00 -4.48709168E-02 -7.74981380E-02  6.00596133E-04  2.01339927E-03  2.61399546E-03
  8.78391933E+00 -4.49481905E-02 -7.70494267E-02  5.93661447E-04  2.02033971E-03  2.61400128E-03
  8.78491974E+00 -4.50250171E-02 -7.65999481E-02  5.86755225E-04  2.02725222E-03  2.61400733E-03
  8.78592014E+00 -4.51013930E-02 -7.61496946E-02  5.79877640E-04  2.03413563E-03  2.61401339E-03
  8.78692055E+00 -4.51773144E-02 -7.56986812E-02  5.73029043E-04  2.04098970E-03  2.61401874E-03
  8.78792095E+00 -4.52527851E-02 -7.52469078E-02  5.66209725E-04  2.04781466E-03  2.61402433E-03
  8.78892136E+00 -4.53278050E-02 -7.47943819E-02  5.59419976E-04  2.05460982E-03  2.61402968E-03
  8.78992176E+00 -4.54023704E-02 -7.43411034E-02  5.52659971E-04  2.06137518E-03  2.61403527E-03
  8.79092216E+00 -4.54764850E-02 -7.38870800E-02  5.45930059E-04  2.06811074E-03  2.61404086E-03
  8.79192257E+00 -4.55501452E-02 -7.34323114E-02  5.39230416E-04  2.07481580E-03  2.61404621E-03
  8.79292297E+00 -4.56233509E-02 -7.29768127E-02  5.32561564E-04  2.08149012E-03  2.61405157E-03
  8.79392338E+00 -4.56961021E-02 -7.25205764E-02  5.25923388E-04  2.08813371E-03  2.61405716E-03
  8.79492378E+00 -4.57683951E-02 -7.20636174E-02  5.19316527E-04  2.09474610E-03  2.61406275E-03
  8.79592419E+00 -4.58402298E-02 -7.16059357E-02  5.12740982E-04  2.10132659E-03  2.61406763E-03
  8.79692459E+00 -4.59116064E-02 -7.11475313E-02  5.06197102E-04  2.10787565E-03  2.61407276E-03
  8.79792500E+00 -4.59825248E-02 -7.06884116E-02  4.99685179E-04  2.11439258E-03  2.61407765E-03
  8.79892540E+00 -4.60529812E-02 -7.02285841E-02  4.93205385E-04  2.12087715E-03  2.61408254E-03
  8.79992580E+00 -4.61229794E-02 -6.97680563E-02  4.86758159E-04  2.12732912E-03  2.61408719E-03
  8.80092621E+00 -4.61925156E-02 -6.93068281E-02  4.80343646E-04  2.13374849E-03  2.61409208E-03
  8.80192661E+00 -4.62615900E-02 -6.88448995E-02  4.73962020E-04  2.14013481E-03  2.61409674E-03
  8.80292702E+00 -4.63302024E-02 -6.83822855E-02  4.67613718E-04  2.14648759E-03  2.61410140E-03
  8.80392742E+00 -4.63983528E-02 -6.79189861E-02  4.61298885E-04  2.15280708E-03  2.61410605E-03
  8.80492783E+00 -4.64660414E-02 -6.74550012E-02  4.55017725E-04  2.15909304E-03  2.61411071E-03
  8.80592823E+00 -4.65332642E-02 -6.69903383E-02  4.48770559E-04  2.16534478E-03  2.61411536E-03
  8.80692863E+00 -4.66000251E-02 -6.65250048E-02  4.42557648E-04  2.17156229E-03  2.61412002E-03
  8.80792904E+00 -4.66663167E-02 -6.60590082E-02  4.36379254E-04  2.17774510E-03  2.61412445E-03
  8.80892944E+00 -4.67321426E-02 -6.55923486E-02  4.30235639E-04  2.18389323E-03  2.61412887E-03
  8.80992985E+00 -4.67974991E-02 -6.51250258E-02  4.24126920E-04  2.19000597E-03  2.61413283E-03
  8.81093025E+00 -4.68623899E-02 -6.46570474E-02  4.18053387E-04  2.19608354E-03  2.61413702E-03
  8.81193066E+00 -4.69268113E-02 -6.41884208E-02  4.12015332E-04  2.20212573E-03  2.61414098E-03
  8.81293106E+00 -4.69907634E-02 -6.37191534E-02  4.06013074E-04  2.20813183E-03  2.61414493E-03
  8.81393147E+00 -4.70542461E-02 -6.32492453E-02  4.00046731E-04  2.21410207E-03  2.61414889E-03
  8.81493187E+00 -4.71172594E-02 -6.27787039E-02  3.94116592E-04  2.22003623E-03  2.61415285E-03
  8.81593227E+00 -4.71798033E-02 -6.23075329E-02  3.88222863E-04  2.22593383E-03  2.61415681E-03
  8.81693268E+00 -4.72418778E-02 -6.18357360E-02  3.82365834E-04  2.23179511E-03  2.61416100E-03
  8.81793308E+00 -4.73034792E-02 -6.13633171E-02  3.76545679E-04  2.23761913E-03  2.61416472E-03
  8.81893349E+00 -4.73646075E-02 -6.08902834E-02  3.70762660E-04  2.24340614E-03  2.61416892E-03
  8.81993389E+00 -4.74252589E-02 -6.04166389E-02  3.65017040E-04  2.24915519E-03  2.61417218E-03
  8.82093430E+00 -4.74854372E-02 -5.99423870E-02  3.59308993E-04  2.25486676E-03  2.61417567E-03
  8.82193470E+00 -4.75451425E-02 -5.94675317E-02  3.53638752E-04  2.26054061E-03  2.61417939E-03
  8.82293510E+00 -4.76043709E-02 -5.89920804E-02  3.48006579E-04  2.26617604E-03  2.61418265E-03
  8.82393551E+00 -4.76631261E-02 -5.85160367E-02  3.42412677E-04  2.27177353E-03  2.61418615E-03
  8.82493591E+00 -4.77214046E-02 -5.80394045E-02  3.36857251E-04  2.27733236E-03  2.61418964E-03
  8.82593632E+00 -4.77792062E-02 -5.75621910E-02  3.31340590E-04  2.28285254E-03  2.61419313E-03
  8.82693672E+00 -4.78365310E-02 -5.70844002E-02  3.25862871E-04  2.28833361E-03  2.61419639E-03
  8.82793713E+00 -4.78933752E-02 -5.66060357E-02  3.20424326E-04  2.29377532E-03  2.61419965E-03
  8.82893753E+00 -4.79497425E-02 -5.61271012E-02  3.15025158E-04  2.29917769E-03  2.61420291E-03
  8.82993793E+00 -4.80056331E-02 -5.56476042E-02  3.09665600E-04  2.30454071E-03  2.61420640E-03
  8.83093834E+00 -4.80610430E-02 -5.51675484E-02  3.04345827E-04  2.30986392E-03  2.61420966E-03
  8.83193874E+00 -4.81159687E-02 -5.46869375E-02  2.99066131E-04  2.31514638E-03  2.61421246E-03
  8.83293915E+00 -4.81704138E-02 -5.42057790E-02  2.93826655E-04  2.32038880E-03  2.61421548E-03
  8.83393955E+00 -4.82243784E-02 -5.37240766E-02  2.88627663E-04  2.32559070E-03  2.61421828E-03
  8.83493996E+00 -4.82778586E-02 -5.32418340E-02  2.83469300E-04  2.33075162E-03  2.61422084E-03
  8.83594036E+00 -4.83308583E-02 -5.27590550E-02  2.78351799E-04  2.33587180E-03  2.61422363E-03
  8.83694077E+00 -4.83833738E-02 -5.22757471E-02  2.73275393E-04  2.34095077E-03  2.61422619E-03
  8.83794117E+00 -4.84354086E-02 -5.17919138E-02  2.68240226E-04  2.34598876E-03  2.61422899E-03
  8.83894157E+00 -4.84869592E-02 -5.13075590E-02  2.63246562E-04  2.35098531E-03  2.61423178E-03
  8.83994198E+00 -4.85380255E-02 -5.08226901E-02  2.58294604E-04  2.35593994E-03  2.61423457E-03
  8.84094238E+00 -4.85886075E-02 -5.03373109E-02  2.53384496E-04  2.36085267E-03  2.61423714E-03
  8.84194279E+00 -4.86387014E-02 -4.98514250E-02  2.48516473E-04  2.36572325E-03  2.61423970E-03
  8.84294319E+00 -4.86883111E-02 -4.93650362E-02  2.43690680E-04  2.37055169E-03  2.61424249E-03
  8.84394360E+00 -4.87374328E-02 -4.88781519E-02  2.38907392E-04  2.37533730E-03  2.61424459E-03
  8.84494400E+00 -4.87860702E-02 -4.83907759E-02  2.34166728E-04  2.38008075E-03  2.61424738E-03
  8.84594440E+00 -4.88342196E-02 -4.79029156E-02  2.29468948E-04  2.38478091E-03  2.61424994E-03
  8.84694481E+00 -4.88818772E-02 -4.74145748E-02  2.24814197E-04  2.38943798E-03  2.61425227E-03
  8.84794521E+00 -4.89290468E-02 -4.69257571E-02  2.20202681E-04  2.39405152E-03  2.61425413E-03
  8.84894562E+00 -4.89757285E-02 -4.64364663E-02  2.15634544E-04  2.39862199E-03  2.61425646E-03
  8.84994602E+00 -4.90219183E-02 -4.59467098E-02  2.11110018E-04  2.40314845E-03  2.61425856E-03
  8.85094643E+00 -4.90676202E-02 -4.54564914E-02  2.06629265E-04  2.40763137E-03  2.61426065E-03
  8.85194683E+00 -4.91128303E-02 -4.49658148E-02  2.02192459E-04  2.41207005E-03  2.61426251E-03
  8.85294724E+00 -4.91575487E-02 -4.44746874E-02  1.97799789E-04  2.41646450E-03  2.61426438E-03
  8.85394764E+00 -4.92017791E-02 -4.39831130E-02  1.93451429E-04  2.42081517E-03  2.61426670E-03
  8.85494804E+00 -4.92455177E-02 -4.34910953E-02  1.89147540E-04  2.42512091E-03  2.61426857E-03
  8.85594845E+00 -4.92887646E-02 -4.29986417E-02  1.84888326E-04  2.42938241E-03  2.61427066E-03
  8.85694885E+00 -4.93315160E-02 -4.25057523E-02  1.80673902E-04  2.43359851E-03  2.61427229E-03
  8.85794926E+00 -4.93737757E-02 -4.20124382E-02  1.76504502E-04  2.43776967E-03  2.61427416E-03
  8.85894966E+00 -4.94155437E-02 -4.15186994E-02  1.72380242E-04  2.44189589E-03  2.61427602E-03
  8.85995007E+00 -4.94568162E-02 -4.10245433E-02  1.68301325E-04  2.44597672E-03  2.61427811E-03
  8.86095047E+00 -4.94975932E-02 -4.05299738E-02  1.64267884E-04  2.45001167E-03  2.61427951E-03
  8.86195087E+00 -4.95378785E-02 -4.00349982E-02  1.60280106E-04  2.45400146E-03  2.61428161E-03
  8.86295128E+00 -4.95776683E-02 -3.95396203E-02  1.56338152E-04  2.45794514E-03  2.61428324E-03
  8.86395168E+00 -4.96169589E-02 -3.90438437E-02  1.52442182E-04  2.46184273E-03  2.61428487E-03
  8.86495209E+00 -4.96557541E-02 -3.85476723E-02  1.48592313E-04  2.46569398E-03  2.61428626E-03
  8.86595249E+00 -4.96940538E-02 -3.80511135E-02  1.44788733E-04  2.46949890E-03  2.61428766E-03
  8.86695290E+00 -4.97318543E-02 -3.75541747E-02  1.41031604E-04  2.47325725E-03  2.61428882E-03
  8.86795330E+00 -4.97691594E-02 -3.70568559E-02  1.37321054E-04  2.47696927E-03  2.61429022E-03
  8.86895370E+00 -4.98059653E-02 -3.65591645E-02  1.33657246E-04  2.48063426E-03  2.61429138E-03
  8.86995411E+00 -4.98422757E-02 -3.60611044E-02  1.30040324E-04  2.48425244E-03  2.61429278E-03
  8.87095451E+00 -4.98780869E-02 -3.55626829E-02  1.26470448E-04  2.48782360E-03  2.61429395E-03
  8.87195492E+00 -4.99133989E-02 -3.50639038E-02  1.22947735E-04  2.49134749E-03  2.61429511E-03
  8.87295532E+00 -4.99482118E-02 -3.45647708E-02  1.19472345E-04  2.49482389E-03  2.61429627E-03
  8.87395573E+00 -4.99825254E-02 -3.40652876E-02  1.16044379E-04  2.49825278E-03  2.61429721E-03
  8.87495613E+00 -5.00163399E-02 -3.35654616E-02  1.12664027E-04  2.50163418E-03  2.61429814E-03
  8.87595654E+00 -5.00496551E-02 -3.30652967E-02  1.09331384E-04  2.50496808E-03  2.61429953E-03
  8.87695694E+00 -5.00824712E-02 -3.25648002E-02  1.06046617E-04  2.50825402E-03  2.61430070E-03
  8.87795734E+00 -5.01147881E-02 -3.20639759E-02  1.02809856E-04  2.51149200E-03  2.61430186E-03
  8.87895775E+00 -5.01466021E-02 -3.15628275E-02  9.96212111E-05  2.51468178E-03  2.61430303E-03
  8.87995815E+00 -5.01779169E-02 -3.10613606E-02  9.64808132E-05  2.51782336E-03  2.61430419E-03
  8.88095856E+00 -5.02087288E-02 -3.05595808E-02  9.33888005E-05  2.52091652E-03  2.61430535E-03
  8.88195896E+00 -5.02390377E-02 -3.00574936E-02  9.03452965E-05  2.52396101E-03  2.61430629E-03
  8.88295937E+00 -5.02688438E-02 -2.95551028E-02  8.73504105E-05  2.52695661E-03  2.61430698E-03
  8.88395977E+00 -5.02981506E-02 -2.90524140E-02  8.44042734E-05  2.52990401E-03  2.61430838E-03
  8.88496017E+00 -5.03269508E-02 -2.85494328E-02  8.15070161E-05  2.53280206E-03  2.61430908E-03
  8.88596058E+00 -5.03552482E-02 -2.80461628E-02  7.86587261E-05  2.53565097E-03  2.61430978E-03
  8.88696098E+00 -5.03830425E-02 -2.75426097E-02  7.58595343E-05  2.53845099E-03  2.61431048E-03
  8.88796139E+00 -5.04103303E-02 -2.70387791E-02  7.31095570E-05  2.54120142E-03  2.61431094E-03
  8.88896179E+00 -5.04371151E-02 -2.65346766E-02  7.04089107E-05  2.54390249E-03  2.61431141E-03
  8.88996220E+00 -5.04633971E-02 -2.60303058E-02  6.77576827E-05  2.54655443E-03  2.61431211E-03
  8.89096260E+00 -5.04891723E-02 -2.55256724E-02  6.51559967E-05  2.54915655E-03  2.61431257E-03
  8.89196301E+00 -5.05144447E-02 -2.50207800E-02  6.26039473E-05  2.55170907E-03  2.61431304E-03
  8.89296341E+00 -5.05392104E-02 -2.45156363E-02  6.01016400E-05  2.55421177E-03  2.61431350E-03
  8.89396381E+00 -5.05634733E-02 -2.40102448E-02  5.76491875E-05  2.55666487E-03  2.61431397E-03
  8.89496422E+00 -5.05872294E-02 -2.35046092E-02  5.52466663E-05  2.55906768E-03  2.61431444E-03
  8.89596462E+00 -5.06104790E-02 -2.29987372E-02  5.28941928E-05  2.56142067E-03  2.61431490E-03
  8.89696503E+00 -5.06332256E-02 -2.24926323E-02  5.05918542E-05  2.56372360E-03  2.61431537E-03
  8.89796543E+00 -5.06554656E-02 -2.19863001E-02  4.83397416E-05  2.56597623E-03  2.61431606E-03
  8.89896584E+00 -5.06771989E-02 -2.14797463E-02  4.61379495E-05  2.56817858E-03  2.61431653E-03
  8.89996624E+00 -5.06984256E-02 -2.09729746E-02  4.39865653E-05  2.57033040E-03  2.61431700E-03
  8.90096664E+00 -5.07191457E-02 -2.04659905E-02  4.18856762E-05  2.57243169E-03  2.61431746E-03
  8.90196705E+00 -5.07393591E-02 -1.99587997E-02  3.98353695E-05  2.57448247E-03  2.61431793E-03
  8.90296745E+00 -5.07590659E-02 -1.94514059E-02  3.78357181E-05  2.57648272E-03  2.61431839E-03
  8.90396786E+00 -5.07782623E-02 -1.89438146E-02  3.58868092E-05  2.57843197E-03  2.61431886E-03
  8.90496826E+00 -5.07969521E-02 -1.84360314E-02  3.39887265E-05  2.58033024E-03  2.61431886E-03
  8.90596867E+00 -5.08151352E-02 -1.79280620E-02  3.21415391E-05  2.58217799E-03  2.61431956E-03
  8.90696907E+00 -5.08328117E-02 -1.74199101E-02  3.03453271E-05  2.58397474E-03  2.61432002E-03
  8.90796947E+00 -5.08499779E-02 -1.69115812E-02  2.86001577E-05  2.58572027E-03  2.61432049E-03
  8.90896988E+00 -5.08666374E-02 -1.64030809E-02  2.69061075E-05  2.58741481E-03  2.61432095E-03
  8.90997028E+00 -5.08827865E-02 -1.58944149E-02  2.52632435E-05  2.58905790E-03  2.61432119E-03
  8.91097069E+00 -5.08984290E-02 -1.53855868E-02  2.36716278E-05  2.59064999E-03  2.61432165E-03
  8.91197109E+00 -5.09135611E-02 -1.48766022E-02  2.21313294E-05  2.59219063E-03  2.61432189E-03
  8.91297150E+00 -5.09281829E-02 -1.43674668E-02  2.06424102E-05  2.59367982E-03  2.61432212E-03
  8.91397190E+00 -5.09422980E-02 -1.38581851E-02  1.92049301E-05  2.59511778E-03  2.61432282E-03
  8.91497231E+00 -5.09559028E-02 -1.33487619E-02  1.78189439E-05  2.59650405E-03  2.61432305E-03
  8.91597271E+00 -5.09689972E-02 -1.28392028E-02  1.64845133E-05  2.59783864E-03  2.61432305E-03
  8.91697311E+00 -5.09815812E-02 -1.23295132E-02  1.52016901E-05  2.59912154E-03  2.61432328E-03
  8.91797352E+00 -5.09936586E-02 -1.18196970E-02  1.39705244E-05  2.60035321E-03  2.61432375E-03
  8.91897392E+00 -5.10052256E-02 -1.13097606E-02  1.27910680E-05  2.60153296E-03  2.61432398E-03
  8.91997433E+00 -5.10162823E-02 -1.07997078E-02  1.16633692E-05  2.60266103E-03  2.61432445E-03
  8.92097473E+00 -5.10268286E-02 -1.02895452E-02  1.05874742E-05  2.60373717E-03  2.61432468E-03
  8.92197514E+00 -5.10368645E-02 -9.77927726E-03  9.56342683E-06  2.60476163E-03  2.61432515E-03
  8.92297554E+00 -5.10463864E-02 -9.26890876E-03  8.59126703E-06  2.60573346E-03  2.61432468E-03
  8.92397594E+00 -5.10553978E-02 -8.75844527E-03  7.67103666E-06  2.60665361E-03  2.61432468E-03
  8.92497635E+00 -5.10638990E-02 -8.24789144E-03  6.80277162E-06  2.60752183E-03  2.61432468E-03
  8.92597675E+00 -5.10718897E-02 -7.73725240E-03  5.98650740E-06  2.60833791E-03  2.61432445E-03
  8.92697716E+00 -5.10793701E-02 -7.22653326E-03  5.22227811E-06  2.60910206E-03  2.61432445E-03
  8.92797756E+00 -5.10863401E-02 -6.71573961E-03  4.51011601E-06  2.60981405E-03  2.61432421E-03
  8.92897797E+00 -5.10927998E-02 -6.20487612E-03  3.85004887E-06  2.61047413E-03  2.61432421E-03
  8.92997837E+00 -5.10987490E-02 -5.69394790E-03  3.24210419E-06  2.61108205E-03  2.61432421E-03
  8.93097878E+00 -5.11041842E-02 -5.18296054E-03  2.68630788E-06  2.61163758E-03  2.61432398E-03
  8.93197918E+00 -5.11091091E-02 -4.67191869E-03  2.18268246E-06  2.61214096E-03  2.61432375E-03
  8.93297958E+00 -5.11135235E-02 -4.16082749E-03  1.73124863E-06  2.61259219E-03  2.61432352E-03
  8.93397999E+00 -5.11174276E-02 -3.64969228E-03  1.33202536E-06  2.61299149E-03  2.61432352E-03
  8.93498039E+00 -5.11208214E-02 -3.13851796E-03  9.85029487E-07  2.61333841E-03  2.61432352E-03
  8.93598080E+00 -5.11237010E-02 -2.62730964E-03  6.90275613E-07  2.61363271E-03  2.61432305E-03
  8.93698120E+00 -5.11260703E-02 -2.11607246E-03  4.47776273E-07  2.61387508E-03  2.61432282E-03
  8.93798161E+00 -5.11279292E-02 -1.60481175E-03  2.57542069E-07  2.61406507E-03  2.61432258E-03
  8.93898201E+00 -5.11292778E-02 -1.09353242E-03  1.19581316E-07  2.61420314E-03  2.61432282E-03
  8.93998241E+00 -5.11301160E-02 -5.82239649E-04  3.39003030E-08  2.61428882E-03  2.61432282E-03
  8.94098282E+00 -5.11304401E-02 -7.09384913E-05  5.03226960E-10  2.61432189E-03  2.61432235E-03
  8.94198322E+00 -5.11302538E-02  4.40365926E-04  1.93922158E-08  2.61430279E-03  2.61432212E-03
  8.94298363E+00 -5.11295572E-02  9.51668480E-04  9.05672906E-08  2.61423155E-03  2.61432212E-03
  8.94398403E+00 -5.11283502E-02  1.46296411E-03  2.14026414E-07  2.61410815E-03  2.61432212E-03
  8.94498444E+00 -5.11266291E-02  1.97424763E-03  3.89765376E-07  2.61393213E-03  2.61432189E-03
  8.94598484E+00 -5.11243977E-02  2.48551392E-03  6.17777971E-07  2.61370395E-03  2.61432165E-03
  8.94698524E+00 -5.11216559E-02  2.99675786E-03  8.98055816E-07  2.61342363E-03  2.61432165E-03
  8.94798565E+00 -5.11184037E-02  3.50797456E-03  1.23058851E-06  2.61309114E-03  2.61432165E-03
  8.94898605E+00 -5.11146374E-02  4.01915843E-03  1.61536343E-06  2.61270604E-03  2.61432142E-03
  8.94998646E+00 -5.11103608E-02  4.53030504E-03  2.05236643E-06  2.61226902E-03  2.61432142E-03
  8.95098686E+00 -5.11055738E-02  5.04140882E-03  2.54158022E-06  2.61177961E-03  2.61432119E-03
  8.95198727E+00 -5.11002764E-02  5.55246463E-03  3.08298627E-06  2.61123828E-03  2.61432119E-03
  8.95298767E+00 -5.10944687E-02  6.06346736E-03  3.67656367E-06  2.61064479E-03  2.61432142E-03
  8.95398808E+00 -5.10881469E-02  6.57441188E-03  4.32228944E-06  2.60999869E-03  2.61432095E-03
  8.95498848E+00 -5.10813147E-02  7.08529353E-03  5.02013836E-06  2.60930066E-03  2.61432072E-03
  8.95598888E+00 -5.10739721E-02  7.59610673E-03  5.77008359E-06  2.60855071E-03  2.61432072E-03
  8.95698929E+00 -5.10661192E-02  8.10684636E-03  6.57209603E-06  2.60774861E-03  2.61432072E-03
  8.95798969E+00 -5.10577559E-02  8.61750729E-03  7.42614293E-06  2.60689436E-03  2.61432049E-03
  8.95899010E+00 -5.10488823E-02  9.12808441E-03  8.33219292E-06  2.60598841E-03  2.61432049E-03
  8.95999050E+00 -5.10394983E-02  9.63857304E-03  9.29020916E-06  2.60503031E-03  2.61432049E-03
  8.96099091E+00 -5.10296039E-02  1.01489685E-02  1.03001566E-05  2.60402053E-03  2.61432072E-03
  8.96199131E+00 -5.10192029E-02  1.06592644E-02  1.13619926E-05  2.60295905E-03  2.61432095E-03
  8.96299171E+00 -5.10082915E-02  1.11694569E-02  1.24756771E-05  2.60184589E-03  2.61432165E-03
  8.96399212E+00 -5.09968698E-02  1.16795395E-02  1.36411645E-05  2.60068080E-03  2.61432189E-03
  8.96499252E+00 -5.09849377E-02  1.21895084E-02  1.48584122E-05  2.59946380E-03  2.61432212E-03
  8.96599293E+00 -5.09724952E-02  1.26993582E-02  1.61273692E-05  2.59819534E-03  2.61432282E-03
  8.96699333E+00 -5.09595424E-02  1.32090831E-02  1.74479883E-05  2.59687495E-03  2.61432305E-03
  8.96799374E+00 -5.09460792E-02  1.37186786E-02  1.88202157E-05  2.59550288E-03  2.61432305E-03
  8.96899414E+00 -5.09321056E-02  1.42281391E-02  2.02439951E-05  2.59407936E-03  2.61432328E-03
  8.96999454E+00 -5.09176254E-02  1.47374598E-02  2.17192719E-05  2.59260461E-03  2.61432398E-03
  8.97099495E+00 -5.09026349E-02  1.52466362E-02  2.32459915E-05  2.59107817E-03  2.61432421E-03
  8.97199535E+00 -5.08871339E-02  1.57556627E-02  2.48240922E-05  2.58950051E-03  2.61432468E-03
  8.97299576E+00 -5.08711264E-02  1.62645336E-02  2.64535047E-05  2.58787139E-03  2.61432491E-03
  8.97399616E+00 -5.08546084E-02  1.67732444E-02  2.81341727E-05  2.58619129E-03  2.61432538E-03
  8.97499657E+00 -5.08375801E-02  1.72817912E-02  2.98660307E-05  2.58445949E-03  2.61432561E-03
  8.97599697E+00 -5.08200452E-02  1.77901667E-02  3.16490041E-05  2.58267694E-03  2.61432584E-03
  8.97699738E+00 -5.08019999E-02  1.82983670E-02  3.34830220E-05  2.58084317E-03  2.61432608E-03
  8.97799778E+00 -5.07834479E-02  1.88063867E-02  3.53680189E-05  2.57895864E-03  2.61432654E-03
  8.97899818E+00 -5.07643893E-02  1.93142220E-02  3.73039184E-05  2.57702312E-03  2.61432701E-03
  8.97999859E+00 -5.07448204E-02  1.98218655E-02  3.92906331E-05  2.57503684E-03  2.61432747E-03
  8.98099899E+00 -5.07247448E-02  2.03293134E-02  4.13280977E-05  2.57299980E-03  2.61432794E-03
  8.98199940E+00 -5.07041626E-02  2.08365601E-02  4.34162248E-05  2.57091201E-03  2.61432817E-03
  8.98299980E+00 -5.06830737E-02  2.13436019E-02  4.55549343E-05  2.56877393E-03  2.61432887E-03
  8.98400021E+00 -5.06614782E-02  2.18504332E-02  4.77441463E-05  2.56658532E-03  2.61432957E-03
  8.98500061E+00 -5.06393760E-02  2.23570485E-02  4.99837624E-05  2.56434642E-03  2.61433027E-03
  8.98600101E+00 -5.06167673E-02  2.28634421E-02  5.22736991E-05  2.56205723E-03  2.61433097E-03
  8.98700142E+00 -5.05936518E-02  2.33696103E-02  5.46138690E-05  2.55971751E-03  2.61433143E-03
  8.98800182E+00 -5.05700298E-02  2.38755476E-02  5.70041775E-05  2.55732797E-03  2.61433213E-03
  8.98900223E+00 -5.05459011E-02  2.43812483E-02  5.94445264E-05  2.55488814E-03  2.61433260E-03
  8.99000263E+00 -5.05212657E-02  2.48867068E-02  6.19348211E-05  2.55239825E-03  2.61433306E-03
  8.99100304E+00 -5.04961275E-02  2.53919195E-02  6.44749598E-05  2.54985900E-03  2.61433399E-03
  8.99200344E+00 -5.04704826E-02  2.58968808E-02  6.70648442E-05  2.54726969E-03  2.61433446E-03
  8.99300385E+00 -5.04443310E-02  2.64015850E-02  6.97043652E-05  2.54463055E-03  2.61433492E-03
  8.99400425E+00 -5.04176766E-02  2.69060284E-02  7.23934427E-05  2.54194206E-03  2.61433539E-03
  8.99500465E+00 -5.03905155E-02  2.74102055E-02  7.51319385E-05  2.53920397E-03  2.61433586E-03
  8.99600506E+00 -5.03628515E-02  2.79141106E-02  7.79197580E-05  2.53641675E-03  2.61433655E-03
  8.99700546E+00 -5.03346846E-02  2.84177400E-02  8.07567994E-05  2.53358041E-03  2.61433725E-03
  8.99800587E+00 -5.03060147E-02  2.89210863E-02  8.36429244E-05  2.53069517E-03  2.61433818E-03
  8.99900627E+00 -5.02768420E-02  2.94241458E-02  8.65780385E-05  2.52776081E-03  2.61433888E-03
  9.00000668E+00 -5.02471700E-02  2.99269147E-02  8.95620251E-05  2.52477801E-03  2.61434005E-03
  9.00100708E+00 -5.02169952E-02  3.04293856E-02  9.25947534E-05  2.52174656E-03  2.61434121E-03
  9.00200748E+00 -5.01863174E-02  3.09315547E-02  9.56761069E-05  2.51866644E-03  2.61434261E-03
  9.00300789E+00 -5.01551367E-02  3.14334184E-02  9.88059837E-05  2.51553766E-03  2.61434354E-03
  9.00400829E+00 -5.01234531E-02  3.19349691E-02  1.01984224E-04  2.51236046E-03  2.61434470E-03
  9.00500870E+00 -5.00912704E-02  3.24362032E-02  1.05210733E-04  2.50913529E-03  2.61434610E-03
  9.00600910E+00 -5.00585847E-02  3.29371169E-02  1.08485365E-04  2.50586192E-03  2.61434726E-03
  9.00700951E+00 -5.00253998E-02  3.34377028E-02  1.11808004E-04  2.50254059E-03  2.61434866E-03
  9.00800991E+00 -4.99917120E-02  3.39379571E-02  1.15178489E-04  2.49917130E-03  2.61434983E-03
  9.00901031E+00 -4.99575250E-02  3.44378725E-02  1.18596705E-04  2.49575428E-03  2.61435099E-03
  9.01001072E+00 -4.99228388E-02  3.49374488E-02  1.22062535E-04  2.49228976E-03  2.61435239E-03
  9.01101112E+00 -4.98876534E-02  3.54366787E-02  1.25575825E-04  2.48877797E-03  2.61435378E-03
  9.01201153E+00 -4.98519689E-02  3.59355547E-02  1.29136417E-04  2.48521869E-03  2.61435518E-03
  9.01301193E+00 -4.98157851E-02  3.64340730E-02  1.32744171E-04  2.48161238E-03  2.61435658E-03
  9.01401234E+00 -4.97791022E-02  3.69322300E-02  1.36398972E-04  2.47795903E-03  2.61435797E-03
  9.01501274E+00 -4.97419201E-02  3.74300219E-02  1.40100659E-04  2.47425865E-03  2.61435937E-03
  9.01601315E+00 -4.97042388E-02  3.79274413E-02  1.43849087E-04  2.47051124E-03  2.61436030E-03
  9.01701355E+00 -4.96660620E-02  3.84244844E-02  1.47644110E-04  2.46671773E-03  2.61436193E-03
  9.01801395E+00 -4.96273898E-02  3.89211439E-02  1.51485539E-04  2.46287789E-03  2.61436333E-03
  9.01901436E+00 -4.95882183E-02  3.94174196E-02  1.55373302E-04  2.45899148E-03  2.61436473E-03
  9.02001476E+00 -4.95485514E-02  3.99133004E-02  1.59307150E-04  2.45505897E-03  2.61436612E-03
  9.02101517E+00 -4.95083891E-02  4.04087864E-02  1.63287012E-04  2.45108060E-03  2.61436752E-03
  9.02201557E+00 -4.94677350E-02  4.09038700E-02  1.67312668E-04  2.44705682E-03  2.61436938E-03
  9.02301598E+00 -4.94265854E-02  4.13985476E-02  1.71383974E-04  2.44298740E-03  2.61437148E-03
  9.02401638E+00 -4.93849404E-02  4.18928117E-02  1.75500769E-04  2.43887235E-03  2.61437311E-03
  9.02501678E+00 -4.93427999E-02  4.23866622E-02  1.79662922E-04  2.43471190E-03  2.61437474E-03
  9.02601719E+00 -4.93001677E-02  4.28800918E-02  1.83870230E-04  2.43050652E-03  2.61437683E-03
  9.02701759E+00 -4.92570400E-02  4.33730930E-02  1.88122518E-04  2.42625596E-03  2.61437846E-03
  9.02801800E+00 -4.92134206E-02  4.38656621E-02  1.92419626E-04  2.42196070E-03  2.61438033E-03
  9.02901840E+00 -4.91693094E-02  4.43577953E-02  1.96761408E-04  2.41762097E-03  2.61438242E-03
  9.03001881E+00 -4.91247065E-02  4.48494889E-02  2.01147661E-04  2.41323677E-03  2.61438452E-03
  9.03101921E+00 -4.90796119E-02  4.53407355E-02  2.05578239E-04  2.40880833E-03  2.61438661E-03
  9.03201962E+00 -4.90340255E-02  4.58315313E-02  2.10052924E-04  2.40433565E-03  2.61438848E-03
  9.03302002E+00 -4.89879474E-02  4.63218726E-02  2.14571599E-04  2.39981897E-03  2.61439057E-03
  9.03402042E+00 -4.89413813E-02  4.68117520E-02  2.19134017E-04  2.39525875E-03  2.61439267E-03
  9.03502083E+00 -4.88943234E-02  4.73011658E-02  2.23740033E-04  2.39065476E-03  2.61439476E-03
  9.03602123E+00 -4.88467775E-02  4.77901101E-02  2.28389472E-04  2.38600769E-03  2.61439709E-03
  9.03702164E+00 -4.87987399E-02  4.82785776E-02  2.33082101E-04  2.38131708E-03  2.61439919E-03
  9.03802204E+00 -4.87502180E-02  4.87665646E-02  2.37817789E-04  2.37658387E-03  2.61440175E-03
  9.03902245E+00 -4.87012081E-02  4.92540672E-02  2.42596303E-04  2.37180758E-03  2.61440384E-03
  9.04002285E+00 -4.86517102E-02  4.97410782E-02  2.47417483E-04  2.36698892E-03  2.61440640E-03
  9.04102325E+00 -4.86017279E-02  5.02275936E-02  2.52281112E-04  2.36212788E-03  2.61440896E-03
  9.04202366E+00 -4.85512577E-02  5.07136099E-02  2.57187028E-04  2.35722470E-03  2.61441176E-03
  9.04302406E+00 -4.85003032E-02  5.11991233E-02  2.62135029E-04  2.35227938E-03  2.61441432E-03
  9.04402447E+00 -4.84488606E-02  5.16841263E-02  2.67124909E-04  2.34729215E-03  2.61441711E-03
  9.04502487E+00 -4.83969338E-02  5.21686152E-02  2.72156438E-04  2.34226324E-03  2.61441967E-03
  9.04602528E+00 -4.83445227E-02  5.26525863E-02  2.77229497E-04  2.33719288E-03  2.61442247E-03
  9.04702568E+00 -4.82916273E-02  5.31360321E-02  2.82343797E-04  2.33208132E-03  2.61442503E-03
  9.04802608E+00 -4.82382476E-02  5.36189489E-02  2.87499162E-04  2.32692854E-03  2.61442782E-03
  9.04902649E+00 -4.81843874E-02  5.41013330E-02  2.92695448E-04  2.32173526E-03  2.61443062E-03
  9.05002689E+00 -4.81300429E-02  5.45831770E-02  2.97932333E-04  2.31650099E-03  2.61443341E-03
  9.05102730E+00 -4.80752178E-02  5.50644770E-02  3.03209672E-04  2.31122645E-03  2.61443621E-03
  9.05202770E+00 -4.80199121E-02  5.55452295E-02  3.08527262E-04  2.30591185E-03  2.61443900E-03
  9.05302811E+00 -4.79641296E-02  5.60254268E-02  3.13884841E-04  2.30055768E-03  2.61444249E-03
  9.05402851E+00 -4.79078665E-02  5.65050691E-02  3.19282291E-04  2.29516369E-03  2.61444598E-03
  9.05502892E+00 -4.78511229E-02  5.69841489E-02  3.24719324E-04  2.28972989E-03  2.61444924E-03
  9.05602932E+00 -4.77938987E-02  5.74626587E-02  3.30195733E-04  2.28425674E-03  2.61445250E-03
  9.05702972E+00 -4.77361977E-02  5.79405986E-02  3.35711287E-04  2.27874448E-03  2.61445576E-03
  9.05803013E+00 -4.76780199E-02  5.84179610E-02  3.41265812E-04  2.27319356E-03  2.61445949E-03
  9.05903053E+00 -4.76193652E-02  5.88947423E-02  3.46859073E-04  2.26760400E-03  2.61446298E-03
  9.06003094E+00 -4.75602336E-02  5.93709350E-02  3.52490781E-04  2.26197578E-03  2.61446647E-03
  9.06103134E+00 -4.75006253E-02  5.98465391E-02  3.58160818E-04  2.25630938E-03  2.61447020E-03
  9.06203175E+00 -4.74405400E-02  6.03215471E-02  3.63868894E-04  2.25060480E-03  2.61447369E-03
  9.06303215E+00 -4.73799817E-02  6.07959516E-02  3.69614776E-04  2.24486273E-03  2.61447742E-03
  9.06403255E+00 -4.73189466E-02  6.12697527E-02  3.75398260E-04  2.23908271E-03  2.61448091E-03
  9.06503296E+00 -4.72574383E-02  6.17429428E-02  3.81219113E-04  2.23326543E-03  2.61448463E-03
  9.06603336E+00 -4.71954606E-02  6.22155182E-02  3.87077074E-04  2.22741161E-03  2.61448859E-03
  9.06703377E+00 -4.71330099E-02  6.26874715E-02  3.92971881E-04  2.22152052E-03  2.61449232E-03
  9.06803417E+00 -4.70700860E-02  6.31588027E-02  3.98903445E-04  2.21559289E-03  2.61449628E-03
  9.06903458E+00 -4.70066927E-02  6.36295006E-02  4.04871360E-04  2.20962917E-03  2.61450047E-03
  9.07003498E+00 -4.69428301E-02  6.40995651E-02  4.10875451E-04  2.20362935E-03  2.61450489E-03
  9.07103539E+00 -4.68784943E-02  6.45689964E-02  4.16915544E-04  2.19759322E-03  2.61450885E-03
  9.07203579E+00 -4.68136892E-02  6.50377795E-02  4.22991259E-04  2.19152146E-03  2.61451281E-03
  9.07303619E+00 -4.67484184E-02  6.55059144E-02  4.29102511E-04  2.18541455E-03  2.61451700E-03
  9.07403660E+00 -4.66826782E-02  6.59734011E-02  4.35248949E-04  2.17927247E-03  2.61452142E-03
  9.07503700E+00 -4.66164686E-02  6.64402246E-02  4.41430340E-04  2.17309524E-03  2.61452561E-03
  9.07603741E+00 -4.65497933E-02  6.69063926E-02  4.47646540E-04  2.16688332E-03  2.61452980E-03
  9.07703781E+00 -4.64826562E-02  6.73718899E-02  4.53897141E-04  2.16063741E-03  2.61453446E-03
  9.07803822E+00 -4.64150533E-02  6.78367168E-02  4.60182055E-04  2.15435727E-03  2.61453935E-03
  9.07903862E+00 -4.63469848E-02  6.83008656E-02  4.66500846E-04  2.14804290E-03  2.61454377E-03
  9.08003902E+00 -4.62784544E-02  6.87643364E-02  4.72853397E-04  2.14169524E-03  2.61454866E-03
  9.08103943E+00 -4.62094583E-02  6.92271218E-02  4.79239476E-04  2.13531405E-03  2.61455355E-03
  9.08203983E+00 -4.61400002E-02  6.96892142E-02  4.85658646E-04  2.12889956E-03  2.61455821E-03
  9.08304024E+00 -4.60700803E-02  7.01506138E-02  4.92110848E-04  2.12245225E-03  2.61456310E-03
  9.08404064E+00 -4.59996983E-02  7.06113130E-02  4.98595764E-04  2.11597234E-03  2.61456799E-03
  9.08504105E+00 -4.59288545E-02  7.10713118E-02  5.05113159E-04  2.10945960E-03  2.61457264E-03
  9.08604145E+00 -4.58575524E-02  7.15306029E-02  5.11662744E-04  2.10291520E-03  2.61457800E-03
  9.08704185E+00 -4.57857922E-02  7.19891787E-02  5.18244167E-04  2.09633866E-03  2.61458289E-03
  9.08804226E+00 -4.57135774E-02  7.24470392E-02  5.24857373E-04  2.08973116E-03  2.61458848E-03
  9.08904266E+00 -4.56409045E-02  7.29041770E-02  5.31501893E-04  2.08309223E-03  2.61459406E-03
  9.09004307E+00 -4.55677733E-02  7.33605847E-02  5.38177555E-04  2.07642186E-03  2.61459942E-03
  9.09104347E+00 -4.54941839E-02  7.38162622E-02  5.44884067E-04  2.06972077E-03  2.61460477E-03
  9.09204388E+00 -4.54201400E-02  7.42712021E-02  5.51621139E-04  2.06298917E-03  2.61461036E-03
  9.09304428E+00 -4.53456417E-02  7.47254044E-02  5.58388594E-04  2.05622730E-03  2.61461595E-03
  9.09404469E+00 -4.52706888E-02  7.51788616E-02  5.65186143E-04  2.04943516E-03  2.61462131E-03
  9.09504509E+00 -4.51952815E-02  7.56315663E-02  5.72013378E-04  2.04261346E-03  2.61462689E-03
  9.09604549E+00 -4.51194234E-02  7.60835186E-02  5.78870182E-04  2.03576242E-03  2.61463271E-03
  9.09704590E+00 -4.50431108E-02  7.65347108E-02  5.85756206E-04  2.02888181E-03  2.61463807E-03
  9.09804630E+00 -4.49663512E-02  7.69851431E-02  5.92671277E-04  2.02197279E-03  2.61464412E-03
  9.09904671E+00 -4.48891409E-02  7.74348080E-02  5.99614985E-04  2.01503490E-03  2.61464994E-03
  9.10004711E+00 -4.48114835E-02  7.78836980E-02  6.06587098E-04  2.00806907E-03  2.61465623E-03
  9.10104752E+00 -4.47333753E-02  7.83318132E-02  6.13587326E-04  2.00107484E-03  2.61466205E-03
  9.10204792E+00 -4.46548201E-02  7.87791461E-02  6.20615378E-04  1.99405290E-03  2.61466834E-03
  9.10304832E+00 -4.45758179E-02  7.92256966E-02  6.27671077E-04  1.98700349E-03  2.61467462E-03
  9.10404873E+00 -4.44963686E-02  7.96714574E-02  6.34754135E-04  1.97992683E-03  2.61468091E-03
  9.10504913E+00 -4.44164723E-02  8.01164210E-02  6.41864084E-04  1.97282294E-03  2.61468696E-03
  9.10604954E+00 -4.43361327E-02  8.05605873E-02  6.49000867E-04  1.96569273E-03  2.61469372E-03
  9.10704994E+00 -4.42553498E-02  8.10039490E-02  6.56163960E-04  1.95853598E-03  2.61470000E-03
  9.10805035E+00 -4.41741273E-02  8.14465061E-02  6.63353305E-04  1.95135351E-03  2.61470675E-03
  9.10905075E+00 -4.40924615E-02  8.18882510E-02  6.70568552E-04  1.94414519E-03  2.61471374E-03
  9.11005116E+00 -4.40103523E-02  8.23291764E-02  6.77809294E-04  1.93691114E-03  2.61472049E-03
  9.11105156E+00 -4.39278036E-02  8.27692822E-02  6.85075414E-04  1.92965195E-03  2.61472724E-03
  9.11205196E+00 -4.38448153E-02  8.32085609E-02  6.92366506E-04  1.92236784E-03  2.61473423E-03
  9.11305237E+00 -4.37613875E-02  8.36470127E-02  6.99682278E-04  1.91505905E-03  2.61474121E-03
  9.11405277E+00 -4.36775200E-02  8.40846300E-02  7.07022555E-04  1.90772570E-03  2.61474820E-03
  9.11505318E+00 -4.35932167E-02  8.45214054E-02  7.14386813E-04  1.90036849E-03  2.61475518E-03
  9.11605358E+00 -4.35084738E-02  8.49573389E-02  7.21774937E-04  1.89298729E-03  2.61476217E-03
  9.11705399E+00 -4.34232987E-02  8.53924230E-02  7.29186635E-04  1.88558293E-03  2.61476962E-03
  9.11805439E+00 -4.33376916E-02  8.58266577E-02  7.36621558E-04  1.87815551E-03  2.61477707E-03
  9.11905479E+00 -4.32516485E-02  8.62600356E-02  7.44079414E-04  1.87070505E-03  2.61478452E-03
  9.12005520E+00 -4.31651734E-02  8.66925493E-02  7.51559797E-04  1.86323223E-03  2.61479197E-03
  9.12105560E+00 -4.30782661E-02  8.71241987E-02  7.59062590E-04  1.85573706E-03  2.61479965E-03
  9.12205601E+00 -4.29909267E-02  8.75549838E-02  7.66587560E-04  1.84821978E-03  2.61480734E-03
  9.12305641E+00 -4.29031551E-02  8.79848897E-02  7.74134125E-04  1.84068072E-03  2.61481479E-03
  9.12405682E+00 -4.28149551E-02  8.84139240E-02  7.81702169E-04  1.83312036E-03  2.61482247E-03
  9.12505722E+00 -4.27263305E-02  8.88420716E-02  7.89291400E-04  1.82553928E-03  2.61483062E-03
  9.12605762E+00 -4.26372774E-02  8.92693326E-02  7.96901353E-04  1.81793747E-03  2.61483877E-03
  9.12705803E+00 -4.25477959E-02  8.96957070E-02  8.04531970E-04  1.81031495E-03  2.61484692E-03
  9.12805843E+00 -4.24578860E-02  9.01211873E-02  8.12182843E-04  1.80267205E-03  2.61485483E-03
  9.12905884E+00 -4.23675515E-02  9.05457661E-02  8.19853623E-04  1.79500936E-03  2.61486298E-03
  9.13005924E+00 -4.22767922E-02  9.09694433E-02  8.27544020E-04  1.78732711E-03  2.61487113E-03
  9.13105965E+00 -4.21856120E-02  9.13922116E-02  8.35253682E-04  1.77962589E-03  2.61487952E-03
  9.13206005E+00 -4.20940071E-02  9.18140709E-02  8.42982379E-04  1.77190546E-03  2.61488790E-03
  9.13306046E+00 -4.20019850E-02  9.22350138E-02  8.50729761E-04  1.76416675E-03  2.61489651E-03
  9.13406086E+00 -4.19095419E-02  9.26550329E-02  8.58495478E-04  1.75640965E-03  2.61490513E-03
  9.13506126E+00 -4.18166779E-02  9.30741280E-02  8.66279297E-04  1.74863450E-03  2.61491374E-03
  9.13606167E+00 -4.17233966E-02  9.34922919E-02  8.74080870E-04  1.74084178E-03  2.61492259E-03
  9.13706207E+00 -4.16296944E-02  9.39095244E-02  8.81899905E-04  1.73303147E-03  2.61493144E-03
  9.13806248E+00 -4.15355749E-02  9.43258181E-02  8.89736053E-04  1.72520394E-03  2.61494005E-03
  9.13906288E+00 -4.14410420E-02  9.47411731E-02  8.97588965E-04  1.71735999E-03  2.61494890E-03
  9.14006329E+00 -4.13460918E-02  9.51555818E-02  9.05458466E-04  1.70949928E-03  2.61495775E-03
  9.14106369E+00 -4.12507318E-02  9.55690444E-02  9.13344265E-04  1.70162285E-03  2.61496706E-03
  9.14206409E+00 -4.11549583E-02  9.59815532E-02  9.21245839E-04  1.69373059E-03  2.61497637E-03
  9.14306450E+00 -4.10587713E-02  9.63931009E-02  9.29163012E-04  1.68582273E-03  2.61498569E-03
  9.14406490E+00 -4.09621745E-02  9.68036875E-02  9.37095378E-04  1.67789974E-03  2.61499500E-03
  9.14506531E+00 -4.08651643E-02  9.72133130E-02  9.45042819E-04  1.66996161E-03  2.61500431E-03
  9.14606571E+00 -4.07677442E-02  9.76219624E-02  9.53004812E-04  1.66200893E-03  2.61501363E-03
  9.14706612E+00 -4.06699181E-02  9.80296433E-02  9.60981124E-04  1.65404228E-03  2.61502340E-03
  9.14806652E+00 -4.05716822E-02  9.84363407E-02  9.68971290E-04  1.64606143E-03  2.61503272E-03
  9.14906693E+00 -4.04730439E-02  9.88420546E-02  9.76975192E-04  1.63806730E-03  2.61504250E-03
  9.15006733E+00 -4.03739996E-02  9.92467850E-02  9.84992483E-04  1.63005979E-03  2.61505228E-03
  9.15106773E+00 -4.02745530E-02  9.96505246E-02  9.93022695E-04  1.62203959E-03  2.61506229E-03
  9.15206814E+00 -4.01747003E-02  1.00053273E-01  1.00106583E-03  1.61400659E-03  2.61507230E-03
  9.15306854E+00 -4.00744453E-02  1.00455023E-01  1.00912119E-03  1.60596112E-03  2.61508231E-03
  9.15406895E+00 -3.99737880E-02  1.00855768E-01  1.01718854E-03  1.59790367E-03  2.61509232E-03
  9.15506935E+00 -3.98727320E-02  1.01255506E-01  1.02526776E-03  1.58983481E-03  2.61510257E-03
  9.15606976E+00 -3.97712737E-02  1.01654232E-01  1.03335828E-03  1.58175419E-03  2.61511235E-03
  9.15707016E+00 -3.96694206E-02  1.02051944E-01  1.04145997E-03  1.57366297E-03  2.61512306E-03
  9.15807056E+00 -3.95671725E-02  1.02448635E-01  1.04957237E-03  1.56556116E-03  2.61513353E-03
  9.15907097E+00 -3.94645259E-02  1.02844305E-01  1.05769513E-03  1.55744876E-03  2.61514401E-03
  9.16007137E+00 -3.93614843E-02  1.03238948E-01  1.06582802E-03  1.54932647E-03  2.61515449E-03
  9.16107178E+00 -3.92580479E-02  1.03632562E-01  1.07397081E-03  1.54119427E-03  2.61516497E-03
  9.16207218E+00 -3.91542166E-02  1.04025140E-01  1.08212302E-03  1.53305265E-03  2.61517568E-03
  9.16307259E+00 -3.90499942E-02  1.04416683E-01  1.09028432E-03  1.52490207E-03  2.61518639E-03
  9.16407299E+00 -3.89453843E-02  1.04807183E-01  1.09845458E-03  1.51674298E-03  2.61519756E-03
  9.16507339E+00 -3.88403833E-02  1.05196640E-01  1.10663334E-03  1.50857540E-03  2.61520874E-03
  9.16607380E+00 -3.87349911E-02  1.05585046E-01  1.11482025E-03  1.50039955E-03  2.61521991E-03
  9.16707420E+00 -3.86292115E-02  1.05972394E-01  1.12301484E-03  1.49221602E-03  2.61523086E-03
  9.16807461E+00 -3.85230444E-02  1.06358685E-01  1.13121700E-03  1.48402492E-03  2.61524180E-03
  9.16907501E+00 -3.84164937E-02  1.06743917E-01  1.13942649E-03  1.47582695E-03  2.61525344E-03
  9.17007542E+00 -3.83095555E-02  1.07128084E-01  1.14764262E-03  1.46762200E-03  2.61526462E-03
  9.17107582E+00 -3.82022373E-02  1.07511178E-01  1.15586538E-03  1.45941088E-03  2.61527626E-03
  9.17207623E+00 -3.80945355E-02  1.07893199E-01  1.16409431E-03  1.45119359E-03  2.61528790E-03
  9.17307663E+00 -3.79864536E-02  1.08274147E-01  1.17232918E-03  1.44297071E-03  2.61530001E-03
  9.17407703E+00 -3.78779881E-02  1.08654015E-01  1.18056952E-03  1.43474201E-03  2.61531165E-03
  9.17507744E+00 -3.77691425E-02  1.09032795E-01  1.18881499E-03  1.42650818E-03  2.61532329E-03
  9.17607784E+00 -3.76599208E-02  1.09410487E-01  1.19706558E-03  1.41826959E-03  2.61533516E-03
  9.17707825E+00 -3.75503190E-02  1.09787084E-01  1.20532035E-03  1.41002645E-03  2.61534681E-03
  9.17807865E+00 -3.74403447E-02  1.10162586E-01  1.21357956E-03  1.40177936E-03  2.61535891E-03
  9.17907906E+00 -3.73299941E-02  1.10536993E-01  1.22184271E-03  1.39352842E-03  2.61537125E-03
  9.18007946E+00 -3.72192711E-02  1.10910289E-01  1.23010925E-03  1.38527411E-03  2.61538336E-03
  9.18107986E+00 -3.71081755E-02  1.11282483E-01  1.23837905E-03  1.37701666E-03  2.61539570E-03
  9.18208027E+00 -3.69967073E-02  1.11653566E-01  1.24665198E-03  1.36875641E-03  2.61540851E-03
  9.18308067E+00 -3.68848667E-02  1.12023532E-01  1.25492725E-03  1.36049336E-03  2.61542061E-03
  9.18408108E+00 -3.67726572E-02  1.12392381E-01  1.26320473E-03  1.35222834E-03  2.61543319E-03
  9.18508148E+00 -3.66600826E-02  1.12760104E-01  1.27148419E-03  1.34396169E-03  2.61544576E-03
  9.18608189E+00 -3.65471393E-02  1.13126703E-01  1.27976516E-03  1.33569341E-03  2.61545856E-03
  9.18708229E+00 -3.64338309E-02  1.13492176E-01  1.28804741E-03  1.32742408E-03  2.61547137E-03
  9.18808270E+00 -3.63201573E-02  1.13856517E-01  1.29633059E-03  1.31915382E-03  2.61548441E-03
  9.18908310E+00 -3.62061188E-02  1.14219718E-01  1.30461436E-03  1.31088309E-03  2.61549745E-03
  9.19008350E+00 -3.60917151E-02  1.14581779E-01  1.31289836E-03  1.30261190E-03  2.61551025E-03
  9.19108391E+00 -3.59769538E-02  1.14942692E-01  1.32118224E-03  1.29434117E-03  2.61552352E-03
  9.19208431E+00 -3.58618312E-02  1.15302458E-01  1.32946565E-03  1.28607091E-03  2.61553656E-03
  9.19308472E+00 -3.57463509E-02  1.15661077E-01  1.33774849E-03  1.27780158E-03  2.61555007E-03
  9.19408512E+00 -3.56305093E-02  1.16018541E-01  1.34603016E-03  1.26953318E-03  2.61556334E-03
  9.19508553E+00 -3.55143137E-02  1.16374843E-01  1.35431043E-03  1.26126653E-03  2.61557708E-03
  9.19608593E+00 -3.53977606E-02  1.16729990E-01  1.36258907E-03  1.25300151E-03  2.61559058E-03
  9.19708633E+00 -3.52808535E-02  1.17083967E-01  1.37086562E-03  1.24473858E-03  2.61560408E-03
  9.19808674E+00 -3.51635963E-02  1.17436774E-01  1.37913960E-03  1.23647845E-03  2.61561805E-03
  9.19908714E+00 -3.50459851E-02  1.17788412E-01  1.38741103E-03  1.22822111E-03  2.61563202E-03
  9.20008755E+00 -3.49280201E-02  1.18138872E-01  1.39567931E-03  1.21996657E-03  2.61564599E-03
  9.20108795E+00 -3.48097049E-02  1.18488155E-01  1.40394433E-03  1.21171551E-03  2.61565996E-03
  9.20208836E+00 -3.46910432E-02  1.18836254E-01  1.41220551E-03  1.20346854E-03  2.61567393E-03
  9.20308876E+00 -3.45720313E-02  1.19183168E-01  1.42046285E-03  1.19522540E-03  2.61568837E-03
  9.20408916E+00 -3.44526768E-02  1.19528890E-01  1.42871554E-03  1.18698692E-03  2.61570234E-03
  9.20508957E+00 -3.43329757E-02  1.19873419E-01  1.43696368E-03  1.17875321E-03  2.61571677E-03
  9.20608997E+00 -3.42129320E-02  1.20216750E-01  1.44520670E-03  1.17052475E-03  2.61573144E-03
  9.20709038E+00 -3.40925455E-02  1.20558880E-01  1.45344436E-03  1.16230163E-03  2.61574611E-03
  9.20809078E+00 -3.39718163E-02  1.20899804E-01  1.46167621E-03  1.15408434E-03  2.61576055E-03
  9.20909119E+00 -3.38507444E-02  1.21239521E-01  1.46990211E-03  1.14587287E-03  2.61577498E-03
  9.21009159E+00 -3.37293372E-02  1.21578030E-01  1.47812173E-03  1.13766815E-03  2.61578988E-03
  9.21109200E+00 -3.36075909E-02  1.21915326E-01  1.48633472E-03  1.12947018E-03  2.61580478E-03
  9.21209240E+00 -3.34855095E-02  1.22251399E-01  1.49454048E-03  1.12127932E-03  2.61581969E-03
  9.21309280E+00 -3.33630890E-02  1.22586250E-01  1.50273892E-03  1.11309567E-03  2.61583459E-03
  9.21409321E+00 -3.32403369E-02  1.22919880E-01  1.51092967E-03  1.10492005E-03  2.61584972E-03
  9.21509361E+00 -3.31172496E-02  1.23252280E-01  1.51911250E-03  1.09675224E-03  2.61586485E-03
  9.21609402E+00 -3.29938345E-02  1.23583451E-01  1.52728695E-03  1.08859316E-03  2.61588022E-03
  9.21709442E+00 -3.28700878E-02  1.23913392E-01  1.53545290E-03  1.08044269E-03  2.61589559E-03
  9.21809483E+00 -3.27460095E-02  1.24242090E-01  1.54360977E-03  1.07230118E-03  2.61591095E-03
  9.21909523E+00 -3.26216035E-02  1.24569550E-01  1.55175733E-03  1.06416899E-03  2.61592632E-03
  9.22009563E+00 -3.24968696E-02  1.24895766E-01  1.55989535E-03  1.05604657E-03  2.61594192E-03
  9.22109604E+00 -3.23718116E-02  1.25220731E-01  1.56802312E-03  1.04793417E-03  2.61595729E-03
  9.22209644E+00 -3.22464295E-02  1.25544444E-01  1.57614076E-03  1.03983225E-03  2.61597289E-03
  9.22309685E+00 -3.21207233E-02  1.25866905E-01  1.58424769E-03  1.03174092E-03  2.61598872E-03
  9.22409725E+00 -3.19946967E-02  1.26188114E-01  1.59234402E-03  1.02366065E-03  2.61600455E-03
  9.22509766E+00 -3.18683498E-02  1.26508057E-01  1.60042883E-03  1.01559167E-03  2.61602039E-03
  9.22609806E+00 -3.17416824E-02  1.26826733E-01  1.60850212E-03  1.00753445E-03  2.61603668E-03
  9.22709846E+00 -3.16146947E-02  1.27144143E-01  1.61656330E-03  9.99488868E-04  2.61605205E-03
  9.22809887E+00 -3.14873941E-02  1.27460286E-01  1.62461249E-03  9.91455978E-04  2.61606835E-03
  9.22909927E+00 -3.13597769E-02  1.27775162E-01  1.63264934E-03  9.83435661E-04  2.61608511E-03
  9.23009968E+00 -3.12318448E-02  1.28088757E-01  1.64067303E-03  9.75428149E-04  2.61610118E-03
  9.23110008E+00 -3.11035998E-02  1.28401071E-01  1.64868345E-03  9.67433909E-04  2.61611724E-03
  9.23210049E+00 -3.09750438E-02  1.28712103E-01  1.65668060E-03  9.59453348E-04  2.61613401E-03
  9.23310089E+00 -3.08461767E-02  1.29021853E-01  1.66466390E-03  9.51486640E-04  2.61615054E-03
  9.23410130E+00 -3.07170004E-02  1.29330322E-01  1.67263323E-03  9.43534134E-04  2.61616730E-03
  9.23510170E+00 -3.05875167E-02  1.29637495E-01  1.68058800E-03  9.35596181E-04  2.61618430E-03
  9.23610210E+00 -3.04577257E-02  1.29943371E-01  1.68852787E-03  9.27673071E-04  2.61620106E-03
  9.23710251E+00 -3.03276293E-02  1.30247951E-01  1.69645285E-03  9.19765094E-04  2.61621783E-03
  9.23810291E+00 -3.01972311E-02  1.30551234E-01  1.70436245E-03  9.11872776E-04  2.61623529E-03
  9.23910332E+00 -3.00665293E-02  1.30853206E-01  1.71225611E-03  9.03996173E-04  2.61625228E-03
  9.24010372E+00 -2.99355257E-02  1.31153867E-01  1.72013359E-03  8.96135694E-04  2.61626928E-03
  9.24110413E+00 -2.98042223E-02  1.31453216E-01  1.72799476E-03  8.88291688E-04  2.61628651E-03
  9.24210453E+00 -2.96726208E-02  1.31751254E-01  1.73583929E-03  8.80464446E-04  2.61630374E-03
  9.24310493E+00 -2.95407213E-02  1.32047981E-01  1.74366706E-03  8.72654200E-04  2.61632120E-03
  9.24410534E+00 -2.94085257E-02  1.32343382E-01  1.75147713E-03  8.64861358E-04  2.61633843E-03
  9.24510574E+00 -2.92760357E-02  1.32637471E-01  1.75926986E-03  8.57086270E-04  2.61635613E-03
  9.24610615E+00 -2.91432515E-02  1.32930234E-01  1.76704477E-03  8.49329110E-04  2.61637382E-03
  9.24710655E+00 -2.90101767E-02  1.33221671E-01  1.77480129E-03  8.41590343E-04  2.61639152E-03
  9.24810696E+00 -2.88768094E-02  1.33511767E-01  1.78253918E-03  8.33870145E-04  2.61640921E-03
  9.24910736E+00 -2.87431516E-02  1.33800536E-01  1.79025833E-03  8.26168747E-04  2.61642714E-03
  9.25010777E+00 -2.86092069E-02  1.34087965E-01  1.79795828E-03  8.18486733E-04  2.61644507E-03
  9.25110817E+00 -2.84749754E-02  1.34374052E-01  1.80563855E-03  8.10824218E-04  2.61646276E-03
  9.25210857E+00 -2.83404589E-02  1.34658799E-01  1.81329926E-03  8.03181611E-04  2.61648092E-03
  9.25310898E+00 -2.82056592E-02  1.34942204E-01  1.82093983E-03  7.95559201E-04  2.61649908E-03
  9.25410938E+00 -2.80705746E-02  1.35224253E-01  1.82855991E-03  7.87957164E-04  2.61651701E-03
  9.25510979E+00 -2.79352106E-02  1.35504961E-01  1.83615950E-03  7.80375965E-04  2.61653541E-03
  9.25611019E+00 -2.77995653E-02  1.35784313E-01  1.84373802E-03  7.72815838E-04  2.61655380E-03
  9.25711060E+00 -2.76636407E-02  1.36062309E-01  1.85129512E-03  7.65277015E-04  2.61657219E-03
  9.25811100E+00 -2.75274403E-02  1.36338949E-01  1.85883080E-03  7.57759961E-04  2.61659082E-03
  9.25911140E+00 -2.73909643E-02  1.36614218E-01  1.86634460E-03  7.50264910E-04  2.61660945E-03
  9.26011181E+00 -2.72542126E-02  1.36888131E-01  1.87383615E-03  7.42792094E-04  2.61662831E-03
  9.26111221E+00 -2.71171890E-02  1.37160674E-01  1.88130513E-03  7.35341921E-04  2.61664717E-03
  9.26211262E+00 -2.69798916E-02  1.37431845E-01  1.88875129E-03  7.27914565E-04  2.61666579E-03
  9.26311302E+00 -2.68423259E-02  1.37701645E-01  1.89617428E-03  7.20510434E-04  2.61668465E-03
  9.26411343E+00 -2.67044902E-02  1.37970075E-01  1.90357422E-03  7.13129819E-04  2.61670398E-03
  9.26511383E+00 -2.65663862E-02  1.38237119E-01  1.91095006E-03  7.05772894E-04  2.61672307E-03
  9.26611423E+00 -2.64280178E-02  1.38502777E-01  1.91830192E-03  6.98440126E-04  2.61674216E-03
  9.26711464E+00 -2.62893829E-02  1.38767064E-01  1.92562980E-03  6.91131630E-04  2.61676149E-03
  9.26811504E+00 -2.61504836E-02  1.39029965E-01  1.93293323E-03  6.83847815E-04  2.61678104E-03
  9.26911545E+00 -2.60113236E-02  1.39291465E-01  1.94021128E-03  6.76588970E-04  2.61680037E-03
  9.27011585E+00 -2.58719008E-02  1.39551580E-01  1.94746442E-03  6.69355271E-04  2.61681969E-03
  9.27111626E+00 -2.57322211E-02  1.39810294E-01  1.95469195E-03  6.62147184E-04  2.61683902E-03
  9.27211666E+00 -2.55922824E-02  1.40067622E-01  1.96189410E-03  6.54964941E-04  2.61685904E-03
  9.27311707E+00 -2.54520867E-02  1.40323550E-01  1.96906994E-03  6.47808716E-04  2.61687860E-03
  9.27411747E+00 -2.53116358E-02  1.40578076E-01  1.97621970E-03  6.40678918E-04  2.61689862E-03
  9.27511787E+00 -2.51709316E-02  1.40831187E-01  1.98334246E-03  6.33575779E-04  2.61691818E-03
  9.27611828E+00 -2.50299741E-02  1.41082898E-01  1.99043844E-03  6.26499590E-04  2.61693797E-03
  9.27711868E+00 -2.48887669E-02  1.41333193E-01  1.99750718E-03  6.19450700E-04  2.61695776E-03
  9.27811909E+00 -2.47473083E-02  1.41582087E-01  2.00454867E-03  6.12429285E-04  2.61697802E-03
  9.27911949E+00 -2.46056039E-02  1.41829565E-01  2.01156246E-03  6.05435751E-04  2.61699827E-03
  9.28011990E+00 -2.44636517E-02  1.42075628E-01  2.01854832E-03  5.98470273E-04  2.61701853E-03
  9.28112030E+00 -2.43214536E-02  1.42320260E-01  2.02550576E-03  5.91533084E-04  2.61703879E-03
  9.28212070E+00 -2.41790116E-02  1.42563477E-01  2.03243457E-03  5.84624591E-04  2.61705928E-03
  9.28312111E+00 -2.40363274E-02  1.42805263E-01  2.03933450E-03  5.77745028E-04  2.61707953E-03
  9.28412151E+00 -2.38934010E-02  1.43045634E-01  2.04620534E-03  5.70894626E-04  2.61710002E-03
  9.28512192E+00 -2.37502363E-02  1.43284574E-01  2.05304706E-03  5.64073736E-04  2.61712074E-03
  9.28612232E+00 -2.36068331E-02  1.43522084E-01  2.05985899E-03  5.57282590E-04  2.61714170E-03
  9.28712273E+00 -2.34631933E-02  1.43758148E-01  2.06664065E-03  5.50521421E-04  2.61716219E-03
  9.28812313E+00 -2.33193170E-02  1.43992782E-01  2.07339204E-03  5.43790520E-04  2.61718268E-03
  9.28912354E+00 -2.31752060E-02  1.44225970E-01  2.08011316E-03  5.37090178E-04  2.61720340E-03
  9.29012394E+00 -2.30308641E-02  1.44457728E-01  2.08680355E-03  5.30420686E-04  2.61722412E-03
  9.29112434E+00 -2.28862911E-02  1.44688040E-01  2.09346297E-03  5.23782335E-04  2.61724531E-03
  9.29212475E+00 -2.27414891E-02  1.44916907E-01  2.10009119E-03  5.17175300E-04  2.61726649E-03
  9.29312515E+00 -2.25964580E-02  1.45144328E-01  2.10668775E-03  5.10599930E-04  2.61728768E-03
  9.29412556E+00 -2.24511996E-02  1.45370290E-01  2.11325218E-03  5.04056341E-04  2.61730840E-03
  9.29512596E+00 -2.23057177E-02  1.45594805E-01  2.11978494E-03  4.97545057E-04  2.61733006E-03
  9.29612637E+00 -2.21600104E-02  1.45817861E-01  2.12628487E-03  4.91066079E-04  2.61735101E-03
  9.29712677E+00 -2.20140833E-02  1.46039456E-01  2.13275244E-03  4.84619872E-04  2.61737220E-03
  9.29812717E+00 -2.18679346E-02  1.46259591E-01  2.13918695E-03  4.78206552E-04  2.61739362E-03
  9.29912758E+00 -2.17215642E-02  1.46478266E-01  2.14558817E-03  4.71826352E-04  2.61741458E-03
  9.30012798E+00 -2.15749778E-02  1.46695480E-01  2.15195655E-03  4.65479679E-04  2.61743623E-03
  9.30112839E+00 -2.14281734E-02  1.46911234E-01  2.15829117E-03  4.59166622E-04  2.61745788E-03
  9.30212879E+00 -2.12811548E-02  1.47125512E-01  2.16459180E-03  4.52887558E-04  2.61747930E-03
  9.30312920E+00 -2.11339239E-02  1.47338331E-01  2.17085844E-03  4.46642749E-04  2.61750119E-03
  9.30412960E+00 -2.09864788E-02  1.47549674E-01  2.17709062E-03  4.40432283E-04  2.61752284E-03
  9.30513000E+00 -2.08388250E-02  1.47759542E-01  2.18328810E-03  4.34256624E-04  2.61754473E-03
  9.30613041E+00 -2.06909608E-02  1.47967935E-01  2.18945090E-03  4.28115862E-04  2.61756685E-03
  9.30713081E+00 -2.05428880E-02  1.48174837E-01  2.19557830E-03  4.22010256E-04  2.61758850E-03
  9.30813122E+00 -2.03946102E-02  1.48380265E-01  2.20167032E-03  4.15940129E-04  2.61761039E-03
  9.30913162E+00 -2.02461276E-02  1.48584217E-01  2.20772694E-03  4.09905682E-04  2.61763250E-03
  9.31013203E+00 -2.00974420E-02  1.48786679E-01  2.21374771E-03  4.03907179E-04  2.61765486E-03
  9.31113243E+00 -1.99485552E-02  1.48987651E-01  2.21973192E-03  3.97944852E-04  2.61767674E-03
  9.31213284E+00 -1.97994672E-02  1.49187133E-01  2.22568004E-03  3.92018905E-04  2.61769886E-03
  9.31313324E+00 -1.96501818E-02  1.49385124E-01  2.23159161E-03  3.86129657E-04  2.61772121E-03
  9.31413364E+00 -1.95006970E-02  1.49581626E-01  2.23746640E-03  3.80277197E-04  2.61774356E-03
  9.31513405E+00 -1.93510186E-02  1.49776638E-01  2.24330416E-03  3.74461932E-04  2.61776615E-03
  9.31613445E+00 -1.92011446E-02  1.49970144E-01  2.24910444E-03  3.68683948E-04  2.61778850E-03
  9.31713486E+00 -1.90510768E-02  1.50162160E-01  2.25486746E-03  3.62943538E-04  2.61781109E-03
  9.31813526E+00 -1.89008191E-02  1.50352672E-01  2.26059253E-03  3.57240962E-04  2.61783344E-03
  9.31913567E+00 -1.87503714E-02  1.50541678E-01  2.26627965E-03  3.51576426E-04  2.61785602E-03
  9.32013607E+00 -1.85997374E-02  1.50729179E-01  2.27192859E-03  3.45950219E-04  2.61787884E-03
  9.32113647E+00 -1.84489153E-02  1.50915176E-01  2.27753911E-03  3.40362487E-04  2.61790166E-03
  9.32213688E+00 -1.82979070E-02  1.51099667E-01  2.28311098E-03  3.34813405E-04  2.61792447E-03
  9.32313728E+00 -1.81467161E-02  1.51282653E-01  2.28864420E-03  3.29303293E-04  2.61794752E-03
  9.32413769E+00 -1.79953426E-02  1.51464120E-01  2.29413784E-03  3.23832355E-04  2.61797011E-03
  9.32513809E+00 -1.78437885E-02  1.51644066E-01  2.29959236E-03  3.18400795E-04  2.61799316E-03
  9.32613850E+00 -1.76920556E-02  1.51822507E-01  2.30500731E-03  3.13008815E-04  2.61801621E-03
  9.32713890E+00 -1.75401457E-02  1.51999429E-01  2.31038267E-03  3.07656708E-04  2.61803949E-03
  9.32813931E+00 -1.73880588E-02  1.52174830E-01  2.31571798E-03  3.02344590E-04  2.61806254E-03
  9.32913971E+00 -1.72357969E-02  1.52348712E-01  2.32101302E-03  2.97072693E-04  2.61808559E-03
  9.33014011E+00 -1.70833617E-02  1.52521074E-01  2.32626777E-03  2.91841250E-04  2.61810911E-03
  9.33114052E+00 -1.69307552E-02  1.52691901E-01  2.33148178E-03  2.86650466E-04  2.61813216E-03
  9.33214092E+00 -1.67779792E-02  1.52861208E-01  2.33665481E-03  2.81500572E-04  2.61815544E-03
  9.33314133E+00 -1.66250337E-02  1.53028995E-01  2.34178733E-03  2.76391744E-04  2.61817919E-03
  9.33414173E+00 -1.64719205E-02  1.53195247E-01  2.34687841E-03  2.71324156E-04  2.61820247E-03
  9.33514214E+00 -1.63186435E-02  1.53359964E-01  2.35192804E-03  2.66298128E-04  2.61822622E-03
  9.33614254E+00 -1.61652006E-02  1.53523147E-01  2.35693576E-03  2.61313719E-04  2.61824951E-03
  9.33714294E+00 -1.60115976E-02  1.53684795E-01  2.36190180E-03  2.56371248E-04  2.61827302E-03
  9.33814335E+00 -1.58578325E-02  1.53844908E-01  2.36682571E-03  2.51470861E-04  2.61829654E-03
  9.33914375E+00 -1.57039072E-02  1.54003486E-01  2.37170747E-03  2.46612704E-04  2.61832029E-03
  9.34014416E+00 -1.55498255E-02  1.54160529E-01  2.37654685E-03  2.41797068E-04  2.61834403E-03
  9.34114456E+00 -1.53955873E-02  1.54316023E-01  2.38134363E-03  2.37024113E-04  2.61836778E-03
  9.34214497E+00 -1.52411936E-02  1.54469982E-01  2.38609756E-03  2.32293984E-04  2.61839153E-03
  9.34314537E+00 -1.50866471E-02  1.54622391E-01  2.39080843E-03  2.27606928E-04  2.61841528E-03
  9.34414577E+00 -1.49319489E-02  1.54773250E-01  2.39547598E-03  2.22963092E-04  2.61843903E-03
  9.34514618E+00 -1.47771006E-02  1.54922575E-01  2.40010046E-03  2.18362708E-04  2.61846324E-03
  9.34614658E+00 -1.46221044E-02  1.55070350E-01  2.40468141E-03  2.13805935E-04  2.61848746E-03
  9.34714699E+00 -1.44669600E-02  1.55216575E-01  2.40921858E-03  2.09292935E-04  2.61851144E-03
  9.34814739E+00 -1.43116703E-02  1.55361250E-01  2.41371198E-03  2.04823911E-04  2.61853589E-03
  9.34914780E+00 -1.41562372E-02  1.55504361E-01  2.41816067E-03  2.00399052E-04  2.61855964E-03
  9.35014820E+00 -1.40006617E-02  1.55645922E-01  2.42256536E-03  1.96018533E-04  2.61858385E-03
  9.35114861E+00 -1.38449455E-02  1.55785933E-01  2.42692581E-03  1.91682513E-04  2.61860830E-03
  9.35214901E+00 -1.36890905E-02  1.55924380E-01  2.43124133E-03  1.87391197E-04  2.61863251E-03
  9.35314941E+00 -1.35330977E-02  1.56061277E-01  2.43551238E-03  1.83144730E-04  2.61865719E-03
  9.35414982E+00 -1.33769680E-02  1.56196609E-01  2.43973802E-03  1.78943272E-04  2.61868117E-03
  9.35515022E+00 -1.32207042E-02  1.56330377E-01  2.44391873E-03  1.74787012E-04  2.61870585E-03
  9.35615063E+00 -1.30643081E-02  1.56462580E-01  2.44805380E-03  1.70676140E-04  2.61872984E-03
  9.35715103E+00 -1.29077807E-02  1.56593218E-01  2.45214370E-03  1.66610800E-04  2.61875452E-03
  9.35815144E+00 -1.27511229E-02  1.56722292E-01  2.45618774E-03  1.62591139E-04  2.61877896E-03
  9.35915184E+00 -1.25943376E-02  1.56849802E-01  2.46018614E-03  1.58617346E-04  2.61880341E-03
  9.36015224E+00 -1.24374246E-02  1.56975746E-01  2.46413867E-03  1.54689536E-04  2.61882832E-03
  9.36115265E+00 -1.22803869E-02  1.57100126E-01  2.46804510E-03  1.50807900E-04  2.61885300E-03
  9.36215305E+00 -1.21232253E-02  1.57222927E-01  2.47190497E-03  1.46972598E-04  2.61887768E-03
  9.36315346E+00 -1.19659416E-02  1.57344162E-01  2.47571873E-03  1.43183759E-04  2.61890260E-03
  9.36415386E+00 -1.18085379E-02  1.57463819E-01  2.47948547E-03  1.39441574E-04  2.61892704E-03
  9.36515427E+00 -1.16510158E-02  1.57581910E-01  2.48320587E-03  1.35746173E-04  2.61895196E-03
  9.36615467E+00 -1.14933755E-02  1.57698423E-01  2.48687924E-03  1.32097688E-04  2.61897687E-03
  9.36715508E+00 -1.13356197E-02  1.57813355E-01  2.49050558E-03  1.28496278E-04  2.61900178E-03
  9.36815548E+00 -1.11777494E-02  1.57926708E-01  2.49408442E-03  1.24942075E-04  2.61902646E-03
  9.36915588E+00 -1.10197663E-02  1.58038482E-01  2.49761622E-03  1.21435252E-04  2.61905137E-03
  9.37015629E+00 -1.08616725E-02  1.58148676E-01  2.50110030E-03  1.17975927E-04  2.61907629E-03
  9.37115669E+00 -1.07034696E-02  1.58257291E-01  2.50453711E-03  1.14564260E-04  2.61910143E-03
  9.37215710E+00 -1.05451597E-02  1.58364326E-01  2.50792596E-03  1.11200396E-04  2.61912635E-03
  9.37315750E+00 -1.03867427E-02  1.58469781E-01  2.51126732E-03  1.07884422E-04  2.61915172E-03
  9.37415791E+00 -1.02282204E-02  1.58573642E-01  2.51456001E-03  1.04616491E-04  2.61917640E-03
  9.37515831E+00 -1.00695956E-02  1.58675924E-01  2.51780497E-03  1.01396756E-04  2.61920178E-03
  9.37615871E+00 -9.91086941E-03  1.58776626E-01  2.52100173E-03  9.82253332E-05  2.61922716E-03
  9.37715912E+00 -9.75204352E-03  1.58875734E-01  2.52414984E-03  9.51023540E-05  2.61925207E-03
  9.37815952E+00 -9.59311891E-03  1.58973247E-01  2.52724928E-03  9.20279272E-05  2.61927722E-03
  9.37915993E+00 -9.43409745E-03  1.59069180E-01  2.53030052E-03  8.90021911E-05  2.61930283E-03
  9.38016033E+00 -9.27498098E-03  1.59163520E-01  2.53330264E-03  8.60252694E-05  2.61932798E-03
  9.38116074E+00 -9.11577046E-03  1.59256265E-01  2.53625587E-03  8.30972713E-05  2.61935312E-03
  9.38216114E+00 -8.95646866E-03  1.59347415E-01  2.53915996E-03  8.02183276E-05  2.61937827E-03
  9.38316154E+00 -8.79707653E-03  1.59436986E-01  2.54201517E-03  7.73885549E-05  2.61940365E-03
  9.38416195E+00 -8.63759592E-03  1.59524962E-01  2.54482147E-03  7.46080623E-05  2.61942949E-03
  9.38516235E+00 -8.47802777E-03  1.59611344E-01  2.54757819E-03  7.18769516E-05  2.61945510E-03
  9.38616276E+00 -8.31837393E-03  1.59696132E-01  2.55028554E-03  6.91953464E-05  2.61948095E-03
  9.38716316E+00 -8.15863628E-03  1.59779310E-01  2.55294284E-03  6.65633488E-05  2.61950609E-03
  9.38816357E+00 -7.99881574E-03  1.59860894E-01  2.55555077E-03  6.39810532E-05  2.61953194E-03
  9.38916397E+00 -7.83891510E-03  1.59940884E-01  2.55810865E-03  6.14485907E-05  2.61955732E-03
  9.39016438E+00 -7.67893530E-03  1.60019279E-01  2.56061717E-03  5.89660485E-05  2.61958316E-03
  9.39116478E+00 -7.51887774E-03  1.60096064E-01  2.56307493E-03  5.65335213E-05  2.61960854E-03
  9.39216518E+00 -7.35874381E-03  1.60171255E-01  2.56548333E-03  5.41511108E-05  2.61963438E-03
  9.39316559E+00 -7.19853584E-03  1.60244837E-01  2.56784074E-03  5.18189190E-05  2.61965976E-03
  9.39416599E+00 -7.03825522E-03  1.60316825E-01  2.57014832E-03  4.95370368E-05  2.61968537E-03
  9.39516640E+00 -6.87790290E-03  1.60387203E-01  2.57240562E-03  4.73055479E-05  2.61971122E-03
  9.39616680E+00 -6.71748118E-03  1.60455987E-01  2.57461239E-03  4.51245542E-05  2.61973683E-03
  9.39716721E+00 -6.55699149E-03  1.60523161E-01  2.57676863E-03  4.29941356E-05  2.61976267E-03
  9.39816761E+00 -6.39643567E-03  1.60588726E-01  2.57887389E-03  4.09143904E-05  2.61978828E-03
  9.39916801E+00 -6.23581465E-03  1.60652697E-01  2.58092908E-03  3.88853841E-05  2.61981436E-03
  9.40016842E+00 -6.07513078E-03  1.60715058E-01  2.58293306E-03  3.69072150E-05  2.61984020E-03
  9.40116882E+00 -5.91438543E-03  1.60775810E-01  2.58488627E-03  3.49799557E-05  2.61986628E-03
  9.40216923E+00 -5.75358002E-03  1.60834953E-01  2.58678827E-03  3.31036827E-05  2.61989189E-03
  9.40316963E+00 -5.59271639E-03  1.60892487E-01  2.58863927E-03  3.12784759E-05  2.61991774E-03
  9.40417004E+00 -5.43179596E-03  1.60948411E-01  2.59043905E-03  2.95044065E-05  2.61994335E-03
  9.40517044E+00 -5.27082058E-03  1.61002725E-01  2.59218784E-03  2.77815489E-05  2.61996943E-03
  9.40617085E+00 -5.10979118E-03  1.61055431E-01  2.59388518E-03  2.61099667E-05  2.61999504E-03
  9.40717125E+00 -4.94871009E-03  1.61106527E-01  2.59553152E-03  2.44897310E-05  2.62002135E-03
  9.40817165E+00 -4.78757871E-03  1.61156014E-01  2.59712595E-03  2.29209090E-05  2.62004696E-03
  9.40917206E+00 -4.62639891E-03  1.61203891E-01  2.59866938E-03  2.14035663E-05  2.62007304E-03
  9.41017246E+00 -4.46517160E-03  1.61250159E-01  2.60016136E-03  1.99377573E-05  2.62009911E-03
  9.41117287E+00 -4.30389913E-03  1.61294818E-01  2.60160188E-03  1.85235476E-05  2.62012542E-03
  9.41217327E+00 -4.14258288E-03  1.61337852E-01  2.60299048E-03  1.71609936E-05  2.62015150E-03
  9.41317368E+00 -3.98122473E-03  1.61379278E-01  2.60432716E-03  1.58501498E-05  2.62017734E-03
  9.41417408E+00 -3.81982559E-03  1.61419094E-01  2.60561239E-03  1.45910672E-05  2.62020342E-03
  9.41517448E+00 -3.65838734E-03  1.61457285E-01  2.60684546E-03  1.33837975E-05  2.62022926E-03
  9.41617489E+00 -3.49691161E-03  1.61493868E-01  2.60802708E-03  1.22283909E-05  2.62025557E-03
  9.41717529E+00 -3.33540025E-03  1.61528841E-01  2.60915677E-03  1.11248946E-05  2.62028165E-03
  9.41817570E+00 -3.17385467E-03  1.61562189E-01  2.61023431E-03  1.00733532E-05  2.62030773E-03
  9.41917610E+00 -3.01227672E-03  1.61593929E-01  2.61125970E-03  9.07381127E-06  2.62033357E-03
  9.42017651E+00 -2.85066757E-03  1.61624059E-01  2.61223386E-03  8.12630606E-06  2.62036012E-03
  9.42117691E+00 -2.68902932E-03  1.61652565E-01  2.61315517E-03  7.23087851E-06  2.62038596E-03
  9.42217731E+00 -2.52736313E-03  1.61679462E-01  2.61402479E-03  6.38756455E-06  2.62041227E-03
  9.42317772E+00 -2.36567110E-03  1.61704734E-01  2.61484226E-03  5.59639966E-06  2.62043858E-03
  9.42417812E+00 -2.20395438E-03  1.61728397E-01  2.61560758E-03  4.85741475E-06  2.62046489E-03
  9.42517853E+00 -2.04221508E-03  1.61750436E-01  2.61632050E-03  4.17064257E-06  2.62049120E-03
  9.42617893E+00 -1.88045437E-03  1.61770865E-01  2.61698128E-03  3.53610858E-06  2.62051728E-03
  9.42717934E+00 -1.71867409E-03  1.61789671E-01  2.61758990E-03  2.95384052E-06  2.62054382E-03
  9.42817974E+00 -1.55687577E-03  1.61806852E-01  2.61814590E-03  2.42386204E-06  2.62056966E-03
  9.42918015E+00 -1.39506115E-03  1.61822423E-01  2.61864974E-03  1.94619565E-06  2.62059597E-03
  9.43018055E+00 -1.23323174E-03  1.61836371E-01  2.61910120E-03  1.52086056E-06  2.62062205E-03
  9.43118095E+00 -1.07138918E-03  1.61848709E-01  2.61950050E-03  1.14787474E-06  2.62064836E-03
  9.43218136E+00 -9.09535098E-04  1.61859423E-01  2.61984742E-03  8.27254098E-07  2.62067467E-03
  9.43318176E+00 -7.47671118E-04  1.61868513E-01  2.62014172E-03  5.59012108E-07  2.62070075E-03
  9.43418217E+00 -5.85798873E-04  1.61875993E-01  2.62038386E-03  3.43160309E-07  2.62072706E-03
  9.43518257E+00 -4.23919933E-04  1.61881849E-01  2.62057339E-03  1.79708110E-07  2.62075313E-03
  9.43618298E+00 -2.62035959E-04  1.61886081E-01  2.62071029E-03  6.86628425E-08  2.62077898E-03
  9.43718338E+00 -1.00148565E-04  1.61888704E-01  2.62079528E-03  1.00297353E-08  2.62080529E-03
  9.43818378E+00  6.17406549E-05  1.61889702E-01  2.62082764E-03  3.81190857E-09  2.62083136E-03
  9.43918419E+00  2.23630064E-04  1.61889091E-01  2.62080785E-03  5.00104065E-08  2.62085791E-03
  9.44018459E+00  3.85518069E-04  1.61886856E-01  2.62073544E-03  1.48624181E-07  2.62088398E-03
  9.44118500E+00  5.47403004E-04  1.61882997E-01  2.62061041E-03  2.99650054E-07  2.62091006E-03
  9.44218540E+00  7.09283282E-04  1.61877528E-01  2.62043346E-03  5.03082788E-07  2.62093660E-03
  9.44318581E+00  8.71157274E-04  1.61870435E-01  2.62020389E-03  7.58915007E-07  2.62096291E-03
  9.44418621E+00  1.03302335E-03  1.61861718E-01  2.61992170E-03  1.06713719E-06  2.62098876E-03
  9.44518661E+00  1.19487999E-03  1.61851391E-01  2.61958735E-03  1.42773820E-06  2.62101507E-03
  9.44618702E+00  1.35672546E-03  1.61839440E-01  2.61920039E-03  1.84070393E-06  2.62104115E-03
  9.44718742E+00  1.51855813E-03  1.61825880E-01  2.61876150E-03  2.30601881E-06  2.62106746E-03
  9.44818783E+00  1.68037647E-03  1.61810696E-01  2.61827023E-03  2.82366500E-06  2.62109400E-03
  9.44918823E+00  1.84217875E-03  1.61793888E-01  2.61772634E-03  3.39362259E-06  2.62111984E-03
  9.45018864E+00  2.00396334E-03  1.61775470E-01  2.61713029E-03  4.01586885E-06  2.62114615E-03
  9.45118904E+00  2.16572871E-03  1.61755428E-01  2.61648186E-03  4.69038105E-06  2.62117223E-03
  9.45218945E+00  2.32747314E-03  1.61733776E-01  2.61578150E-03  5.41713098E-06  2.62119854E-03
  9.45318985E+00  2.48919521E-03  1.61710501E-01  2.61502876E-03  6.19609273E-06  2.62122485E-03
  9.45419025E+00  2.65089329E-03  1.61685616E-01  2.61422386E-03  7.02723537E-06  2.62125116E-03
  9.45519066E+00  2.81256554E-03  1.61659107E-01  2.61336681E-03  7.91052480E-06  2.62127724E-03
  9.45619106E+00  2.97421077E-03  1.61630988E-01  2.61245761E-03  8.84593010E-06  2.62130355E-03
  9.45719147E+00  3.13582690E-03  1.61601245E-01  2.61149625E-03  9.83341033E-06  2.62132962E-03
  9.45819187E+00  3.29741254E-03  1.61569893E-01  2.61048297E-03  1.08729291E-05  2.62135593E-03
  9.45919228E+00  3.45896580E-03  1.61536917E-01  2.60941754E-03  1.19644446E-05  2.62138201E-03
  9.46019268E+00  3.62048554E-03  1.61502331E-01  2.60830042E-03  1.31079159E-05  2.62140832E-03
  9.46119308E+00  3.78196966E-03  1.61466122E-01  2.60713091E-03  1.43032948E-05  2.62143416E-03
  9.46219349E+00  3.94341676E-03  1.61428303E-01  2.60590971E-03  1.55505350E-05  2.62146024E-03
  9.46319389E+00  4.10482567E-03  1.61388874E-01  2.60463706E-03  1.68495935E-05  2.62148655E-03
  9.46419430E+00  4.26619407E-03  1.61347821E-01  2.60331202E-03  1.82004114E-05  2.62151239E-03
  9.46519470E+00  4.42752056E-03  1.61305159E-01  2.60193553E-03  1.96029378E-05  2.62153847E-03
  9.46619511E+00  4.58880328E-03  1.61260888E-01  2.60050758E-03  2.10571161E-05  2.62156478E-03
  9.46719551E+00  4.75004129E-03  1.61215007E-01  2.59902794E-03  2.25628919E-05  2.62159086E-03
  9.46819592E+00  4.91123274E-03  1.61167502E-01  2.59749661E-03  2.41202069E-05  2.62161670E-03
  9.46919632E+00  5.07237576E-03  1.61118388E-01  2.59591336E-03  2.57289958E-05  2.62164231E-03
  9.47019672E+00  5.23346895E-03  1.61067665E-01  2.59427936E-03  2.73891965E-05  2.62166862E-03
  9.47119713E+00  5.39451046E-03  1.61015332E-01  2.59259366E-03  2.91007436E-05  2.62169447E-03
  9.47219753E+00  5.55549888E-03  1.60961390E-01  2.59085698E-03  3.08635681E-05  2.62172054E-03
  9.47319794E+00  5.71643235E-03  1.60905838E-01  2.58906907E-03  3.26775989E-05  2.62174662E-03
  9.47419834E+00  5.87730994E-03  1.60848677E-01  2.58722971E-03  3.45427725E-05  2.62177247E-03
  9.47519875E+00  6.03812933E-03  1.60789907E-01  2.58533936E-03  3.64590051E-05  2.62179831E-03
  9.47619915E+00  6.19888911E-03  1.60729527E-01  2.58339825E-03  3.84262275E-05  2.62182439E-03
  9.47719955E+00  6.35958742E-03  1.60667539E-01  2.58140592E-03  4.04443526E-05  2.62185023E-03
  9.47819996E+00  6.52022334E-03  1.60603940E-01  2.57936260E-03  4.25133112E-05  2.62187584E-03
  9.47920036E+00  6.68079453E-03  1.60538733E-01  2.57726852E-03  4.46330159E-05  2.62190145E-03
  9.48020077E+00  6.84129959E-03  1.60471931E-01  2.57512415E-03  4.68033795E-05  2.62192753E-03
  9.48120117E+00  7.00173760E-03  1.60403520E-01  2.57292902E-03  4.90243292E-05  2.62195338E-03
  9.48220158E+00  7.16210622E-03  1.60333499E-01  2.57068314E-03  5.12957668E-05  2.62197899E-03
  9.48320198E+00  7.32240407E-03  1.60261884E-01  2.56838719E-03  5.36176012E-05  2.62200483E-03
  9.48420238E+00  7.48262927E-03  1.60188660E-01  2.56604073E-03  5.59897417E-05  2.62203044E-03
  9.48520279E+00  7.64278090E-03  1.60113826E-01  2.56364397E-03  5.84121008E-05  2.62205605E-03
  9.48620319E+00  7.80285662E-03  1.60037398E-01  2.56119692E-03  6.08845730E-05  2.62208143E-03
  9.48720360E+00  7.96285458E-03  1.59959376E-01  2.55870027E-03  6.34070529E-05  2.62210728E-03
  9.48820400E+00  8.12277384E-03  1.59879744E-01  2.55615334E-03  6.59794532E-05  2.62213289E-03
  9.48920441E+00  8.28261301E-03  1.59798518E-01  2.55355681E-03  6.86016792E-05  2.62215850E-03
  9.49020481E+00  8.44237022E-03  1.59715697E-01  2.55091046E-03  7.12736146E-05  2.62218411E-03
  9.49120522E+00  8.60204361E-03  1.59631267E-01  2.54821428E-03  7.39951574E-05  2.62220949E-03
  9.49220562E+00  8.76163226E-03  1.59545243E-01  2.54546851E-03  7.67661986E-05  2.62223464E-03
  9.49320602E+00  8.92113335E-03  1.59457624E-01  2.54267338E-03  7.95866217E-05  2.62226001E-03
  9.49420643E+00  9.08054598E-03  1.59368411E-01  2.53982912E-03  8.24563176E-05  2.62228539E-03
  9.49520683E+00  9.23986919E-03  1.59277603E-01  2.53693550E-03  8.53751844E-05  2.62231077E-03
  9.49620724E+00  9.39910021E-03  1.59185201E-01  2.53399275E-03  8.83430839E-05  2.62233592E-03
  9.49720764E+00  9.55823902E-03  1.59091204E-01  2.53100111E-03  9.13599361E-05  2.62236106E-03
  9.49820805E+00  9.71728284E-03  1.58995628E-01  2.52796104E-03  9.44255880E-05  2.62238667E-03
  9.49920845E+00  9.87622980E-03  1.58898458E-01  2.52487208E-03  9.75399162E-05  2.62241205E-03
  9.50020885E+00  1.00350790E-02  1.58799693E-01  2.52173445E-03  1.00702811E-04  2.62243720E-03
  9.50120926E+00  1.01938285E-02  1.58699349E-01  2.51854840E-03  1.03914143E-04  2.62246258E-03
  9.50220966E+00  1.03524765E-02  1.58597410E-01  2.51531391E-03  1.07173772E-04  2.62248772E-03
  9.50321007E+00  1.05110221E-02  1.58493891E-01  2.51203147E-03  1.10481582E-04  2.62251310E-03
  9.50421047E+00  1.06694642E-02  1.58388779E-01  2.50870059E-03  1.13837465E-04  2.62253801E-03
  9.50521088E+00  1.08278003E-02  1.58282086E-01  2.50532175E-03  1.17241259E-04  2.62256293E-03
  9.50621128E+00  1.09860282E-02  1.58173814E-01  2.50189542E-03  1.20692814E-04  2.62258830E-03
  9.50721169E+00  1.11441473E-02  1.58063948E-01  2.49842135E-03  1.24192011E-04  2.62261345E-03
  9.50821209E+00  1.13021554E-02  1.57952502E-01  2.49489932E-03  1.27738720E-04  2.62263813E-03
  9.50921249E+00  1.14600509E-02  1.57839477E-01  2.49133003E-03  1.31332767E-04  2.62266281E-03
  9.51021290E+00  1.16178328E-02  1.57724872E-01  2.48771347E-03  1.34974034E-04  2.62268749E-03
  9.51121330E+00  1.17755001E-02  1.57608688E-01  2.48404988E-03  1.38662406E-04  2.62271240E-03
  9.51221371E+00  1.19330501E-02  1.57490939E-01  2.48033972E-03  1.42397679E-04  2.62273732E-03
  9.51321411E+00  1.20904818E-02  1.57371610E-01  2.47658230E-03  1.46179751E-04  2.62276200E-03
  9.51421452E+00  1.22477924E-02  1.57250702E-01  2.47277855E-03  1.50008418E-04  2.62278691E-03
  9.51521492E+00  1.24049820E-02  1.57128230E-01  2.46892823E-03  1.53883579E-04  2.62281182E-03
  9.51621532E+00  1.25620477E-02  1.57004178E-01  2.46503111E-03  1.57805043E-04  2.62283627E-03
  9.51721573E+00  1.27189895E-02  1.56878561E-01  2.46108836E-03  1.61772696E-04  2.62286095E-03
  9.51821613E+00  1.28758047E-02  1.56751364E-01  2.45709904E-03  1.65786347E-04  2.62288540E-03
  9.51921654E+00  1.30324913E-02  1.56622604E-01  2.45306408E-03  1.69845836E-04  2.62290984E-03
  9.52021694E+00  1.31890485E-02  1.56492278E-01  2.44898326E-03  1.73951004E-04  2.62293429E-03
  9.52121735E+00  1.33454744E-02  1.56360388E-01  2.44485727E-03  1.78101691E-04  2.62295897E-03
  9.52221775E+00  1.35017680E-02  1.56226933E-01  2.44068541E-03  1.82297736E-04  2.62298319E-03
  9.52321815E+00  1.36579275E-02  1.56091914E-01  2.43646861E-03  1.86538979E-04  2.62300763E-03
  9.52421856E+00  1.38139511E-02  1.55955330E-01  2.43220641E-03  1.90825245E-04  2.62303161E-03
  9.52521896E+00  1.39698377E-02  1.55817196E-01  2.42789998E-03  1.95156361E-04  2.62305629E-03
  9.52621937E+00  1.41255846E-02  1.55677497E-01  2.42354837E-03  1.99532136E-04  2.62308051E-03
  9.52721977E+00  1.42811909E-02  1.55536234E-01  2.41915206E-03  2.03952412E-04  2.62310449E-03
  9.52822018E+00  1.44366557E-02  1.55393422E-01  2.41471152E-03  2.08417026E-04  2.62312847E-03
  9.52922058E+00  1.45919761E-02  1.55249059E-01  2.41022720E-03  2.12925763E-04  2.62315292E-03
  9.53022099E+00  1.47471521E-02  1.55103132E-01  2.40569818E-03  2.17478490E-04  2.62317667E-03
  9.53122139E+00  1.49021819E-02  1.54955655E-01  2.40112538E-03  2.22075032E-04  2.62320042E-03
  9.53222179E+00  1.50570627E-02  1.54806629E-01  2.39650928E-03  2.26715143E-04  2.62322440E-03
  9.53322220E+00  1.52117936E-02  1.54656053E-01  2.39184941E-03  2.31398662E-04  2.62324815E-03
  9.53422260E+00  1.53663736E-02  1.54503942E-01  2.38714693E-03  2.36125430E-04  2.62327236E-03
  9.53522301E+00  1.55208008E-02  1.54350281E-01  2.38240114E-03  2.40895257E-04  2.62329634E-03
  9.53622341E+00  1.56750735E-02  1.54195070E-01  2.37761205E-03  2.45707924E-04  2.62332009E-03
  9.53722382E+00  1.58291906E-02  1.54038325E-01  2.37278058E-03  2.50563287E-04  2.62334384E-03
  9.53822422E+00  1.59831513E-02  1.53880030E-01  2.36790627E-03  2.55461113E-04  2.62336736E-03
  9.53922462E+00  1.61369517E-02  1.53720200E-01  2.36299005E-03  2.60401226E-04  2.62339134E-03
  9.54022503E+00  1.62905920E-02  1.53558835E-01  2.35803169E-03  2.65383394E-04  2.62341509E-03
  9.54122543E+00  1.64440684E-02  1.53395936E-01  2.35303142E-03  2.70407385E-04  2.62343884E-03
  9.54222584E+00  1.65973827E-02  1.53231502E-01  2.34798947E-03  2.75473110E-04  2.62346258E-03
  9.54322624E+00  1.67505313E-02  1.53065532E-01  2.34290562E-03  2.80580309E-04  2.62348587E-03
  9.54422665E+00  1.69035122E-02  1.52898028E-01  2.33778078E-03  2.85728718E-04  2.62350962E-03
  9.54522705E+00  1.70563273E-02  1.52728990E-01  2.33261450E-03  2.90918309E-04  2.62353290E-03
  9.54622746E+00  1.72089711E-02  1.52558431E-01  2.32740748E-03  2.96148675E-04  2.62355618E-03
  9.54722786E+00  1.73614435E-02  1.52386338E-01  2.32215947E-03  3.01419728E-04  2.62357923E-03
  9.54822826E+00  1.75137427E-02  1.52212724E-01  2.31687143E-03  3.06731177E-04  2.62360252E-03
  9.54922867E+00  1.76658686E-02  1.52037591E-01  2.31154286E-03  3.12082906E-04  2.62362580E-03
  9.55022907E+00  1.78178195E-02  1.51860937E-01  2.30617449E-03  3.17474682E-04  2.62364908E-03
  9.55122948E+00  1.79695915E-02  1.51682764E-01  2.30076606E-03  3.22906213E-04  2.62367236E-03
  9.55222988E+00  1.81211848E-02  1.51503071E-01  2.29531806E-03  3.28377326E-04  2.62369541E-03
  9.55323029E+00  1.82725973E-02  1.51321858E-01  2.28983047E-03  3.33887816E-04  2.62371823E-03
  9.55423069E+00  1.84238274E-02  1.51139125E-01  2.28430354E-03  3.39437422E-04  2.62374105E-03
  9.55523109E+00  1.85748748E-02  1.50954887E-01  2.27873772E-03  3.45025968E-04  2.62376363E-03
  9.55623150E+00  1.87257361E-02  1.50769144E-01  2.27313349E-03  3.50653194E-04  2.62378668E-03
  9.55723190E+00  1.88764129E-02  1.50581881E-01  2.26749037E-03  3.56318953E-04  2.62380927E-03
  9.55823231E+00  1.90268997E-02  1.50393113E-01  2.26180884E-03  3.62022925E-04  2.62383185E-03
  9.55923271E+00  1.91771984E-02  1.50202841E-01  2.25608936E-03  3.67764937E-04  2.62385421E-03
  9.56023312E+00  1.93273071E-02  1.50011063E-01  2.25033192E-03  3.73544812E-04  2.62387679E-03
  9.56123352E+00  1.94772221E-02  1.49817795E-01  2.24453723E-03  3.79362173E-04  2.62389937E-03
  9.56223392E+00  1.96269434E-02  1.49623021E-01  2.23870482E-03  3.85216903E-04  2.62392173E-03
  9.56323433E+00  1.97764672E-02  1.49426758E-01  2.23283563E-03  3.91108653E-04  2.62394431E-03
  9.56423473E+00  1.99257955E-02  1.49228990E-01  2.22692918E-03  3.97037336E-04  2.62396643E-03
  9.56523514E+00  2.00749263E-02  1.49029732E-01  2.22098618E-03  4.03002661E-04  2.62398878E-03
  9.56623554E+00  2.02238560E-02  1.48828983E-01  2.21500662E-03  4.09004337E-04  2.62401090E-03
  9.56723595E+00  2.03725845E-02  1.48626745E-01  2.20899098E-03  4.15042188E-04  2.62403325E-03
  9.56823635E+00  2.05211081E-02  1.48423016E-01  2.20293924E-03  4.21115867E-04  2.62405514E-03
  9.56923676E+00  2.06694286E-02  1.48217812E-01  2.19685188E-03  4.27225285E-04  2.62407726E-03
  9.57023716E+00  2.08175443E-02  1.48011118E-01  2.19072914E-03  4.33370151E-04  2.62409938E-03
  9.57123756E+00  2.09654514E-02  1.47802949E-01  2.18457123E-03  4.39550146E-04  2.62412149E-03
  9.57223797E+00  2.11131498E-02  1.47593290E-01  2.17837794E-03  4.45765094E-04  2.62414292E-03
  9.57323837E+00  2.12606378E-02  1.47382155E-01  2.17214995E-03  4.52014705E-04  2.62416457E-03
  9.57423878E+00  2.14079134E-02  1.47169545E-01  2.16588750E-03  4.58298746E-04  2.62418622E-03
  9.57523918E+00  2.15549767E-02  1.46955460E-01  2.15959060E-03  4.64617013E-04  2.62420764E-03
  9.57623959E+00  2.17018239E-02  1.46739915E-01  2.15326040E-03  4.70969157E-04  2.62422953E-03
  9.57723999E+00  2.18484551E-02  1.46522895E-01  2.14689574E-03  4.77355003E-04  2.62425072E-03
  9.57824039E+00  2.19948683E-02  1.46304414E-01  2.14049825E-03  4.83774231E-04  2.62427237E-03
  9.57924080E+00  2.21410636E-02  1.46084458E-01  2.13406677E-03  4.90226725E-04  2.62429356E-03
  9.58024120E+00  2.22870391E-02  1.45863041E-01  2.12760270E-03  4.96712106E-04  2.62431474E-03
  9.58124161E+00  2.24327911E-02  1.45640165E-01  2.12110579E-03  5.03230141E-04  2.62433593E-03
  9.58224201E+00  2.25783195E-02  1.45415843E-01  2.11457675E-03  5.09780541E-04  2.62435735E-03
  9.58324242E+00  2.27236226E-02  1.45190060E-01  2.10801535E-03  5.16363012E-04  2.62437831E-03
  9.58424282E+00  2.28686985E-02  1.44962817E-01  2.10142205E-03  5.22977381E-04  2.62439949E-03
  9.58524323E+00  2.30135471E-02  1.44734129E-01  2.09479686E-03  5.29623358E-04  2.62442022E-03
  9.58624363E+00  2.31581666E-02  1.44503996E-01  2.08814046E-03  5.36300649E-04  2.62444117E-03
  9.58724403E+00  2.33025551E-02  1.44272417E-01  2.08145310E-03  5.43009082E-04  2.62446213E-03
  9.58824444E+00  2.34467108E-02  1.44039392E-01  2.07473477E-03  5.49748249E-04  2.62448308E-03
  9.58924484E+00  2.35906336E-02  1.43804923E-01  2.06798571E-03  5.56517974E-04  2.62450380E-03
  9.59024525E+00  2.37343218E-02  1.43569022E-01  2.06120661E-03  5.63318026E-04  2.62452476E-03
  9.59124565E+00  2.38777716E-02  1.43331677E-01  2.05439702E-03  5.70147997E-04  2.62454501E-03
  9.59224606E+00  2.40209848E-02  1.43092901E-01  2.04755785E-03  5.77007711E-04  2.62456550E-03
  9.59324646E+00  2.41639577E-02  1.42852694E-01  2.04068935E-03  5.83896879E-04  2.62458622E-03
  9.59424686E+00  2.43066885E-02  1.42611057E-01  2.03379127E-03  5.90815092E-04  2.62460625E-03
  9.59524727E+00  2.44491789E-02  1.42367989E-01  2.02686456E-03  5.97762351E-04  2.62462697E-03
  9.59624767E+00  2.45914236E-02  1.42123491E-01  2.01990874E-03  6.04738132E-04  2.62464676E-03
  9.59724808E+00  2.47334242E-02  1.41877577E-01  2.01292476E-03  6.11742260E-04  2.62466702E-03
  9.59824848E+00  2.48751789E-02  1.41630247E-01  2.00591283E-03  6.18774502E-04  2.62468727E-03
  9.59924889E+00  2.50166841E-02  1.41381502E-01  1.99887296E-03  6.25834509E-04  2.62470753E-03
  9.60024929E+00  2.51579415E-02  1.41131341E-01  1.99180562E-03  6.32922049E-04  2.62472779E-03
  9.60124969E+00  2.52989456E-02  1.40879765E-01  1.98471081E-03  6.40036655E-04  2.62474734E-03
  9.60225010E+00  2.54396982E-02  1.40626773E-01  1.97758898E-03  6.47178269E-04  2.62476737E-03
  9.60325050E+00  2.55801976E-02  1.40372381E-01  1.97044061E-03  6.54346484E-04  2.62478716E-03
  9.60425091E+00  2.57204417E-02  1.40116572E-01  1.96326547E-03  6.61541126E-04  2.62480648E-03
  9.60525131E+00  2.58604307E-02  1.39859363E-01  1.95606402E-03  6.68761902E-04  2.62482604E-03
  9.60625172E+00  2.60001607E-02  1.39600754E-01  1.94883707E-03  6.76008349E-04  2.62484537E-03
  9.60725212E+00  2.61396319E-02  1.39340758E-01  1.94158463E-03  6.83280348E-04  2.62486492E-03
  9.60825253E+00  2.62788422E-02  1.39079362E-01  1.93430693E-03  6.90577552E-04  2.62488448E-03
  9.60925293E+00  2.64177900E-02  1.38816580E-01  1.92700443E-03  6.97899610E-04  2.62490404E-03
  9.61025333E+00  2.65564751E-02  1.38552397E-01  1.91967678E-03  7.05246348E-04  2.62492313E-03
  9.61125374E+00  2.66948957E-02  1.38286829E-01  1.91232469E-03  7.12617475E-04  2.62494222E-03
  9.61225414E+00  2.68330481E-02  1.38019875E-01  1.90494861E-03  7.20012467E-04  2.62496108E-03
  9.61325455E+00  2.69709341E-02  1.37751549E-01  1.89754891E-03  7.27431267E-04  2.62498017E-03
  9.61425495E+00  2.71085519E-02  1.37481838E-01  1.89012557E-03  7.34873582E-04  2.62499927E-03
  9.61525536E+00  2.72458978E-02  1.37210757E-01  1.88267918E-03  7.42338947E-04  2.62501813E-03
  9.61625576E+00  2.73829717E-02  1.36938304E-01  1.87520997E-03  7.49827130E-04  2.62503698E-03
  9.61725616E+00  2.75197718E-02  1.36664480E-01  1.86771806E-03  7.57337839E-04  2.62505584E-03
  9.61825657E+00  2.76562981E-02  1.36389285E-01  1.86020380E-03  7.64870842E-04  2.62507470E-03
  9.61925697E+00  2.77925488E-02  1.36112720E-01  1.85266731E-03  7.72425788E-04  2.62509310E-03
  9.62025738E+00  2.79285219E-02  1.35834798E-01  1.84510928E-03  7.80002330E-04  2.62511149E-03
  9.62125778E+00  2.80642174E-02  1.35555506E-01  1.83752947E-03  7.87600293E-04  2.62512965E-03
  9.62225819E+00  2.81996336E-02  1.35274857E-01  1.82992872E-03  7.95219326E-04  2.62514804E-03
  9.62325859E+00  2.83347666E-02  1.34992868E-01  1.82230759E-03  8.02859024E-04  2.62516667E-03
  9.62425900E+00  2.84696184E-02  1.34709522E-01  1.81466551E-03  8.10519152E-04  2.62518460E-03
  9.62525940E+00  2.86041871E-02  1.34424821E-01  1.80700328E-03  8.18199536E-04  2.62520276E-03
  9.62625980E+00  2.87384689E-02  1.34138778E-01  1.79932115E-03  8.25899595E-04  2.62522069E-03
  9.62726021E+00  2.88724639E-02  1.33851394E-01  1.79161958E-03  8.33619153E-04  2.62523862E-03
  9.62826061E+00  2.90061701E-02  1.33562669E-01  1.78389868E-03  8.41357920E-04  2.62525654E-03
  9.62926102E+00  2.91395877E-02  1.33272603E-01  1.77615869E-03  8.49115546E-04  2.62527424E-03
  9.63026142E+00  2.92727146E-02  1.32981211E-01  1.76840031E-03  8.56891798E-04  2.62529217E-03
  9.63126183E+00  2.94055492E-02  1.32688478E-01  1.76062330E-03  8.64686328E-04  2.62530963E-03
  9.63226223E+00  2.95380913E-02  1.32394418E-01  1.75282825E-03  8.72498844E-04  2.62532709E-03
  9.63326263E+00  2.96703391E-02  1.32099032E-01  1.74501538E-03  8.80328997E-04  2.62534432E-03
  9.63426304E+00  2.98022889E-02  1.31802335E-01  1.73718564E-03  8.88176437E-04  2.62536202E-03
  9.63526344E+00  2.99339425E-02  1.31504312E-01  1.72933843E-03  8.96040932E-04  2.62537925E-03
  9.63626385E+00  3.00652981E-02  1.31204978E-01  1.72147457E-03  9.03922133E-04  2.62539671E-03
  9.63726425E+00  3.01963519E-02  1.30904332E-01  1.71359442E-03  9.11819690E-04  2.62541417E-03
  9.63826466E+00  3.03271059E-02  1.30602375E-01  1.70569809E-03  9.19733371E-04  2.62543140E-03
  9.63926506E+00  3.04575581E-02  1.30299106E-01  1.69778580E-03  9.27662826E-04  2.62544863E-03
  9.64026546E+00  3.05877049E-02  1.29994527E-01  1.68985769E-03  9.35607706E-04  2.62546539E-03
  9.64126587E+00  3.07175461E-02  1.29688650E-01  1.68191455E-03  9.43567662E-04  2.62548216E-03
  9.64226627E+00  3.08470819E-02  1.29381478E-01  1.67395663E-03  9.51542461E-04  2.62549915E-03
  9.64326668E+00  3.09763085E-02  1.29073009E-01  1.66598416E-03  9.59531695E-04  2.62551592E-03
  9.64426708E+00  3.11052278E-02  1.28763244E-01  1.65799726E-03  9.67535190E-04  2.62553245E-03
  9.64526749E+00  3.12338360E-02  1.28452197E-01  1.64999662E-03  9.75552481E-04  2.62554921E-03
  9.64626789E+00  3.13621312E-02  1.28139853E-01  1.64198224E-03  9.83583275E-04  2.62556551E-03
  9.64726830E+00  3.14901136E-02  1.27826229E-01  1.63395447E-03  9.91627225E-04  2.62558181E-03
  9.64826870E+00  3.16177830E-02  1.27511322E-01  1.62591378E-03  9.99684213E-04  2.62559811E-03
  9.64926910E+00  3.17451395E-02  1.27195150E-01  1.61786063E-03  1.00775389E-03  2.62561440E-03
  9.65026951E+00  3.18721756E-02  1.26877695E-01  1.60979503E-03  1.01583556E-03  2.62563070E-03
  9.65126991E+00  3.19988914E-02  1.26558974E-01  1.60171743E-03  1.02392910E-03  2.62564654E-03
  9.65227032E+00  3.21252905E-02  1.26238987E-01  1.59362820E-03  1.03203428E-03  2.62566237E-03
  9.65327072E+00  3.22513692E-02  1.25917733E-01  1.58552756E-03  1.04015076E-03  2.62567820E-03
  9.65427113E+00  3.23771276E-02  1.25595212E-01  1.57741574E-03  1.04827841E-03  2.62569403E-03
  9.65527153E+00  3.25025618E-02  1.25271440E-01  1.56929344E-03  1.05641654E-03  2.62570987E-03
  9.65627193E+00  3.26276682E-02  1.24946415E-01  1.56116067E-03  1.06456468E-03  2.62572523E-03
  9.65727234E+00  3.27524506E-02  1.24620140E-01  1.55301800E-03  1.07272307E-03  2.62574106E-03
  9.65827274E+00  3.28769051E-02  1.24292612E-01  1.54486531E-03  1.08089088E-03  2.62575620E-03
  9.65927315E+00  3.30010355E-02  1.23963840E-01  1.53670344E-03  1.08906836E-03  2.62577180E-03
  9.66027355E+00  3.31248343E-02  1.23633832E-01  1.52853248E-03  1.09725469E-03  2.62578717E-03
  9.66127396E+00  3.32483053E-02  1.23302586E-01  1.52035279E-03  1.10544986E-03  2.62580253E-03
  9.66227436E+00  3.33714411E-02  1.22970104E-01  1.51216460E-03  1.11365307E-03  2.62581767E-03
  9.66327477E+00  3.34942453E-02  1.22636393E-01  1.50396849E-03  1.12186442E-03  2.62583280E-03
  9.66427517E+00  3.36167142E-02  1.22301452E-01  1.49576447E-03  1.13008346E-03  2.62584793E-03
  9.66527557E+00  3.37388478E-02  1.21965282E-01  1.48755300E-03  1.13830983E-03  2.62586283E-03
  9.66627598E+00  3.38606462E-02  1.21627890E-01  1.47933443E-03  1.14654331E-03  2.62587774E-03
  9.66727638E+00  3.39821056E-02  1.21289283E-01  1.47110911E-03  1.15478353E-03  2.62589264E-03
  9.66827679E+00  3.41032222E-02  1.20949462E-01  1.46287726E-03  1.16302981E-03  2.62590707E-03
  9.66927719E+00  3.42239998E-02  1.20608427E-01  1.45463925E-03  1.17128214E-03  2.62592128E-03
  9.67027760E+00  3.43444385E-02  1.20266184E-01  1.44639553E-03  1.17954041E-03  2.62593594E-03
  9.67127800E+00  3.44645344E-02  1.19922742E-01  1.43814646E-03  1.18780416E-03  2.62595061E-03
  9.67227840E+00  3.45842876E-02  1.19578093E-01  1.42989203E-03  1.19607290E-03  2.62596505E-03
  9.67327881E+00  3.47036943E-02  1.19232252E-01  1.42163306E-03  1.20434642E-03  2.62597948E-03
  9.67427921E+00  3.48227508E-02  1.18885212E-01  1.41336943E-03  1.21262402E-03  2.62599345E-03
  9.67527962E+00  3.49414609E-02  1.18536986E-01  1.40510174E-03  1.22090569E-03  2.62600742E-03
  9.67628002E+00  3.50598246E-02  1.18187569E-01  1.39683019E-03  1.22919132E-03  2.62602139E-03
  9.67728043E+00  3.51778381E-02  1.17836967E-01  1.38855516E-03  1.23748032E-03  2.62603536E-03
  9.67828083E+00  3.52955014E-02  1.17485188E-01  1.38027698E-03  1.24577247E-03  2.62604933E-03
  9.67928123E+00  3.54128107E-02  1.17132232E-01  1.37199601E-03  1.25406717E-03  2.62606330E-03
  9.68028164E+00  3.55297625E-02  1.16778105E-01  1.36371260E-03  1.26236398E-03  2.62607657E-03
  9.68128204E+00  3.56463604E-02  1.16422810E-01  1.35542708E-03  1.27066299E-03  2.62609008E-03
  9.68228245E+00  3.57626043E-02  1.16066344E-01  1.34713971E-03  1.27896387E-03  2.62610358E-03
  9.68328285E+00  3.58784907E-02  1.15708716E-01  1.33885071E-03  1.28726615E-03  2.62611685E-03
  9.68428326E+00  3.59940194E-02  1.15349934E-01  1.33056077E-03  1.29556947E-03  2.62613036E-03
  9.68528366E+00  3.61091904E-02  1.14989996E-01  1.32226991E-03  1.30387361E-03  2.62614340E-03
  9.68628407E+00  3.62240002E-02  1.14628904E-01  1.31397857E-03  1.31217821E-03  2.62615690E-03
  9.68728447E+00  3.63384448E-02  1.14266664E-01  1.30568712E-03  1.32048258E-03  2.62616971E-03
  9.68828487E+00  3.64525281E-02  1.13903277E-01  1.29739568E-03  1.32878684E-03  2.62618251E-03
  9.68928528E+00  3.65662500E-02  1.13538750E-01  1.28910481E-03  1.33709062E-03  2.62619555E-03
  9.69028568E+00  3.66796069E-02  1.13173090E-01  1.28081476E-03  1.34539360E-03  2.62620836E-03
  9.69128609E+00  3.67925987E-02  1.12806290E-01  1.27252599E-03  1.35369529E-03  2.62622116E-03
  9.69228649E+00  3.69052216E-02  1.12438366E-01  1.26423861E-03  1.36199535E-03  2.62623397E-03
  9.69328690E+00  3.70174721E-02  1.12069316E-01  1.25595310E-03  1.37029320E-03  2.62624631E-03
  9.69428730E+00  3.71293537E-02  1.11699142E-01  1.24766992E-03  1.37858896E-03  2.62625888E-03
  9.69528770E+00  3.72408666E-02  1.11327849E-01  1.23938906E-03  1.38688216E-03  2.62627122E-03
  9.69628811E+00  3.73520069E-02  1.10955440E-01  1.23111100E-03  1.39517244E-03  2.62628356E-03
  9.69728851E+00  3.74627747E-02  1.10581920E-01  1.22283620E-03  1.40345946E-03  2.62629567E-03
  9.69828892E+00  3.75731699E-02  1.10207289E-01  1.21456466E-03  1.41174311E-03  2.62630777E-03
  9.69928932E+00  3.76831926E-02  1.09831557E-01  1.20629708E-03  1.42002304E-03  2.62632011E-03
  9.70028973E+00  3.77928354E-02  1.09454721E-01  1.19803369E-03  1.42829842E-03  2.62633199E-03
  9.70129013E+00  3.79021019E-02  1.09076791E-01  1.18977472E-03  1.43656938E-03  2.62634410E-03
  9.70229053E+00  3.80109884E-02  1.08697772E-01  1.18152052E-03  1.44483522E-03  2.62635574E-03
  9.70329094E+00  3.81194949E-02  1.08317666E-01  1.17327168E-03  1.45309593E-03  2.62636761E-03
  9.70429134E+00  3.82276215E-02  1.07936472E-01  1.16502820E-03  1.46135106E-03  2.62637925E-03
  9.70529175E+00  3.83353680E-02  1.07554197E-01  1.15679053E-03  1.46960048E-03  2.62639113E-03
  9.70629215E+00  3.84427309E-02  1.07170843E-01  1.14855904E-03  1.47784362E-03  2.62640277E-03
  9.70729256E+00  3.85497063E-02  1.06786415E-01  1.14033383E-03  1.48607988E-03  2.62641371E-03
  9.70829296E+00  3.86562981E-02  1.06400914E-01  1.13211549E-03  1.49430940E-03  2.62642489E-03
  9.70929337E+00  3.87625061E-02  1.06014349E-01  1.12390425E-03  1.50253193E-03  2.62643630E-03
  9.71029377E+00  3.88683267E-02  1.05626725E-01  1.11570058E-03  1.51074678E-03  2.62644747E-03
  9.71129417E+00  3.89737599E-02  1.05238043E-01  1.10750459E-03  1.51895394E-03  2.62645865E-03
  9.71229458E+00  3.90788056E-02  1.04848303E-01  1.09931675E-03  1.52715307E-03  2.62646982E-03
  9.71329498E+00  3.91834602E-02  1.04457512E-01  1.09113718E-03  1.53534359E-03  2.62648077E-03
  9.71429539E+00  3.92877199E-02  1.04065679E-01  1.08296657E-03  1.54352491E-03  2.62649148E-03
  9.71529579E+00  3.93915884E-02  1.03672802E-01  1.07480504E-03  1.55169726E-03  2.62650242E-03
  9.71629620E+00  3.94950621E-02  1.03278890E-01  1.06665294E-03  1.55985996E-03  2.62651290E-03
  9.71729660E+00  3.95981446E-02  1.02883942E-01  1.05851062E-03  1.56801310E-03  2.62652384E-03
  9.71829700E+00  3.97008322E-02  1.02487959E-01  1.05037820E-03  1.57615612E-03  2.62653432E-03
  9.71929741E+00  3.98031212E-02  1.02090947E-01  1.04225613E-03  1.58428843E-03  2.62654456E-03
  9.72029781E+00  3.99050154E-02  1.01692915E-01  1.03414489E-03  1.59241026E-03  2.62655504E-03
  9.72129822E+00  4.00065072E-02  1.01293862E-01  1.02604460E-03  1.60052057E-03  2.62656529E-03
  9.72229862E+00  4.01076004E-02  1.00893795E-01  1.01795583E-03  1.60861958E-03  2.62657553E-03
  9.72329903E+00  4.02082913E-02  1.00492716E-01  1.00987859E-03  1.61670672E-03  2.62658531E-03
  9.72429943E+00  4.03085835E-02  1.00090630E-01  1.00181345E-03  1.62478187E-03  2.62659532E-03
  9.72529984E+00  4.04084735E-02  9.96875465E-02  9.93760652E-04  1.63284468E-03  2.62660533E-03
  9.72630024E+00  4.05079611E-02  9.92834643E-02  9.85720661E-04  1.64089492E-03  2.62661558E-03
  9.72730064E+00  4.06070426E-02  9.88783836E-02  9.77693475E-04  1.64893188E-03  2.62662536E-03
  9.72830105E+00  4.07057144E-02  9.84723121E-02  9.69679677E-04  1.65695522E-03  2.62663490E-03
  9.72930145E+00  4.08039801E-02  9.80652571E-02  9.61679500E-04  1.66496483E-03  2.62664445E-03
  9.73030186E+00  4.09018397E-02  9.76572186E-02  9.53693234E-04  1.67296047E-03  2.62665376E-03
  9.73130226E+00  4.09992933E-02  9.72481966E-02  9.45721229E-04  1.68094202E-03  2.62666331E-03
  9.73230267E+00  4.10963371E-02  9.68382061E-02  9.37763776E-04  1.68890890E-03  2.62667262E-03
  9.73330307E+00  4.11929712E-02  9.64272395E-02  9.29821283E-04  1.69686088E-03  2.62668217E-03
  9.73430347E+00  4.12891917E-02  9.60153118E-02  9.21894039E-04  1.70479738E-03  2.62669148E-03
  9.73530388E+00  4.13850024E-02  9.56024230E-02  9.13982396E-04  1.71271840E-03  2.62670079E-03
  9.73630428E+00  4.14803959E-02  9.51885730E-02  9.06086469E-04  1.72062323E-03  2.62670964E-03
  9.73730469E+00  4.15753759E-02  9.47737694E-02  8.98206723E-04  1.72851188E-03  2.62671849E-03
  9.73830509E+00  4.16699424E-02  9.43580121E-02  8.90343450E-04  1.73638412E-03  2.62672757E-03
  9.73930550E+00  4.17640917E-02  9.39413160E-02  8.82497057E-04  1.74423936E-03  2.62673642E-03
  9.74030590E+00  4.18578237E-02  9.35236737E-02  8.74667836E-04  1.75207737E-03  2.62674526E-03
  9.74130630E+00  4.19511385E-02  9.31050926E-02  8.66855902E-04  1.75989803E-03  2.62675388E-03
  9.74230671E+00  4.20440361E-02  9.26855803E-02  8.59061722E-04  1.76770100E-03  2.62676273E-03
  9.74330711E+00  4.21365127E-02  9.22651365E-02  8.51285586E-04  1.77548570E-03  2.62677134E-03
  9.74430752E+00  4.22285646E-02  9.18437690E-02  8.43527843E-04  1.78325165E-03  2.62677949E-03
  9.74530792E+00  4.23201956E-02  9.14214849E-02  8.35788844E-04  1.79099897E-03  2.62678787E-03
  9.74630833E+00  4.24114056E-02  9.09982845E-02  8.28068820E-04  1.79872732E-03  2.62679625E-03
  9.74730873E+00  4.25021909E-02  9.05741677E-02  8.20368004E-04  1.80643622E-03  2.62680417E-03
  9.74830914E+00  4.25925516E-02  9.01491493E-02  8.12686922E-04  1.81412545E-03  2.62681232E-03
  9.74930954E+00  4.26824875E-02  8.97232220E-02  8.05025629E-04  1.82179478E-03  2.62682047E-03
  9.75030994E+00  4.27719988E-02  8.92964005E-02  7.97384710E-04  1.82944385E-03  2.62682862E-03
  9.75131035E+00  4.28610817E-02  8.88686776E-02  7.89764163E-04  1.83707231E-03  2.62683653E-03
  9.75231075E+00  4.29497361E-02  8.84400681E-02  7.82164570E-04  1.84467982E-03  2.62684445E-03
  9.75331116E+00  4.30379584E-02  8.80105719E-02  7.74586049E-04  1.85226591E-03  2.62685190E-03
  9.75431156E+00  4.31257524E-02  8.75801891E-02  7.67028949E-04  1.85983046E-03  2.62685935E-03
  9.75531197E+00  4.32131179E-02  8.71489346E-02  7.59493734E-04  1.86737359E-03  2.62686727E-03
  9.75631237E+00  4.33000512E-02  8.67168009E-02  7.51980348E-04  1.87489449E-03  2.62687495E-03
  9.75731277E+00  4.33865525E-02  8.62838030E-02  7.44489487E-04  1.88239291E-03  2.62688240E-03
  9.75831318E+00  4.34726216E-02  8.58499408E-02  7.37021212E-04  1.88986887E-03  2.62689008E-03
  9.75931358E+00  4.35582548E-02  8.54152143E-02  7.29575928E-04  1.89732155E-03  2.62689753E-03
  9.76031399E+00  4.36434522E-02  8.49796310E-02  7.22153753E-04  1.90475094E-03  2.62690475E-03
  9.76131439E+00  4.37282138E-02  8.45431983E-02  7.14755268E-04  1.91215670E-03  2.62691197E-03
  9.76231480E+00  4.38125357E-02  8.41059163E-02  7.07380532E-04  1.91953825E-03  2.62691872E-03
  9.76331520E+00  4.38964218E-02  8.36677924E-02  7.00029952E-04  1.92689581E-03  2.62692571E-03
  9.76431561E+00  4.39798683E-02  8.32288265E-02  6.92703761E-04  1.93422881E-03  2.62693269E-03
  9.76531601E+00  4.40628789E-02  8.27890262E-02  6.85402309E-04  1.94153725E-03  2.62693968E-03
  9.76631641E+00  4.41454500E-02  8.23483989E-02  6.78125885E-04  1.94882078E-03  2.62694666E-03
  9.76731682E+00  4.42275777E-02  8.19069445E-02  6.70874782E-04  1.95607869E-03  2.62695341E-03
  9.76831722E+00  4.43092659E-02  8.14646706E-02  6.63649233E-04  1.96331111E-03  2.62696040E-03
  9.76931763E+00  4.43905108E-02  8.10215771E-02  6.56449643E-04  1.97051745E-03  2.62696715E-03
  9.77031803E+00  4.44713086E-02  8.05776715E-02  6.49276131E-04  1.97769725E-03  2.62697344E-03
  9.77131844E+00  4.45516631E-02  8.01329613E-02  6.42129162E-04  1.98485074E-03  2.62697996E-03
  9.77231884E+00  4.46315743E-02  7.96874464E-02  6.35008968E-04  1.99197745E-03  2.62698648E-03
  9.77331924E+00  4.47110385E-02  7.92411342E-02  6.27915782E-04  1.99907692E-03  2.62699276E-03
  9.77431965E+00  4.47900556E-02  7.87940249E-02  6.20849838E-04  2.00614915E-03  2.62699905E-03
  9.77532005E+00  4.48686257E-02  7.83461258E-02  6.13811600E-04  2.01319368E-03  2.62700533E-03
  9.77632046E+00  4.49467488E-02  7.78974369E-02  6.06801070E-04  2.02021026E-03  2.62701139E-03
  9.77732086E+00  4.50244211E-02  7.74479657E-02  5.99818712E-04  2.02719844E-03  2.62701721E-03
  9.77832127E+00  4.51016463E-02  7.69977197E-02  5.92864875E-04  2.03415845E-03  2.62702326E-03
  9.77932167E+00  4.51784171E-02  7.65467063E-02  5.85939852E-04  2.04108935E-03  2.62702908E-03
  9.78032207E+00  4.52547371E-02  7.60949254E-02  5.79043757E-04  2.04799115E-03  2.62703490E-03
  9.78132248E+00  4.53306064E-02  7.56423771E-02  5.72176941E-04  2.05486384E-03  2.62704073E-03
  9.78232288E+00  4.54060212E-02  7.51890689E-02  5.65339637E-04  2.06170673E-03  2.62704631E-03
  9.78332329E+00  4.54809815E-02  7.47350082E-02  5.58532134E-04  2.06851959E-03  2.62705167E-03
  9.78432369E+00  4.55554910E-02  7.42801949E-02  5.51754783E-04  2.07530265E-03  2.62705749E-03
  9.78532410E+00  4.56295423E-02  7.38246366E-02  5.45007701E-04  2.08205520E-03  2.62706284E-03
  9.78632450E+00  4.57031392E-02  7.33683407E-02  5.38291351E-04  2.08877702E-03  2.62706843E-03
  9.78732491E+00  4.57762815E-02  7.29113072E-02  5.31605852E-04  2.09546788E-03  2.62707379E-03
  9.78832531E+00  4.58489656E-02  7.24535435E-02  5.24951611E-04  2.10212776E-03  2.62707938E-03
  9.78932571E+00  4.59211878E-02  7.19950572E-02  5.18328859E-04  2.10875552E-03  2.62708450E-03
  9.79032612E+00  4.59929518E-02  7.15358481E-02  5.11737773E-04  2.11535161E-03  2.62708939E-03
  9.79132652E+00  4.60642576E-02  7.10759163E-02  5.05178643E-04  2.12191581E-03  2.62709451E-03
  9.79232693E+00  4.61351015E-02  7.06152767E-02  4.98651701E-04  2.12844764E-03  2.62709940E-03
  9.79332733E+00  4.62054871E-02  7.01539293E-02  4.92157356E-04  2.13494711E-03  2.62710452E-03
  9.79432774E+00  4.62754108E-02  6.96918741E-02  4.85695724E-04  2.14141374E-03  2.62710941E-03
  9.79532814E+00  4.63448726E-02  6.92291185E-02  4.79267066E-04  2.14784732E-03  2.62711430E-03
  9.79632854E+00  4.64138724E-02  6.87656701E-02  4.72871732E-04  2.15424760E-03  2.62711942E-03
  9.79732895E+00  4.64824066E-02  6.83015287E-02  4.66509868E-04  2.16061412E-03  2.62712408E-03
  9.79832935E+00  4.65504788E-02  6.78367019E-02  4.60181822E-04  2.16694712E-03  2.62712897E-03
  9.79932976E+00  4.66180854E-02  6.73711970E-02  4.53887827E-04  2.17324588E-03  2.62713362E-03
  9.80033016E+00  4.66852225E-02  6.69050142E-02  4.47628088E-04  2.17950996E-03  2.62713805E-03
  9.80133057E+00  4.67518941E-02  6.64381608E-02  4.41402954E-04  2.18573958E-03  2.62714247E-03
  9.80233097E+00  4.68180962E-02  6.59706444E-02  4.35212598E-04  2.19193404E-03  2.62714666E-03
  9.80333138E+00  4.68838327E-02  6.55024648E-02  4.29057283E-04  2.19809380E-03  2.62715109E-03
  9.80433178E+00  4.69490997E-02  6.50336295E-02  4.22937301E-04  2.20421795E-03  2.62715528E-03
  9.80533218E+00  4.70138974E-02  6.45641387E-02  4.16852825E-04  2.21030647E-03  2.62715924E-03
  9.80633259E+00  4.70782258E-02  6.40939996E-02  4.10804059E-04  2.21635937E-03  2.62716343E-03
  9.80733299E+00  4.71420847E-02  6.36232197E-02  4.04791412E-04  2.22237618E-03  2.62716762E-03
  9.80833340E+00  4.72054742E-02  6.31517991E-02  3.98814969E-04  2.22835690E-03  2.62717181E-03
  9.80933380E+00  4.72683907E-02  6.26797453E-02  3.92875023E-04  2.23430083E-03  2.62717577E-03
  9.81033421E+00  4.73308340E-02  6.22070618E-02  3.86971864E-04  2.24020774E-03  2.62717949E-03
  9.81133461E+00  4.73928042E-02  6.17337525E-02  3.81105638E-04  2.24607787E-03  2.62718345E-03
  9.81233501E+00  4.74543013E-02  6.12598248E-02  3.75276635E-04  2.25191074E-03  2.62718741E-03
  9.81333542E+00  4.75153215E-02  6.07852824E-02  3.69485060E-04  2.25770567E-03  2.62719067E-03
  9.81433582E+00  4.75758687E-02  6.03101291E-02  3.63731175E-04  2.26346334E-03  2.62719439E-03
  9.81533623E+00  4.76359390E-02  5.98343685E-02  3.58015153E-04  2.26918259E-03  2.62719765E-03
  9.81633663E+00  4.76955362E-02  5.93580082E-02  3.52337316E-04  2.27486412E-03  2.62720138E-03
  9.81733704E+00  4.77546565E-02  5.88810518E-02  3.46697838E-04  2.28050724E-03  2.62720510E-03
  9.81833744E+00  4.78133000E-02  5.84035069E-02  3.41096980E-04  2.28611170E-03  2.62720860E-03
  9.81933784E+00  4.78714667E-02  5.79253733E-02  3.35534889E-04  2.29167729E-03  2.62721209E-03
  9.82033825E+00  4.79291528E-02  5.74466586E-02  3.30011855E-04  2.29720376E-03  2.62721558E-03
  9.82133865E+00  4.79863621E-02  5.69673665E-02  3.24528082E-04  2.30269087E-03  2.62721907E-03
  9.82233906E+00  4.80430909E-02  5.64875044E-02  3.19083832E-04  2.30813865E-03  2.62722257E-03
  9.82333946E+00  4.80993390E-02  5.60070723E-02  3.13679222E-04  2.31354637E-03  2.62722559E-03
  9.82433987E+00  4.81551029E-02  5.55260777E-02  3.08314542E-04  2.31891405E-03  2.62722862E-03
  9.82534027E+00  4.82103862E-02  5.50445281E-02  3.02990025E-04  2.32424145E-03  2.62723141E-03
  9.82634068E+00  4.82651889E-02  5.45624234E-02  2.97705818E-04  2.32952856E-03  2.62723444E-03
  9.82734108E+00  4.83195074E-02  5.40797710E-02  2.92462151E-04  2.33477470E-03  2.62723677E-03
  9.82834148E+00  4.83733453E-02  5.35965748E-02  2.87259289E-04  2.33998057E-03  2.62723980E-03
  9.82934189E+00  4.84266989E-02  5.31128421E-02  2.82097404E-04  2.34514521E-03  2.62724259E-03
  9.83034229E+00  4.84795682E-02  5.26285768E-02  2.76976702E-04  2.35026842E-03  2.62724515E-03
  9.83134270E+00  4.85319532E-02  5.21437824E-02  2.71897414E-04  2.35535041E-03  2.62724794E-03
  9.83234310E+00  4.85838540E-02  5.16584627E-02  2.66859686E-04  2.36039096E-03  2.62725074E-03
  9.83334351E+00  4.86352704E-02  5.11726253E-02  2.61863781E-04  2.36538961E-03  2.62725330E-03
  9.83434391E+00  4.86862026E-02  5.06862737E-02  2.56909843E-04  2.37034634E-03  2.62725609E-03
  9.83534431E+00  4.87366468E-02  5.01994118E-02  2.51998106E-04  2.37526069E-03  2.62725889E-03
  9.83634472E+00  4.87866029E-02  4.97120470E-02  2.47128744E-04  2.38013268E-03  2.62726145E-03
  9.83734512E+00  4.88360710E-02  4.92241792E-02  2.42301991E-04  2.38496182E-03  2.62726378E-03
  9.83834553E+00  4.88850512E-02  4.87358198E-02  2.37518019E-04  2.38974812E-03  2.62726611E-03
  9.83934593E+00  4.89335395E-02  4.82469685E-02  2.32777005E-04  2.39449134E-03  2.62726843E-03
  9.84034634E+00  4.89815399E-02  4.77576330E-02  2.28079152E-04  2.39919126E-03  2.62727030E-03
  9.84134674E+00  4.90290523E-02  4.72678170E-02  2.23424664E-04  2.40384787E-03  2.62727262E-03
  9.84234715E+00  4.90760729E-02  4.67775278E-02  2.18813700E-04  2.40846095E-03  2.62727472E-03
  9.84334755E+00  4.91226055E-02  4.62867655E-02  2.14246480E-04  2.41303048E-03  2.62727705E-03
  9.84434795E+00  4.91686463E-02  4.57955375E-02  2.09723134E-04  2.41755578E-03  2.62727891E-03
  9.84534836E+00  4.92141955E-02  4.53038514E-02  2.05243894E-04  2.42203707E-03  2.62728101E-03
  9.84634876E+00  4.92592528E-02  4.48117107E-02  2.00808936E-04  2.42647389E-03  2.62728287E-03
  9.84734917E+00  4.93038185E-02  4.43191193E-02  1.96418419E-04  2.43086647E-03  2.62728496E-03
  9.84834957E+00  4.93478924E-02  4.38260809E-02  1.92072534E-04  2.43521458E-03  2.62728706E-03
  9.84934998E+00  4.93914708E-02  4.33326028E-02  1.87771439E-04  2.43951729E-03  2.62728869E-03
  9.85035038E+00  4.94345576E-02  4.28386889E-02  1.83515338E-04  2.44377553E-03  2.62729079E-03
  9.85135078E+00  4.94771488E-02  4.23443429E-02  1.79304334E-04  2.44798814E-03  2.62729242E-03
  9.85235119E+00  4.95192483E-02  4.18495722E-02  1.75138674E-04  2.45215604E-03  2.62729474E-03
  9.85335159E+00  4.95608523E-02  4.13543805E-02  1.71018473E-04  2.45627807E-03  2.62729661E-03
  9.85435200E+00  4.96019572E-02  4.08587717E-02  1.66943923E-04  2.46035424E-03  2.62729824E-03
  9.85535240E+00  4.96425666E-02  4.03627530E-02  1.62915196E-04  2.46438431E-03  2.62729940E-03
  9.85635281E+00  4.96826805E-02  3.98663282E-02  1.58932409E-04  2.46836874E-03  2.62730103E-03
  9.85735321E+00  4.97222990E-02  3.93695012E-02  1.54995767E-04  2.47230707E-03  2.62730289E-03
  9.85835361E+00  4.97614183E-02  3.88722792E-02  1.51105414E-04  2.47619883E-03  2.62730429E-03
  9.85935402E+00  4.98000421E-02  3.83746661E-02  1.47261511E-04  2.48004426E-03  2.62730569E-03
  9.86035442E+00  4.98381667E-02  3.78766656E-02  1.43464174E-04  2.48384289E-03  2.62730708E-03
  9.86135483E+00  4.98757921E-02  3.73782851E-02  1.39713622E-04  2.48759473E-03  2.62730825E-03
  9.86235523E+00  4.99129221E-02  3.68795283E-02  1.36009970E-04  2.49129976E-03  2.62730964E-03
  9.86335564E+00  4.99495529E-02  3.63803990E-02  1.32353351E-04  2.49495776E-03  2.62731104E-03
  9.86435604E+00  4.99856845E-02  3.58809046E-02  1.28743937E-04  2.49856873E-03  2.62731267E-03
  9.86535645E+00  5.00213169E-02  3.53810489E-02  1.25181861E-04  2.50213221E-03  2.62731407E-03
  9.86635685E+00  5.00564501E-02  3.48808356E-02  1.21667275E-04  2.50564818E-03  2.62731547E-03
  9.86735725E+00  5.00910804E-02  3.43802720E-02  1.18200311E-04  2.50911643E-03  2.62731663E-03
  9.86835766E+00  5.01252115E-02  3.38793620E-02  1.14781120E-04  2.51253671E-03  2.62731779E-03
  9.86935806E+00  5.01588397E-02  3.33781093E-02  1.11409827E-04  2.51590926E-03  2.62731919E-03
  9.87035847E+00  5.01919687E-02  3.28765213E-02  1.08086562E-04  2.51923362E-03  2.62732012E-03
  9.87135887E+00  5.02245948E-02  3.23746018E-02  1.04811486E-04  2.52251001E-03  2.62732152E-03
  9.87235928E+00  5.02567180E-02  3.18723544E-02  1.01584701E-04  2.52573774E-03  2.62732245E-03
  9.87335968E+00  5.02883419E-02  3.13697867E-02  9.84063518E-05  2.52891728E-03  2.62732361E-03
  9.87436008E+00  5.03194630E-02  3.08669023E-02  9.52765622E-05  2.53204838E-03  2.62732501E-03
  9.87536049E+00  5.03500775E-02  3.03637069E-02  9.21954706E-05  2.53513036E-03  2.62732594E-03
  9.87636089E+00  5.03801890E-02  2.98602059E-02  8.91631862E-05  2.53816345E-03  2.62732664E-03
  9.87736130E+00  5.04097976E-02  2.93564033E-02  8.61798399E-05  2.54114764E-03  2.62732757E-03
  9.87836170E+00  5.04388995E-02  2.88523044E-02  8.32455480E-05  2.54408270E-03  2.62732827E-03
  9.87936211E+00  5.04674986E-02  2.83479150E-02  8.03604344E-05  2.54696840E-03  2.62732874E-03
  9.88036251E+00  5.04955947E-02  2.78432406E-02  7.75246081E-05  2.54980498E-03  2.62732967E-03
  9.88136292E+00  5.05231842E-02  2.73382850E-02  7.47381855E-05  2.55259220E-03  2.62733037E-03
  9.88236332E+00  5.05502708E-02  2.68330537E-02  7.20012758E-05  2.55532982E-03  2.62733107E-03
  9.88336372E+00  5.05768508E-02  2.63275504E-02  6.93139955E-05  2.55801785E-03  2.62733176E-03
  9.88436413E+00  5.06029241E-02  2.58217826E-02  6.66764463E-05  2.56065582E-03  2.62733223E-03
  9.88536453E+00  5.06284907E-02  2.53157541E-02  6.40887447E-05  2.56324396E-03  2.62733269E-03
  9.88636494E+00  5.06535545E-02  2.48094685E-02  6.15509780E-05  2.56578252E-03  2.62733339E-03
  9.88736534E+00  5.06781116E-02  2.43029334E-02  5.90632553E-05  2.56827101E-03  2.62733432E-03
  9.88836575E+00  5.07021621E-02  2.37961523E-02  5.66256895E-05  2.57070921E-03  2.62733479E-03
  9.88936615E+00  5.07257059E-02  2.32891310E-02  5.42383641E-05  2.57309736E-03  2.62733572E-03
  9.89036655E+00  5.07487431E-02  2.27818731E-02  5.19013738E-05  2.57543498E-03  2.62733642E-03
  9.89136696E+00  5.07712699E-02  2.22743861E-02  4.96148314E-05  2.57772184E-03  2.62733665E-03
  9.89236736E+00  5.07932901E-02  2.17666738E-02  4.73788095E-05  2.57995841E-03  2.62733712E-03
  9.89336777E+00  5.08148037E-02  2.12587416E-02  4.51934102E-05  2.58214423E-03  2.62733758E-03
  9.89436817E+00  5.08358106E-02  2.07505934E-02  4.30587133E-05  2.58427975E-03  2.62733852E-03
  9.89536858E+00  5.08563071E-02  2.02422347E-02  4.09748063E-05  2.58636405E-03  2.62733875E-03
  9.89636898E+00  5.08762971E-02  1.97336711E-02  3.89417801E-05  2.58839759E-03  2.62733945E-03
  9.89736938E+00  5.08957766E-02  1.92249082E-02  3.69597074E-05  2.59038014E-03  2.62733991E-03
  9.89836979E+00  5.09147495E-02  1.87159497E-02  3.50286791E-05  2.59231171E-03  2.62734038E-03
  9.89937019E+00  5.09332120E-02  1.82068013E-02  3.31487645E-05  2.59419205E-03  2.62734084E-03
  9.90037060E+00  5.09511642E-02  1.76974684E-02  3.13200399E-05  2.59602116E-03  2.62734131E-03
  9.90137100E+00  5.09686098E-02  1.71879567E-02  2.95425853E-05  2.59779929E-03  2.62734178E-03
  9.90237141E+00  5.09855449E-02  1.66782700E-02  2.78164698E-05  2.59952573E-03  2.62734224E-03
  9.90337181E+00  5.10019697E-02  1.61684137E-02  2.61417590E-05  2.60120095E-03  2.62734271E-03
  9.90437222E+00  5.10178842E-02  1.56583935E-02  2.45185274E-05  2.60282448E-03  2.62734294E-03
  9.90537262E+00  5.10332882E-02  1.51482150E-02  2.29468424E-05  2.60439655E-03  2.62734341E-03
  9.90637302E+00  5.10481820E-02  1.46378819E-02  2.14267584E-05  2.60591693E-03  2.62734364E-03
  9.90737343E+00  5.10625616E-02  1.41273998E-02  1.99583428E-05  2.60738516E-03  2.62734341E-03
  9.90837383E+00  5.10764308E-02  1.36167742E-02  1.85416557E-05  2.60880170E-03  2.62734341E-03
  9.90937424E+00  5.10897897E-02  1.31060099E-02  1.71767497E-05  2.61016656E-03  2.62734341E-03
  9.91037464E+00  5.11026382E-02  1.25951124E-02  1.58636867E-05  2.61147972E-03  2.62734341E-03
  9.91137505E+00  5.11149764E-02  1.20840864E-02  1.46025150E-05  2.61274073E-03  2.62734317E-03
  9.91237545E+00  5.11268042E-02  1.15729365E-02  1.33932863E-05  2.61395006E-03  2.62734341E-03
  9.91337585E+00  5.11381216E-02  1.10616684E-02  1.22360507E-05  2.61510746E-03  2.62734341E-03
  9.91437626E+00  5.11489250E-02  1.05502876E-02  1.11308573E-05  2.61621247E-03  2.62734341E-03
  9.91537666E+00  5.11592180E-02  1.00387987E-02  1.00777479E-05  2.61726556E-03  2.62734341E-03
  9.91637707E+00  5.11690006E-02  9.52720642E-03  9.07676622E-06  2.61826674E-03  2.62734341E-03
  9.91737747E+00  5.11782691E-02  9.01551638E-03  8.12795315E-06  2.61921529E-03  2.62734317E-03
  9.91837788E+00  5.11870272E-02  8.50373320E-03  7.23134826E-06  2.62011169E-03  2.62734294E-03
  9.91937828E+00  5.11952750E-02  7.99186248E-03  6.38698702E-06  2.62095616E-03  2.62734317E-03
  9.92037868E+00  5.12030087E-02  7.47990981E-03  5.59490536E-06  2.62174802E-03  2.62734294E-03
  9.92137909E+00  5.12102321E-02  6.96787983E-03  4.85513510E-06  2.62248795E-03  2.62734317E-03
  9.92237949E+00  5.12169413E-02  6.45577768E-03  4.16770672E-06  2.62317504E-03  2.62734271E-03
  9.92337990E+00  5.12231402E-02  5.94360847E-03  3.53264818E-06  2.62381020E-03  2.62734294E-03
  9.92438030E+00  5.12288250E-02  5.43137686E-03  2.94998563E-06  2.62439251E-03  2.62734247E-03
  9.92538071E+00  5.12339994E-02  4.91908845E-03  2.41974317E-06  2.62492266E-03  2.62734247E-03
  9.92638111E+00  5.12386598E-02  4.40674834E-03  1.94194308E-06  2.62540020E-03  2.62734224E-03
  9.92738152E+00  5.12428097E-02  3.89436167E-03  1.51660527E-06  2.62582558E-03  2.62734224E-03
  9.92838192E+00  5.12464456E-02  3.38193355E-03  1.14374745E-06  2.62619811E-03  2.62734178E-03
  9.92938232E+00  5.12495711E-02  2.86946911E-03  8.23385278E-07  2.62651849E-03  2.62734178E-03
  9.93038273E+00  5.12521826E-02  2.35697348E-03  5.55532438E-07  2.62678624E-03  2.62734178E-03
  9.93138313E+00  5.12542836E-02  1.84445165E-03  3.40200188E-07  2.62700161E-03  2.62734178E-03
  9.93238354E+00  5.12558706E-02  1.33190886E-03  1.77398121E-07  2.62716436E-03  2.62734178E-03
  9.93338394E+00  5.12569472E-02  8.19350127E-04  6.71334632E-08  2.62727472E-03  2.62734178E-03
  9.93438435E+00  5.12575097E-02  3.06780625E-04  9.41143519E-09  2.62733223E-03  2.62734154E-03
  9.93538475E+00  5.12575582E-02 -2.05794466E-04  4.23513624E-09  2.62733735E-03  2.62734154E-03
  9.93638515E+00  5.12570962E-02 -7.18370080E-04  5.16055607E-08  2.62728985E-03  2.62734154E-03
  9.93738556E+00  5.12561202E-02 -1.23094115E-03  1.51521618E-07  2.62718997E-03  2.62734154E-03
  9.93838596E+00  5.12546338E-02 -1.74350245E-03  3.03980073E-07  2.62703747E-03  2.62734154E-03
  9.93938637E+00  5.12526333E-02 -2.25604884E-03  5.08975688E-07  2.62683234E-03  2.62734131E-03
  9.94038677E+00  5.12501188E-02 -2.76857521E-03  7.66500875E-07  2.62657460E-03  2.62734108E-03
  9.94138718E+00  5.12470938E-02 -3.28107644E-03  1.07654625E-06  2.62626470E-03  2.62734131E-03
  9.94238758E+00  5.12435548E-02 -3.79354740E-03  1.43910017E-06  2.62590195E-03  2.62734108E-03
  9.94338799E+00  5.12395054E-02 -4.30598296E-03  1.85414899E-06  2.62548681E-03  2.62734108E-03
  9.94438839E+00  5.12349419E-02 -4.81837802E-03  2.32167667E-06  2.62501929E-03  2.62734108E-03
  9.94538879E+00  5.12298681E-02 -5.33072744E-03  2.84166549E-06  2.62449938E-03  2.62734108E-03
  9.94638920E+00  5.12242801E-02 -5.84302610E-03  3.41409554E-06  2.62392685E-03  2.62734084E-03
  9.94738960E+00  5.12181818E-02 -6.35526888E-03  4.03894410E-06  2.62330216E-03  2.62734108E-03
  9.94839001E+00  5.12115695E-02 -6.86745066E-03  4.71618796E-06  2.62262486E-03  2.62734108E-03
  9.94939041E+00  5.12044467E-02 -7.37956632E-03  5.44580007E-06  2.62189540E-03  2.62734131E-03
  9.95039082E+00  5.11968099E-02 -7.89161120E-03  6.22775269E-06  2.62111332E-03  2.62734108E-03
  9.95139122E+00  5.11886626E-02 -8.40357970E-03  7.06201536E-06  2.62027909E-03  2.62734108E-03
  9.95239162E+00  5.11800013E-02 -8.91546626E-03  7.94855350E-06  2.61939247E-03  2.62734108E-03
  9.95339203E+00  5.11708297E-02 -9.42726620E-03  8.88733484E-06  2.61845370E-03  2.62734108E-03
  9.95439243E+00  5.11611439E-02 -9.93897486E-03  9.87832300E-06  2.61746254E-03  2.62734084E-03
  9.95539284E+00  5.11509478E-02 -1.04505867E-02  1.09214770E-05  2.61641946E-03  2.62734084E-03
  9.95639324E+00  5.11402413E-02 -1.09620960E-02  1.20167551E-05  2.61532422E-03  2.62734108E-03
  9.95739365E+00  5.11290208E-02 -1.14734983E-02  1.31641164E-05  2.61417683E-03  2.62734084E-03
  9.95839405E+00  5.11172898E-02 -1.19847888E-02  1.43635161E-05  2.61297729E-03  2.62734084E-03
  9.95939445E+00  5.11050485E-02 -1.24959620E-02  1.56149072E-05  2.61172606E-03  2.62734108E-03
  9.96039486E+00  5.10922968E-02 -1.30070122E-02  1.69182367E-05  2.61042290E-03  2.62734108E-03
  9.96139526E+00  5.10790311E-02 -1.35179348E-02  1.82734566E-05  2.60906736E-03  2.62734084E-03
  9.96239567E+00  5.10652550E-02 -1.40287252E-02  1.96805140E-05  2.60766037E-03  2.62734084E-03
  9.96339607E+00  5.10509685E-02 -1.45393778E-02  2.11393508E-05  2.60620145E-03  2.62734084E-03
  9.96439648E+00  5.10361716E-02 -1.50498878E-02  2.26499124E-05  2.60469085E-03  2.62734084E-03
  9.96539688E+00  5.10208681E-02 -1.55602498E-02  2.42121369E-05  2.60312902E-03  2.62734108E-03
  9.96639729E+00  5.10050543E-02 -1.60704590E-02  2.58259661E-05  2.60151550E-03  2.62734154E-03
  9.96739769E+00  5.09887300E-02 -1.65805090E-02  2.74913273E-05  2.59985053E-03  2.62734178E-03
  9.96839809E+00  5.09718955E-02 -1.70903970E-02  2.92081677E-05  2.59813410E-03  2.62734224E-03
  9.96939850E+00  5.09545505E-02 -1.76001154E-02  3.09764073E-05  2.59636622E-03  2.62734271E-03
  9.97039890E+00  5.09366989E-02 -1.81096606E-02  3.27959824E-05  2.59454735E-03  2.62734341E-03
  9.97139931E+00  5.09183370E-02 -1.86190270E-02  3.46668166E-05  2.59267702E-03  2.62734387E-03
  9.97239971E+00  5.08994646E-02 -1.91282108E-02  3.65888445E-05  2.59075547E-03  2.62734434E-03
  9.97340012E+00  5.08800820E-02 -1.96372047E-02  3.85619824E-05  2.58878269E-03  2.62734457E-03
  9.97440052E+00  5.08601926E-02 -2.01460049E-02  4.05861501E-05  2.58675916E-03  2.62734527E-03
  9.97540092E+00  5.08397929E-02 -2.06546076E-02  4.26612824E-05  2.58468464E-03  2.62734597E-03
  9.97640133E+00  5.08188866E-02 -2.11630054E-02  4.47872808E-05  2.58255913E-03  2.62734643E-03
  9.97740173E+00  5.07974699E-02 -2.16711946E-02  4.69640690E-05  2.58038286E-03  2.62734690E-03
  9.97840214E+00  5.07755466E-02 -2.21791696E-02  4.91915562E-05  2.57815607E-03  2.62734760E-03
  9.97940254E+00  5.07531129E-02 -2.26869248E-02  5.14696585E-05  2.57587852E-03  2.62734806E-03
  9.98040295E+00  5.07301725E-02 -2.31944565E-02  5.37982814E-05  2.57355045E-03  2.62734876E-03
  9.98140335E+00  5.07067256E-02 -2.37017591E-02  5.61773377E-05  2.57117208E-03  2.62734946E-03
  9.98240376E+00  5.06827720E-02 -2.42088269E-02  5.86067326E-05  2.56874342E-03  2.62735016E-03
  9.98340416E+00  5.06583080E-02 -2.47156546E-02  6.10863572E-05  2.56626424E-03  2.62735062E-03
  9.98440456E+00  5.06333373E-02 -2.52222382E-02  6.36161349E-05  2.56373477E-03  2.62735086E-03
  9.98540497E+00  5.06078601E-02 -2.57285722E-02  6.61959421E-05  2.56115547E-03  2.62735132E-03
  9.98640537E+00  5.05818799E-02 -2.62346510E-02  6.88256914E-05  2.55852658E-03  2.62735225E-03
  9.98740578E+00  5.05553931E-02 -2.67404690E-02  7.15052738E-05  2.55584787E-03  2.62735318E-03
  9.98840618E+00  5.05283996E-02 -2.72460226E-02  7.42345801E-05  2.55311909E-03  2.62735365E-03
  9.98940659E+00  5.05008996E-02 -2.77513061E-02  7.70135011E-05  2.55034096E-03  2.62735435E-03
  9.99040699E+00  5.04728965E-02 -2.82563157E-02  7.98419351E-05  2.54751323E-03  2.62735505E-03
  9.99140739E+00  5.04443869E-02 -2.87610441E-02  8.27197728E-05  2.54463614E-03  2.62735598E-03
  9.99240780E+00  5.04153743E-02 -2.92654876E-02  8.56468760E-05  2.54170992E-03  2.62735691E-03
  9.99340820E+00  5.03858551E-02 -2.97696404E-02  8.86231501E-05  2.53873435E-03  2.62735761E-03
  9.99440861E+00  5.03558330E-02 -3.02734990E-02  9.16484787E-05  2.53570988E-03  2.62735831E-03
  9.99540901E+00  5.03253080E-02 -3.07770576E-02  9.47227309E-05  2.53263651E-03  2.62735924E-03
  9.99640942E+00  5.02942763E-02 -3.12803090E-02  9.78457756E-05  2.52951426E-03  2.62735994E-03
  9.99740982E+00  5.02627417E-02 -3.17832530E-02  1.01017526E-04  2.52634310E-03  2.62736063E-03
  9.99841022E+00  5.02307080E-02 -3.22858803E-02  1.04237806E-04  2.52312399E-03  2.62736180E-03
  9.99941063E+00  5.01981713E-02 -3.27881873E-02  1.07506523E-04  2.51985644E-03  2.62736296E-03
  1.00004110E+01  5.01651317E-02 -3.32901701E-02  1.10823545E-04  2.51654047E-03  2.62736389E-03
