   4.6374701510522509E-003  -2809.2368457118359     
   9.2749403021045018E-003  -2809.2368457118359     
   1.3912410453156752E-002  -2809.2368457118359     
   1.8549880604209004E-002  -2809.2368457118359     
   2.3187350755261255E-002  -2809.2368457118359     
   2.7824820906313504E-002  -2809.2368457118359     
   3.2462291057365755E-002  -2809.2368457118359     
   3.7099761208418007E-002  -2809.2368457118359     
   4.1737231359470259E-002  -2809.2368457118359     
   4.6374701510522510E-002  -2809.2368457118359     
   5.1012171661574762E-002  -2809.2368457118359     
   5.5649641812627007E-002  -2809.2368457118359     
   6.0287111963679259E-002  -2809.2368457118359     
   6.4924582114731511E-002  -2809.2368457118359     
   6.9562052265783769E-002  -2809.2368457118359     
   7.4199522416836014E-002  -2809.2368457118359     
   7.8836992567888259E-002  -2809.2368457118359     
   8.3474462718940518E-002  -2809.2368457118359     
   8.8111932869992762E-002  -2809.2368457118359     
   9.2749403021045021E-002  -2809.2368457118359     
   9.7386873172097266E-002  -2809.2368457118359     
  0.10202434332314952       -2809.2368457118359     
  0.10666181347420177       -2809.2368457118359     
  0.11129928362525401       -2809.2368457118359     
  0.11593675377630627       -2809.2368457118359     
  0.12057422392735852       -2809.2368457118359     
  0.12521169407841076       -2809.2368457118359     
  0.12984916422946302       -2809.2368457118359     
  0.13448663438051528       -2809.2368457118359     
  0.13912410453156754       -2809.2368457118359     
  0.14376157468261977       -2809.2368457118359     
  0.14839904483367203       -2809.2368457118359     
  0.15303651498472429       -2809.2368457118359     
  0.15767398513577652       -2809.2368457118359     
  0.16231145528682878       -2809.2368457118359     
  0.16694892543788104       -2809.2368457118359     
  0.17158639558893329       -2809.2368457118359     
  0.17622386573998552       -2809.2368457118359     
  0.18086133589103778       -2809.2368457118359     
  0.18549880604209004       -2809.2368457118359     
  0.19013627619314227       -2809.2368457118359     
  0.19477374634419453       -2809.2368457118359     
  0.19941121649524679       -2809.2368457118359     
  0.20404868664629905       -2809.2368457118359     
  0.20868615679735128       -2809.2368457118359     
  0.21332362694840354       -2809.2368457118359     
  0.21796109709945580       -2809.2368457118359     
  0.22259856725050803       -2809.2368457118359     
  0.22723603740156029       -2809.2368457118359     
  0.23187350755261255       -2809.2368457118359     
  0.23651097770366480       -2809.2368457118359     
  0.24114844785471704       -2809.2368457118359     
  0.24578591800576929       -2809.2368457118359     
  0.25042338815682152       -2809.2368457118359     
  0.25506085830787378       -2809.2368457118359     
  0.25969832845892604       -2809.2368457118359     
  0.26433579860997830       -2809.2368457118359     
  0.26897326876103056       -2809.2368457118359     
  0.27361073891208282       -2809.2368457118359     
  0.27824820906313508       -2809.2368457118359     
  0.28288567921418728       -2809.2368457118359     
  0.28752314936523954       -2809.2368457118359     
  0.29216061951629180       -2809.2368457118359     
  0.29679808966734406       -2809.2368457118359     
  0.30143555981839631       -2809.2368457118359     
  0.30607302996944857       -2809.2368457118359     
  0.31071050012050083       -2809.2368457118359     
  0.31534797027155304       -2809.2368457118359     
  0.31998544042260529       -2809.2368457118359     
  0.32462291057365755       -2809.2368457118359     
  0.32926038072470981       -2809.2368457118359     
  0.33389785087576207       -2809.2368457118359     
  0.33853532102681433       -2809.2368457118359     
  0.34317279117786659       -2809.2368457118359     
  0.34781026132891879       -2809.2368457118359     
  0.35244773147997105       -2809.2368457118359     
  0.35708520163102331       -2809.2368457118359     
  0.36172267178207557       -2809.2368457118359     
  0.36636014193312783       -2809.2368457118359     
  0.37099761208418008       -2809.2368457118359     
  0.37563508223523234       -2809.2368457118359     
  0.38027255238628455       -2809.2368457118359     
  0.38491002253733680       -2809.2368457118359     
  0.38954749268838906       -2809.2368457118359     
  0.39418496283944132       -2809.2368457118359     
  0.39882243299049358       -2809.2368457118359     
  0.40345990314154584       -2809.2368457118359     
  0.40809737329259810       -2809.2368457118359     
  0.41273484344365030       -2809.2368457118359     
  0.41737231359470256       -2809.2368457118359     
  0.42200978374575482       -2809.2368457118359     
  0.42664725389680708       -2809.2368457118359     
  0.43128472404785934       -2809.2368457118359     
  0.43592219419891159       -2809.2368457118359     
  0.44055966434996385       -2809.2368457118359     
  0.44519713450101606       -2809.2368457118359     
  0.44983460465206832       -2809.2368457118359     
  0.45447207480312057       -2809.2368457118359     
  0.45910954495417283       -2809.2368457118359     
  0.46374701510522509       -2809.2368457118359     
  0.46838448525627735       -2809.2368457118359     
  0.47302195540732961       -2809.2368457118359     
  0.47765942555838187       -2809.2368457118359     
  0.48229689570943407       -2809.2368457118359     
  0.48693436586048633       -2809.2368457118359     
  0.49157183601153859       -2809.2368457118359     
  0.49620930616259085       -2809.2368457118359     
  0.50084677631364305       -2809.2368457118359     
  0.50548424646469536       -2809.2368457118359     
  0.51012171661574757       -2809.2368457118359     
  0.51475918676679988       -2809.2368457118359     
  0.51939665691785208       -2809.2368457118359     
  0.52403412706890440       -2809.2368457118359     
  0.52867159721995660       -2809.2368457118359     
  0.53330906737100880       -2809.2368457118359     
  0.53794653752206112       -2809.2368457118359     
  0.54258400767311332       -2809.2368457118359     
  0.54722147782416564       -2809.2368457118359     
  0.55185894797521784       -2809.2368457118359     
  0.55649641812627015       -2809.2368457118359     
  0.56113388827732236       -2809.2368457118359     
  0.56577135842837456       -2809.2368457118359     
  0.57040882857942687       -2809.2368457118359     
  0.57504629873047908       -2809.2368457118359     
  0.57968376888153139       -2809.2368457118359     
  0.58432123903258359       -2809.2368457118359     
  0.58895870918363591       -2809.2368457118359     
  0.59359617933468811       -2809.2368457118359     
  0.59823364948574032       -2809.2368457118359     
  0.60287111963679263       -2809.2368457118359     
  0.60750858978784483       -2809.2368457118359     
  0.61214605993889715       -2809.2368457118359     
  0.61678353008994935       -2809.2368457118359     
  0.62142100024100166       -2809.2368457118359     
  0.62605847039205387       -2809.2368457118359     
  0.63069594054310607       -2809.2368457118359     
  0.63533341069415838       -2809.2368457118359     
  0.63997088084521059       -2809.2368457118359     
  0.64460835099626290       -2809.2368457118359     
  0.64924582114731511       -2809.2368457118359     
  0.65388329129836742       -2809.2368457118359     
  0.65852076144941962       -2809.2368457118359     
  0.66315823160047183       -2809.2368457118359     
  0.66779570175152414       -2809.2368457118359     
  0.67243317190257634       -2809.2368457118359     
  0.67707064205362866       -2809.2368457118359     
  0.68170811220468086       -2809.2368457118359     
  0.68634558235573317       -2809.2368457118359     
  0.69098305250678538       -2809.2368457118359     
  0.69562052265783758       -2809.2368457118359     
  0.70025799280888990       -2809.2368457118359     
  0.70489546295994210       -2809.2368457118359     
  0.70953293311099441       -2809.2368457118359     
  0.71417040326204662       -2809.2368457118359     
  0.71880787341309893       -2809.2368457118359     
  0.72344534356415113       -2809.2368457118359     
  0.72808281371520334       -2809.2368457118359     
  0.73272028386625565       -2809.2368457118359     
  0.73735775401730785       -2809.2368457118359     
  0.74199522416836017       -2809.2368457118359     
  0.74663269431941237       -2809.2368457118359     
  0.75127016447046469       -2809.2368457118359     
  0.75590763462151689       -2809.2368457118359     
  0.76054510477256909       -2809.2368457118359     
  0.76518257492362141       -2809.2368457118359     
  0.76982004507467361       -2809.2368457118359     
  0.77445751522572592       -2809.2368457118359     
  0.77909498537677813       -2809.2368457118359     
  0.78373245552783044       -2809.2368457118359     
  0.78836992567888264       -2809.2368457118359     
  0.79300739582993485       -2809.2368457118359     
  0.79764486598098716       -2809.2368457118359     
  0.80228233613203936       -2809.2368457118359     
  0.80691980628309168       -2809.2368457118359     
  0.81155727643414388       -2809.2368457118359     
  0.81619474658519620       -2809.2368457118359     
  0.82083221673624840       -2809.2368457118359     
  0.82546968688730060       -2809.2368457118359     
  0.83010715703835292       -2809.2368457118359     
  0.83474462718940512       -2809.2368457118359     
  0.83938209734045743       -2809.2368457118359     
  0.84401956749150964       -2809.2368457118359     
  0.84865703764256195       -2809.2368457118359     
  0.85329450779361415       -2809.2368457118359     
  0.85793197794466636       -2809.2368457118359     
  0.86256944809571867       -2809.2368457118359     
  0.86720691824677087       -2809.2368457118359     
  0.87184438839782319       -2809.2368457118359     
  0.87648185854887539       -2809.2368457118359     
  0.88111932869992771       -2809.2368457118359     
  0.88575679885097991       -2809.2368457118359     
  0.89039426900203211       -2809.2368457118359     
  0.89503173915308443       -2809.2368457118359     
  0.89966920930413663       -2809.2368457118359     
  0.90430667945518894       -2809.2368457118359     
  0.90894414960624115       -2809.2368457118359     
  0.91358161975729346       -2809.2368457118359     
  0.91821908990834566       -2809.2368457118359     
  0.92285656005939798       -2809.2368457118359     
  0.92749403021045018       -2809.2368457118359     
  0.93213150036150239       -2809.2368457118359     
  0.93676897051255470       -2809.2368457118359     
  0.94140644066360690       -2809.2368457118359     
  0.94604391081465922       -2809.2368457118359     
  0.95068138096571142       -2809.2368457118359     
  0.95531885111676373       -2809.2368457118359     
  0.95995632126781594       -2809.2368457118359     
  0.96459379141886814       -2809.2368457118359     
  0.96923126156992045       -2809.2368457118359     
  0.97386873172097266       -2809.2368457118359     
  0.97850620187202497       -2809.2368457118359     
  0.98314367202307718       -2809.2368457118359     
  0.98778114217412949       -2809.2368457118359     
  0.99241861232518169       -2809.2368457118359     
  0.99705608247623390       -2809.2368457118359     
   1.0016935526272861       -2809.2368457118359     
   1.0063310227783384       -2809.2368457118359     
   1.0109684929293907       -2809.2368457118359     
   1.0156059630804430       -2809.2368457118359     
   1.0202434332314951       -2809.2368457118359     
   1.0248809033825474       -2809.2368457118359     
   1.0295183735335998       -2809.2368457118359     
   1.0341558436846519       -2809.2368457118359     
   1.0387933138357042       -2809.2368457118359     
   1.0434307839867565       -2809.2368457118359     
   1.0480682541378088       -2809.2368457118359     
   1.0527057242888609       -2809.2368457118359     
   1.0573431944399132       -2809.2368457118359     
   1.0619806645909655       -2809.2368457118359     
   1.0666181347420176       -2809.2368457118359     
   1.0712556048930699       -2809.2368457118359     
   1.0758930750441222       -2809.2368457118359     
   1.0805305451951746       -2809.2368457118359     
   1.0851680153462266       -2809.2368457118359     
   1.0898054854972790       -2809.2368457118359     
   1.0944429556483313       -2809.2368457118359     
   1.0990804257993834       -2809.2368457118359     
   1.1037178959504357       -2809.2368457118359     
   1.1083553661014880       -2809.2368457118359     
   1.1129928362525403       -2809.2368457118359     
   1.1176303064035924       -2809.2368457118359     
   1.1222677765546447       -2809.2368457118359     
   1.1269052467056970       -2809.2368457118359     
   1.1315427168567491       -2809.2368457118359     
   1.1361801870078014       -2809.2368457118359     
   1.1408176571588537       -2809.2368457118359     
   1.1454551273099061       -2809.2368457118359     
   1.1500925974609582       -2809.2368457118359     
   1.1547300676120105       -2809.2368457118359     
   1.1593675377630628       -2809.2368457118359     
   1.1640050079141149       -2809.2368457118359     
   1.1686424780651672       -2809.2368457118359     
   1.1732799482162195       -2809.2368457118359     
   1.1779174183672718       -2809.2368457118359     
   1.1825548885183239       -2809.2368457118359     
   1.1871923586693762       -2809.2368457118359     
   1.1918298288204285       -2809.2368457118359     
   1.1964672989714806       -2809.2368457118359     
   1.2011047691225329       -2809.2368457118359     
   1.2057422392735853       -2809.2368457118359     
   1.2103797094246376       -2809.2368457118359     
   1.2150171795756897       -2809.2368457118359     
   1.2196546497267420       -2809.2368457118359     
   1.2242921198777943       -2809.2368457118359     
   1.2289295900288464       -2809.2368457118359     
   1.2335670601798987       -2809.2368457118359     
   1.2382045303309510       -2809.2368457118359     
   1.2428420004820033       -2809.2368457118359     
   1.2474794706330554       -2809.2368457118359     
   1.2521169407841077       -2809.2368457118359     
   1.2567544109351600       -2809.2368457118359     
   1.2613918810862121       -2809.2368457118359     
   1.2660293512372645       -2809.2368457118359     
   1.2706668213883168       -2809.2368457118359     
   1.2753042915393691       -2809.2368457118359     
   1.2799417616904212       -2809.2368457118359     
   1.2845792318414735       -2809.2368457118359     
   1.2892167019925258       -2809.2368457118359     
   1.2938541721435779       -2809.2368457118359     
   1.2984916422946302       -2809.2368457118359     
   1.3031291124456825       -2809.2368457118359     
   1.3077665825967348       -2809.2368457118359     
   1.3124040527477869       -2809.2368457118359     
   1.3170415228988392       -2809.2368457118359     
   1.3216789930498916       -2809.2368457118359     
   1.3263164632009437       -2809.2368457118359     
   1.3309539333519960       -2809.2368457118359     
   1.3355914035030483       -2809.2368457118359     
   1.3402288736541006       -2809.2368457118359     
   1.3448663438051527       -2809.2368457118359     
   1.3495038139562050       -2809.2368457118359     
   1.3541412841072573       -2809.2368457118359     
   1.3587787542583094       -2809.2368457118359     
   1.3634162244093617       -2809.2368457118359     
   1.3680536945604140       -2809.2368457118359     
   1.3726911647114663       -2809.2368457118359     
   1.3773286348625184       -2809.2368457118359     
   1.3819661050135708       -2809.2368457118359     
   1.3866035751646231       -2809.2368457118359     
   1.3912410453156752       -2809.2368457118359     
   1.3958785154667275       -2809.2368457118359     
   1.4005159856177798       -2809.2368457118359     
   1.4051534557688321       -2809.2368457118359     
   1.4097909259198842       -2809.2368457118359     
   1.4144283960709365       -2809.2368457118359     
   1.4190658662219888       -2809.2368457118359     
   1.4237033363730409       -2809.2368457118359     
   1.4283408065240932       -2809.2368457118359     
   1.4329782766751455       -2809.2368457118359     
   1.4376157468261979       -2809.2368457118359     
   1.4422532169772500       -2809.2368457118359     
   1.4468906871283023       -2809.2368457118359     
   1.4515281572793546       -2809.2368457118359     
   1.4561656274304067       -2809.2368457118359     
   1.4608030975814590       -2809.2368457118359     
   1.4654405677325113       -2809.2368457118359     
   1.4700780378835636       -2809.2368457118359     
   1.4747155080346157       -2809.2368457118359     
   1.4793529781856680       -2809.2368457118359     
   1.4839904483367203       -2809.2368457118359     
   1.4886279184877724       -2809.2368457118359     
   1.4932653886388247       -2809.2368457118359     
   1.4979028587898771       -2809.2368457118359     
   1.5025403289409294       -2809.2368457118359     
   1.5071777990919815       -2809.2368457118359     
   1.5118152692430338       -2809.2368457118359     
   1.5164527393940861       -2809.2368457118359     
   1.5210902095451382       -2809.2368457118359     
   1.5257276796961905       -2809.2368457118359     
   1.5303651498472428       -2809.2368457118359     
   1.5350026199982951       -2809.2368457118359     
   1.5396400901493472       -2809.2368457118359     
   1.5442775603003995       -2809.2368457118359     
   1.5489150304514518       -2809.2368457118359     
   1.5535525006025039       -2809.2368457118359     
   1.5581899707535563       -2809.2368457118359     
   1.5628274409046086       -2809.2368457118359     
   1.5674649110556609       -2809.2368457118359     
   1.5721023812067130       -2809.2368457118359     
   1.5767398513577653       -2809.2368457118359     
   1.5813773215088176       -2809.2368457118359     
   1.5860147916598697       -2809.2368457118359     
   1.5906522618109220       -2809.2368457118359     
   1.5952897319619743       -2809.2368457118359     
   1.5999272021130266       -2809.2368457118359     
   1.6045646722640787       -2809.2368457118359     
   1.6092021424151310       -2809.2368457118359     
   1.6138396125661834       -2809.2368457118359     
   1.6184770827172354       -2809.2368457118359     
   1.6231145528682878       -2809.2368457118359     
   1.6277520230193401       -2809.2368457118359     
   1.6323894931703924       -2809.2368457118359     
   1.6370269633214445       -2809.2368457118359     
   1.6416644334724968       -2809.2368457118359     
   1.6463019036235491       -2809.2368457118359     
   1.6509393737746012       -2809.2368457118359     
   1.6555768439256535       -2809.2368457118359     
   1.6602143140767058       -2809.2368457118359     
   1.6648517842277581       -2809.2368457118359     
   1.6694892543788102       -2809.2368457118359     
   1.6741267245298626       -2809.2368457118359     
   1.6787641946809149       -2809.2368457118359     
   1.6834016648319670       -2809.2368457118359     
   1.6880391349830193       -2809.2368457118359     
   1.6926766051340716       -2809.2368457118359     
   1.6973140752851239       -2809.2368457118359     
   1.7019515454361760       -2809.2368457118359     
   1.7065890155872283       -2809.2368457118359     
   1.7112264857382806       -2809.2368457118359     
   1.7158639558893327       -2809.2368457118359     
   1.7205014260403850       -2809.2368457118359     
   1.7251388961914373       -2809.2368457118359     
   1.7297763663424897       -2809.2368457118359     
   1.7344138364935417       -2809.2368457118359     
   1.7390513066445941       -2809.2368457118359     
   1.7436887767956464       -2809.2368457118359     
   1.7483262469466985       -2809.2368457118359     
   1.7529637170977508       -2809.2368457118359     
   1.7576011872488031       -2809.2368457118359     
   1.7622386573998554       -2809.2368457118359     
   1.7668761275509075       -2809.2368457118359     
   1.7715135977019598       -2809.2368457118359     
   1.7761510678530121       -2809.2368457118359     
   1.7807885380040642       -2809.2368457118359     
   1.7854260081551165       -2809.2368457118359     
   1.7900634783061689       -2809.2368457118359     
   1.7947009484572212       -2809.2368457118359     
   1.7993384186082733       -2809.2368457118359     
   1.8039758887593256       -2809.2368457118359     
   1.8086133589103779       -2809.2368457118359     
   1.8132508290614302       -2809.2368457118359     
   1.8178882992124823       -2809.2368457118359     
   1.8225257693635346       -2809.2368457118359     
   1.8271632395145869       -2809.2368457118359     
   1.8318007096656390       -2809.2368457118359     
   1.8364381798166913       -2809.2368457118359     
   1.8410756499677436       -2809.2368457118359     
   1.8457131201187960       -2809.2368457118359     
   1.8503505902698481       -2809.2368457118359     
   1.8549880604209004       -2809.2368457118359     
   1.8596255305719527       -2809.2368457118359     
   1.8642630007230048       -2809.2368457118359     
   1.8689004708740571       -2809.2368457118359     
   1.8735379410251094       -2809.2368457118359     
   1.8781754111761617       -2809.2368457118359     
   1.8828128813272138       -2809.2368457118359     
   1.8874503514782661       -2809.2368457118359     
   1.8920878216293184       -2809.2368457118359     
   1.8967252917803705       -2809.2368457118359     
   1.9013627619314228       -2809.2368457118359     
   1.9060002320824752       -2809.2368457118359     
   1.9106377022335275       -2809.2368457118359     
   1.9152751723845796       -2809.2368457118359     
   1.9199126425356319       -2809.2368457118359     
   1.9245501126866842       -2809.2368457118359     
   1.9291875828377363       -2809.2368457118359     
   1.9338250529887886       -2809.2368457118359     
   1.9384625231398409       -2809.2368457118359     
   1.9430999932908932       -2809.2368457118359     
   1.9477374634419453       -2809.2368457118359     
   1.9523749335929976       -2809.2368457118359     
   1.9570124037440499       -2809.2368457118359     
   1.9616498738951020       -2809.2368457118359     
   1.9662873440461544       -2809.2368457118359     
   1.9709248141972067       -2809.2368457118359     
   1.9755622843482590       -2809.2368457118359     
   1.9801997544993111       -2809.2368457118359     
   1.9848372246503634       -2809.2368457118359     
   1.9894746948014157       -2809.2368457118359     
   1.9941121649524678       -2809.2368457118359     
   1.9987496351035201       -2809.2368457118359     
   2.0033871052545722       -2809.2368457118359     
   2.0080245754056247       -2809.2368457118359     
   2.0126620455566768       -2809.2368457118359     
   2.0172995157077289       -2809.2368457118359     
   2.0219369858587815       -2809.2368457118359     
   2.0265744560098335       -2809.2368457118359     
   2.0312119261608861       -2809.2368457118359     
   2.0358493963119382       -2809.2368457118359     
   2.0404868664629903       -2809.2368457118359     
   2.0451243366140428       -2809.2368457118359     
   2.0497618067650949       -2809.2368457118359     
   2.0543992769161470       -2809.2368457118359     
   2.0590367470671995       -2809.2368457118359     
   2.0636742172182516       -2809.2368457118359     
   2.0683116873693037       -2809.2368457118359     
   2.0729491575203562       -2809.2368457118359     
   2.0775866276714083       -2809.2368457118359     
   2.0822240978224604       -2809.2368457118359     
   2.0868615679735130       -2809.2368457118359     
   2.0914990381245651       -2809.2368457118359     
   2.0961365082756176       -2809.2368457118359     
   2.1007739784266697       -2809.2368457118359     
   2.1054114485777218       -2809.2368457118359     
   2.1100489187287743       -2809.2368457118359     
   2.1146863888798264       -2809.2368457118359     
   2.1193238590308785       -2809.2368457118359     
   2.1239613291819310       -2809.2368457118359     
   2.1285987993329831       -2809.2368457118359     
   2.1332362694840352       -2809.2368457118359     
   2.1378737396350878       -2809.2368457118359     
   2.1425112097861398       -2809.2368457118359     
   2.1471486799371919       -2809.2368457118359     
   2.1517861500882445       -2809.2368457118359     
   2.1564236202392966       -2809.2368457118359     
   2.1610610903903491       -2809.2368457118359     
   2.1656985605414012       -2809.2368457118359     
   2.1703360306924533       -2809.2368457118359     
   2.1749735008435058       -2809.2368457118359     
   2.1796109709945579       -2809.2368457118359     
   2.1842484411456100       -2809.2368457118359     
   2.1888859112966625       -2809.2368457118359     
   2.1935233814477146       -2809.2368457118359     
   2.1981608515987667       -2809.2368457118359     
   2.2027983217498193       -2809.2368457118359     
   2.2074357919008714       -2809.2368457118359     
   2.2120732620519235       -2809.2368457118359     
   2.2167107322029760       -2809.2368457118359     
   2.2213482023540281       -2809.2368457118359     
   2.2259856725050806       -2809.2368457118359     
   2.2306231426561327       -2809.2368457118359     
   2.2352606128071848       -2809.2368457118359     
   2.2398980829582373       -2809.2368457118359     
   2.2445355531092894       -2809.2368457118359     
   2.2491730232603415       -2809.2368457118359     
   2.2538104934113941       -2809.2368457118359     
   2.2584479635624461       -2809.2368457118359     
   2.2630854337134982       -2809.2368457118359     
   2.2677229038645508       -2809.2368457118359     
   2.2723603740156029       -2809.2368457118359     
   2.2769978441666550       -2809.2368457118359     
   2.2816353143177075       -2809.2368457118359     
   2.2862727844687596       -2809.2368457118359     
   2.2909102546198121       -2809.2368457118359     
   2.2955477247708642       -2809.2368457118359     
   2.3001851949219163       -2809.2368457118359     
   2.3048226650729688       -2809.2368457118359     
   2.3094601352240209       -2809.2368457118359     
   2.3140976053750730       -2809.2368457118359     
   2.3187350755261256       -2809.2368457118359     
   2.3233725456771777       -2809.2368457118359     
   2.3280100158282298       -2809.2368457118359     
   2.3326474859792823       -2809.2368457118359     
   2.3372849561303344       -2809.2368457118359     
   2.3419224262813865       -2809.2368457118359     
   2.3465598964324390       -2809.2368457118359     
   2.3511973665834911       -2809.2368457118359     
   2.3558348367345436       -2809.2368457118359     
   2.3604723068855957       -2809.2368457118359     
   2.3651097770366478       -2809.2368457118359     
   2.3697472471877004       -2809.2368457118359     
   2.3743847173387524       -2809.2368457118359     
   2.3790221874898045       -2809.2368457118359     
   2.3836596576408571       -2809.2368457118359     
   2.3882971277919092       -2809.2368457118359     
   2.3929345979429613       -2809.2368457118359     
   2.3975720680940138       -2809.2368457118359     
   2.4022095382450659       -2809.2368457118359     
   2.4068470083961184       -2809.2368457118359     
   2.4114844785471705       -2809.2368457118359     
   2.4161219486982226       -2809.2368457118359     
   2.4207594188492751       -2809.2368457118359     
   2.4253968890003272       -2809.2368457118359     
   2.4300343591513793       -2809.2368457118359     
   2.4346718293024319       -2809.2368457118359     
   2.4393092994534840       -2809.2368457118359     
   2.4439467696045361       -2809.2368457118359     
   2.4485842397555886       -2809.2368457118359     
   2.4532217099066407       -2809.2368457118359     
   2.4578591800576928       -2809.2368457118359     
   2.4624966502087453       -2809.2368457118359     
   2.4671341203597974       -2809.2368457118359     
   2.4717715905108499       -2809.2368457118359     
   2.4764090606619020       -2809.2368457118359     
   2.4810465308129541       -2809.2368457118359     
   2.4856840009640067       -2809.2368457118359     
   2.4903214711150587       -2809.2368457118359     
   2.4949589412661108       -2809.2368457118359     
   2.4995964114171634       -2809.2368457118359     
   2.5042338815682155       -2809.2368457118359     
   2.5088713517192676       -2809.2368457118359     
   2.5135088218703201       -2809.2368457118359     
   2.5181462920213722       -2809.2368457118359     
   2.5227837621724243       -2809.2368457118359     
   2.5274212323234768       -2809.2368457118359     
   2.5320587024745289       -2809.2368457118359     
   2.5366961726255814       -2809.2368457118359     
   2.5413336427766335       -2809.2368457118359     
   2.5459711129276856       -2809.2368457118359     
   2.5506085830787382       -2809.2368457118359     
   2.5552460532297903       -2809.2368457118359     
   2.5598835233808424       -2809.2368457118359     
   2.5645209935318949       -2809.2368457118359     
   2.5691584636829470       -2809.2368457118359     
   2.5737959338339991       -2809.2368457118359     
   2.5784334039850516       -2809.2368457118359     
   2.5830708741361037       -2809.2368457118359     
   2.5877083442871558       -2809.2368457118359     
   2.5923458144382083       -2809.2368457118359     
   2.5969832845892604       -2809.2368457118359     
   2.6016207547403130       -2809.2368457118359     
   2.6062582248913650       -2809.2368457118359     
   2.6108956950424171       -2809.2368457118359     
   2.6155331651934697       -2809.2368457118359     
   2.6201706353445218       -2809.2368457118359     
   2.6248081054955739       -2809.2368457118359     
   2.6294455756466264       -2809.2368457118359     
   2.6340830457976785       -2809.2368457118359     
   2.6387205159487306       -2809.2368457118359     
   2.6433579860997831       -2809.2368457118359     
   2.6479954562508352       -2809.2368457118359     
   2.6526329264018873       -2809.2368457118359     
   2.6572703965529398       -2809.2368457118359     
   2.6619078667039919       -2809.2368457118359     
   2.6665453368550445       -2809.2368457118359     
   2.6711828070060966       -2809.2368457118359     
   2.6758202771571487       -2809.2368457118359     
   2.6804577473082012       -2809.2368457118359     
   2.6850952174592533       -2809.2368457118359     
   2.6897326876103054       -2809.2368457118359     
   2.6943701577613579       -2809.2368457118359     
   2.6990076279124100       -2809.2368457118359     
   2.7036450980634621       -2809.2368457118359     
   2.7082825682145146       -2809.2368457118359     
   2.7129200383655667       -2809.2368457118359     
   2.7175575085166188       -2809.2368457118359     
   2.7221949786676714       -2809.2368457118359     
   2.7268324488187234       -2809.2368457118359     
   2.7314699189697760       -2809.2368457118359     
   2.7361073891208281       -2809.2368457118359     
   2.7407448592718802       -2809.2368457118359     
   2.7453823294229327       -2809.2368457118359     
   2.7500197995739848       -2809.2368457118359     
   2.7546572697250369       -2809.2368457118359     
   2.7592947398760894       -2809.2368457118359     
   2.7639322100271415       -2809.2368457118359     
   2.7685696801781936       -2809.2368457118359     
   2.7732071503292461       -2809.2368457118359     
   2.7778446204802982       -2809.2368457118359     
   2.7824820906313503       -2809.2368457118359     
   2.7871195607824029       -2809.2368457118359     
   2.7917570309334550       -2809.2368457118359     
   2.7963945010845075       -2809.2368457118359     
   2.8010319712355596       -2809.2368457118359     
   2.8056694413866117       -2809.2368457118359     
   2.8103069115376642       -2809.2368457118359     
   2.8149443816887163       -2809.2368457118359     
   2.8195818518397684       -2809.2368457118359     
   2.8242193219908209       -2809.2368457118359     
   2.8288567921418730       -2809.2368457118359     
   2.8334942622929251       -2809.2368457118359     
   2.8381317324439777       -2809.2368457118359     
   2.8427692025950297       -2809.2368457118359     
   2.8474066727460818       -2809.2368457118359     
   2.8520441428971344       -2809.2368457118359     
   2.8566816130481865       -2809.2368457118359     
   2.8613190831992390       -2809.2368457118359     
   2.8659565533502911       -2809.2368457118359     
   2.8705940235013432       -2809.2368457118359     
   2.8752314936523957       -2809.2368457118359     
   2.8798689638034478       -2809.2368457118359     
   2.8845064339544999       -2809.2368457118359     
   2.8891439041055524       -2809.2368457118359     
   2.8937813742566045       -2809.2368457118359     
   2.8984188444076566       -2809.2368457118359     
   2.9030563145587092       -2809.2368457118359     
   2.9076937847097613       -2809.2368457118359     
   2.9123312548608133       -2809.2368457118359     
   2.9169687250118659       -2809.2368457118359     
   2.9216061951629180       -2809.2368457118359     
   2.9262436653139705       -2809.2368457118359     
   2.9308811354650226       -2809.2368457118359     
   2.9355186056160747       -2809.2368457118359     
   2.9401560757671272       -2809.2368457118359     
   2.9447935459181793       -2809.2368457118359     
   2.9494310160692314       -2809.2368457118359     
   2.9540684862202840       -2809.2368457118359     
   2.9587059563713360       -2809.2368457118359     
   2.9633434265223881       -2809.2368457118359     
   2.9679808966734407       -2809.2368457118359     
   2.9726183668244928       -2809.2368457118359     
   2.9772558369755449       -2809.2368457118359     
   2.9818933071265974       -2809.2368457118359     
   2.9865307772776495       -2809.2368457118359     
   2.9911682474287020       -2809.2368457118359     
   2.9958057175797541       -2809.2368457118359     
   3.0004431877308062       -2809.2368457118359     
   3.0050806578818587       -2809.2368457118359     
   3.0097181280329108       -2809.2368457118359     
   3.0143555981839629       -2809.2368457118359     
   3.0189930683350155       -2809.2368457118359     
   3.0236305384860676       -2809.2368457118359     
   3.0282680086371196       -2809.2368457118359     
   3.0329054787881722       -2809.2368457118359     
   3.0375429489392243       -2809.2368457118359     
   3.0421804190902764       -2809.2368457118359     
   3.0468178892413289       -2809.2368457118359     
   3.0514553593923810       -2809.2368457118359     
   3.0560928295434335       -2809.2368457118359     
   3.0607302996944856       -2809.2368457118359     
   3.0653677698455377       -2809.2368457118359     
   3.0700052399965903       -2809.2368457118359     
   3.0746427101476423       -2809.2368457118359     
   3.0792801802986944       -2809.2368457118359     
   3.0839176504497470       -2809.2368457118359     
   3.0885551206007991       -2809.2368457118359     
   3.0931925907518512       -2809.2368457118359     
   3.0978300609029037       -2809.2368457118359     
   3.1024675310539558       -2809.2368457118359     
   3.1071050012050079       -2809.2368457118359     
   3.1117424713560604       -2809.2368457118359     
   3.1163799415071125       -2809.2368457118359     
   3.1210174116581650       -2809.2368457118359     
   3.1256548818092171       -2809.2368457118359     
   3.1302923519602692       -2809.2368457118359     
   3.1349298221113218       -2809.2368457118359     
   3.1395672922623739       -2809.2368457118359     
   3.1442047624134259       -2809.2368457118359     
   3.1488422325644785       -2809.2368457118359     
   3.1534797027155306       -2809.2368457118359     
   3.1581171728665827       -2809.2368457118359     
   3.1627546430176352       -2809.2368457118359     
   3.1673921131686873       -2809.2368457118359     
   3.1720295833197394       -2809.2368457118359     
   3.1766670534707919       -2809.2368457118359     
   3.1813045236218440       -2809.2368457118359     
   3.1859419937728966       -2809.2368457118359     
   3.1905794639239486       -2809.2368457118359     
   3.1952169340750007       -2809.2368457118359     
   3.1998544042260533       -2809.2368457118359     
   3.2044918743771054       -2809.2368457118359     
   3.2091293445281575       -2809.2368457118359     
   3.2137668146792100       -2809.2368457118359     
   3.2184042848302621       -2809.2368457118359     
   3.2230417549813142       -2809.2368457118359     
   3.2276792251323667       -2809.2368457118359     
   3.2323166952834188       -2809.2368457118359     
   3.2369541654344709       -2809.2368457118359     
   3.2415916355855234       -2809.2368457118359     
   3.2462291057365755       -2809.2368457118359     
   3.2508665758876281       -2809.2368457118359     
   3.2555040460386802       -2809.2368457118359     
   3.2601415161897322       -2809.2368457118359     
   3.2647789863407848       -2809.2368457118359     
   3.2694164564918369       -2809.2368457118359     
   3.2740539266428890       -2809.2368457118359     
   3.2786913967939415       -2809.2368457118359     
   3.2833288669449936       -2809.2368457118359     
   3.2879663370960457       -2809.2368457118359     
   3.2926038072470982       -2809.2368457118359     
   3.2972412773981503       -2809.2368457118359     
   3.3018787475492024       -2809.2368457118359     
   3.3065162177002549       -2809.2368457118359     
   3.3111536878513070       -2809.2368457118359     
   3.3157911580023596       -2809.2368457118359     
   3.3204286281534117       -2809.2368457118359     
   3.3250660983044638       -2809.2368457118359     
   3.3297035684555163       -2809.2368457118359     
   3.3343410386065684       -2809.2368457118359     
   3.3389785087576205       -2809.2368457118359     
   3.3436159789086730       -2809.2368457118359     
   3.3482534490597251       -2809.2368457118359     
   3.3528909192107772       -2809.2368457118359     
   3.3575283893618297       -2809.2368457118359     
   3.3621658595128818       -2809.2368457118359     
   3.3668033296639339       -2809.2368457118359     
   3.3714407998149865       -2809.2368457118359     
   3.3760782699660385       -2809.2368457118359     
   3.3807157401170911       -2809.2368457118359     
   3.3853532102681432       -2809.2368457118359     
   3.3899906804191953       -2809.2368457118359     
   3.3946281505702478       -2809.2368457118359     
   3.3992656207212999       -2809.2368457118359     
   3.4039030908723520       -2809.2368457118359     
   3.4085405610234045       -2809.2368457118359     
   3.4131780311744566       -2809.2368457118359     
   3.4178155013255087       -2809.2368457118359     
   3.4224529714765612       -2809.2368457118359     
   3.4270904416276133       -2809.2368457118359     
   3.4317279117786654       -2809.2368457118359     
   3.4363653819297180       -2809.2368457118359     
   3.4410028520807701       -2809.2368457118359     
   3.4456403222318226       -2809.2368457118359     
   3.4502777923828747       -2809.2368457118359     
   3.4549152625339268       -2809.2368457118359     
   3.4595527326849793       -2809.2368457118359     
   3.4641902028360314       -2809.2368457118359     
   3.4688276729870835       -2809.2368457118359     
   3.4734651431381360       -2809.2368457118359     
   3.4781026132891881       -2809.2368457118359     
   3.4827400834402402       -2809.2368457118359     
   3.4873775535912928       -2809.2368457118359     
   3.4920150237423448       -2809.2368457118359     
   3.4966524938933969       -2809.2368457118359     
   3.5012899640444495       -2809.2368457118359     
   3.5059274341955016       -2809.2368457118359     
   3.5105649043465541       -2809.2368457118359     
   3.5152023744976062       -2809.2368457118359     
   3.5198398446486583       -2809.2368457118359     
   3.5244773147997108       -2809.2368457118359     
   3.5291147849507629       -2809.2368457118359     
   3.5337522551018150       -2809.2368457118359     
   3.5383897252528675       -2809.2368457118359     
   3.5430271954039196       -2809.2368457118359     
   3.5476646655549717       -2809.2368457118359     
   3.5523021357060243       -2809.2368457118359     
   3.5569396058570764       -2809.2368457118359     
   3.5615770760081285       -2809.2368457118359     
   3.5662145461591810       -2809.2368457118359     
   3.5708520163102331       -2809.2368457118359     
   3.5754894864612856       -2809.2368457118359     
   3.5801269566123377       -2809.2368457118359     
   3.5847644267633898       -2809.2368457118359     
   3.5894018969144423       -2809.2368457118359     
   3.5940393670654944       -2809.2368457118359     
   3.5986768372165465       -2809.2368457118359     
   3.6033143073675991       -2809.2368457118359     
   3.6079517775186511       -2809.2368457118359     
   3.6125892476697032       -2809.2368457118359     
   3.6172267178207558       -2809.2368457118359     
   3.6218641879718079       -2809.2368457118359     
   3.6265016581228604       -2809.2368457118359     
   3.6311391282739125       -2809.2368457118359     
   3.6357765984249646       -2809.2368457118359     
   3.6404140685760171       -2809.2368457118359     
   3.6450515387270692       -2809.2368457118359     
   3.6496890088781213       -2809.2368457118359     
   3.6543264790291738       -2809.2368457118359     
   3.6589639491802259       -2809.2368457118359     
   3.6636014193312780       -2809.2368457118359     
   3.6682388894823306       -2809.2368457118359     
   3.6728763596333827       -2809.2368457118359     
   3.6775138297844348       -2809.2368457118359     
   3.6821512999354873       -2809.2368457118359     
   3.6867887700865394       -2809.2368457118359     
   3.6914262402375919       -2809.2368457118359     
   3.6960637103886440       -2809.2368457118359     
   3.7007011805396961       -2809.2368457118359     
   3.7053386506907486       -2809.2368457118359     
   3.7099761208418007       -2809.2368457118359     
   3.7146135909928528       -2809.2368457118359     
   3.7192510611439054       -2809.2368457118359     
   3.7238885312949574       -2809.2368457118359     
   3.7285260014460095       -2809.2368457118359     
   3.7331634715970621       -2809.2368457118359     
   3.7378009417481142       -2809.2368457118359     
   3.7424384118991663       -2809.2368457118359     
   3.7470758820502188       -2809.2368457118359     
   3.7517133522012709       -2809.2368457118359     
   3.7563508223523234       -2809.2368457118359     
   3.7609882925033755       -2809.2368457118359     
   3.7656257626544276       -2809.2368457118359     
   3.7702632328054801       -2809.2368457118359     
   3.7749007029565322       -2809.2368457118359     
   3.7795381731075843       -2809.2368457118359     
   3.7841756432586369       -2809.2368457118359     
   3.7888131134096890       -2809.2368457118359     
   3.7934505835607411       -2809.2368457118359     
   3.7980880537117936       -2809.2368457118359     
   3.8027255238628457       -2809.2368457118359     
   3.8073629940138978       -2809.2368457118359     
   3.8120004641649503       -2809.2368457118359     
   3.8166379343160024       -2809.2368457118359     
   3.8212754044670549       -2809.2368457118359     
   3.8259128746181070       -2809.2368457118359     
   3.8305503447691591       -2809.2368457118359     
   3.8351878149202117       -2809.2368457118359     
   3.8398252850712637       -2809.2368457118359     
   3.8444627552223158       -2809.2368457118359     
   3.8491002253733684       -2809.2368457118359     
   3.8537376955244205       -2809.2368457118359     
   3.8583751656754726       -2809.2368457118359     
   3.8630126358265251       -2809.2368457118359     
   3.8676501059775772       -2809.2368457118359     
   3.8722875761286293       -2809.2368457118359     
   3.8769250462796818       -2809.2368457118359     
   3.8815625164307339       -2809.2368457118359     
   3.8861999865817864       -2809.2368457118359     
   3.8908374567328385       -2809.2368457118359     
   3.8954749268838906       -2809.2368457118359     
   3.9001123970349432       -2809.2368457118359     
   3.9047498671859953       -2809.2368457118359     
   3.9093873373370474       -2809.2368457118359     
   3.9140248074880999       -2809.2368457118359     
   3.9186622776391520       -2809.2368457118359     
   3.9232997477902041       -2809.2368457118359     
   3.9279372179412566       -2809.2368457118359     
   3.9325746880923087       -2809.2368457118359     
   3.9372121582433608       -2809.2368457118359     
   3.9418496283944133       -2809.2368457118359     
   3.9464870985454654       -2809.2368457118359     
   3.9511245686965180       -2809.2368457118359     
   3.9557620388475701       -2809.2368457118359     
   3.9603995089986221       -2809.2368457118359     
   3.9650369791496747       -2809.2368457118359     
   3.9696744493007268       -2809.2368457118359     
   3.9743119194517789       -2809.2368457118359     
   3.9789493896028314       -2809.2368457118359     
   3.9835868597538835       -2809.2368457118359     
   3.9882243299049356       -2809.2368457118359     
   3.9928618000559881       -2809.2368457118359     
   3.9974992702070402       -2809.2368457118359     
   4.0021367403580923       -2809.2368457118359     
   4.0067742105091444       -2809.2368457118359     
   4.0114116806601974       -2809.2368457118359     
   4.0160491508112495       -2809.2368457118359     
   4.0206866209623016       -2809.2368457118359     
   4.0253240911133537       -2809.2368457118359     
   4.0299615612644057       -2809.2368457118359     
   4.0345990314154578       -2809.2368457118359     
   4.0392365015665108       -2809.2368457118359     
   4.0438739717175629       -2809.2368457118359     
   4.0485114418686150       -2809.2368457118359     
   4.0531489120196671       -2809.2368457118359     
   4.0577863821707192       -2809.2368457118359     
   4.0624238523217722       -2809.2368457118359     
   4.0670613224728243       -2809.2368457118359     
   4.0716987926238764       -2809.2368457118359     
   4.0763362627749284       -2809.2368457118359     
   4.0809737329259805       -2809.2368457118359     
   4.0856112030770326       -2809.2368457118359     
   4.0902486732280856       -2809.2368457118359     
   4.0948861433791377       -2809.2368457118359     
   4.0995236135301898       -2809.2368457118359     
   4.1041610836812419       -2809.2368457118359     
   4.1087985538322940       -2809.2368457118359     
   4.1134360239833470       -2809.2368457118359     
   4.1180734941343990       -2809.2368457118359     
   4.1227109642854511       -2809.2368457118359     
   4.1273484344365032       -2809.2368457118359     
   4.1319859045875553       -2809.2368457118359     
   4.1366233747386074       -2809.2368457118359     
   4.1412608448896604       -2809.2368457118359     
   4.1458983150407125       -2809.2368457118359     
   4.1505357851917646       -2809.2368457118359     
   4.1551732553428167       -2809.2368457118359     
   4.1598107254938688       -2809.2368457118359     
   4.1644481956449209       -2809.2368457118359     
   4.1690856657959738       -2809.2368457118359     
   4.1737231359470259       -2809.2368457118359     
   4.1783606060980780       -2809.2368457118359     
   4.1829980762491301       -2809.2368457118359     
   4.1876355464001822       -2809.2368457118359     
   4.1922730165512352       -2809.2368457118359     
   4.1969104867022873       -2809.2368457118359     
   4.2015479568533394       -2809.2368457118359     
   4.2061854270043915       -2809.2368457118359     
   4.2108228971554436       -2809.2368457118359     
   4.2154603673064956       -2809.2368457118359     
   4.2200978374575486       -2809.2368457118359     
   4.2247353076086007       -2809.2368457118359     
   4.2293727777596528       -2809.2368457118359     
   4.2340102479107049       -2809.2368457118359     
   4.2386477180617570       -2809.2368457118359     
   4.2432851882128100       -2809.2368457118359     
   4.2479226583638621       -2809.2368457118359     
   4.2525601285149142       -2809.2368457118359     
   4.2571975986659663       -2809.2368457118359     
   4.2618350688170183       -2809.2368457118359     
   4.2664725389680704       -2809.2368457118359     
   4.2711100091191234       -2809.2368457118359     
   4.2757474792701755       -2809.2368457118359     
   4.2803849494212276       -2809.2368457118359     
   4.2850224195722797       -2809.2368457118359     
   4.2896598897233318       -2809.2368457118359     
   4.2942973598743839       -2809.2368457118359     
   4.2989348300254369       -2809.2368457118359     
   4.3035723001764890       -2809.2368457118359     
   4.3082097703275410       -2809.2368457118359     
   4.3128472404785931       -2809.2368457118359     
   4.3174847106296452       -2809.2368457118359     
   4.3221221807806982       -2809.2368457118359     
   4.3267596509317503       -2809.2368457118359     
   4.3313971210828024       -2809.2368457118359     
   4.3360345912338545       -2809.2368457118359     
   4.3406720613849066       -2809.2368457118359     
   4.3453095315359587       -2809.2368457118359     
   4.3499470016870116       -2809.2368457118359     
   4.3545844718380637       -2809.2368457118359     
   4.3592219419891158       -2809.2368457118359     
   4.3638594121401679       -2809.2368457118359     
   4.3684968822912200       -2809.2368457118359     
   4.3731343524422730       -2809.2368457118359     
   4.3777718225933251       -2809.2368457118359     
   4.3824092927443772       -2809.2368457118359     
   4.3870467628954293       -2809.2368457118359     
   4.3916842330464814       -2809.2368457118359     
   4.3963217031975335       -2809.2368457118359     
   4.4009591733485864       -2809.2368457118359     
   4.4055966434996385       -2809.2368457118359     
   4.4102341136506906       -2809.2368457118359     
   4.4148715838017427       -2809.2368457118359     
   4.4195090539527948       -2809.2368457118359     
   4.4241465241038469       -2809.2368457118359     
   4.4287839942548999       -2809.2368457118359     
   4.4334214644059520       -2809.2368457118359     
   4.4380589345570041       -2809.2368457118359     
   4.4426964047080562       -2809.2368457118359     
   4.4473338748591082       -2809.2368457118359     
   4.4519713450101612       -2809.2368457118359     
   4.4566088151612133       -2809.2368457118359     
   4.4612462853122654       -2809.2368457118359     
   4.4658837554633175       -2809.2368457118359     
   4.4705212256143696       -2809.2368457118359     
   4.4751586957654217       -2809.2368457118359     
   4.4797961659164747       -2809.2368457118359     
   4.4844336360675268       -2809.2368457118359     
   4.4890711062185789       -2809.2368457118359     
   4.4937085763696309       -2809.2368457118359     
   4.4983460465206830       -2809.2368457118359     
   4.5029835166717360       -2809.2368457118359     
   4.5076209868227881       -2809.2368457118359     
   4.5122584569738402       -2809.2368457118359     
   4.5168959271248923       -2809.2368457118359     
   4.5215333972759444       -2809.2368457118359     
   4.5261708674269965       -2809.2368457118359     
   4.5308083375780495       -2809.2368457118359     
   4.5354458077291016       -2809.2368457118359     
   4.5400832778801536       -2809.2368457118359     
   4.5447207480312057       -2809.2368457118359     
   4.5493582181822578       -2809.2368457118359     
   4.5539956883333099       -2809.2368457118359     
   4.5586331584843629       -2809.2368457118359     
   4.5632706286354150       -2809.2368457118359     
   4.5679080987864671       -2809.2368457118359     
   4.5725455689375192       -2809.2368457118359     
   4.5771830390885713       -2809.2368457118359     
   4.5818205092396243       -2809.2368457118359     
   4.5864579793906763       -2809.2368457118359     
   4.5910954495417284       -2809.2368457118359     
   4.5957329196927805       -2809.2368457118359     
   4.6003703898438326       -2809.2368457118359     
   4.6050078599948847       -2809.2368457118359     
   4.6096453301459377       -2809.2368457118359     
   4.6142828002969898       -2809.2368457118359     
   4.6189202704480419       -2809.2368457118359     
   4.6235577405990940       -2809.2368457118359     
   4.6281952107501461       -2809.2368457118359     
   4.6328326809011990       -2809.2368457118359     
   4.6374701510522511       -2809.2368457118359     
   4.6421076212033032       -2809.2368457118359     
   4.6467450913543553       -2809.2368457118359     
   4.6513825615054074       -2809.2368457118359     
   4.6560200316564595       -2809.2368457118359     
   4.6606575018075125       -2809.2368457118359     
   4.6652949719585646       -2809.2368457118359     
   4.6699324421096167       -2809.2368457118359     
   4.6745699122606688       -2809.2368457118359     
   4.6792073824117209       -2809.2368457118359     
   4.6838448525627729       -2809.2368457118359     
   4.6884823227138259       -2809.2368457118359     
   4.6931197928648780       -2809.2368457118359     
   4.6977572630159301       -2809.2368457118359     
   4.7023947331669822       -2809.2368457118359     
   4.7070322033180343       -2809.2368457118359     
   4.7116696734690873       -2809.2368457118359     
   4.7163071436201394       -2809.2368457118359     
   4.7209446137711915       -2809.2368457118359     
   4.7255820839222435       -2809.2368457118359     
   4.7302195540732956       -2809.2368457118359     
   4.7348570242243477       -2809.2368457118359     
   4.7394944943754007       -2809.2368457118359     
   4.7441319645264528       -2809.2368457118359     
   4.7487694346775049       -2809.2368457118359     
   4.7534069048285570       -2809.2368457118359     
   4.7580443749796091       -2809.2368457118359     
   4.7626818451306621       -2809.2368457118359     
   4.7673193152817142       -2809.2368457118359     
   4.7719567854327662       -2809.2368457118359     
   4.7765942555838183       -2809.2368457118359     
   4.7812317257348704       -2809.2368457118359     
   4.7858691958859225       -2809.2368457118359     
   4.7905066660369755       -2809.2368457118359     
   4.7951441361880276       -2809.2368457118359     
   4.7997816063390797       -2809.2368457118359     
   4.8044190764901318       -2809.2368457118359     
   4.8090565466411839       -2809.2368457118359     
   4.8136940167922369       -2809.2368457118359     
   4.8183314869432889       -2809.2368457118359     
   4.8229689570943410       -2809.2368457118359     
   4.8276064272453931       -2809.2368457118359     
   4.8322438973964452       -2809.2368457118359     
   4.8368813675474973       -2809.2368457118359     
   4.8415188376985503       -2809.2368457118359     
   4.8461563078496024       -2809.2368457118359     
   4.8507937780006545       -2809.2368457118359     
   4.8554312481517066       -2809.2368457118359     
   4.8600687183027587       -2809.2368457118359     
   4.8647061884538108       -2809.2368457118359     
   4.8693436586048637       -2809.2368457118359     
   4.8739811287559158       -2809.2368457118359     
   4.8786185989069679       -2809.2368457118359     
   4.8832560690580200       -2809.2368457118359     
   4.8878935392090721       -2809.2368457118359     
   4.8925310093601251       -2809.2368457118359     
   4.8971684795111772       -2809.2368457118359     
   4.9018059496622293       -2809.2368457118359     
   4.9064434198132814       -2809.2368457118359     
   4.9110808899643335       -2809.2368457118359     
   4.9157183601153855       -2809.2368457118359     
   4.9203558302664385       -2809.2368457118359     
   4.9249933004174906       -2809.2368457118359     
   4.9296307705685427       -2809.2368457118359     
   4.9342682407195948       -2809.2368457118359     
   4.9389057108706469       -2809.2368457118359     
   4.9435431810216999       -2809.2368457118359     
   4.9481806511727520       -2809.2368457118359     
   4.9528181213238041       -2809.2368457118359     
   4.9574555914748561       -2809.2368457118359     
   4.9620930616259082       -2809.2368457118359     
   4.9667305317769603       -2809.2368457118359     
   4.9713680019280133       -2809.2368457118359     
   4.9760054720790654       -2809.2368457118359     
   4.9806429422301175       -2809.2368457118359     
   4.9852804123811696       -2809.2368457118359     
   4.9899178825322217       -2809.2368457118359     
   4.9945553526832738       -2809.2368457118359     
   4.9991928228343268       -2809.2368457118359     
   5.0038302929853788       -2809.2368457118359     
   5.0084677631364309       -2809.2368457118359     
   5.0131052332874830       -2809.2368457118359     
   5.0177427034385351       -2809.2368457118359     
   5.0223801735895881       -2809.2368457118359     
   5.0270176437406402       -2809.2368457118359     
   5.0316551138916923       -2809.2368457118359     
   5.0362925840427444       -2809.2368457118359     
   5.0409300541937965       -2809.2368457118359     
   5.0455675243448486       -2809.2368457118359     
   5.0502049944959015       -2809.2368457118359     
   5.0548424646469536       -2809.2368457118359     
   5.0594799347980057       -2809.2368457118359     
   5.0641174049490578       -2809.2368457118359     
   5.0687548751001099       -2809.2368457118359     
   5.0733923452511629       -2809.2368457118359     
   5.0780298154022150       -2809.2368457118359     
   5.0826672855532671       -2809.2368457118359     
   5.0873047557043192       -2809.2368457118359     
   5.0919422258553713       -2809.2368457118359     
   5.0965796960064234       -2809.2368457118359     
   5.1012171661574763       -2809.2368457118359     
   5.1058546363085284       -2809.2368457118359     
   5.1104921064595805       -2809.2368457118359     
   5.1151295766106326       -2809.2368457118359     
   5.1197670467616847       -2809.2368457118359     
   5.1244045169127368       -2809.2368457118359     
   5.1290419870637898       -2809.2368457118359     
   5.1336794572148419       -2809.2368457118359     
   5.1383169273658940       -2809.2368457118359     
   5.1429543975169461       -2809.2368457118359     
   5.1475918676679981       -2809.2368457118359     
   5.1522293378190511       -2809.2368457118359     
   5.1568668079701032       -2809.2368457118359     
   5.1615042781211553       -2809.2368457118359     
   5.1661417482722074       -2809.2368457118359     
   5.1707792184232595       -2809.2368457118359     
   5.1754166885743116       -2809.2368457118359     
   5.1800541587253646       -2809.2368457118359     
   5.1846916288764167       -2809.2368457118359     
   5.1893290990274688       -2809.2368457118359     
   5.1939665691785208       -2809.2368457118359     
   5.1986040393295729       -2809.2368457118359     
   5.2032415094806259       -2809.2368457118359     
   5.2078789796316780       -2809.2368457118359     
   5.2125164497827301       -2809.2368457118359     
   5.2171539199337822       -2809.2368457118359     
   5.2217913900848343       -2809.2368457118359     
   5.2264288602358864       -2809.2368457118359     
   5.2310663303869394       -2809.2368457118359     
   5.2357038005379914       -2809.2368457118359     
   5.2403412706890435       -2809.2368457118359     
   5.2449787408400956       -2809.2368457118359     
   5.2496162109911477       -2809.2368457118359     
   5.2542536811421998       -2809.2368457118359     
   5.2588911512932528       -2809.2368457118359     
   5.2635286214443049       -2809.2368457118359     
   5.2681660915953570       -2809.2368457118359     
   5.2728035617464091       -2809.2368457118359     
   5.2774410318974612       -2809.2368457118359     
   5.2820785020485141       -2809.2368457118359     
   5.2867159721995662       -2809.2368457118359     
   5.2913534423506183       -2809.2368457118359     
   5.2959909125016704       -2809.2368457118359     
   5.3006283826527225       -2809.2368457118359     
   5.3052658528037746       -2809.2368457118359     
   5.3099033229548276       -2809.2368457118359     
   5.3145407931058797       -2809.2368457118359     
   5.3191782632569318       -2809.2368457118359     
   5.3238157334079839       -2809.2368457118359     
   5.3284532035590360       -2809.2368457118359     
   5.3330906737100889       -2809.2368457118359     
   5.3377281438611410       -2809.2368457118359     
   5.3423656140121931       -2809.2368457118359     
   5.3470030841632452       -2809.2368457118359     
   5.3516405543142973       -2809.2368457118359     
   5.3562780244653494       -2809.2368457118359     
   5.3609154946164024       -2809.2368457118359     
   5.3655529647674545       -2809.2368457118359     
   5.3701904349185066       -2809.2368457118359     
   5.3748279050695587       -2809.2368457118359     
   5.3794653752206107       -2809.2368457118359     
   5.3841028453716628       -2809.2368457118359     
   5.3887403155227158       -2809.2368457118359     
   5.3933777856737679       -2809.2368457118359     
   5.3980152558248200       -2809.2368457118359     
   5.4026527259758721       -2809.2368457118359     
   5.4072901961269242       -2809.2368457118359     
   5.4119276662779772       -2809.2368457118359     
   5.4165651364290293       -2809.2368457118359     
   5.4212026065800814       -2809.2368457118359     
   5.4258400767311334       -2809.2368457118359     
   5.4304775468821855       -2809.2368457118359     
   5.4351150170332376       -2809.2368457118359     
   5.4397524871842906       -2809.2368457118359     
   5.4443899573353427       -2809.2368457118359     
   5.4490274274863948       -2809.2368457118359     
   5.4536648976374469       -2809.2368457118359     
   5.4583023677884990       -2809.2368457118359     
   5.4629398379395520       -2809.2368457118359     
   5.4675773080906040       -2809.2368457118359     
   5.4722147782416561       -2809.2368457118359     
   5.4768522483927082       -2809.2368457118359     
   5.4814897185437603       -2809.2368457118359     
   5.4861271886948124       -2809.2368457118359     
   5.4907646588458654       -2809.2368457118359     
   5.4954021289969175       -2809.2368457118359     
   5.5000395991479696       -2809.2368457118359     
   5.5046770692990217       -2809.2368457118359     
   5.5093145394500738       -2809.2368457118359     
   5.5139520096011259       -2809.2368457118359     
   5.5185894797521788       -2809.2368457118359     
   5.5232269499032309       -2809.2368457118359     
   5.5278644200542830       -2809.2368457118359     
   5.5325018902053351       -2809.2368457118359     
   5.5371393603563872       -2809.2368457118359     
   5.5417768305074402       -2809.2368457118359     
   5.5464143006584923       -2809.2368457118359     
   5.5510517708095444       -2809.2368457118359     
   5.5556892409605965       -2809.2368457118359     
   5.5603267111116486       -2809.2368457118359     
   5.5649641812627006       -2809.2368457118359     
   5.5696016514137536       -2809.2368457118359     
   5.5742391215648057       -2809.2368457118359     
   5.5788765917158578       -2809.2368457118359     
   5.5835140618669099       -2809.2368457118359     
   5.5881515320179620       -2809.2368457118359     
   5.5927890021690150       -2809.2368457118359     
   5.5974264723200671       -2809.2368457118359     
   5.6020639424711192       -2809.2368457118359     
   5.6067014126221713       -2809.2368457118359     
   5.6113388827732233       -2809.2368457118359     
   5.6159763529242754       -2809.2368457118359     
   5.6206138230753284       -2809.2368457118359     
   5.6252512932263805       -2809.2368457118359     
   5.6298887633774326       -2809.2368457118359     
   5.6345262335284847       -2809.2368457118359     
   5.6391637036795368       -2809.2368457118359     
   5.6438011738305889       -2809.2368457118359     
   5.6484386439816419       -2809.2368457118359     
   5.6530761141326940       -2809.2368457118359     
   5.6577135842837460       -2809.2368457118359     
   5.6623510544347981       -2809.2368457118359     
   5.6669885245858502       -2809.2368457118359     
   5.6716259947369032       -2809.2368457118359     
   5.6762634648879553       -2809.2368457118359     
   5.6809009350390074       -2809.2368457118359     
   5.6855384051900595       -2809.2368457118359     
   5.6901758753411116       -2809.2368457118359     
   5.6948133454921637       -2809.2368457118359     
   5.6994508156432167       -2809.2368457118359     
   5.7040882857942687       -2809.2368457118359     
   5.7087257559453208       -2809.2368457118359     
   5.7133632260963729       -2809.2368457118359     
   5.7180006962474250       -2809.2368457118359     
   5.7226381663984780       -2809.2368457118359     
   5.7272756365495301       -2809.2368457118359     
   5.7319131067005822       -2809.2368457118359     
   5.7365505768516343       -2809.2368457118359     
   5.7411880470026864       -2809.2368457118359     
   5.7458255171537385       -2809.2368457118359     
   5.7504629873047914       -2809.2368457118359     
   5.7551004574558435       -2809.2368457118359     
   5.7597379276068956       -2809.2368457118359     
   5.7643753977579477       -2809.2368457118359     
   5.7690128679089998       -2809.2368457118359     
   5.7736503380600519       -2809.2368457118359     
   5.7782878082111049       -2809.2368457118359     
   5.7829252783621570       -2809.2368457118359     
   5.7875627485132091       -2809.2368457118359     
   5.7922002186642612       -2809.2368457118359     
   5.7968376888153132       -2809.2368457118359     
   5.8014751589663662       -2809.2368457118359     
   5.8061126291174183       -2809.2368457118359     
   5.8107500992684704       -2809.2368457118359     
   5.8153875694195225       -2809.2368457118359     
   5.8200250395705746       -2809.2368457118359     
   5.8246625097216267       -2809.2368457118359     
   5.8292999798726797       -2809.2368457118359     
   5.8339374500237318       -2809.2368457118359     
   5.8385749201747839       -2809.2368457118359     
   5.8432123903258359       -2809.2368457118359     
   5.8478498604768880       -2809.2368457118359     
   5.8524873306279410       -2809.2368457118359     
   5.8571248007789931       -2809.2368457118359     
   5.8617622709300452       -2809.2368457118359     
   5.8663997410810973       -2809.2368457118359     
   5.8710372112321494       -2809.2368457118359     
   5.8756746813832015       -2809.2368457118359     
   5.8803121515342545       -2809.2368457118359     
   5.8849496216853066       -2809.2368457118359     
   5.8895870918363586       -2809.2368457118359     
   5.8942245619874107       -2809.2368457118359     
   5.8988620321384628       -2809.2368457118359     
   5.9034995022895149       -2809.2368457118359     
   5.9081369724405679       -2809.2368457118359     
   5.9127744425916200       -2809.2368457118359     
   5.9174119127426721       -2809.2368457118359     
   5.9220493828937242       -2809.2368457118359     
   5.9266868530447763       -2809.2368457118359     
   5.9313243231958293       -2809.2368457118359     
   5.9359617933468813       -2809.2368457118359     
   5.9405992634979334       -2809.2368457118359     
   5.9452367336489855       -2809.2368457118359     
   5.9498742038000376       -2809.2368457118359     
   5.9545116739510897       -2809.2368457118359     
   5.9591491441021427       -2809.2368457118359     
   5.9637866142531948       -2809.2368457118359     
   5.9684240844042469       -2809.2368457118359     
   5.9730615545552990       -2809.2368457118359     
   5.9776990247063511       -2809.2368457118359     
   5.9823364948574040       -2809.2368457118359     
   5.9869739650084561       -2809.2368457118359     
   5.9916114351595082       -2809.2368457118359     
   5.9962489053105603       -2809.2368457118359     
   6.0008863754616124       -2809.2368457118359     
   6.0055238456126645       -2809.2368457118359     
   6.0101613157637175       -2809.2368457118359     
   6.0147987859147696       -2809.2368457118359     
   6.0194362560658217       -2809.2368457118359     
   6.0240737262168738       -2809.2368457118359     
   6.0287111963679259       -2809.2368457118359     
   6.0333486665189788       -2809.2368457118359     
   6.0379861366700309       -2809.2368457118359     
   6.0426236068210830       -2809.2368457118359     
   6.0472610769721351       -2809.2368457118359     
   6.0518985471231872       -2809.2368457118359     
   6.0565360172742393       -2809.2368457118359     
   6.0611734874252923       -2809.2368457118359     
   6.0658109575763444       -2809.2368457118359     
   6.0704484277273965       -2809.2368457118359     
   6.0750858978784485       -2809.2368457118359     
   6.0797233680295006       -2809.2368457118359     
   6.0843608381805527       -2809.2368457118359     
   6.0889983083316057       -2809.2368457118359     
   6.0936357784826578       -2809.2368457118359     
   6.0982732486337099       -2809.2368457118359     
   6.1029107187847620       -2809.2368457118359     
   6.1075481889358141       -2809.2368457118359     
   6.1121856590868671       -2809.2368457118359     
   6.1168231292379192       -2809.2368457118359     
   6.1214605993889712       -2809.2368457118359     
   6.1260980695400233       -2809.2368457118359     
   6.1307355396910754       -2809.2368457118359     
   6.1353730098421275       -2809.2368457118359     
   6.1400104799931805       -2809.2368457118359     
   6.1446479501442326       -2809.2368457118359     
   6.1492854202952847       -2809.2368457118359     
   6.1539228904463368       -2809.2368457118359     
   6.1585603605973889       -2809.2368457118359     
   6.1631978307484419       -2809.2368457118359     
   6.1678353008994939       -2809.2368457118359     
   6.1724727710505460       -2809.2368457118359     
   6.1771102412015981       -2809.2368457118359     
   6.1817477113526502       -2809.2368457118359     
   6.1863851815037023       -2809.2368457118359     
   6.1910226516547553       -2809.2368457118359     
   6.1956601218058074       -2809.2368457118359     
   6.2002975919568595       -2809.2368457118359     
   6.2049350621079116       -2809.2368457118359     
   6.2095725322589637       -2809.2368457118359     
   6.2142100024100158       -2809.2368457118359     
   6.2188474725610687       -2809.2368457118359     
   6.2234849427121208       -2809.2368457118359     
   6.2281224128631729       -2809.2368457118359     
   6.2327598830142250       -2809.2368457118359     
   6.2373973531652771       -2809.2368457118359     
   6.2420348233163301       -2809.2368457118359     
   6.2466722934673822       -2809.2368457118359     
   6.2513097636184343       -2809.2368457118359     
   6.2559472337694864       -2809.2368457118359     
   6.2605847039205385       -2809.2368457118359     
   6.2652221740715905       -2809.2368457118359     
   6.2698596442226435       -2809.2368457118359     
   6.2744971143736956       -2809.2368457118359     
   6.2791345845247477       -2809.2368457118359     
   6.2837720546757998       -2809.2368457118359     
   6.2884095248268519       -2809.2368457118359     
   6.2930469949779049       -2809.2368457118359     
   6.2976844651289570       -2809.2368457118359     
   6.3023219352800091       -2809.2368457118359     
   6.3069594054310611       -2809.2368457118359     
   6.3115968755821132       -2809.2368457118359     
   6.3162343457331653       -2809.2368457118359     
   6.3208718158842183       -2809.2368457118359     
   6.3255092860352704       -2809.2368457118359     
   6.3301467561863225       -2809.2368457118359     
   6.3347842263373746       -2809.2368457118359     
   6.3394216964884267       -2809.2368457118359     
   6.3440591666394788       -2809.2368457118359     
   6.3486966367905318       -2809.2368457118359     
   6.3533341069415838       -2809.2368457118359     
   6.3579715770926359       -2809.2368457118359     
   6.3626090472436880       -2809.2368457118359     
   6.3672465173947401       -2809.2368457118359     
   6.3718839875457931       -2809.2368457118359     
   6.3765214576968452       -2809.2368457118359     
   6.3811589278478973       -2809.2368457118359     
   6.3857963979989494       -2809.2368457118359     
   6.3904338681500015       -2809.2368457118359     
   6.3950713383010536       -2809.2368457118359     
   6.3997088084521065       -2809.2368457118359     
   6.4043462786031586       -2809.2368457118359     
   6.4089837487542107       -2809.2368457118359     
   6.4136212189052628       -2809.2368457118359     
   6.4182586890563149       -2809.2368457118359     
   6.4228961592073679       -2809.2368457118359     
   6.4275336293584200       -2809.2368457118359     
   6.4321710995094721       -2809.2368457118359     
   6.4368085696605242       -2809.2368457118359     
   6.4414460398115763       -2809.2368457118359     
   6.4460835099626284       -2809.2368457118359     
   6.4507209801136813       -2809.2368457118359     
   6.4553584502647334       -2809.2368457118359     
   6.4599959204157855       -2809.2368457118359     
   6.4646333905668376       -2809.2368457118359     
   6.4692708607178897       -2809.2368457118359     
   6.4739083308689418       -2809.2368457118359     
   6.4785458010199948       -2809.2368457118359     
   6.4831832711710469       -2809.2368457118359     
   6.4878207413220990       -2809.2368457118359     
   6.4924582114731511       -2809.2368457118359     
   6.4970956816242031       -2809.2368457118359     
   6.5017331517752561       -2809.2368457118359     
   6.5063706219263082       -2809.2368457118359     
   6.5110080920773603       -2809.2368457118359     
   6.5156455622284124       -2809.2368457118359     
   6.5202830323794645       -2809.2368457118359     
   6.5249205025305166       -2809.2368457118359     
   6.5295579726815696       -2809.2368457118359     
   6.5341954428326217       -2809.2368457118359     
   6.5388329129836738       -2809.2368457118359     
   6.5434703831347258       -2809.2368457118359     
   6.5481078532857779       -2809.2368457118359     
   6.5527453234368309       -2809.2368457118359     
   6.5573827935878830       -2809.2368457118359     
   6.5620202637389351       -2809.2368457118359     
   6.5666577338899872       -2809.2368457118359     
   6.5712952040410393       -2809.2368457118359     
   6.5759326741920914       -2809.2368457118359     
   6.5805701443431444       -2809.2368457118359     
   6.5852076144941964       -2809.2368457118359     
   6.5898450846452485       -2809.2368457118359     
   6.5944825547963006       -2809.2368457118359     
   6.5991200249473527       -2809.2368457118359     
   6.6037574950984048       -2809.2368457118359     
   6.6083949652494578       -2809.2368457118359     
   6.6130324354005099       -2809.2368457118359     
   6.6176699055515620       -2809.2368457118359     
   6.6223073757026141       -2809.2368457118359     
   6.6269448458536662       -2809.2368457118359     
   6.6315823160047191       -2809.2368457118359     
   6.6362197861557712       -2809.2368457118359     
   6.6408572563068233       -2809.2368457118359     
   6.6454947264578754       -2809.2368457118359     
   6.6501321966089275       -2809.2368457118359     
   6.6547696667599796       -2809.2368457118359     
   6.6594071369110326       -2809.2368457118359     
   6.6640446070620847       -2809.2368457118359     
   6.6686820772131368       -2809.2368457118359     
   6.6733195473641889       -2809.2368457118359     
   6.6779570175152410       -2809.2368457118359     
   6.6825944876662939       -2809.2368457118359     
   6.6872319578173460       -2809.2368457118359     
   6.6918694279683981       -2809.2368457118359     
   6.6965068981194502       -2809.2368457118359     
   6.7011443682705023       -2809.2368457118359     
   6.7057818384215544       -2809.2368457118359     
   6.7104193085726074       -2809.2368457118359     
   6.7150567787236595       -2809.2368457118359     
   6.7196942488747116       -2809.2368457118359     
   6.7243317190257637       -2809.2368457118359     
   6.7289691891768157       -2809.2368457118359     
   6.7336066593278678       -2809.2368457118359     
   6.7382441294789208       -2809.2368457118359     
   6.7428815996299729       -2809.2368457118359     
   6.7475190697810250       -2809.2368457118359     
   6.7521565399320771       -2809.2368457118359     
   6.7567940100831292       -2809.2368457118359     
   6.7614314802341822       -2809.2368457118359     
   6.7660689503852343       -2809.2368457118359     
   6.7707064205362864       -2809.2368457118359     
   6.7753438906873384       -2809.2368457118359     
   6.7799813608383905       -2809.2368457118359     
   6.7846188309894426       -2809.2368457118359     
   6.7892563011404956       -2809.2368457118359     
   6.7938937712915477       -2809.2368457118359     
   6.7985312414425998       -2809.2368457118359     
   6.8031687115936519       -2809.2368457118359     
   6.8078061817447040       -2809.2368457118359     
   6.8124436518957570       -2809.2368457118359     
   6.8170811220468090       -2809.2368457118359     
   6.8217185921978611       -2809.2368457118359     
   6.8263560623489132       -2809.2368457118359     
   6.8309935324999653       -2809.2368457118359     
   6.8356310026510174       -2809.2368457118359     
   6.8402684728020704       -2809.2368457118359     
   6.8449059429531225       -2809.2368457118359     
   6.8495434131041746       -2809.2368457118359     
   6.8541808832552267       -2809.2368457118359     
   6.8588183534062788       -2809.2368457118359     
   6.8634558235573309       -2809.2368457118359     
   6.8680932937083838       -2809.2368457118359     
   6.8727307638594359       -2809.2368457118359     
   6.8773682340104880       -2809.2368457118359     
   6.8820057041615401       -2809.2368457118359     
   6.8866431743125922       -2809.2368457118359     
   6.8912806444636452       -2809.2368457118359     
   6.8959181146146973       -2809.2368457118359     
   6.9005555847657494       -2809.2368457118359     
   6.9051930549168015       -2809.2368457118359     
   6.9098305250678536       -2809.2368457118359     
   6.9144679952189056       -2809.2368457118359     
   6.9191054653699586       -2809.2368457118359     
   6.9237429355210107       -2809.2368457118359     
   6.9283804056720628       -2809.2368457118359     
   6.9330178758231149       -2809.2368457118359     
   6.9376553459741670       -2809.2368457118359     
   6.9422928161252200       -2809.2368457118359     
   6.9469302862762721       -2809.2368457118359     
   6.9515677564273242       -2809.2368457118359     
   6.9562052265783763       -2809.2368457118359     
   6.9608426967294283       -2809.2368457118359     
   6.9654801668804804       -2809.2368457118359     
   6.9701176370315334       -2809.2368457118359     
   6.9747551071825855       -2809.2368457118359     
   6.9793925773336376       -2809.2368457118359     
   6.9840300474846897       -2809.2368457118359     
   6.9886675176357418       -2809.2368457118359     
   6.9933049877867939       -2809.2368457118359     
   6.9979424579378469       -2809.2368457118359     
   7.0025799280888990       -2809.2368457118359     
   7.0072173982399510       -2809.2368457118359     
   7.0118548683910031       -2809.2368457118359     
   7.0164923385420552       -2809.2368457118359     
   7.0211298086931082       -2809.2368457118359     
   7.0257672788441603       -2809.2368457118359     
   7.0304047489952124       -2809.2368457118359     
   7.0350422191462645       -2809.2368457118359     
   7.0396796892973166       -2809.2368457118359     
   7.0443171594483687       -2809.2368457118359     
   7.0489546295994217       -2809.2368457118359     
   7.0535920997504737       -2809.2368457118359     
   7.0582295699015258       -2809.2368457118359     
   7.0628670400525779       -2809.2368457118359     
   7.0675045102036300       -2809.2368457118359     
   7.0721419803546830       -2809.2368457118359     
   7.0767794505057351       -2809.2368457118359     
   7.0814169206567872       -2809.2368457118359     
   7.0860543908078393       -2809.2368457118359     
   7.0906918609588914       -2809.2368457118359     
   7.0953293311099435       -2809.2368457118359     
   7.0999668012609964       -2809.2368457118359     
   7.1046042714120485       -2809.2368457118359     
   7.1092417415631006       -2809.2368457118359     
   7.1138792117141527       -2809.2368457118359     
   7.1185166818652048       -2809.2368457118359     
   7.1231541520162569       -2809.2368457118359     
   7.1277916221673099       -2809.2368457118359     
   7.1324290923183620       -2809.2368457118359     
   7.1370665624694141       -2809.2368457118359     
   7.1417040326204662       -2809.2368457118359     
   7.1463415027715183       -2809.2368457118359     
   7.1509789729225712       -2809.2368457118359     
   7.1556164430736233       -2809.2368457118359     
   7.1602539132246754       -2809.2368457118359     
   7.1648913833757275       -2809.2368457118359     
   7.1695288535267796       -2809.2368457118359     
   7.1741663236778317       -2809.2368457118359     
   7.1788037938288847       -2809.2368457118359     
   7.1834412639799368       -2809.2368457118359     
   7.1880787341309889       -2809.2368457118359     
   7.1927162042820409       -2809.2368457118359     
   7.1973536744330930       -2809.2368457118359     
   7.2019911445841460       -2809.2368457118359     
   7.2066286147351981       -2809.2368457118359     
   7.2112660848862502       -2809.2368457118359     
   7.2159035550373023       -2809.2368457118359     
   7.2205410251883544       -2809.2368457118359     
   7.2251784953394065       -2809.2368457118359     
   7.2298159654904595       -2809.2368457118359     
   7.2344534356415116       -2809.2368457118359     
   7.2390909057925636       -2809.2368457118359     
   7.2437283759436157       -2809.2368457118359     
   7.2483658460946678       -2809.2368457118359     
   7.2530033162457208       -2809.2368457118359     
   7.2576407863967729       -2809.2368457118359     
   7.2622782565478250       -2809.2368457118359     
   7.2669157266988771       -2809.2368457118359     
   7.2715531968499292       -2809.2368457118359     
   7.2761906670009813       -2809.2368457118359     
   7.2808281371520343       -2809.2368457118359     
   7.2854656073030863       -2809.2368457118359     
   7.2901030774541384       -2809.2368457118359     
   7.2947405476051905       -2809.2368457118359     
   7.2993780177562426       -2809.2368457118359     
   7.3040154879072947       -2809.2368457118359     
   7.3086529580583477       -2809.2368457118359     
   7.3132904282093998       -2809.2368457118359     
   7.3179278983604519       -2809.2368457118359     
   7.3225653685115040       -2809.2368457118359     
   7.3272028386625561       -2809.2368457118359     
   7.3318403088136090       -2809.2368457118359     
   7.3364777789646611       -2809.2368457118359     
   7.3411152491157132       -2809.2368457118359     
   7.3457527192667653       -2809.2368457118359     
   7.3503901894178174       -2809.2368457118359     
   7.3550276595688695       -2809.2368457118359     
   7.3596651297199225       -2809.2368457118359     
   7.3643025998709746       -2809.2368457118359     
   7.3689400700220267       -2809.2368457118359     
   7.3735775401730788       -2809.2368457118359     
   7.3782150103241309       -2809.2368457118359     
   7.3828524804751838       -2809.2368457118359     
   7.3874899506262359       -2809.2368457118359     
   7.3921274207772880       -2809.2368457118359     
   7.3967648909283401       -2809.2368457118359     
   7.4014023610793922       -2809.2368457118359     
   7.4060398312304443       -2809.2368457118359     
   7.4106773013814973       -2809.2368457118359     
   7.4153147715325494       -2809.2368457118359     
   7.4199522416836015       -2809.2368457118359     
   7.4245897118346535       -2809.2368457118359     
   7.4292271819857056       -2809.2368457118359     
   7.4338646521367577       -2809.2368457118359     
   7.4385021222878107       -2809.2368457118359     
   7.4431395924388628       -2809.2368457118359     
   7.4477770625899149       -2809.2368457118359     
   7.4524145327409670       -2809.2368457118359     
   7.4570520028920191       -2809.2368457118359     
   7.4616894730430721       -2809.2368457118359     
   7.4663269431941242       -2809.2368457118359     
   7.4709644133451762       -2809.2368457118359     
   7.4756018834962283       -2809.2368457118359     
   7.4802393536472804       -2809.2368457118359     
   7.4848768237983325       -2809.2368457118359     
   7.4895142939493855       -2809.2368457118359     
   7.4941517641004376       -2809.2368457118359     
   7.4987892342514897       -2809.2368457118359     
   7.5034267044025418       -2809.2368457118359     
   7.5080641745535939       -2809.2368457118359     
   7.5127016447046469       -2809.2368457118359     
   7.5173391148556989       -2809.2368457118359     
   7.5219765850067510       -2809.2368457118359     
   7.5266140551578031       -2809.2368457118359     
   7.5312515253088552       -2809.2368457118359     
   7.5358889954599073       -2809.2368457118359     
   7.5405264656109603       -2809.2368457118359     
   7.5451639357620124       -2809.2368457118359     
   7.5498014059130645       -2809.2368457118359     
   7.5544388760641166       -2809.2368457118359     
   7.5590763462151687       -2809.2368457118359     
   7.5637138163662208       -2809.2368457118359     
   7.5683512865172737       -2809.2368457118359     
   7.5729887566683258       -2809.2368457118359     
   7.5776262268193779       -2809.2368457118359     
   7.5822636969704300       -2809.2368457118359     
   7.5869011671214821       -2809.2368457118359     
   7.5915386372725351       -2809.2368457118359     
   7.5961761074235872       -2809.2368457118359     
   7.6008135775746393       -2809.2368457118359     
   7.6054510477256914       -2809.2368457118359     
   7.6100885178767435       -2809.2368457118359     
   7.6147259880277955       -2809.2368457118359     
   7.6193634581788485       -2809.2368457118359     
   7.6240009283299006       -2809.2368457118359     
   7.6286383984809527       -2809.2368457118359     
   7.6332758686320048       -2809.2368457118359     
   7.6379133387830569       -2809.2368457118359     
   7.6425508089341099       -2809.2368457118359     
   7.6471882790851620       -2809.2368457118359     
   7.6518257492362141       -2809.2368457118359     
   7.6564632193872662       -2809.2368457118359     
   7.6611006895383182       -2809.2368457118359     
   7.6657381596893703       -2809.2368457118359     
   7.6703756298404233       -2809.2368457118359     
   7.6750130999914754       -2809.2368457118359     
   7.6796505701425275       -2809.2368457118359     
   7.6842880402935796       -2809.2368457118359     
   7.6889255104446317       -2809.2368457118359     
   7.6935629805956838       -2809.2368457118359     
   7.6982004507467368       -2809.2368457118359     
   7.7028379208977888       -2809.2368457118359     
   7.7074753910488409       -2809.2368457118359     
   7.7121128611998930       -2809.2368457118359     
   7.7167503313509451       -2809.2368457118359     
   7.7213878015019981       -2809.2368457118359     
   7.7260252716530502       -2809.2368457118359     
   7.7306627418041023       -2809.2368457118359     
   7.7353002119551544       -2809.2368457118359     
   7.7399376821062065       -2809.2368457118359     
   7.7445751522572586       -2809.2368457118359     
   7.7492126224083115       -2809.2368457118359     
   7.7538500925593636       -2809.2368457118359     
   7.7584875627104157       -2809.2368457118359     
   7.7631250328614678       -2809.2368457118359     
   7.7677625030125199       -2809.2368457118359     
   7.7723999731635729       -2809.2368457118359     
   7.7770374433146250       -2809.2368457118359     
   7.7816749134656771       -2809.2368457118359     
   7.7863123836167292       -2809.2368457118359     
   7.7909498537677813       -2809.2368457118359     
   7.7955873239188334       -2809.2368457118359     
   7.8002247940698863       -2809.2368457118359     
   7.8048622642209384       -2809.2368457118359     
   7.8094997343719905       -2809.2368457118359     
   7.8141372045230426       -2809.2368457118359     
   7.8187746746740947       -2809.2368457118359     
   7.8234121448251468       -2809.2368457118359     
   7.8280496149761998       -2809.2368457118359     
   7.8326870851272519       -2809.2368457118359     
   7.8373245552783040       -2809.2368457118359     
   7.8419620254293561       -2809.2368457118359     
   7.8465994955804081       -2809.2368457118359     
   7.8512369657314611       -2809.2368457118359     
   7.8558744358825132       -2809.2368457118359     
   7.8605119060335653       -2809.2368457118359     
   7.8651493761846174       -2809.2368457118359     
   7.8697868463356695       -2809.2368457118359     
   7.8744243164867216       -2809.2368457118359     
   7.8790617866377746       -2809.2368457118359     
   7.8836992567888267       -2809.2368457118359     
   7.8883367269398788       -2809.2368457118359     
   7.8929741970909308       -2809.2368457118359     
   7.8976116672419829       -2809.2368457118359     
   7.9022491373930359       -2809.2368457118359     
   7.9068866075440880       -2809.2368457118359     
   7.9115240776951401       -2809.2368457118359     
   7.9161615478461922       -2809.2368457118359     
   7.9207990179972443       -2809.2368457118359     
   7.9254364881482964       -2809.2368457118359     
   7.9300739582993494       -2809.2368457118359     
   7.9347114284504014       -2809.2368457118359     
   7.9393488986014535       -2809.2368457118359     
   7.9439863687525056       -2809.2368457118359     
   7.9486238389035577       -2809.2368457118359     
   7.9532613090546098       -2809.2368457118359     
   7.9578987792056628       -2809.2368457118359     
   7.9625362493567149       -2809.2368457118359     
   7.9671737195077670       -2809.2368457118359     
   7.9718111896588191       -2809.2368457118359     
   7.9764486598098712       -2809.2368457118359     
   7.9810861299609241       -2809.2368457118359     
   7.9857236001119762       -2809.2368457118359     
   7.9903610702630283       -2809.2368457118359     
   7.9949985404140804       -2809.2368457118359     
   7.9996360105651325       -2809.2368457118359     
   8.0042734807161846       -2809.2368457118359     
   8.0089109508672376       -2809.2368457118359     
   8.0135484210182888       -2809.2368457118359     
   8.0181858911693418       -2809.2368457118359     
   8.0228233613203948       -2809.2368457118359     
   8.0274608314714460       -2809.2368457118359     
   8.0320983016224989       -2809.2368457118359     
   8.0367357717735501       -2809.2368457118359     
   8.0413732419246031       -2809.2368457118359     
   8.0460107120756561       -2809.2368457118359     
   8.0506481822267073       -2809.2368457118359     
   8.0552856523777603       -2809.2368457118359     
   8.0599231225288115       -2809.2368457118359     
   8.0645605926798645       -2809.2368457118359     
   8.0691980628309157       -2809.2368457118359     
   8.0738355329819687       -2809.2368457118359     
   8.0784730031330216       -2809.2368457118359     
   8.0831104732840728       -2809.2368457118359     
   8.0877479434351258       -2809.2368457118359     
   8.0923854135861770       -2809.2368457118359     
   8.0970228837372300       -2809.2368457118359     
   8.1016603538882830       -2809.2368457118359     
   8.1062978240393342       -2809.2368457118359     
   8.1109352941903872       -2809.2368457118359     
   8.1155727643414384       -2809.2368457118359     
   8.1202102344924914       -2809.2368457118359     
   8.1248477046435443       -2809.2368457118359     
   8.1294851747945955       -2809.2368457118359     
   8.1341226449456485       -2809.2368457118359     
   8.1387601150966997       -2809.2368457118359     
   8.1433975852477527       -2809.2368457118359     
   8.1480350553988039       -2809.2368457118359     
   8.1526725255498569       -2809.2368457118359     
   8.1573099957009099       -2809.2368457118359     
   8.1619474658519611       -2809.2368457118359     
   8.1665849360030141       -2809.2368457118359     
   8.1712224061540653       -2809.2368457118359     
   8.1758598763051182       -2809.2368457118359     
   8.1804973464561712       -2809.2368457118359     
   8.1851348166072224       -2809.2368457118359     
   8.1897722867582754       -2809.2368457118359     
   8.1944097569093266       -2809.2368457118359     
   8.1990472270603796       -2809.2368457118359     
   8.2036846972114326       -2809.2368457118359     
   8.2083221673624838       -2809.2368457118359     
   8.2129596375135367       -2809.2368457118359     
   8.2175971076645880       -2809.2368457118359     
   8.2222345778156409       -2809.2368457118359     
   8.2268720479666939       -2809.2368457118359     
   8.2315095181177451       -2809.2368457118359     
   8.2361469882687981       -2809.2368457118359     
   8.2407844584198493       -2809.2368457118359     
   8.2454219285709023       -2809.2368457118359     
   8.2500593987219535       -2809.2368457118359     
   8.2546968688730065       -2809.2368457118359     
   8.2593343390240594       -2809.2368457118359     
   8.2639718091751106       -2809.2368457118359     
   8.2686092793261636       -2809.2368457118359     
   8.2732467494772148       -2809.2368457118359     
   8.2778842196282678       -2809.2368457118359     
   8.2825216897793208       -2809.2368457118359     
   8.2871591599303720       -2809.2368457118359     
   8.2917966300814250       -2809.2368457118359     
   8.2964341002324762       -2809.2368457118359     
   8.3010715703835292       -2809.2368457118359     
   8.3057090405345821       -2809.2368457118359     
   8.3103465106856333       -2809.2368457118359     
   8.3149839808366863       -2809.2368457118359     
   8.3196214509877375       -2809.2368457118359     
   8.3242589211387905       -2809.2368457118359     
   8.3288963912898417       -2809.2368457118359     
   8.3335338614408947       -2809.2368457118359     
   8.3381713315919477       -2809.2368457118359     
   8.3428088017429989       -2809.2368457118359     
   8.3474462718940519       -2809.2368457118359     
   8.3520837420451031       -2809.2368457118359     
   8.3567212121961560       -2809.2368457118359     
   8.3613586823472090       -2809.2368457118359     
   8.3659961524982602       -2809.2368457118359     
   8.3706336226493132       -2809.2368457118359     
   8.3752710928003644       -2809.2368457118359     
   8.3799085629514174       -2809.2368457118359     
   8.3845460331024704       -2809.2368457118359     
   8.3891835032535216       -2809.2368457118359     
   8.3938209734045746       -2809.2368457118359     
   8.3984584435556258       -2809.2368457118359     
   8.4030959137066787       -2809.2368457118359     
   8.4077333838577317       -2809.2368457118359     
   8.4123708540087829       -2809.2368457118359     
   8.4170083241598359       -2809.2368457118359     
   8.4216457943108871       -2809.2368457118359     
   8.4262832644619401       -2809.2368457118359     
   8.4309207346129913       -2809.2368457118359     
   8.4355582047640443       -2809.2368457118359     
   8.4401956749150973       -2809.2368457118359     
   8.4448331450661485       -2809.2368457118359     
   8.4494706152172014       -2809.2368457118359     
   8.4541080853682526       -2809.2368457118359     
   8.4587455555193056       -2809.2368457118359     
   8.4633830256703586       -2809.2368457118359     
   8.4680204958214098       -2809.2368457118359     
   8.4726579659724628       -2809.2368457118359     
   8.4772954361235140       -2809.2368457118359     
   8.4819329062745670       -2809.2368457118359     
   8.4865703764256200       -2809.2368457118359     
   8.4912078465766712       -2809.2368457118359     
   8.4958453167277241       -2809.2368457118359     
   8.5004827868787753       -2809.2368457118359     
   8.5051202570298283       -2809.2368457118359     
   8.5097577271808795       -2809.2368457118359     
   8.5143951973319325       -2809.2368457118359     
   8.5190326674829855       -2809.2368457118359     
   8.5236701376340367       -2809.2368457118359     
   8.5283076077850897       -2809.2368457118359     
   8.5329450779361409       -2809.2368457118359     
   8.5375825480871939       -2809.2368457118359     
   8.5422200182382468       -2809.2368457118359     
   8.5468574883892980       -2809.2368457118359     
   8.5514949585403510       -2809.2368457118359     
   8.5561324286914022       -2809.2368457118359     
   8.5607698988424552       -2809.2368457118359     
   8.5654073689935082       -2809.2368457118359     
   8.5700448391445594       -2809.2368457118359     
   8.5746823092956124       -2809.2368457118359     
   8.5793197794466636       -2809.2368457118359     
   8.5839572495977166       -2809.2368457118359     
   8.5885947197487678       -2809.2368457118359     
   8.5932321898998207       -2809.2368457118359     
   8.5978696600508737       -2809.2368457118359     
   8.6025071302019249       -2809.2368457118359     
   8.6071446003529779       -2809.2368457118359     
   8.6117820705040291       -2809.2368457118359     
   8.6164195406550821       -2809.2368457118359     
   8.6210570108061351       -2809.2368457118359     
   8.6256944809571863       -2809.2368457118359     
   8.6303319511082393       -2809.2368457118359     
   8.6349694212592905       -2809.2368457118359     
   8.6396068914103434       -2809.2368457118359     
   8.6442443615613964       -2809.2368457118359     
   8.6488818317124476       -2809.2368457118359     
   8.6535193018635006       -2809.2368457118359     
   8.6581567720145518       -2809.2368457118359     
   8.6627942421656048       -2809.2368457118359     
   8.6674317123166578       -2809.2368457118359     
   8.6720691824677090       -2809.2368457118359     
   8.6767066526187620       -2809.2368457118359     
   8.6813441227698132       -2809.2368457118359     
   8.6859815929208661       -2809.2368457118359     
   8.6906190630719173       -2809.2368457118359     
   8.6952565332229703       -2809.2368457118359     
   8.6998940033740233       -2809.2368457118359     
   8.7045314735250745       -2809.2368457118359     
   8.7091689436761275       -2809.2368457118359     
   8.7138064138271787       -2809.2368457118359     
   8.7184438839782317       -2809.2368457118359     
   8.7230813541292846       -2809.2368457118359     
   8.7277188242803359       -2809.2368457118359     
   8.7323562944313888       -2809.2368457118359     
   8.7369937645824400       -2809.2368457118359     
   8.7416312347334930       -2809.2368457118359     
   8.7462687048845460       -2809.2368457118359     
   8.7509061750355972       -2809.2368457118359     
   8.7555436451866502       -2809.2368457118359     
   8.7601811153377014       -2809.2368457118359     
   8.7648185854887544       -2809.2368457118359     
   8.7694560556398056       -2809.2368457118359     
   8.7740935257908585       -2809.2368457118359     
   8.7787309959419115       -2809.2368457118359     
   8.7833684660929627       -2809.2368457118359     
   8.7880059362440157       -2809.2368457118359     
   8.7926434063950669       -2809.2368457118359     
   8.7972808765461199       -2809.2368457118359     
   8.8019183466971729       -2809.2368457118359     
   8.8065558168482241       -2809.2368457118359     
   8.8111932869992771       -2809.2368457118359     
   8.8158307571503283       -2809.2368457118359     
   8.8204682273013812       -2809.2368457118359     
   8.8251056974524342       -2809.2368457118359     
   8.8297431676034854       -2809.2368457118359     
   8.8343806377545384       -2809.2368457118359     
   8.8390181079055896       -2809.2368457118359     
   8.8436555780566426       -2809.2368457118359     
   8.8482930482076938       -2809.2368457118359     
   8.8529305183587468       -2809.2368457118359     
   8.8575679885097998       -2809.2368457118359     
   8.8622054586608510       -2809.2368457118359     
   8.8668429288119039       -2809.2368457118359     
   8.8714803989629551       -2809.2368457118359     
   8.8761178691140081       -2809.2368457118359     
   8.8807553392650611       -2809.2368457118359     
   8.8853928094161123       -2809.2368457118359     
   8.8900302795671653       -2809.2368457118359     
   8.8946677497182165       -2809.2368457118359     
   8.8993052198692695       -2809.2368457118359     
   8.9039426900203225       -2809.2368457118359     
   8.9085801601713737       -2809.2368457118359     
   8.9132176303224266       -2809.2368457118359     
   8.9178551004734778       -2809.2368457118359     
   8.9224925706245308       -2809.2368457118359     
   8.9271300407755838       -2809.2368457118359     
   8.9317675109266350       -2809.2368457118359     
   8.9364049810776880       -2809.2368457118359     
   8.9410424512287392       -2809.2368457118359     
   8.9456799213797922       -2809.2368457118359     
   8.9503173915308434       -2809.2368457118359     
   8.9549548616818964       -2809.2368457118359     
   8.9595923318329493       -2809.2368457118359     
   8.9642298019840005       -2809.2368457118359     
   8.9688672721350535       -2809.2368457118359     
   8.9735047422861047       -2809.2368457118359     
   8.9781422124371577       -2809.2368457118359     
   8.9827796825882107       -2809.2368457118359     
   8.9874171527392619       -2809.2368457118359     
   8.9920546228903149       -2809.2368457118359     
   8.9966920930413661       -2809.2368457118359     
   9.0013295631924191       -2809.2368457118359     
   9.0059670333434720       -2809.2368457118359     
   9.0106045034945232       -2809.2368457118359     
   9.0152419736455762       -2809.2368457118359     
   9.0198794437966274       -2809.2368457118359     
   9.0245169139476804       -2809.2368457118359     
   9.0291543840987316       -2809.2368457118359     
   9.0337918542497846       -2809.2368457118359     
   9.0384293244008376       -2809.2368457118359     
   9.0430667945518888       -2809.2368457118359     
   9.0477042647029418       -2809.2368457118359     
   9.0523417348539930       -2809.2368457118359     
   9.0569792050050459       -2809.2368457118359     
   9.0616166751560989       -2809.2368457118359     
   9.0662541453071501       -2809.2368457118359     
   9.0708916154582031       -2809.2368457118359     
   9.0755290856092543       -2809.2368457118359     
   9.0801665557603073       -2809.2368457118359     
   9.0848040259113603       -2809.2368457118359     
   9.0894414960624115       -2809.2368457118359     
   9.0940789662134645       -2809.2368457118359     
   9.0987164363645157       -2809.2368457118359     
   9.1033539065155686       -2809.2368457118359     
   9.1079913766666198       -2809.2368457118359     
   9.1126288468176728       -2809.2368457118359     
   9.1172663169687258       -2809.2368457118359     
   9.1219037871197770       -2809.2368457118359     
   9.1265412572708300       -2809.2368457118359     
   9.1311787274218812       -2809.2368457118359     
   9.1358161975729342       -2809.2368457118359     
   9.1404536677239872       -2809.2368457118359     
   9.1450911378750384       -2809.2368457118359     
   9.1497286080260913       -2809.2368457118359     
   9.1543660781771425       -2809.2368457118359     
   9.1590035483281955       -2809.2368457118359     
   9.1636410184792485       -2809.2368457118359     
   9.1682784886302997       -2809.2368457118359     
   9.1729159587813527       -2809.2368457118359     
   9.1775534289324039       -2809.2368457118359     
   9.1821908990834569       -2809.2368457118359     
   9.1868283692345099       -2809.2368457118359     
   9.1914658393855611       -2809.2368457118359     
   9.1961033095366140       -2809.2368457118359     
   9.2007407796876652       -2809.2368457118359     
   9.2053782498387182       -2809.2368457118359     
   9.2100157199897694       -2809.2368457118359     
   9.2146531901408224       -2809.2368457118359     
   9.2192906602918754       -2809.2368457118359     
   9.2239281304429266       -2809.2368457118359     
   9.2285656005939796       -2809.2368457118359     
   9.2332030707450308       -2809.2368457118359     
   9.2378405408960838       -2809.2368457118359     
   9.2424780110471367       -2809.2368457118359     
   9.2471154811981879       -2809.2368457118359     
   9.2517529513492409       -2809.2368457118359     
   9.2563904215002921       -2809.2368457118359     
   9.2610278916513451       -2809.2368457118359     
   9.2656653618023981       -2809.2368457118359     
   9.2703028319534493       -2809.2368457118359     
   9.2749403021045023       -2809.2368457118359     
   9.2795777722555535       -2809.2368457118359     
   9.2842152424066064       -2809.2368457118359     
   9.2888527125576577       -2809.2368457118359     
   9.2934901827087106       -2809.2368457118359     
   9.2981276528597636       -2809.2368457118359     
   9.3027651230108148       -2809.2368457118359     
   9.3074025931618678       -2809.2368457118359     
   9.3120400633129190       -2809.2368457118359     
   9.3166775334639720       -2809.2368457118359     
   9.3213150036150250       -2809.2368457118359     
   9.3259524737660762       -2809.2368457118359     
   9.3305899439171291       -2809.2368457118359     
   9.3352274140681804       -2809.2368457118359     
   9.3398648842192333       -2809.2368457118359     
   9.3445023543702863       -2809.2368457118359     
   9.3491398245213375       -2809.2368457118359     
   9.3537772946723905       -2809.2368457118359     
   9.3584147648234417       -2809.2368457118359     
   9.3630522349744947       -2809.2368457118359     
   9.3676897051255459       -2809.2368457118359     
   9.3723271752765989       -2809.2368457118359     
   9.3769646454276518       -2809.2368457118359     
   9.3816021155787030       -2809.2368457118359     
   9.3862395857297560       -2809.2368457118359     
   9.3908770558808072       -2809.2368457118359     
   9.3955145260318602       -2809.2368457118359     
   9.4001519961829132       -2809.2368457118359     
   9.4047894663339644       -2809.2368457118359     
   9.4094269364850174       -2809.2368457118359     
   9.4140644066360686       -2809.2368457118359     
   9.4187018767871216       -2809.2368457118359     
   9.4233393469381745       -2809.2368457118359     
   9.4279768170892257       -2809.2368457118359     
   9.4326142872402787       -2809.2368457118359     
   9.4372517573913299       -2809.2368457118359     
   9.4418892275423829       -2809.2368457118359     
   9.4465266976934359       -2809.2368457118359     
   9.4511641678444871       -2809.2368457118359     
   9.4558016379955401       -2809.2368457118359     
   9.4604391081465913       -2809.2368457118359     
   9.4650765782976443       -2809.2368457118359     
   9.4697140484486955       -2809.2368457118359     
   9.4743515185997484       -2809.2368457118359     
   9.4789889887508014       -2809.2368457118359     
   9.4836264589018526       -2809.2368457118359     
   9.4882639290529056       -2809.2368457118359     
   9.4929013992039568       -2809.2368457118359     
   9.4975388693550098       -2809.2368457118359     
   9.5021763395060628       -2809.2368457118359     
   9.5068138096571140       -2809.2368457118359     
   9.5114512798081670       -2809.2368457118359     
   9.5160887499592182       -2809.2368457118359     
   9.5207262201102711       -2809.2368457118359     
   9.5253636902613241       -2809.2368457118359     
   9.5300011604123753       -2809.2368457118359     
   9.5346386305634283       -2809.2368457118359     
   9.5392761007144795       -2809.2368457118359     
   9.5439135708655325       -2809.2368457118359     
   9.5485510410165837       -2809.2368457118359     
   9.5531885111676367       -2809.2368457118359     
   9.5578259813186897       -2809.2368457118359     
   9.5624634514697409       -2809.2368457118359     
   9.5671009216207938       -2809.2368457118359     
   9.5717383917718450       -2809.2368457118359     
   9.5763758619228980       -2809.2368457118359     
   9.5810133320739510       -2809.2368457118359     
   9.5856508022250022       -2809.2368457118359     
   9.5902882723760552       -2809.2368457118359     
   9.5949257425271064       -2809.2368457118359     
   9.5995632126781594       -2809.2368457118359     
   9.6042006828292124       -2809.2368457118359     
   9.6088381529802636       -2809.2368457118359     
   9.6134756231313165       -2809.2368457118359     
   9.6181130932823677       -2809.2368457118359     
   9.6227505634334207       -2809.2368457118359     
   9.6273880335844737       -2809.2368457118359     
   9.6320255037355249       -2809.2368457118359     
   9.6366629738865779       -2809.2368457118359     
   9.6413004440376291       -2809.2368457118359     
   9.6459379141886821       -2809.2368457118359     
   9.6505753843397333       -2809.2368457118359     
   9.6552128544907863       -2809.2368457118359     
   9.6598503246418392       -2809.2368457118359     
   9.6644877947928904       -2809.2368457118359     
   9.6691252649439434       -2809.2368457118359     
   9.6737627350949946       -2809.2368457118359     
   9.6784002052460476       -2809.2368457118359     
   9.6830376753971006       -2809.2368457118359     
   9.6876751455481518       -2809.2368457118359     
   9.6923126156992048       -2809.2368457118359     
   9.6969500858502560       -2809.2368457118359     
   9.7015875560013090       -2809.2368457118359     
   9.7062250261523619       -2809.2368457118359     
   9.7108624963034131       -2809.2368457118359     
   9.7154999664544661       -2809.2368457118359     
   9.7201374366055173       -2809.2368457118359     
   9.7247749067565703       -2809.2368457118359     
   9.7294123769076215       -2809.2368457118359     
   9.7340498470586745       -2809.2368457118359     
   9.7386873172097275       -2809.2368457118359     
   9.7433247873607787       -2809.2368457118359     
   9.7479622575118317       -2809.2368457118359     
   9.7525997276628829       -2809.2368457118359     
   9.7572371978139358       -2809.2368457118359     
   9.7618746679649888       -2809.2368457118359     
   9.7665121381160400       -2809.2368457118359     
   9.7711496082670930       -2809.2368457118359     
   9.7757870784181442       -2809.2368457118359     
   9.7804245485691972       -2809.2368457118359     
   9.7850620187202502       -2809.2368457118359     
   9.7896994888713014       -2809.2368457118359     
   9.7943369590223543       -2809.2368457118359     
   9.7989744291734056       -2809.2368457118359     
   9.8036118993244585       -2809.2368457118359     
   9.8082493694755097       -2809.2368457118359     
   9.8128868396265627       -2809.2368457118359     
   9.8175243097776157       -2809.2368457118359     
   9.8221617799286669       -2809.2368457118359     
   9.8267992500797199       -2809.2368457118359     
   9.8314367202307711       -2809.2368457118359     
   9.8360741903818241       -2809.2368457118359     
   9.8407116605328770       -2809.2368457118359     
   9.8453491306839283       -2809.2368457118359     
   9.8499866008349812       -2809.2368457118359     
   9.8546240709860324       -2809.2368457118359     
   9.8592615411370854       -2809.2368457118359     
   9.8638990112881384       -2809.2368457118359     
   9.8685364814391896       -2809.2368457118359     
   9.8731739515902426       -2809.2368457118359     
   9.8778114217412938       -2809.2368457118359     
   9.8824488918923468       -2809.2368457118359     
   9.8870863620433997       -2809.2368457118359     
   9.8917238321944509       -2809.2368457118359     
   9.8963613023455039       -2809.2368457118359     
   9.9009987724965551       -2809.2368457118359     
   9.9056362426476081       -2809.2368457118359     
   9.9102737127986593       -2809.2368457118359     
   9.9149111829497123       -2809.2368457118359     
   9.9195486531007653       -2809.2368457118359     
   9.9241861232518165       -2809.2368457118359     
   9.9288235934028695       -2809.2368457118359     
   9.9334610635539207       -2809.2368457118359     
   9.9380985337049736       -2809.2368457118359     
   9.9427360038560266       -2809.2368457118359     
   9.9473734740070778       -2809.2368457118359     
   9.9520109441581308       -2809.2368457118359     
   9.9566484143091820       -2809.2368457118359     
   9.9612858844602350       -2809.2368457118359     
   9.9659233546112880       -2809.2368457118359     
   9.9705608247623392       -2809.2368457118359     
   9.9751982949133922       -2809.2368457118359     
   9.9798357650644434       -2809.2368457118359     
   9.9844732352154963       -2809.2368457118359     
   9.9891107053665475       -2809.2368457118359     
   9.9937481755176005       -2809.2368457118359     
   9.9983856456686535       -2809.2368457118359     
   10.003023115819705       -2809.2368457118359     
   10.007660585970758       -2809.2368457118359     
   10.012298056121809       -2809.2368457118359     
   10.016935526272862       -2809.2368457118359     
   10.021572996423915       -2809.2368457118359     
   10.026210466574966       -2809.2368457118359     
   10.030847936726019       -2809.2368457118359     
   10.035485406877070       -2809.2368457118359     
   10.040122877028123       -2809.2368457118359     
   10.044760347179176       -2809.2368457118359     
   10.049397817330227       -2809.2368457118359     
   10.054035287481280       -2809.2368457118359     
   10.058672757632332       -2809.2368457118359     
   10.063310227783385       -2809.2368457118359     
   10.067947697934436       -2809.2368457118359     
   10.072585168085489       -2809.2368457118359     
   10.077222638236542       -2809.2368457118359     
   10.081860108387593       -2809.2368457118359     
   10.086497578538646       -2809.2368457118359     
   10.091135048689697       -2809.2368457118359     
   10.095772518840750       -2809.2368457118359     
   10.100409988991803       -2809.2368457118359     
   10.105047459142854       -2809.2368457118359     
   10.109684929293907       -2809.2368457118359     
   10.114322399444958       -2809.2368457118359     
   10.118959869596011       -2809.2368457118359     
   10.123597339747064       -2809.2368457118359     
   10.128234809898116       -2809.2368457118359     
   10.132872280049169       -2809.2368457118359     
   10.137509750200220       -2809.2368457118359     
   10.142147220351273       -2809.2368457118359     
   10.146784690502326       -2809.2368457118359     
   10.151422160653377       -2809.2368457118359     
   10.156059630804430       -2809.2368457118359     
   10.160697100955481       -2809.2368457118359     
   10.165334571106534       -2809.2368457118359     
   10.169972041257585       -2809.2368457118359     
   10.174609511408638       -2809.2368457118359     
   10.179246981559691       -2809.2368457118359     
   10.183884451710743       -2809.2368457118359     
   10.188521921861796       -2809.2368457118359     
   10.193159392012847       -2809.2368457118359     
   10.197796862163900       -2809.2368457118359     
   10.202434332314953       -2809.2368457118359     
   10.207071802466004       -2809.2368457118359     
   10.211709272617057       -2809.2368457118359     
   10.216346742768108       -2809.2368457118359     
   10.220984212919161       -2809.2368457118359     
   10.225621683070214       -2809.2368457118359     
   10.230259153221265       -2809.2368457118359     
   10.234896623372318       -2809.2368457118359     
   10.239534093523369       -2809.2368457118359     
   10.244171563674422       -2809.2368457118359     
   10.248809033825474       -2809.2368457118359     
   10.253446503976527       -2809.2368457118359     
   10.258083974127580       -2809.2368457118359     
   10.262721444278631       -2809.2368457118359     
   10.267358914429684       -2809.2368457118359     
   10.271996384580735       -2809.2368457118359     
   10.276633854731788       -2809.2368457118359     
   10.281271324882841       -2809.2368457118359     
   10.285908795033892       -2809.2368457118359     
   10.290546265184945       -2809.2368457118359     
   10.295183735335996       -2809.2368457118359     
   10.299821205487049       -2809.2368457118359     
   10.304458675638102       -2809.2368457118359     
   10.309096145789153       -2809.2368457118359     
   10.313733615940206       -2809.2368457118359     
   10.318371086091258       -2809.2368457118359     
   10.323008556242311       -2809.2368457118359     
   10.327646026393362       -2809.2368457118359     
   10.332283496544415       -2809.2368457118359     
   10.336920966695468       -2809.2368457118359     
   10.341558436846519       -2809.2368457118359     
   10.346195906997572       -2809.2368457118359     
   10.350833377148623       -2809.2368457118359     
   10.355470847299676       -2809.2368457118359     
   10.360108317450729       -2809.2368457118359     
   10.364745787601780       -2809.2368457118359     
   10.369383257752833       -2809.2368457118359     
   10.374020727903885       -2809.2368457118359     
   10.378658198054938       -2809.2368457118359     
   10.383295668205990       -2809.2368457118359     
   10.387933138357042       -2809.2368457118359     
   10.392570608508095       -2809.2368457118359     
   10.397208078659146       -2809.2368457118359     
   10.401845548810199       -2809.2368457118359     
   10.406483018961252       -2809.2368457118359     
   10.411120489112303       -2809.2368457118359     
   10.415757959263356       -2809.2368457118359     
   10.420395429414407       -2809.2368457118359     
   10.425032899565460       -2809.2368457118359     
   10.429670369716511       -2809.2368457118359     
   10.434307839867564       -2809.2368457118359     
   10.438945310018617       -2809.2368457118359     
   10.443582780169669       -2809.2368457118359     
   10.448220250320722       -2809.2368457118359     
   10.452857720471773       -2809.2368457118359     
   10.457495190622826       -2809.2368457118359     
   10.462132660773879       -2809.2368457118359     
   10.466770130924930       -2809.2368457118359     
   10.471407601075983       -2809.2368457118359     
   10.476045071227034       -2809.2368457118359     
   10.480682541378087       -2809.2368457118359     
   10.485320011529140       -2809.2368457118359     
   10.489957481680191       -2809.2368457118359     
   10.494594951831244       -2809.2368457118359     
   10.499232421982295       -2809.2368457118359     
   10.503869892133348       -2809.2368457118359     
   10.508507362284400       -2809.2368457118359     
   10.513144832435453       -2809.2368457118359     
   10.517782302586506       -2809.2368457118359     
   10.522419772737557       -2809.2368457118359     
   10.527057242888610       -2809.2368457118359     
   10.531694713039661       -2809.2368457118359     
   10.536332183190714       -2809.2368457118359     
   10.540969653341767       -2809.2368457118359     
   10.545607123492818       -2809.2368457118359     
   10.550244593643871       -2809.2368457118359     
   10.554882063794922       -2809.2368457118359     
   10.559519533945975       -2809.2368457118359     
   10.564157004097028       -2809.2368457118359     
   10.568794474248079       -2809.2368457118359     
   10.573431944399132       -2809.2368457118359     
   10.578069414550184       -2809.2368457118359     
   10.582706884701237       -2809.2368457118359     
   10.587344354852288       -2809.2368457118359     
   10.591981825003341       -2809.2368457118359     
   10.596619295154394       -2809.2368457118359     
   10.601256765305445       -2809.2368457118359     
   10.605894235456498       -2809.2368457118359     
   10.610531705607549       -2809.2368457118359     
   10.615169175758602       -2809.2368457118359     
   10.619806645909655       -2809.2368457118359     
   10.624444116060706       -2809.2368457118359     
   10.629081586211759       -2809.2368457118359     
   10.633719056362811       -2809.2368457118359     
   10.638356526513864       -2809.2368457118359     
   10.642993996664917       -2809.2368457118359     
   10.647631466815968       -2809.2368457118359     
   10.652268936967021       -2809.2368457118359     
   10.656906407118072       -2809.2368457118359     
   10.661543877269125       -2809.2368457118359     
   10.666181347420178       -2809.2368457118359     
   10.670818817571229       -2809.2368457118359     
   10.675456287722282       -2809.2368457118359     
   10.680093757873333       -2809.2368457118359     
   10.684731228024386       -2809.2368457118359     
   10.689368698175437       -2809.2368457118359     
   10.694006168326490       -2809.2368457118359     
   10.698643638477543       -2809.2368457118359     
   10.703281108628595       -2809.2368457118359     
   10.707918578779648       -2809.2368457118359     
   10.712556048930699       -2809.2368457118359     
   10.717193519081752       -2809.2368457118359     
   10.721830989232805       -2809.2368457118359     
   10.726468459383856       -2809.2368457118359     
   10.731105929534909       -2809.2368457118359     
   10.735743399685960       -2809.2368457118359     
   10.740380869837013       -2809.2368457118359     
   10.745018339988066       -2809.2368457118359     
   10.749655810139117       -2809.2368457118359     
   10.754293280290170       -2809.2368457118359     
   10.758930750441221       -2809.2368457118359     
   10.763568220592274       -2809.2368457118359     
   10.768205690743326       -2809.2368457118359     
   10.772843160894379       -2809.2368457118359     
   10.777480631045432       -2809.2368457118359     
   10.782118101196483       -2809.2368457118359     
   10.786755571347536       -2809.2368457118359     
   10.791393041498587       -2809.2368457118359     
   10.796030511649640       -2809.2368457118359     
   10.800667981800693       -2809.2368457118359     
   10.805305451951744       -2809.2368457118359     
   10.809942922102797       -2809.2368457118359     
   10.814580392253848       -2809.2368457118359     
   10.819217862404901       -2809.2368457118359     
   10.823855332555954       -2809.2368457118359     
   10.828492802707006       -2809.2368457118359     
   10.833130272858059       -2809.2368457118359     
   10.837767743009110       -2809.2368457118359     
   10.842405213160163       -2809.2368457118359     
   10.847042683311216       -2809.2368457118359     
   10.851680153462267       -2809.2368457118359     
   10.856317623613320       -2809.2368457118359     
   10.860955093764371       -2809.2368457118359     
   10.865592563915424       -2809.2368457118359     
   10.870230034066475       -2809.2368457118359     
   10.874867504217528       -2809.2368457118359     
   10.879504974368581       -2809.2368457118359     
   10.884142444519632       -2809.2368457118359     
   10.888779914670685       -2809.2368457118359     
   10.893417384821737       -2809.2368457118359     
   10.898054854972790       -2809.2368457118359     
   10.902692325123843       -2809.2368457118359     
   10.907329795274894       -2809.2368457118359     
   10.911967265425947       -2809.2368457118359     
   10.916604735576998       -2809.2368457118359     
   10.921242205728051       -2809.2368457118359     
   10.925879675879104       -2809.2368457118359     
   10.930517146030155       -2809.2368457118359     
   10.935154616181208       -2809.2368457118359     
   10.939792086332259       -2809.2368457118359     
   10.944429556483312       -2809.2368457118359     
   10.949067026634363       -2809.2368457118359     
   10.953704496785416       -2809.2368457118359     
   10.958341966936469       -2809.2368457118359     
   10.962979437087521       -2809.2368457118359     
   10.967616907238574       -2809.2368457118359     
   10.972254377389625       -2809.2368457118359     
   10.976891847540678       -2809.2368457118359     
   10.981529317691731       -2809.2368457118359     
   10.986166787842782       -2809.2368457118359     
   10.990804257993835       -2809.2368457118359     
   10.995441728144886       -2809.2368457118359     
   11.000079198295939       -2809.2368457118359     
   11.004716668446992       -2809.2368457118359     
   11.009354138598043       -2809.2368457118359     
   11.013991608749096       -2809.2368457118359     
   11.018629078900148       -2809.2368457118359     
   11.023266549051201       -2809.2368457118359     
   11.027904019202252       -2809.2368457118359     
   11.032541489353305       -2809.2368457118359     
   11.037178959504358       -2809.2368457118359     
   11.041816429655409       -2809.2368457118359     
   11.046453899806462       -2809.2368457118359     
   11.051091369957513       -2809.2368457118359     
   11.055728840108566       -2809.2368457118359     
   11.060366310259619       -2809.2368457118359     
   11.065003780410670       -2809.2368457118359     
   11.069641250561723       -2809.2368457118359     
   11.074278720712774       -2809.2368457118359     
   11.078916190863827       -2809.2368457118359     
   11.083553661014880       -2809.2368457118359     
   11.088191131165932       -2809.2368457118359     
   11.092828601316985       -2809.2368457118359     
   11.097466071468036       -2809.2368457118359     
   11.102103541619089       -2809.2368457118359     
   11.106741011770142       -2809.2368457118359     
   11.111378481921193       -2809.2368457118359     
   11.116015952072246       -2809.2368457118359     
   11.120653422223297       -2809.2368457118359     
   11.125290892374350       -2809.2368457118359     
   11.129928362525401       -2809.2368457118359     
   11.134565832676454       -2809.2368457118359     
   11.139203302827507       -2809.2368457118359     
   11.143840772978558       -2809.2368457118359     
   11.148478243129611       -2809.2368457118359     
   11.153115713280663       -2809.2368457118359     
   11.157753183431716       -2809.2368457118359     
   11.162390653582769       -2809.2368457118359     
   11.167028123733820       -2809.2368457118359     
   11.171665593884873       -2809.2368457118359     
   11.176303064035924       -2809.2368457118359     
   11.180940534186977       -2809.2368457118359     
   11.185578004338030       -2809.2368457118359     
   11.190215474489081       -2809.2368457118359     
   11.194852944640134       -2809.2368457118359     
   11.199490414791185       -2809.2368457118359     
   11.204127884942238       -2809.2368457118359     
   11.208765355093290       -2809.2368457118359     
   11.213402825244343       -2809.2368457118359     
   11.218040295395395       -2809.2368457118359     
   11.222677765546447       -2809.2368457118359     
   11.227315235697500       -2809.2368457118359     
   11.231952705848551       -2809.2368457118359     
   11.236590175999604       -2809.2368457118359     
   11.241227646150657       -2809.2368457118359     
   11.245865116301708       -2809.2368457118359     
   11.250502586452761       -2809.2368457118359     
   11.255140056603812       -2809.2368457118359     
   11.259777526754865       -2809.2368457118359     
   11.264414996905918       -2809.2368457118359     
   11.269052467056969       -2809.2368457118359     
   11.273689937208022       -2809.2368457118359     
   11.278327407359074       -2809.2368457118359     
   11.282964877510127       -2809.2368457118359     
   11.287602347661178       -2809.2368457118359     
   11.292239817812231       -2809.2368457118359     
   11.296877287963284       -2809.2368457118359     
   11.301514758114335       -2809.2368457118359     
   11.306152228265388       -2809.2368457118359     
   11.310789698416439       -2809.2368457118359     
   11.315427168567492       -2809.2368457118359     
   11.320064638718545       -2809.2368457118359     
   11.324702108869596       -2809.2368457118359     
   11.329339579020649       -2809.2368457118359     
   11.333977049171700       -2809.2368457118359     
   11.338614519322753       -2809.2368457118359     
   11.343251989473806       -2809.2368457118359     
   11.347889459624858       -2809.2368457118359     
   11.352526929775911       -2809.2368457118359     
   11.357164399926962       -2809.2368457118359     
   11.361801870078015       -2809.2368457118359     
   11.366439340229068       -2809.2368457118359     
   11.371076810380119       -2809.2368457118359     
   11.375714280531172       -2809.2368457118359     
   11.380351750682223       -2809.2368457118359     
   11.384989220833276       -2809.2368457118359     
   11.389626690984327       -2809.2368457118359     
   11.394264161135380       -2809.2368457118359     
   11.398901631286433       -2809.2368457118359     
   11.403539101437485       -2809.2368457118359     
   11.408176571588537       -2809.2368457118359     
   11.412814041739589       -2809.2368457118359     
   11.417451511890642       -2809.2368457118359     
   11.422088982041695       -2809.2368457118359     
   11.426726452192746       -2809.2368457118359     
   11.431363922343799       -2809.2368457118359     
   11.436001392494850       -2809.2368457118359     
   11.440638862645903       -2809.2368457118359     
   11.445276332796956       -2809.2368457118359     
   11.449913802948007       -2809.2368457118359     
   11.454551273099060       -2809.2368457118359     
   11.459188743250111       -2809.2368457118359     
   11.463826213401164       -2809.2368457118359     
   11.468463683552216       -2809.2368457118359     
   11.473101153703269       -2809.2368457118359     
   11.477738623854322       -2809.2368457118359     
   11.482376094005373       -2809.2368457118359     
   11.487013564156426       -2809.2368457118359     
   11.491651034307477       -2809.2368457118359     
   11.496288504458530       -2809.2368457118359     
   11.500925974609583       -2809.2368457118359     
   11.505563444760634       -2809.2368457118359     
   11.510200914911687       -2809.2368457118359     
   11.514838385062738       -2809.2368457118359     
   11.519475855213791       -2809.2368457118359     
   11.524113325364844       -2809.2368457118359     
   11.528750795515895       -2809.2368457118359     
   11.533388265666948       -2809.2368457118359     
   11.538025735818000       -2809.2368457118359     
   11.542663205969053       -2809.2368457118359     
   11.547300676120104       -2809.2368457118359     
   11.551938146271157       -2809.2368457118359     
   11.556575616422210       -2809.2368457118359     
   11.561213086573261       -2809.2368457118359     
   11.565850556724314       -2809.2368457118359     
   11.570488026875365       -2809.2368457118359     
   11.575125497026418       -2809.2368457118359     
   11.579762967177471       -2809.2368457118359     
   11.584400437328522       -2809.2368457118359     
   11.589037907479575       -2809.2368457118359     
   11.593675377630626       -2809.2368457118359     
   11.598312847781679       -2809.2368457118359     
   11.602950317932732       -2809.2368457118359     
   11.607587788083784       -2809.2368457118359     
   11.612225258234837       -2809.2368457118359     
   11.616862728385888       -2809.2368457118359     
   11.621500198536941       -2809.2368457118359     
   11.626137668687994       -2809.2368457118359     
   11.630775138839045       -2809.2368457118359     
   11.635412608990098       -2809.2368457118359     
   11.640050079141149       -2809.2368457118359     
   11.644687549292202       -2809.2368457118359     
   11.649325019443253       -2809.2368457118359     
   11.653962489594306       -2809.2368457118359     
   11.658599959745359       -2809.2368457118359     
   11.663237429896411       -2809.2368457118359     
   11.667874900047464       -2809.2368457118359     
   11.672512370198515       -2809.2368457118359     
   11.677149840349568       -2809.2368457118359     
   11.681787310500621       -2809.2368457118359     
   11.686424780651672       -2809.2368457118359     
   11.691062250802725       -2809.2368457118359     
   11.695699720953776       -2809.2368457118359     
   11.700337191104829       -2809.2368457118359     
   11.704974661255882       -2809.2368457118359     
   11.709612131406933       -2809.2368457118359     
   11.714249601557986       -2809.2368457118359     
   11.718887071709037       -2809.2368457118359     
   11.723524541860090       -2809.2368457118359     
   11.728162012011142       -2809.2368457118359     
   11.732799482162195       -2809.2368457118359     
   11.737436952313248       -2809.2368457118359     
   11.742074422464299       -2809.2368457118359     
   11.746711892615352       -2809.2368457118359     
   11.751349362766403       -2809.2368457118359     
   11.755986832917456       -2809.2368457118359     
   11.760624303068509       -2809.2368457118359     
   11.765261773219560       -2809.2368457118359     
   11.769899243370613       -2809.2368457118359     
   11.774536713521664       -2809.2368457118359     
   11.779174183672717       -2809.2368457118359     
   11.783811653823770       -2809.2368457118359     
   11.788449123974821       -2809.2368457118359     
   11.793086594125874       -2809.2368457118359     
   11.797724064276926       -2809.2368457118359     
   11.802361534427979       -2809.2368457118359     
   11.806999004579030       -2809.2368457118359     
   11.811636474730083       -2809.2368457118359     
   11.816273944881136       -2809.2368457118359     
   11.820911415032187       -2809.2368457118359     
   11.825548885183240       -2809.2368457118359     
   11.830186355334291       -2809.2368457118359     
   11.834823825485344       -2809.2368457118359     
   11.839461295636397       -2809.2368457118359     
   11.844098765787448       -2809.2368457118359     
   11.848736235938501       -2809.2368457118359     
   11.853373706089553       -2809.2368457118359     
   11.858011176240606       -2809.2368457118359     
   11.862648646391659       -2809.2368457118359     
   11.867286116542710       -2809.2368457118359     
   11.871923586693763       -2809.2368457118359     
   11.876561056844814       -2809.2368457118359     
   11.881198526995867       -2809.2368457118359     
   11.885835997146920       -2809.2368457118359     
   11.890473467297971       -2809.2368457118359     
   11.895110937449024       -2809.2368457118359     
   11.899748407600075       -2809.2368457118359     
   11.904385877751128       -2809.2368457118359     
   11.909023347902179       -2809.2368457118359     
   11.913660818053232       -2809.2368457118359     
   11.918298288204285       -2809.2368457118359     
   11.922935758355337       -2809.2368457118359     
   11.927573228506390       -2809.2368457118359     
   11.932210698657441       -2809.2368457118359     
   11.936848168808494       -2809.2368457118359     
   11.941485638959547       -2809.2368457118359     
   11.946123109110598       -2809.2368457118359     
   11.950760579261651       -2809.2368457118359     
   11.955398049412702       -2809.2368457118359     
   11.960035519563755       -2809.2368457118359     
   11.964672989714808       -2809.2368457118359     
   11.969310459865859       -2809.2368457118359     
   11.973947930016912       -2809.2368457118359     
   11.978585400167963       -2809.2368457118359     
   11.983222870319016       -2809.2368457118359     
   11.987860340470068       -2809.2368457118359     
   11.992497810621121       -2809.2368457118359     
   11.997135280772174       -2809.2368457118359     
   12.001772750923225       -2809.2368457118359     
   12.006410221074278       -2809.2368457118359     
   12.011047691225329       -2809.2368457118359     
   12.015685161376382       -2809.2368457118359     
   12.020322631527435       -2809.2368457118359     
   12.024960101678486       -2809.2368457118359     
   12.029597571829539       -2809.2368457118359     
   12.034235041980590       -2809.2368457118359     
   12.038872512131643       -2809.2368457118359     
   12.043509982282696       -2809.2368457118359     
   12.048147452433748       -2809.2368457118359     
   12.052784922584800       -2809.2368457118359     
   12.057422392735852       -2809.2368457118359     
   12.062059862886905       -2809.2368457118359     
   12.066697333037958       -2809.2368457118359     
   12.071334803189009       -2809.2368457118359     
   12.075972273340062       -2809.2368457118359     
   12.080609743491113       -2809.2368457118359     
   12.085247213642166       -2809.2368457118359     
   12.089884683793217       -2809.2368457118359     
   12.094522153944270       -2809.2368457118359     
   12.099159624095323       -2809.2368457118359     
   12.103797094246374       -2809.2368457118359     
   12.108434564397427       -2809.2368457118359     
   12.113072034548479       -2809.2368457118359     
   12.117709504699532       -2809.2368457118359     
   12.122346974850585       -2809.2368457118359     
   12.126984445001636       -2809.2368457118359     
   12.131621915152689       -2809.2368457118359     
   12.136259385303740       -2809.2368457118359     
   12.140896855454793       -2809.2368457118359     
   12.145534325605846       -2809.2368457118359     
   12.150171795756897       -2809.2368457118359     
   12.154809265907950       -2809.2368457118359     
   12.159446736059001       -2809.2368457118359     
   12.164084206210054       -2809.2368457118359     
   12.168721676361105       -2809.2368457118359     
   12.173359146512158       -2809.2368457118359     
   12.177996616663211       -2809.2368457118359     
   12.182634086814263       -2809.2368457118359     
   12.187271556965316       -2809.2368457118359     
   12.191909027116367       -2809.2368457118359     
   12.196546497267420       -2809.2368457118359     
   12.201183967418473       -2809.2368457118359     
   12.205821437569524       -2809.2368457118359     
   12.210458907720577       -2809.2368457118359     
   12.215096377871628       -2809.2368457118359     
   12.219733848022681       -2809.2368457118359     
   12.224371318173734       -2809.2368457118359     
   12.229008788324785       -2809.2368457118359     
   12.233646258475838       -2809.2368457118359     
   12.238283728626890       -2809.2368457118359     
   12.242921198777942       -2809.2368457118359     
   12.247558668928994       -2809.2368457118359     
   12.252196139080047       -2809.2368457118359     
   12.256833609231100       -2809.2368457118359     
   12.261471079382151       -2809.2368457118359     
   12.266108549533204       -2809.2368457118359     
   12.270746019684255       -2809.2368457118359     
   12.275383489835308       -2809.2368457118359     
   12.280020959986361       -2809.2368457118359     
   12.284658430137412       -2809.2368457118359     
   12.289295900288465       -2809.2368457118359     
   12.293933370439516       -2809.2368457118359     
   12.298570840590569       -2809.2368457118359     
   12.303208310741622       -2809.2368457118359     
   12.307845780892674       -2809.2368457118359     
   12.312483251043727       -2809.2368457118359     
   12.317120721194778       -2809.2368457118359     
   12.321758191345831       -2809.2368457118359     
   12.326395661496884       -2809.2368457118359     
   12.331033131647935       -2809.2368457118359     
   12.335670601798988       -2809.2368457118359     
   12.340308071950039       -2809.2368457118359     
   12.344945542101092       -2809.2368457118359     
   12.349583012252143       -2809.2368457118359     
   12.354220482403196       -2809.2368457118359     
   12.358857952554249       -2809.2368457118359     
   12.363495422705300       -2809.2368457118359     
   12.368132892856353       -2809.2368457118359     
   12.372770363007405       -2809.2368457118359     
   12.377407833158458       -2809.2368457118359     
   12.382045303309511       -2809.2368457118359     
   12.386682773460562       -2809.2368457118359     
   12.391320243611615       -2809.2368457118359     
   12.395957713762666       -2809.2368457118359     
   12.400595183913719       -2809.2368457118359     
   12.405232654064772       -2809.2368457118359     
   12.409870124215823       -2809.2368457118359     
   12.414507594366876       -2809.2368457118359     
   12.419145064517927       -2809.2368457118359     
   12.423782534668980       -2809.2368457118359     
   12.428420004820032       -2809.2368457118359     
   12.433057474971084       -2809.2368457118359     
   12.437694945122137       -2809.2368457118359     
   12.442332415273189       -2809.2368457118359     
   12.446969885424242       -2809.2368457118359     
   12.451607355575293       -2809.2368457118359     
   12.456244825726346       -2809.2368457118359     
   12.460882295877399       -2809.2368457118359     
   12.465519766028450       -2809.2368457118359     
   12.470157236179503       -2809.2368457118359     
   12.474794706330554       -2809.2368457118359     
   12.479432176481607       -2809.2368457118359     
   12.484069646632660       -2809.2368457118359     
   12.488707116783711       -2809.2368457118359     
   12.493344586934764       -2809.2368457118359     
   12.497982057085816       -2809.2368457118359     
   12.502619527236869       -2809.2368457118359     
   12.507256997387920       -2809.2368457118359     
   12.511894467538973       -2809.2368457118359     
   12.516531937690026       -2809.2368457118359     
   12.521169407841077       -2809.2368457118359     
   12.525806877992130       -2809.2368457118359     
   12.530444348143181       -2809.2368457118359     
   12.535081818294234       -2809.2368457118359     
   12.539719288445287       -2809.2368457118359     
   12.544356758596338       -2809.2368457118359     
   12.548994228747391       -2809.2368457118359     
   12.553631698898442       -2809.2368457118359     
   12.558269169049495       -2809.2368457118359     
   12.562906639200548       -2809.2368457118359     
   12.567544109351600       -2809.2368457118359     
   12.572181579502653       -2809.2368457118359     
   12.576819049653704       -2809.2368457118359     
   12.581456519804757       -2809.2368457118359     
   12.586093989955810       -2809.2368457118359     
   12.590731460106861       -2809.2368457118359     
   12.595368930257914       -2809.2368457118359     
   12.600006400408965       -2809.2368457118359     
   12.604643870560018       -2809.2368457118359     
   12.609281340711069       -2809.2368457118359     
   12.613918810862122       -2809.2368457118359     
   12.618556281013175       -2809.2368457118359     
   12.623193751164226       -2809.2368457118359     
   12.627831221315279       -2809.2368457118359     
   12.632468691466331       -2809.2368457118359     
   12.637106161617384       -2809.2368457118359     
   12.641743631768437       -2809.2368457118359     
   12.646381101919488       -2809.2368457118359     
   12.651018572070541       -2809.2368457118359     
   12.655656042221592       -2809.2368457118359     
   12.660293512372645       -2809.2368457118359     
   12.664930982523698       -2809.2368457118359     
   12.669568452674749       -2809.2368457118359     
   12.674205922825802       -2809.2368457118359     
   12.678843392976853       -2809.2368457118359     
   12.683480863127906       -2809.2368457118359     
   12.688118333278958       -2809.2368457118359     
   12.692755803430011       -2809.2368457118359     
   12.697393273581064       -2809.2368457118359     
   12.702030743732115       -2809.2368457118359     
   12.706668213883168       -2809.2368457118359     
   12.711305684034219       -2809.2368457118359     
   12.715943154185272       -2809.2368457118359     
   12.720580624336325       -2809.2368457118359     
   12.725218094487376       -2809.2368457118359     
   12.729855564638429       -2809.2368457118359     
   12.734493034789480       -2809.2368457118359     
   12.739130504940533       -2809.2368457118359     
   12.743767975091586       -2809.2368457118359     
   12.748405445242637       -2809.2368457118359     
   12.753042915393690       -2809.2368457118359     
   12.757680385544742       -2809.2368457118359     
   12.762317855695795       -2809.2368457118359     
   12.766955325846846       -2809.2368457118359     
   12.771592795997899       -2809.2368457118359     
   12.776230266148952       -2809.2368457118359     
   12.780867736300003       -2809.2368457118359     
   12.785505206451056       -2809.2368457118359     
   12.790142676602107       -2809.2368457118359     
   12.794780146753160       -2809.2368457118359     
   12.799417616904213       -2809.2368457118359     
   12.804055087055264       -2809.2368457118359     
   12.808692557206317       -2809.2368457118359     
   12.813330027357368       -2809.2368457118359     
   12.817967497508421       -2809.2368457118359     
   12.822604967659474       -2809.2368457118359     
   12.827242437810526       -2809.2368457118359     
   12.831879907961579       -2809.2368457118359     
   12.836517378112630       -2809.2368457118359     
   12.841154848263683       -2809.2368457118359     
   12.845792318414736       -2809.2368457118359     
   12.850429788565787       -2809.2368457118359     
   12.855067258716840       -2809.2368457118359     
   12.859704728867891       -2809.2368457118359     
   12.864342199018944       -2809.2368457118359     
   12.868979669169995       -2809.2368457118359     
   12.873617139321048       -2809.2368457118359     
   12.878254609472101       -2809.2368457118359     
   12.882892079623153       -2809.2368457118359     
   12.887529549774206       -2809.2368457118359     
   12.892167019925257       -2809.2368457118359     
   12.896804490076310       -2809.2368457118359     
   12.901441960227363       -2809.2368457118359     
   12.906079430378414       -2809.2368457118359     
   12.910716900529467       -2809.2368457118359     
   12.915354370680518       -2809.2368457118359     
   12.919991840831571       -2809.2368457118359     
   12.924629310982624       -2809.2368457118359     
   12.929266781133675       -2809.2368457118359     
   12.933904251284728       -2809.2368457118359     
   12.938541721435779       -2809.2368457118359     
   12.943179191586832       -2809.2368457118359     
   12.947816661737884       -2809.2368457118359     
   12.952454131888937       -2809.2368457118359     
   12.957091602039990       -2809.2368457118359     
   12.961729072191041       -2809.2368457118359     
   12.966366542342094       -2809.2368457118359     
   12.971004012493145       -2809.2368457118359     
   12.975641482644198       -2809.2368457118359     
   12.980278952795251       -2809.2368457118359     
   12.984916422946302       -2809.2368457118359     
   12.989553893097355       -2809.2368457118359     
   12.994191363248406       -2809.2368457118359     
   12.998828833399459       -2809.2368457118359     
   13.003466303550512       -2809.2368457118359     
   13.008103773701563       -2809.2368457118359     
   13.012741243852616       -2809.2368457118359     
   13.017378714003668       -2809.2368457118359     
   13.022016184154721       -2809.2368457118359     
   13.026653654305772       -2809.2368457118359     
   13.031291124456825       -2809.2368457118359     
   13.035928594607878       -2809.2368457118359     
   13.040566064758929       -2809.2368457118359     
   13.045203534909982       -2809.2368457118359     
   13.049841005061033       -2809.2368457118359     
   13.054478475212086       -2809.2368457118359     
   13.059115945363139       -2809.2368457118359     
   13.063753415514190       -2809.2368457118359     
   13.068390885665243       -2809.2368457118359     
   13.073028355816295       -2809.2368457118359     
   13.077665825967348       -2809.2368457118359     
   13.082303296118400       -2809.2368457118359     
   13.086940766269452       -2809.2368457118359     
   13.091578236420505       -2809.2368457118359     
   13.096215706571556       -2809.2368457118359     
   13.100853176722609       -2809.2368457118359     
   13.105490646873662       -2809.2368457118359     
   13.110128117024713       -2809.2368457118359     
   13.114765587175766       -2809.2368457118359     
   13.119403057326817       -2809.2368457118359     
   13.124040527477870       -2809.2368457118359     
   13.128677997628921       -2809.2368457118359     
   13.133315467779974       -2809.2368457118359     
   13.137952937931027       -2809.2368457118359     
   13.142590408082079       -2809.2368457118359     
   13.147227878233132       -2809.2368457118359     
   13.151865348384183       -2809.2368457118359     
   13.156502818535236       -2809.2368457118359     
   13.161140288686289       -2809.2368457118359     
   13.165777758837340       -2809.2368457118359     
   13.170415228988393       -2809.2368457118359     
   13.175052699139444       -2809.2368457118359     
   13.179690169290497       -2809.2368457118359     
   13.184327639441550       -2809.2368457118359     
   13.188965109592601       -2809.2368457118359     
   13.193602579743654       -2809.2368457118359     
   13.198240049894705       -2809.2368457118359     
   13.202877520045758       -2809.2368457118359     
   13.207514990196810       -2809.2368457118359     
   13.212152460347863       -2809.2368457118359     
   13.216789930498916       -2809.2368457118359     
   13.221427400649967       -2809.2368457118359     
   13.226064870801020       -2809.2368457118359     
   13.230702340952071       -2809.2368457118359     
   13.235339811103124       -2809.2368457118359     
   13.239977281254177       -2809.2368457118359     
   13.244614751405228       -2809.2368457118359     
   13.249252221556281       -2809.2368457118359     
   13.253889691707332       -2809.2368457118359     
   13.258527161858385       -2809.2368457118359     
   13.263164632009438       -2809.2368457118359     
   13.267802102160489       -2809.2368457118359     
   13.272439572311542       -2809.2368457118359     
   13.277077042462594       -2809.2368457118359     
   13.281714512613647       -2809.2368457118359     
   13.286351982764700       -2809.2368457118359     
   13.290989452915751       -2809.2368457118359     
   13.295626923066804       -2809.2368457118359     
   13.300264393217855       -2809.2368457118359     
   13.304901863368908       -2809.2368457118359     
   13.309539333519959       -2809.2368457118359     
   13.314176803671012       -2809.2368457118359     
   13.318814273822065       -2809.2368457118359     
   13.323451743973116       -2809.2368457118359     
   13.328089214124169       -2809.2368457118359     
   13.332726684275221       -2809.2368457118359     
   13.337364154426274       -2809.2368457118359     
   13.342001624577327       -2809.2368457118359     
   13.346639094728378       -2809.2368457118359     
   13.351276564879431       -2809.2368457118359     
   13.355914035030482       -2809.2368457118359     
   13.360551505181535       -2809.2368457118359     
   13.365188975332588       -2809.2368457118359     
   13.369826445483639       -2809.2368457118359     
   13.374463915634692       -2809.2368457118359     
   13.379101385785743       -2809.2368457118359     
   13.383738855936796       -2809.2368457118359     
   13.388376326087847       -2809.2368457118359     
   13.393013796238900       -2809.2368457118359     
   13.397651266389953       -2809.2368457118359     
   13.402288736541005       -2809.2368457118359     
   13.406926206692058       -2809.2368457118359     
   13.411563676843109       -2809.2368457118359     
   13.416201146994162       -2809.2368457118359     
   13.420838617145215       -2809.2368457118359     
   13.425476087296266       -2809.2368457118359     
   13.430113557447319       -2809.2368457118359     
   13.434751027598370       -2809.2368457118359     
   13.439388497749423       -2809.2368457118359     
   13.444025967900476       -2809.2368457118359     
   13.448663438051527       -2809.2368457118359     
   13.453300908202580       -2809.2368457118359     
   13.457938378353631       -2809.2368457118359     
   13.462575848504684       -2809.2368457118359     
   13.467213318655736       -2809.2368457118359     
   13.471850788806789       -2809.2368457118359     
   13.476488258957842       -2809.2368457118359     
   13.481125729108893       -2809.2368457118359     
   13.485763199259946       -2809.2368457118359     
   13.490400669410997       -2809.2368457118359     
   13.495038139562050       -2809.2368457118359     
   13.499675609713103       -2809.2368457118359     
   13.504313079864154       -2809.2368457118359     
   13.508950550015207       -2809.2368457118359     
   13.513588020166258       -2809.2368457118359     
   13.518225490317311       -2809.2368457118359     
   13.522862960468364       -2809.2368457118359     
   13.527500430619416       -2809.2368457118359     
   13.532137900770469       -2809.2368457118359     
   13.536775370921520       -2809.2368457118359     
   13.541412841072573       -2809.2368457118359     
   13.546050311223626       -2809.2368457118359     
   13.550687781374677       -2809.2368457118359     
   13.555325251525730       -2809.2368457118359     
   13.559962721676781       -2809.2368457118359     
   13.564600191827834       -2809.2368457118359     
   13.569237661978885       -2809.2368457118359     
   13.573875132129938       -2809.2368457118359     
   13.578512602280991       -2809.2368457118359     
   13.583150072432042       -2809.2368457118359     
   13.587787542583095       -2809.2368457118359     
   13.592425012734147       -2809.2368457118359     
   13.597062482885200       -2809.2368457118359     
   13.601699953036253       -2809.2368457118359     
   13.606337423187304       -2809.2368457118359     
   13.610974893338357       -2809.2368457118359     
   13.615612363489408       -2809.2368457118359     
   13.620249833640461       -2809.2368457118359     
   13.624887303791514       -2809.2368457118359     
   13.629524773942565       -2809.2368457118359     
   13.634162244093618       -2809.2368457118359     
   13.638799714244669       -2809.2368457118359     
   13.643437184395722       -2809.2368457118359     
   13.648074654546773       -2809.2368457118359     
   13.652712124697826       -2809.2368457118359     
   13.657349594848879       -2809.2368457118359     
   13.661987064999931       -2809.2368457118359     
   13.666624535150984       -2809.2368457118359     
   13.671262005302035       -2809.2368457118359     
   13.675899475453088       -2809.2368457118359     
   13.680536945604141       -2809.2368457118359     
   13.685174415755192       -2809.2368457118359     
   13.689811885906245       -2809.2368457118359     
   13.694449356057296       -2809.2368457118359     
   13.699086826208349       -2809.2368457118359     
   13.703724296359402       -2809.2368457118359     
   13.708361766510453       -2809.2368457118359     
   13.712999236661506       -2809.2368457118359     
   13.717636706812558       -2809.2368457118359     
   13.722274176963611       -2809.2368457118359     
   13.726911647114662       -2809.2368457118359     
   13.731549117265715       -2809.2368457118359     
   13.736186587416768       -2809.2368457118359     
   13.740824057567819       -2809.2368457118359     
   13.745461527718872       -2809.2368457118359     
   13.750098997869923       -2809.2368457118359     
   13.754736468020976       -2809.2368457118359     
   13.759373938172029       -2809.2368457118359     
   13.764011408323080       -2809.2368457118359     
   13.768648878474133       -2809.2368457118359     
   13.773286348625184       -2809.2368457118359     
   13.777923818776237       -2809.2368457118359     
   13.782561288927290       -2809.2368457118359     
   13.787198759078342       -2809.2368457118359     
   13.791836229229395       -2809.2368457118359     
   13.796473699380446       -2809.2368457118359     
   13.801111169531499       -2809.2368457118359     
   13.805748639682552       -2809.2368457118359     
   13.810386109833603       -2809.2368457118359     
   13.815023579984656       -2809.2368457118359     
   13.819661050135707       -2809.2368457118359     
   13.824298520286760       -2809.2368457118359     
   13.828935990437811       -2809.2368457118359     
   13.833573460588864       -2809.2368457118359     
   13.838210930739917       -2809.2368457118359     
   13.842848400890968       -2809.2368457118359     
   13.847485871042021       -2809.2368457118359     
   13.852123341193073       -2809.2368457118359     
   13.856760811344126       -2809.2368457118359     
   13.861398281495179       -2809.2368457118359     
   13.866035751646230       -2809.2368457118359     
   13.870673221797283       -2809.2368457118359     
   13.875310691948334       -2809.2368457118359     
   13.879948162099387       -2809.2368457118359     
   13.884585632250440       -2809.2368457118359     
   13.889223102401491       -2809.2368457118359     
   13.893860572552544       -2809.2368457118359     
   13.898498042703595       -2809.2368457118359     
   13.903135512854648       -2809.2368457118359     
   13.907772983005700       -2809.2368457118359     
   13.912410453156753       -2809.2368457118359     
   13.917047923307805       -2809.2368457118359     
   13.921685393458857       -2809.2368457118359     
   13.926322863609910       -2809.2368457118359     
   13.930960333760961       -2809.2368457118359     
   13.935597803912014       -2809.2368457118359     
   13.940235274063067       -2809.2368457118359     
   13.944872744214118       -2809.2368457118359     
   13.949510214365171       -2809.2368457118359     
   13.954147684516222       -2809.2368457118359     
   13.958785154667275       -2809.2368457118359     
   13.963422624818328       -2809.2368457118359     
   13.968060094969379       -2809.2368457118359     
   13.972697565120432       -2809.2368457118359     
   13.977335035271484       -2809.2368457118359     
   13.981972505422537       -2809.2368457118359     
   13.986609975573588       -2809.2368457118359     
   13.991247445724641       -2809.2368457118359     
   13.995884915875694       -2809.2368457118359     
   14.000522386026745       -2809.2368457118359     
   14.005159856177798       -2809.2368457118359     
   14.009797326328849       -2809.2368457118359     
   14.014434796479902       -2809.2368457118359     
   14.019072266630955       -2809.2368457118359     
   14.023709736782006       -2809.2368457118359     
   14.028347206933059       -2809.2368457118359     
   14.032984677084110       -2809.2368457118359     
   14.037622147235163       -2809.2368457118359     
   14.042259617386216       -2809.2368457118359     
   14.046897087537268       -2809.2368457118359     
   14.051534557688321       -2809.2368457118359     
   14.056172027839372       -2809.2368457118359     
   14.060809497990425       -2809.2368457118359     
   14.065446968141478       -2809.2368457118359     
   14.070084438292529       -2809.2368457118359     
   14.074721908443582       -2809.2368457118359     
   14.079359378594633       -2809.2368457118359     
   14.083996848745686       -2809.2368457118359     
   14.088634318896737       -2809.2368457118359     
   14.093271789047790       -2809.2368457118359     
   14.097909259198843       -2809.2368457118359     
   14.102546729349895       -2809.2368457118359     
   14.107184199500947       -2809.2368457118359     
   14.111821669651999       -2809.2368457118359     
   14.116459139803052       -2809.2368457118359     
   14.121096609954105       -2809.2368457118359     
   14.125734080105156       -2809.2368457118359     
   14.130371550256209       -2809.2368457118359     
   14.135009020407260       -2809.2368457118359     
   14.139646490558313       -2809.2368457118359     
   14.144283960709366       -2809.2368457118359     
   14.148921430860417       -2809.2368457118359     
   14.153558901011470       -2809.2368457118359     
   14.158196371162521       -2809.2368457118359     
   14.162833841313574       -2809.2368457118359     
   14.167471311464626       -2809.2368457118359     
   14.172108781615679       -2809.2368457118359     
   14.176746251766732       -2809.2368457118359     
   14.181383721917783       -2809.2368457118359     
   14.186021192068836       -2809.2368457118359     
   14.190658662219887       -2809.2368457118359     
   14.195296132370940       -2809.2368457118359     
   14.199933602521993       -2809.2368457118359     
   14.204571072673044       -2809.2368457118359     
   14.209208542824097       -2809.2368457118359     
   14.213846012975148       -2809.2368457118359     
   14.218483483126201       -2809.2368457118359     
   14.223120953277254       -2809.2368457118359     
   14.227758423428305       -2809.2368457118359     
   14.232395893579358       -2809.2368457118359     
   14.237033363730410       -2809.2368457118359     
   14.241670833881463       -2809.2368457118359     
   14.246308304032514       -2809.2368457118359     
   14.250945774183567       -2809.2368457118359     
   14.255583244334620       -2809.2368457118359     
   14.260220714485671       -2809.2368457118359     
   14.264858184636724       -2809.2368457118359     
   14.269495654787775       -2809.2368457118359     
   14.274133124938828       -2809.2368457118359     
   14.278770595089881       -2809.2368457118359     
   14.283408065240932       -2809.2368457118359     
   14.288045535391985       -2809.2368457118359     
   14.292683005543037       -2809.2368457118359     
   14.297320475694089       -2809.2368457118359     
   14.301957945845142       -2809.2368457118359     
   14.306595415996194       -2809.2368457118359     
   14.311232886147247       -2809.2368457118359     
   14.315870356298298       -2809.2368457118359     
   14.320507826449351       -2809.2368457118359     
   14.325145296600404       -2809.2368457118359     
   14.329782766751455       -2809.2368457118359     
   14.334420236902508       -2809.2368457118359     
   14.339057707053559       -2809.2368457118359     
   14.343695177204612       -2809.2368457118359     
   14.348332647355663       -2809.2368457118359     
   14.352970117506716       -2809.2368457118359     
   14.357607587657769       -2809.2368457118359     
   14.362245057808821       -2809.2368457118359     
   14.366882527959874       -2809.2368457118359     
   14.371519998110925       -2809.2368457118359     
   14.376157468261978       -2809.2368457118359     
   14.380794938413031       -2809.2368457118359     
   14.385432408564082       -2809.2368457118359     
   14.390069878715135       -2809.2368457118359     
   14.394707348866186       -2809.2368457118359     
   14.399344819017239       -2809.2368457118359     
   14.403982289168292       -2809.2368457118359     
   14.408619759319343       -2809.2368457118359     
   14.413257229470396       -2809.2368457118359     
   14.417894699621447       -2809.2368457118359     
   14.422532169772500       -2809.2368457118359     
   14.427169639923552       -2809.2368457118359     
   14.431807110074605       -2809.2368457118359     
   14.436444580225658       -2809.2368457118359     
   14.441082050376709       -2809.2368457118359     
   14.445719520527762       -2809.2368457118359     
   14.450356990678813       -2809.2368457118359     
   14.454994460829866       -2809.2368457118359     
   14.459631930980919       -2809.2368457118359     
   14.464269401131970       -2809.2368457118359     
   14.468906871283023       -2809.2368457118359     
   14.473544341434074       -2809.2368457118359     
   14.478181811585127       -2809.2368457118359     
   14.482819281736180       -2809.2368457118359     
   14.487456751887231       -2809.2368457118359     
   14.492094222038284       -2809.2368457118359     
   14.496731692189336       -2809.2368457118359     
   14.501369162340389       -2809.2368457118359     
   14.506006632491442       -2809.2368457118359     
   14.510644102642493       -2809.2368457118359     
   14.515281572793546       -2809.2368457118359     
   14.519919042944597       -2809.2368457118359     
   14.524556513095650       -2809.2368457118359     
   14.529193983246701       -2809.2368457118359     
   14.533831453397754       -2809.2368457118359     
   14.538468923548807       -2809.2368457118359     
   14.543106393699858       -2809.2368457118359     
   14.547743863850911       -2809.2368457118359     
   14.552381334001963       -2809.2368457118359     
   14.557018804153016       -2809.2368457118359     
   14.561656274304069       -2809.2368457118359     
   14.566293744455120       -2809.2368457118359     
   14.570931214606173       -2809.2368457118359     
   14.575568684757224       -2809.2368457118359     
   14.580206154908277       -2809.2368457118359     
   14.584843625059330       -2809.2368457118359     
   14.589481095210381       -2809.2368457118359     
   14.594118565361434       -2809.2368457118359     
   14.598756035512485       -2809.2368457118359     
   14.603393505663538       -2809.2368457118359     
   14.608030975814589       -2809.2368457118359     
   14.612668445965642       -2809.2368457118359     
   14.617305916116695       -2809.2368457118359     
   14.621943386267747       -2809.2368457118359     
   14.626580856418800       -2809.2368457118359     
   14.631218326569851       -2809.2368457118359     
   14.635855796720904       -2809.2368457118359     
   14.640493266871957       -2809.2368457118359     
   14.645130737023008       -2809.2368457118359     
   14.649768207174061       -2809.2368457118359     
   14.654405677325112       -2809.2368457118359     
   14.659043147476165       -2809.2368457118359     
   14.663680617627218       -2809.2368457118359     
   14.668318087778269       -2809.2368457118359     
   14.672955557929322       -2809.2368457118359     
   14.677593028080373       -2809.2368457118359     
   14.682230498231426       -2809.2368457118359     
   14.686867968382478       -2809.2368457118359     
   14.691505438533531       -2809.2368457118359     
   14.696142908684584       -2809.2368457118359     
   14.700780378835635       -2809.2368457118359     
   14.705417848986688       -2809.2368457118359     
   14.710055319137739       -2809.2368457118359     
   14.714692789288792       -2809.2368457118359     
   14.719330259439845       -2809.2368457118359     
   14.723967729590896       -2809.2368457118359     
   14.728605199741949       -2809.2368457118359     
   14.733242669893000       -2809.2368457118359     
   14.737880140044053       -2809.2368457118359     
   14.742517610195106       -2809.2368457118359     
   14.747155080346158       -2809.2368457118359     
   14.751792550497210       -2809.2368457118359     
   14.756430020648262       -2809.2368457118359     
   14.761067490799315       -2809.2368457118359     
   14.765704960950368       -2809.2368457118359     
   14.770342431101419       -2809.2368457118359     
   14.774979901252472       -2809.2368457118359     
   14.779617371403523       -2809.2368457118359     
   14.784254841554576       -2809.2368457118359     
   14.788892311705627       -2809.2368457118359     
   14.793529781856680       -2809.2368457118359     
   14.798167252007733       -2809.2368457118359     
   14.802804722158784       -2809.2368457118359     
   14.807442192309837       -2809.2368457118359     
   14.812079662460889       -2809.2368457118359     
   14.816717132611942       -2809.2368457118359     
   14.821354602762995       -2809.2368457118359     
   14.825992072914046       -2809.2368457118359     
   14.830629543065099       -2809.2368457118359     
   14.835267013216150       -2809.2368457118359     
   14.839904483367203       -2809.2368457118359     
   14.844541953518256       -2809.2368457118359     
   14.849179423669307       -2809.2368457118359     
   14.853816893820360       -2809.2368457118359     
   14.858454363971411       -2809.2368457118359     
   14.863091834122464       -2809.2368457118359     
   14.867729304273515       -2809.2368457118359     
   14.872366774424568       -2809.2368457118359     
   14.877004244575621       -2809.2368457118359     
   14.881641714726673       -2809.2368457118359     
   14.886279184877726       -2809.2368457118359     
   14.890916655028777       -2809.2368457118359     
   14.895554125179830       -2809.2368457118359     
   14.900191595330883       -2809.2368457118359     
   14.904829065481934       -2809.2368457118359     
   14.909466535632987       -2809.2368457118359     
   14.914104005784038       -2809.2368457118359     
   14.918741475935091       -2809.2368457118359     
   14.923378946086144       -2809.2368457118359     
   14.928016416237195       -2809.2368457118359     
   14.932653886388248       -2809.2368457118359     
   14.937291356539300       -2809.2368457118359     
   14.941928826690352       -2809.2368457118359     
   14.946566296841404       -2809.2368457118359     
   14.951203766992457       -2809.2368457118359     
   14.955841237143510       -2809.2368457118359     
   14.960478707294561       -2809.2368457118359     
   14.965116177445614       -2809.2368457118359     
   14.969753647596665       -2809.2368457118359     
   14.974391117747718       -2809.2368457118359     
   14.979028587898771       -2809.2368457118359     
   14.983666058049822       -2809.2368457118359     
   14.988303528200875       -2809.2368457118359     
   14.992940998351926       -2809.2368457118359     
   14.997578468502979       -2809.2368457118359     
   15.002215938654032       -2809.2368457118359     
   15.006853408805084       -2809.2368457118359     
   15.011490878956137       -2809.2368457118359     
   15.016128349107188       -2809.2368457118359     
   15.020765819258241       -2809.2368457118359     
   15.025403289409294       -2809.2368457118359     
   15.030040759560345       -2809.2368457118359     
   15.034678229711398       -2809.2368457118359     
   15.039315699862449       -2809.2368457118359     
   15.043953170013502       -2809.2368457118359     
   15.048590640164553       -2809.2368457118359     
   15.053228110315606       -2809.2368457118359     
   15.057865580466659       -2809.2368457118359     
   15.062503050617710       -2809.2368457118359     
   15.067140520768763       -2809.2368457118359     
   15.071777990919815       -2809.2368457118359     
   15.076415461070868       -2809.2368457118359     
   15.081052931221921       -2809.2368457118359     
   15.085690401372972       -2809.2368457118359     
   15.090327871524025       -2809.2368457118359     
   15.094965341675076       -2809.2368457118359     
   15.099602811826129       -2809.2368457118359     
   15.104240281977182       -2809.2368457118359     
   15.108877752128233       -2809.2368457118359     
   15.113515222279286       -2809.2368457118359     
   15.118152692430337       -2809.2368457118359     
   15.122790162581390       -2809.2368457118359     
   15.127427632732442       -2809.2368457118359     
   15.132065102883494       -2809.2368457118359     
   15.136702573034547       -2809.2368457118359     
   15.141340043185599       -2809.2368457118359     
   15.145977513336652       -2809.2368457118359     
   15.150614983487703       -2809.2368457118359     
   15.155252453638756       -2809.2368457118359     
   15.159889923789809       -2809.2368457118359     
   15.164527393940860       -2809.2368457118359     
   15.169164864091913       -2809.2368457118359     
   15.173802334242964       -2809.2368457118359     
   15.178439804394017       -2809.2368457118359     
   15.183077274545070       -2809.2368457118359     
   15.187714744696121       -2809.2368457118359     
   15.192352214847174       -2809.2368457118359     
   15.196989684998226       -2809.2368457118359     
   15.201627155149279       -2809.2368457118359     
   15.206264625300330       -2809.2368457118359     
   15.210902095451383       -2809.2368457118359     
   15.215539565602436       -2809.2368457118359     
   15.220177035753487       -2809.2368457118359     
   15.224814505904540       -2809.2368457118359     
   15.229451976055591       -2809.2368457118359     
   15.234089446206644       -2809.2368457118359     
   15.238726916357697       -2809.2368457118359     
   15.243364386508748       -2809.2368457118359     
   15.248001856659801       -2809.2368457118359     
   15.252639326810852       -2809.2368457118359     
   15.257276796961905       -2809.2368457118359     
   15.261914267112958       -2809.2368457118359     
   15.266551737264010       -2809.2368457118359     
   15.271189207415063       -2809.2368457118359     
   15.275826677566114       -2809.2368457118359     
   15.280464147717167       -2809.2368457118359     
   15.285101617868220       -2809.2368457118359     
   15.289739088019271       -2809.2368457118359     
   15.294376558170324       -2809.2368457118359     
   15.299014028321375       -2809.2368457118359     
   15.303651498472428       -2809.2368457118359     
   15.308288968623479       -2809.2368457118359     
   15.312926438774532       -2809.2368457118359     
   15.317563908925585       -2809.2368457118359     
   15.322201379076636       -2809.2368457118359     
   15.326838849227689       -2809.2368457118359     
   15.331476319378741       -2809.2368457118359     
   15.336113789529794       -2809.2368457118359     
   15.340751259680847       -2809.2368457118359     
   15.345388729831898       -2809.2368457118359     
   15.350026199982951       -2809.2368457118359     
   15.354663670134002       -2809.2368457118359     
   15.359301140285055       -2809.2368457118359     
   15.363938610436108       -2809.2368457118359     
   15.368576080587159       -2809.2368457118359     
   15.373213550738212       -2809.2368457118359     
   15.377851020889263       -2809.2368457118359     
   15.382488491040316       -2809.2368457118359     
   15.387125961191368       -2809.2368457118359     
   15.391763431342421       -2809.2368457118359     
   15.396400901493474       -2809.2368457118359     
   15.401038371644525       -2809.2368457118359     
   15.405675841795578       -2809.2368457118359     
   15.410313311946629       -2809.2368457118359     
   15.414950782097682       -2809.2368457118359     
   15.419588252248735       -2809.2368457118359     
   15.424225722399786       -2809.2368457118359     
   15.428863192550839       -2809.2368457118359     
   15.433500662701890       -2809.2368457118359     
   15.438138132852943       -2809.2368457118359     
   15.442775603003996       -2809.2368457118359     
   15.447413073155047       -2809.2368457118359     
   15.452050543306100       -2809.2368457118359     
   15.456688013457152       -2809.2368457118359     
   15.461325483608205       -2809.2368457118359     
   15.465962953759258       -2809.2368457118359     
   15.470600423910309       -2809.2368457118359     
   15.475237894061362       -2809.2368457118359     
   15.479875364212413       -2809.2368457118359     
   15.484512834363466       -2809.2368457118359     
   15.489150304514517       -2809.2368457118359     
   15.493787774665570       -2809.2368457118359     
   15.498425244816623       -2809.2368457118359     
   15.503062714967674       -2809.2368457118359     
   15.507700185118727       -2809.2368457118359     
   15.512337655269778       -2809.2368457118359     
   15.516975125420831       -2809.2368457118359     
   15.521612595571884       -2809.2368457118359     
   15.526250065722936       -2809.2368457118359     
   15.530887535873989       -2809.2368457118359     
   15.535525006025040       -2809.2368457118359     
   15.540162476176093       -2809.2368457118359     
   15.544799946327146       -2809.2368457118359     
   15.549437416478197       -2809.2368457118359     
   15.554074886629250       -2809.2368457118359     
   15.558712356780301       -2809.2368457118359     
   15.563349826931354       -2809.2368457118359     
   15.567987297082405       -2809.2368457118359     
   15.572624767233458       -2809.2368457118359     
   15.577262237384511       -2809.2368457118359     
   15.581899707535563       -2809.2368457118359     
   15.586537177686616       -2809.2368457118359     
   15.591174647837667       -2809.2368457118359     
   15.595812117988720       -2809.2368457118359     
   15.600449588139773       -2809.2368457118359     
   15.605087058290824       -2809.2368457118359     
   15.609724528441877       -2809.2368457118359     
   15.614361998592928       -2809.2368457118359     
   15.618999468743981       -2809.2368457118359     
   15.623636938895034       -2809.2368457118359     
   15.628274409046085       -2809.2368457118359     
   15.632911879197138       -2809.2368457118359     
   15.637549349348189       -2809.2368457118359     
   15.642186819499242       -2809.2368457118359     
   15.646824289650294       -2809.2368457118359     
   15.651461759801347       -2809.2368457118359     
   15.656099229952400       -2809.2368457118359     
   15.660736700103451       -2809.2368457118359     
   15.665374170254504       -2809.2368457118359     
   15.670011640405555       -2809.2368457118359     
   15.674649110556608       -2809.2368457118359     
   15.679286580707661       -2809.2368457118359     
   15.683924050858712       -2809.2368457118359     
   15.688561521009765       -2809.2368457118359     
   15.693198991160816       -2809.2368457118359     
   15.697836461311869       -2809.2368457118359     
   15.702473931462922       -2809.2368457118359     
   15.707111401613973       -2809.2368457118359     
   15.711748871765026       -2809.2368457118359     
   15.716386341916078       -2809.2368457118359     
   15.721023812067131       -2809.2368457118359     
   15.725661282218184       -2809.2368457118359     
   15.730298752369235       -2809.2368457118359     
   15.734936222520288       -2809.2368457118359     
   15.739573692671339       -2809.2368457118359     
   15.744211162822392       -2809.2368457118359     
   15.748848632973443       -2809.2368457118359     
   15.753486103124496       -2809.2368457118359     
   15.758123573275549       -2809.2368457118359     
   15.762761043426600       -2809.2368457118359     
   15.767398513577653       -2809.2368457118359     
   15.772035983728705       -2809.2368457118359     
   15.776673453879758       -2809.2368457118359     
   15.781310924030810       -2809.2368457118359     
   15.785948394181862       -2809.2368457118359     
   15.790585864332915       -2809.2368457118359     
   15.795223334483966       -2809.2368457118359     
   15.799860804635019       -2809.2368457118359     
   15.804498274786072       -2809.2368457118359     
   15.809135744937123       -2809.2368457118359     
   15.813773215088176       -2809.2368457118359     
   15.818410685239227       -2809.2368457118359     
   15.823048155390280       -2809.2368457118359     
   15.827685625541331       -2809.2368457118359     
   15.832323095692384       -2809.2368457118359     
   15.836960565843437       -2809.2368457118359     
   15.841598035994489       -2809.2368457118359     
   15.846235506145542       -2809.2368457118359     
   15.850872976296593       -2809.2368457118359     
   15.855510446447646       -2809.2368457118359     
   15.860147916598699       -2809.2368457118359     
   15.864785386749750       -2809.2368457118359     
   15.869422856900803       -2809.2368457118359     
   15.874060327051854       -2809.2368457118359     
   15.878697797202907       -2809.2368457118359     
   15.883335267353960       -2809.2368457118359     
   15.887972737505011       -2809.2368457118359     
   15.892610207656064       -2809.2368457118359     
   15.897247677807115       -2809.2368457118359     
   15.901885147958168       -2809.2368457118359     
   15.906522618109220       -2809.2368457118359     
   15.911160088260273       -2809.2368457118359     
   15.915797558411326       -2809.2368457118359     
   15.920435028562377       -2809.2368457118359     
   15.925072498713430       -2809.2368457118359     
   15.929709968864481       -2809.2368457118359     
   15.934347439015534       -2809.2368457118359     
   15.938984909166587       -2809.2368457118359     
   15.943622379317638       -2809.2368457118359     
   15.948259849468691       -2809.2368457118359     
   15.952897319619742       -2809.2368457118359     
   15.957534789770795       -2809.2368457118359     
   15.962172259921848       -2809.2368457118359     
   15.966809730072899       -2809.2368457118359     
   15.971447200223952       -2809.2368457118359     
   15.976084670375004       -2809.2368457118359     
   15.980722140526057       -2809.2368457118359     
   15.985359610677110       -2809.2368457118359     
   15.989997080828161       -2809.2368457118359     
   15.994634550979214       -2809.2368457118359     
   15.999272021130265       -2809.2368457118359     
   16.003909491281316       -2809.2368457118359     
   16.008546961432369       -2809.2368457118359     
   16.013184431583422       -2809.2368457118359     
   16.017821901734475       -2809.2368457118359     
   16.022459371885528       -2809.2368457118359     
   16.027096842036578       -2809.2368457118359     
   16.031734312187631       -2809.2368457118359     
   16.036371782338684       -2809.2368457118359     
   16.041009252489737       -2809.2368457118359     
   16.045646722640790       -2809.2368457118359     
   16.050284192791839       -2809.2368457118359     
   16.054921662942892       -2809.2368457118359     
   16.059559133093945       -2809.2368457118359     
   16.064196603244998       -2809.2368457118359     
   16.068834073396051       -2809.2368457118359     
   16.073471543547100       -2809.2368457118359     
   16.078109013698153       -2809.2368457118359     
   16.082746483849206       -2809.2368457118359     
   16.087383954000259       -2809.2368457118359     
   16.092021424151312       -2809.2368457118359     
   16.096658894302362       -2809.2368457118359     
   16.101296364453415       -2809.2368457118359     
   16.105933834604468       -2809.2368457118359     
   16.110571304755521       -2809.2368457118359     
   16.115208774906574       -2809.2368457118359     
   16.119846245057623       -2809.2368457118359     
   16.124483715208676       -2809.2368457118359     
   16.129121185359729       -2809.2368457118359     
   16.133758655510782       -2809.2368457118359     
   16.138396125661831       -2809.2368457118359     
   16.143033595812884       -2809.2368457118359     
   16.147671065963937       -2809.2368457118359     
   16.152308536114990       -2809.2368457118359     
   16.156946006266043       -2809.2368457118359     
   16.161583476417093       -2809.2368457118359     
   16.166220946568146       -2809.2368457118359     
   16.170858416719199       -2809.2368457118359     
   16.175495886870252       -2809.2368457118359     
   16.180133357021305       -2809.2368457118359     
   16.184770827172354       -2809.2368457118359     
   16.189408297323407       -2809.2368457118359     
   16.194045767474460       -2809.2368457118359     
   16.198683237625513       -2809.2368457118359     
   16.203320707776566       -2809.2368457118359     
   16.207958177927615       -2809.2368457118359     
   16.212595648078668       -2809.2368457118359     
   16.217233118229721       -2809.2368457118359     
   16.221870588380774       -2809.2368457118359     
   16.226508058531827       -2809.2368457118359     
   16.231145528682877       -2809.2368457118359     
   16.235782998833930       -2809.2368457118359     
   16.240420468984983       -2809.2368457118359     
   16.245057939136036       -2809.2368457118359     
   16.249695409287089       -2809.2368457118359     
   16.254332879438138       -2809.2368457118359     
   16.258970349589191       -2809.2368457118359     
   16.263607819740244       -2809.2368457118359     
   16.268245289891297       -2809.2368457118359     
   16.272882760042350       -2809.2368457118359     
   16.277520230193399       -2809.2368457118359     
   16.282157700344452       -2809.2368457118359     
   16.286795170495505       -2809.2368457118359     
   16.291432640646558       -2809.2368457118359     
   16.296070110797608       -2809.2368457118359     
   16.300707580948661       -2809.2368457118359     
   16.305345051099714       -2809.2368457118359     
   16.309982521250767       -2809.2368457118359     
   16.314619991401820       -2809.2368457118359     
   16.319257461552869       -2809.2368457118359     
   16.323894931703922       -2809.2368457118359     
   16.328532401854975       -2809.2368457118359     
   16.333169872006028       -2809.2368457118359     
   16.337807342157081       -2809.2368457118359     
   16.342444812308131       -2809.2368457118359     
   16.347082282459183       -2809.2368457118359     
   16.351719752610236       -2809.2368457118359     
   16.356357222761289       -2809.2368457118359     
   16.360994692912342       -2809.2368457118359     
   16.365632163063392       -2809.2368457118359     
   16.370269633214445       -2809.2368457118359     
   16.374907103365498       -2809.2368457118359     
   16.379544573516551       -2809.2368457118359     
   16.384182043667604       -2809.2368457118359     
   16.388819513818653       -2809.2368457118359     
   16.393456983969706       -2809.2368457118359     
   16.398094454120759       -2809.2368457118359     
   16.402731924271812       -2809.2368457118359     
   16.407369394422865       -2809.2368457118359     
   16.412006864573915       -2809.2368457118359     
   16.416644334724968       -2809.2368457118359     
   16.421281804876021       -2809.2368457118359     
   16.425919275027073       -2809.2368457118359     
   16.430556745178126       -2809.2368457118359     
   16.435194215329176       -2809.2368457118359     
   16.439831685480229       -2809.2368457118359     
   16.444469155631282       -2809.2368457118359     
   16.449106625782335       -2809.2368457118359     
   16.453744095933388       -2809.2368457118359     
   16.458381566084437       -2809.2368457118359     
   16.463019036235490       -2809.2368457118359     
   16.467656506386543       -2809.2368457118359     
   16.472293976537596       -2809.2368457118359     
   16.476931446688646       -2809.2368457118359     
   16.481568916839699       -2809.2368457118359     
   16.486206386990752       -2809.2368457118359     
   16.490843857141805       -2809.2368457118359     
   16.495481327292858       -2809.2368457118359     
   16.500118797443907       -2809.2368457118359     
   16.504756267594960       -2809.2368457118359     
   16.509393737746013       -2809.2368457118359     
   16.514031207897066       -2809.2368457118359     
   16.518668678048119       -2809.2368457118359     
   16.523306148199168       -2809.2368457118359     
   16.527943618350221       -2809.2368457118359     
   16.532581088501274       -2809.2368457118359     
   16.537218558652327       -2809.2368457118359     
   16.541856028803380       -2809.2368457118359     
   16.546493498954430       -2809.2368457118359     
   16.551130969105483       -2809.2368457118359     
   16.555768439256536       -2809.2368457118359     
   16.560405909407589       -2809.2368457118359     
   16.565043379558642       -2809.2368457118359     
   16.569680849709691       -2809.2368457118359     
   16.574318319860744       -2809.2368457118359     
   16.578955790011797       -2809.2368457118359     
   16.583593260162850       -2809.2368457118359     
   16.588230730313903       -2809.2368457118359     
   16.592868200464952       -2809.2368457118359     
   16.597505670616005       -2809.2368457118359     
   16.602143140767058       -2809.2368457118359     
   16.606780610918111       -2809.2368457118359     
   16.611418081069164       -2809.2368457118359     
   16.616055551220214       -2809.2368457118359     
   16.620693021371267       -2809.2368457118359     
   16.625330491522320       -2809.2368457118359     
   16.629967961673373       -2809.2368457118359     
   16.634605431824426       -2809.2368457118359     
   16.639242901975475       -2809.2368457118359     
   16.643880372126528       -2809.2368457118359     
   16.648517842277581       -2809.2368457118359     
   16.653155312428634       -2809.2368457118359     
   16.657792782579683       -2809.2368457118359     
   16.662430252730736       -2809.2368457118359     
   16.667067722881789       -2809.2368457118359     
   16.671705193032842       -2809.2368457118359     
   16.676342663183895       -2809.2368457118359     
   16.680980133334945       -2809.2368457118359     
   16.685617603485998       -2809.2368457118359     
   16.690255073637051       -2809.2368457118359     
   16.694892543788104       -2809.2368457118359     
   16.699530013939157       -2809.2368457118359     
   16.704167484090206       -2809.2368457118359     
   16.708804954241259       -2809.2368457118359     
   16.713442424392312       -2809.2368457118359     
   16.718079894543365       -2809.2368457118359     
   16.722717364694418       -2809.2368457118359     
   16.727354834845467       -2809.2368457118359     
   16.731992304996520       -2809.2368457118359     
   16.736629775147573       -2809.2368457118359     
   16.741267245298626       -2809.2368457118359     
   16.745904715449679       -2809.2368457118359     
   16.750542185600729       -2809.2368457118359     
   16.755179655751782       -2809.2368457118359     
   16.759817125902835       -2809.2368457118359     
   16.764454596053888       -2809.2368457118359     
   16.769092066204941       -2809.2368457118359     
   16.773729536355990       -2809.2368457118359     
   16.778367006507043       -2809.2368457118359     
   16.783004476658096       -2809.2368457118359     
   16.787641946809149       -2809.2368457118359     
   16.792279416960202       -2809.2368457118359     
   16.796916887111252       -2809.2368457118359     
   16.801554357262305       -2809.2368457118359     
   16.806191827413357       -2809.2368457118359     
   16.810829297564410       -2809.2368457118359     
   16.815466767715463       -2809.2368457118359     
   16.820104237866513       -2809.2368457118359     
   16.824741708017566       -2809.2368457118359     
   16.829379178168619       -2809.2368457118359     
   16.834016648319672       -2809.2368457118359     
   16.838654118470721       -2809.2368457118359     
   16.843291588621774       -2809.2368457118359     
   16.847929058772827       -2809.2368457118359     
   16.852566528923880       -2809.2368457118359     
   16.857203999074933       -2809.2368457118359     
   16.861841469225983       -2809.2368457118359     
   16.866478939377036       -2809.2368457118359     
   16.871116409528089       -2809.2368457118359     
   16.875753879679142       -2809.2368457118359     
   16.880391349830195       -2809.2368457118359     
   16.885028819981244       -2809.2368457118359     
   16.889666290132297       -2809.2368457118359     
   16.894303760283350       -2809.2368457118359     
   16.898941230434403       -2809.2368457118359     
   16.903578700585456       -2809.2368457118359     
   16.908216170736505       -2809.2368457118359     
   16.912853640887558       -2809.2368457118359     
   16.917491111038611       -2809.2368457118359     
   16.922128581189664       -2809.2368457118359     
   16.926766051340717       -2809.2368457118359     
   16.931403521491767       -2809.2368457118359     
   16.936040991642820       -2809.2368457118359     
   16.940678461793873       -2809.2368457118359     
   16.945315931944926       -2809.2368457118359     
   16.949953402095979       -2809.2368457118359     
   16.954590872247028       -2809.2368457118359     
   16.959228342398081       -2809.2368457118359     
   16.963865812549134       -2809.2368457118359     
   16.968503282700187       -2809.2368457118359     
   16.973140752851240       -2809.2368457118359     
   16.977778223002289       -2809.2368457118359     
   16.982415693153342       -2809.2368457118359     
   16.987053163304395       -2809.2368457118359     
   16.991690633455448       -2809.2368457118359     
   16.996328103606498       -2809.2368457118359     
   17.000965573757551       -2809.2368457118359     
   17.005603043908604       -2809.2368457118359     
   17.010240514059657       -2809.2368457118359     
   17.014877984210710       -2809.2368457118359     
   17.019515454361759       -2809.2368457118359     
   17.024152924512812       -2809.2368457118359     
   17.028790394663865       -2809.2368457118359     
   17.033427864814918       -2809.2368457118359     
   17.038065334965971       -2809.2368457118359     
   17.042702805117020       -2809.2368457118359     
   17.047340275268073       -2809.2368457118359     
   17.051977745419126       -2809.2368457118359     
   17.056615215570179       -2809.2368457118359     
   17.061252685721232       -2809.2368457118359     
   17.065890155872282       -2809.2368457118359     
   17.070527626023335       -2809.2368457118359     
   17.075165096174388       -2809.2368457118359     
   17.079802566325441       -2809.2368457118359     
   17.084440036476494       -2809.2368457118359     
   17.089077506627543       -2809.2368457118359     
   17.093714976778596       -2809.2368457118359     
   17.098352446929649       -2809.2368457118359     
   17.102989917080702       -2809.2368457118359     
   17.107627387231755       -2809.2368457118359     
   17.112264857382804       -2809.2368457118359     
   17.116902327533857       -2809.2368457118359     
   17.121539797684910       -2809.2368457118359     
   17.126177267835963       -2809.2368457118359     
   17.130814737987016       -2809.2368457118359     
   17.135452208138066       -2809.2368457118359     
   17.140089678289119       -2809.2368457118359     
   17.144727148440172       -2809.2368457118359     
   17.149364618591225       -2809.2368457118359     
   17.154002088742278       -2809.2368457118359     
   17.158639558893327       -2809.2368457118359     
   17.163277029044380       -2809.2368457118359     
   17.167914499195433       -2809.2368457118359     
   17.172551969346486       -2809.2368457118359     
   17.177189439497536       -2809.2368457118359     
   17.181826909648588       -2809.2368457118359     
   17.186464379799641       -2809.2368457118359     
   17.191101849950694       -2809.2368457118359     
   17.195739320101747       -2809.2368457118359     
   17.200376790252797       -2809.2368457118359     
   17.205014260403850       -2809.2368457118359     
   17.209651730554903       -2809.2368457118359     
   17.214289200705956       -2809.2368457118359     
   17.218926670857009       -2809.2368457118359     
   17.223564141008058       -2809.2368457118359     
   17.228201611159111       -2809.2368457118359     
   17.232839081310164       -2809.2368457118359     
   17.237476551461217       -2809.2368457118359     
   17.242114021612270       -2809.2368457118359     
   17.246751491763320       -2809.2368457118359     
   17.251388961914373       -2809.2368457118359     
   17.256026432065426       -2809.2368457118359     
   17.260663902216479       -2809.2368457118359     
   17.265301372367531       -2809.2368457118359     
   17.269938842518581       -2809.2368457118359     
   17.274576312669634       -2809.2368457118359     
   17.279213782820687       -2809.2368457118359     
   17.283851252971740       -2809.2368457118359     
   17.288488723122793       -2809.2368457118359     
   17.293126193273842       -2809.2368457118359     
   17.297763663424895       -2809.2368457118359     
   17.302401133575948       -2809.2368457118359     
   17.307038603727001       -2809.2368457118359     
   17.311676073878054       -2809.2368457118359     
   17.316313544029104       -2809.2368457118359     
   17.320951014180157       -2809.2368457118359     
   17.325588484331210       -2809.2368457118359     
   17.330225954482263       -2809.2368457118359     
   17.334863424633316       -2809.2368457118359     
   17.339500894784365       -2809.2368457118359     
   17.344138364935418       -2809.2368457118359     
   17.348775835086471       -2809.2368457118359     
   17.353413305237524       -2809.2368457118359     
   17.358050775388573       -2809.2368457118359     
   17.362688245539626       -2809.2368457118359     
   17.367325715690679       -2809.2368457118359     
   17.371963185841732       -2809.2368457118359     
   17.376600655992785       -2809.2368457118359     
   17.381238126143835       -2809.2368457118359     
   17.385875596294888       -2809.2368457118359     
   17.390513066445941       -2809.2368457118359     
   17.395150536596994       -2809.2368457118359     
   17.399788006748047       -2809.2368457118359     
   17.404425476899096       -2809.2368457118359     
   17.409062947050149       -2809.2368457118359     
   17.413700417201202       -2809.2368457118359     
   17.418337887352255       -2809.2368457118359     
   17.422975357503308       -2809.2368457118359     
   17.427612827654357       -2809.2368457118359     
   17.432250297805410       -2809.2368457118359     
   17.436887767956463       -2809.2368457118359     
   17.441525238107516       -2809.2368457118359     
   17.446162708258569       -2809.2368457118359     
   17.450800178409619       -2809.2368457118359     
   17.455437648560672       -2809.2368457118359     
   17.460075118711725       -2809.2368457118359     
   17.464712588862778       -2809.2368457118359     
   17.469350059013831       -2809.2368457118359     
   17.473987529164880       -2809.2368457118359     
   17.478624999315933       -2809.2368457118359     
   17.483262469466986       -2809.2368457118359     
   17.487899939618039       -2809.2368457118359     
   17.492537409769092       -2809.2368457118359     
   17.497174879920141       -2809.2368457118359     
   17.501812350071194       -2809.2368457118359     
   17.506449820222247       -2809.2368457118359     
   17.511087290373300       -2809.2368457118359     
   17.515724760524350       -2809.2368457118359     
   17.520362230675403       -2809.2368457118359     
   17.524999700826456       -2809.2368457118359     
   17.529637170977509       -2809.2368457118359     
   17.534274641128562       -2809.2368457118359     
   17.538912111279611       -2809.2368457118359     
   17.543549581430664       -2809.2368457118359     
   17.548187051581717       -2809.2368457118359     
   17.552824521732770       -2809.2368457118359     
   17.557461991883823       -2809.2368457118359     
   17.562099462034872       -2809.2368457118359     
   17.566736932185925       -2809.2368457118359     
   17.571374402336978       -2809.2368457118359     
   17.576011872488031       -2809.2368457118359     
   17.580649342639084       -2809.2368457118359     
   17.585286812790134       -2809.2368457118359     
   17.589924282941187       -2809.2368457118359     
   17.594561753092240       -2809.2368457118359     
   17.599199223243293       -2809.2368457118359     
   17.603836693394346       -2809.2368457118359     
   17.608474163545395       -2809.2368457118359     
   17.613111633696448       -2809.2368457118359     
   17.617749103847501       -2809.2368457118359     
   17.622386573998554       -2809.2368457118359     
   17.627024044149607       -2809.2368457118359     
   17.631661514300657       -2809.2368457118359     
   17.636298984451710       -2809.2368457118359     
   17.640936454602762       -2809.2368457118359     
   17.645573924753815       -2809.2368457118359     
   17.650211394904868       -2809.2368457118359     
   17.654848865055918       -2809.2368457118359     
   17.659486335206971       -2809.2368457118359     
   17.664123805358024       -2809.2368457118359     
   17.668761275509077       -2809.2368457118359     
   17.673398745660130       -2809.2368457118359     
   17.678036215811179       -2809.2368457118359     
   17.682673685962232       -2809.2368457118359     
   17.687311156113285       -2809.2368457118359     
   17.691948626264338       -2809.2368457118359     
   17.696586096415388       -2809.2368457118359     
   17.701223566566441       -2809.2368457118359     
   17.705861036717494       -2809.2368457118359     
   17.710498506868547       -2809.2368457118359     
   17.715135977019600       -2809.2368457118359     
   17.719773447170649       -2809.2368457118359     
   17.724410917321702       -2809.2368457118359     
   17.729048387472755       -2809.2368457118359     
   17.733685857623808       -2809.2368457118359     
   17.738323327774861       -2809.2368457118359     
   17.742960797925910       -2809.2368457118359     
   17.747598268076963       -2809.2368457118359     
   17.752235738228016       -2809.2368457118359     
   17.756873208379069       -2809.2368457118359     
   17.761510678530122       -2809.2368457118359     
   17.766148148681172       -2809.2368457118359     
   17.770785618832225       -2809.2368457118359     
   17.775423088983278       -2809.2368457118359     
   17.780060559134331       -2809.2368457118359     
   17.784698029285384       -2809.2368457118359     
   17.789335499436433       -2809.2368457118359     
   17.793972969587486       -2809.2368457118359     
   17.798610439738539       -2809.2368457118359     
   17.803247909889592       -2809.2368457118359     
   17.807885380040645       -2809.2368457118359     
   17.812522850191694       -2809.2368457118359     
   17.817160320342747       -2809.2368457118359     
   17.821797790493800       -2809.2368457118359     
   17.826435260644853       -2809.2368457118359     
   17.831072730795906       -2809.2368457118359     
   17.835710200946956       -2809.2368457118359     
   17.840347671098009       -2809.2368457118359     
   17.844985141249062       -2809.2368457118359     
   17.849622611400115       -2809.2368457118359     
   17.854260081551168       -2809.2368457118359     
   17.858897551702217       -2809.2368457118359     
   17.863535021853270       -2809.2368457118359     
   17.868172492004323       -2809.2368457118359     
   17.872809962155376       -2809.2368457118359     
   17.877447432306425       -2809.2368457118359     
   17.882084902457478       -2809.2368457118359     
   17.886722372608531       -2809.2368457118359     
   17.891359842759584       -2809.2368457118359     
   17.895997312910637       -2809.2368457118359     
   17.900634783061687       -2809.2368457118359     
   17.905272253212740       -2809.2368457118359     
   17.909909723363793       -2809.2368457118359     
   17.914547193514846       -2809.2368457118359     
   17.919184663665899       -2809.2368457118359     
   17.923822133816948       -2809.2368457118359     
   17.928459603968001       -2809.2368457118359     
   17.933097074119054       -2809.2368457118359     
   17.937734544270107       -2809.2368457118359     
   17.942372014421160       -2809.2368457118359     
   17.947009484572209       -2809.2368457118359     
   17.951646954723262       -2809.2368457118359     
   17.956284424874315       -2809.2368457118359     
   17.960921895025368       -2809.2368457118359     
   17.965559365176421       -2809.2368457118359     
   17.970196835327471       -2809.2368457118359     
   17.974834305478524       -2809.2368457118359     
   17.979471775629577       -2809.2368457118359     
   17.984109245780630       -2809.2368457118359     
   17.988746715931683       -2809.2368457118359     
   17.993384186082732       -2809.2368457118359     
   17.998021656233785       -2809.2368457118359     
   18.002659126384838       -2809.2368457118359     
   18.007296596535891       -2809.2368457118359     
   18.011934066686944       -2809.2368457118359     
   18.016571536837994       -2809.2368457118359     
   18.021209006989046       -2809.2368457118359     
   18.025846477140099       -2809.2368457118359     
   18.030483947291152       -2809.2368457118359     
   18.035121417442205       -2809.2368457118359     
   18.039758887593255       -2809.2368457118359     
   18.044396357744308       -2809.2368457118359     
   18.049033827895361       -2809.2368457118359     
   18.053671298046414       -2809.2368457118359     
   18.058308768197463       -2809.2368457118359     
   18.062946238348516       -2809.2368457118359     
   18.067583708499569       -2809.2368457118359     
   18.072221178650622       -2809.2368457118359     
   18.076858648801675       -2809.2368457118359     
   18.081496118952725       -2809.2368457118359     
   18.086133589103778       -2809.2368457118359     
   18.090771059254831       -2809.2368457118359     
   18.095408529405884       -2809.2368457118359     
   18.100045999556936       -2809.2368457118359     
   18.104683469707986       -2809.2368457118359     
   18.109320939859039       -2809.2368457118359     
   18.113958410010092       -2809.2368457118359     
   18.118595880161145       -2809.2368457118359     
   18.123233350312198       -2809.2368457118359     
   18.127870820463247       -2809.2368457118359     
   18.132508290614300       -2809.2368457118359     
   18.137145760765353       -2809.2368457118359     
   18.141783230916406       -2809.2368457118359     
   18.146420701067459       -2809.2368457118359     
   18.151058171218509       -2809.2368457118359     
   18.155695641369562       -2809.2368457118359     
   18.160333111520615       -2809.2368457118359     
   18.164970581671668       -2809.2368457118359     
   18.169608051822721       -2809.2368457118359     
   18.174245521973770       -2809.2368457118359     
   18.178882992124823       -2809.2368457118359     
   18.183520462275876       -2809.2368457118359     
   18.188157932426929       -2809.2368457118359     
   18.192795402577982       -2809.2368457118359     
   18.197432872729031       -2809.2368457118359     
   18.202070342880084       -2809.2368457118359     
   18.206707813031137       -2809.2368457118359     
   18.211345283182190       -2809.2368457118359     
   18.215982753333240       -2809.2368457118359     
   18.220620223484293       -2809.2368457118359     
   18.225257693635346       -2809.2368457118359     
   18.229895163786399       -2809.2368457118359     
   18.234532633937452       -2809.2368457118359     
   18.239170104088501       -2809.2368457118359     
   18.243807574239554       -2809.2368457118359     
   18.248445044390607       -2809.2368457118359     
   18.253082514541660       -2809.2368457118359     
   18.257719984692713       -2809.2368457118359     
   18.262357454843762       -2809.2368457118359     
   18.266994924994815       -2809.2368457118359     
   18.271632395145868       -2809.2368457118359     
   18.276269865296921       -2809.2368457118359     
   18.280907335447974       -2809.2368457118359     
   18.285544805599024       -2809.2368457118359     
   18.290182275750077       -2809.2368457118359     
   18.294819745901130       -2809.2368457118359     
   18.299457216052183       -2809.2368457118359     
   18.304094686203236       -2809.2368457118359     
   18.308732156354285       -2809.2368457118359     
   18.313369626505338       -2809.2368457118359     
   18.318007096656391       -2809.2368457118359     
   18.322644566807444       -2809.2368457118359     
   18.327282036958497       -2809.2368457118359     
   18.331919507109546       -2809.2368457118359     
   18.336556977260599       -2809.2368457118359     
   18.341194447411652       -2809.2368457118359     
   18.345831917562705       -2809.2368457118359     
   18.350469387713758       -2809.2368457118359     
   18.355106857864808       -2809.2368457118359     
   18.359744328015861       -2809.2368457118359     
   18.364381798166914       -2809.2368457118359     
   18.369019268317967       -2809.2368457118359     
   18.373656738469020       -2809.2368457118359     
   18.378294208620069       -2809.2368457118359     
   18.382931678771122       -2809.2368457118359     
   18.387569148922175       -2809.2368457118359     
   18.392206619073228       -2809.2368457118359     
   18.396844089224277       -2809.2368457118359     
   18.401481559375330       -2809.2368457118359     
   18.406119029526383       -2809.2368457118359     
   18.410756499677436       -2809.2368457118359     
   18.415393969828489       -2809.2368457118359     
   18.420031439979539       -2809.2368457118359     
   18.424668910130592       -2809.2368457118359     
   18.429306380281645       -2809.2368457118359     
   18.433943850432698       -2809.2368457118359     
   18.438581320583751       -2809.2368457118359     
   18.443218790734800       -2809.2368457118359     
   18.447856260885853       -2809.2368457118359     
   18.452493731036906       -2809.2368457118359     
   18.457131201187959       -2809.2368457118359     
   18.461768671339012       -2809.2368457118359     
   18.466406141490062       -2809.2368457118359     
   18.471043611641115       -2809.2368457118359     
   18.475681081792168       -2809.2368457118359     
   18.480318551943220       -2809.2368457118359     
   18.484956022094273       -2809.2368457118359     
   18.489593492245323       -2809.2368457118359     
   18.494230962396376       -2809.2368457118359     
   18.498868432547429       -2809.2368457118359     
   18.503505902698482       -2809.2368457118359     
   18.508143372849535       -2809.2368457118359     
   18.512780843000584       -2809.2368457118359     
   18.517418313151637       -2809.2368457118359     
   18.522055783302690       -2809.2368457118359     
   18.526693253453743       -2809.2368457118359     
   18.531330723604796       -2809.2368457118359     
   18.535968193755846       -2809.2368457118359     
   18.540605663906899       -2809.2368457118359     
   18.545243134057952       -2809.2368457118359     
   18.549880604209005       -2809.2368457118359     
   18.554518074360058       -2809.2368457118359     
   18.559155544511107       -2809.2368457118359     
   18.563793014662160       -2809.2368457118359     
   18.568430484813213       -2809.2368457118359     
   18.573067954964266       -2809.2368457118359     
   18.577705425115315       -2809.2368457118359     
   18.582342895266368       -2809.2368457118359     
   18.586980365417421       -2809.2368457118359     
   18.591617835568474       -2809.2368457118359     
   18.596255305719527       -2809.2368457118359     
   18.600892775870577       -2809.2368457118359     
   18.605530246021630       -2809.2368457118359     
   18.610167716172683       -2809.2368457118359     
   18.614805186323736       -2809.2368457118359     
   18.619442656474789       -2809.2368457118359     
   18.624080126625838       -2809.2368457118359     
   18.628717596776891       -2809.2368457118359     
   18.633355066927944       -2809.2368457118359     
   18.637992537078997       -2809.2368457118359     
   18.642630007230050       -2809.2368457118359     
   18.647267477381099       -2809.2368457118359     
   18.651904947532152       -2809.2368457118359     
   18.656542417683205       -2809.2368457118359     
   18.661179887834258       -2809.2368457118359     
   18.665817357985311       -2809.2368457118359     
   18.670454828136361       -2809.2368457118359     
   18.675092298287414       -2809.2368457118359     
   18.679729768438467       -2809.2368457118359     
   18.684367238589520       -2809.2368457118359     
   18.689004708740573       -2809.2368457118359     
   18.693642178891622       -2809.2368457118359     
   18.698279649042675       -2809.2368457118359     
   18.702917119193728       -2809.2368457118359     
   18.707554589344781       -2809.2368457118359     
   18.712192059495834       -2809.2368457118359     
   18.716829529646883       -2809.2368457118359     
   18.721466999797936       -2809.2368457118359     
   18.726104469948989       -2809.2368457118359     
   18.730741940100042       -2809.2368457118359     
   18.735379410251092       -2809.2368457118359     
   18.740016880402145       -2809.2368457118359     
   18.744654350553198       -2809.2368457118359     
   18.749291820704251       -2809.2368457118359     
   18.753929290855304       -2809.2368457118359     
   18.758566761006353       -2809.2368457118359     
   18.763204231157406       -2809.2368457118359     
   18.767841701308459       -2809.2368457118359     
   18.772479171459512       -2809.2368457118359     
   18.777116641610565       -2809.2368457118359     
   18.781754111761614       -2809.2368457118359     
   18.786391581912667       -2809.2368457118359     
   18.791029052063720       -2809.2368457118359     
   18.795666522214773       -2809.2368457118359     
   18.800303992365826       -2809.2368457118359     
   18.804941462516876       -2809.2368457118359     
   18.809578932667929       -2809.2368457118359     
   18.814216402818982       -2809.2368457118359     
   18.818853872970035       -2809.2368457118359     
   18.823491343121088       -2809.2368457118359     
   18.828128813272137       -2809.2368457118359     
   18.832766283423190       -2809.2368457118359     
   18.837403753574243       -2809.2368457118359     
   18.842041223725296       -2809.2368457118359     
   18.846678693876349       -2809.2368457118359     
   18.851316164027399       -2809.2368457118359     
   18.855953634178451       -2809.2368457118359     
   18.860591104329504       -2809.2368457118359     
   18.865228574480557       -2809.2368457118359     
   18.869866044631610       -2809.2368457118359     
   18.874503514782660       -2809.2368457118359     
   18.879140984933713       -2809.2368457118359     
   18.883778455084766       -2809.2368457118359     
   18.888415925235819       -2809.2368457118359     
   18.893053395386872       -2809.2368457118359     
   18.897690865537921       -2809.2368457118359     
   18.902328335688974       -2809.2368457118359     
   18.906965805840027       -2809.2368457118359     
   18.911603275991080       -2809.2368457118359     
   18.916240746142130       -2809.2368457118359     
   18.920878216293183       -2809.2368457118359     
   18.925515686444236       -2809.2368457118359     
   18.930153156595289       -2809.2368457118359     
   18.934790626746342       -2809.2368457118359     
   18.939428096897391       -2809.2368457118359     
   18.944065567048444       -2809.2368457118359     
   18.948703037199497       -2809.2368457118359     
   18.953340507350550       -2809.2368457118359     
   18.957977977501603       -2809.2368457118359     
   18.962615447652652       -2809.2368457118359     
   18.967252917803705       -2809.2368457118359     
   18.971890387954758       -2809.2368457118359     
   18.976527858105811       -2809.2368457118359     
   18.981165328256864       -2809.2368457118359     
   18.985802798407914       -2809.2368457118359     
   18.990440268558967       -2809.2368457118359     
   18.995077738710020       -2809.2368457118359     
   18.999715208861073       -2809.2368457118359     
   19.004352679012126       -2809.2368457118359     
   19.008990149163175       -2809.2368457118359     
   19.013627619314228       -2809.2368457118359     
   19.018265089465281       -2809.2368457118359     
   19.022902559616334       -2809.2368457118359     
   19.027540029767387       -2809.2368457118359     
   19.032177499918436       -2809.2368457118359     
   19.036814970069489       -2809.2368457118359     
   19.041452440220542       -2809.2368457118359     
   19.046089910371595       -2809.2368457118359     
   19.050727380522648       -2809.2368457118359     
   19.055364850673698       -2809.2368457118359     
   19.060002320824751       -2809.2368457118359     
   19.064639790975804       -2809.2368457118359     
   19.069277261126857       -2809.2368457118359     
   19.073914731277910       -2809.2368457118359     
   19.078552201428959       -2809.2368457118359     
   19.083189671580012       -2809.2368457118359     
   19.087827141731065       -2809.2368457118359     
   19.092464611882118       -2809.2368457118359     
   19.097102082033167       -2809.2368457118359     
   19.101739552184220       -2809.2368457118359     
   19.106377022335273       -2809.2368457118359     
   19.111014492486326       -2809.2368457118359     
   19.115651962637379       -2809.2368457118359     
   19.120289432788429       -2809.2368457118359     
   19.124926902939482       -2809.2368457118359     
   19.129564373090535       -2809.2368457118359     
   19.134201843241588       -2809.2368457118359     
   19.138839313392641       -2809.2368457118359     
   19.143476783543690       -2809.2368457118359     
   19.148114253694743       -2809.2368457118359     
   19.152751723845796       -2809.2368457118359     
   19.157389193996849       -2809.2368457118359     
   19.162026664147902       -2809.2368457118359     
   19.166664134298951       -2809.2368457118359     
   19.171301604450004       -2809.2368457118359     
   19.175939074601057       -2809.2368457118359     
   19.180576544752110       -2809.2368457118359     
   19.185214014903163       -2809.2368457118359     
   19.189851485054213       -2809.2368457118359     
   19.194488955205266       -2809.2368457118359     
   19.199126425356319       -2809.2368457118359     
   19.203763895507372       -2809.2368457118359     
   19.208401365658425       -2809.2368457118359     
   19.213038835809474       -2809.2368457118359     
   19.217676305960527       -2809.2368457118359     
   19.222313776111580       -2809.2368457118359     
   19.226951246262633       -2809.2368457118359     
   19.231588716413686       -2809.2368457118359     
   19.236226186564735       -2809.2368457118359     
   19.240863656715788       -2809.2368457118359     
   19.245501126866841       -2809.2368457118359     
   19.250138597017894       -2809.2368457118359     
   19.254776067168947       -2809.2368457118359     
   19.259413537319997       -2809.2368457118359     
   19.264051007471050       -2809.2368457118359     
   19.268688477622103       -2809.2368457118359     
   19.273325947773156       -2809.2368457118359     
   19.277963417924205       -2809.2368457118359     
   19.282600888075258       -2809.2368457118359     
   19.287238358226311       -2809.2368457118359     
   19.291875828377364       -2809.2368457118359     
   19.296513298528417       -2809.2368457118359     
   19.301150768679467       -2809.2368457118359     
   19.305788238830520       -2809.2368457118359     
   19.310425708981573       -2809.2368457118359     
   19.315063179132625       -2809.2368457118359     
   19.319700649283678       -2809.2368457118359     
   19.324338119434728       -2809.2368457118359     
   19.328975589585781       -2809.2368457118359     
   19.333613059736834       -2809.2368457118359     
   19.338250529887887       -2809.2368457118359     
   19.342888000038940       -2809.2368457118359     
   19.347525470189989       -2809.2368457118359     
   19.352162940341042       -2809.2368457118359     
   19.356800410492095       -2809.2368457118359     
   19.361437880643148       -2809.2368457118359     
   19.366075350794201       -2809.2368457118359     
   19.370712820945251       -2809.2368457118359     
   19.375350291096304       -2809.2368457118359     
   19.379987761247357       -2809.2368457118359     
   19.384625231398410       -2809.2368457118359     
   19.389262701549463       -2809.2368457118359     
   19.393900171700512       -2809.2368457118359     
   19.398537641851565       -2809.2368457118359     
   19.403175112002618       -2809.2368457118359     
   19.407812582153671       -2809.2368457118359     
   19.412450052304724       -2809.2368457118359     
   19.417087522455773       -2809.2368457118359     
   19.421724992606826       -2809.2368457118359     
   19.426362462757879       -2809.2368457118359     
   19.430999932908932       -2809.2368457118359     
   19.435637403059982       -2809.2368457118359     
   19.440274873211035       -2809.2368457118359     
   19.444912343362088       -2809.2368457118359     
   19.449549813513141       -2809.2368457118359     
   19.454187283664194       -2809.2368457118359     
   19.458824753815243       -2809.2368457118359     
   19.463462223966296       -2809.2368457118359     
   19.468099694117349       -2809.2368457118359     
   19.472737164268402       -2809.2368457118359     
   19.477374634419455       -2809.2368457118359     
   19.482012104570504       -2809.2368457118359     
   19.486649574721557       -2809.2368457118359     
   19.491287044872610       -2809.2368457118359     
   19.495924515023663       -2809.2368457118359     
   19.500561985174716       -2809.2368457118359     
   19.505199455325766       -2809.2368457118359     
   19.509836925476819       -2809.2368457118359     
   19.514474395627872       -2809.2368457118359     
   19.519111865778925       -2809.2368457118359     
   19.523749335929978       -2809.2368457118359     
   19.528386806081027       -2809.2368457118359     
   19.533024276232080       -2809.2368457118359     
   19.537661746383133       -2809.2368457118359     
   19.542299216534186       -2809.2368457118359     
   19.546936686685239       -2809.2368457118359     
   19.551574156836288       -2809.2368457118359     
   19.556211626987341       -2809.2368457118359     
   19.560849097138394       -2809.2368457118359     
   19.565486567289447       -2809.2368457118359     
   19.570124037440500       -2809.2368457118359     
   19.574761507591550       -2809.2368457118359     
   19.579398977742603       -2809.2368457118359     
   19.584036447893656       -2809.2368457118359     
   19.588673918044709       -2809.2368457118359     
   19.593311388195762       -2809.2368457118359     
   19.597948858346811       -2809.2368457118359     
   19.602586328497864       -2809.2368457118359     
   19.607223798648917       -2809.2368457118359     
   19.611861268799970       -2809.2368457118359     
   19.616498738951019       -2809.2368457118359     
   19.621136209102072       -2809.2368457118359     
   19.625773679253125       -2809.2368457118359     
   19.630411149404178       -2809.2368457118359     
   19.635048619555231       -2809.2368457118359     
   19.639686089706281       -2809.2368457118359     
   19.644323559857334       -2809.2368457118359     
   19.648961030008387       -2809.2368457118359     
   19.653598500159440       -2809.2368457118359     
   19.658235970310493       -2809.2368457118359     
   19.662873440461542       -2809.2368457118359     
   19.667510910612595       -2809.2368457118359     
   19.672148380763648       -2809.2368457118359     
   19.676785850914701       -2809.2368457118359     
   19.681423321065754       -2809.2368457118359     
   19.686060791216804       -2809.2368457118359     
   19.690698261367857       -2809.2368457118359     
   19.695335731518909       -2809.2368457118359     
   19.699973201669962       -2809.2368457118359     
   19.704610671821015       -2809.2368457118359     
   19.709248141972065       -2809.2368457118359     
   19.713885612123118       -2809.2368457118359     
   19.718523082274171       -2809.2368457118359     
   19.723160552425224       -2809.2368457118359     
   19.727798022576277       -2809.2368457118359     
   19.732435492727326       -2809.2368457118359     
   19.737072962878379       -2809.2368457118359     
   19.741710433029432       -2809.2368457118359     
   19.746347903180485       -2809.2368457118359     
   19.750985373331538       -2809.2368457118359     
   19.755622843482588       -2809.2368457118359     
   19.760260313633641       -2809.2368457118359     
   19.764897783784694       -2809.2368457118359     
   19.769535253935747       -2809.2368457118359     
   19.774172724086799       -2809.2368457118359     
   19.778810194237849       -2809.2368457118359     
   19.783447664388902       -2809.2368457118359     
   19.788085134539955       -2809.2368457118359     
   19.792722604691008       -2809.2368457118359     
   19.797360074842057       -2809.2368457118359     
   19.801997544993110       -2809.2368457118359     
   19.806635015144163       -2809.2368457118359     
   19.811272485295216       -2809.2368457118359     
   19.815909955446269       -2809.2368457118359     
   19.820547425597319       -2809.2368457118359     
   19.825184895748372       -2809.2368457118359     
   19.829822365899425       -2809.2368457118359     
   19.834459836050478       -2809.2368457118359     
   19.839097306201531       -2809.2368457118359     
   19.843734776352580       -2809.2368457118359     
   19.848372246503633       -2809.2368457118359     
   19.853009716654686       -2809.2368457118359     
   19.857647186805739       -2809.2368457118359     
   19.862284656956792       -2809.2368457118359     
   19.866922127107841       -2809.2368457118359     
   19.871559597258894       -2809.2368457118359     
   19.876197067409947       -2809.2368457118359     
   19.880834537561000       -2809.2368457118359     
   19.885472007712053       -2809.2368457118359     
   19.890109477863103       -2809.2368457118359     
   19.894746948014156       -2809.2368457118359     
   19.899384418165209       -2809.2368457118359     
   19.904021888316262       -2809.2368457118359     
   19.908659358467315       -2809.2368457118359     
   19.913296828618364       -2809.2368457118359     
   19.917934298769417       -2809.2368457118359     
   19.922571768920470       -2809.2368457118359     
   19.927209239071523       -2809.2368457118359     
   19.931846709222576       -2809.2368457118359     
   19.936484179373625       -2809.2368457118359     
   19.941121649524678       -2809.2368457118359     
   19.945759119675731       -2809.2368457118359     
   19.950396589826784       -2809.2368457118359     
   19.955034059977834       -2809.2368457118359     
   19.959671530128887       -2809.2368457118359     
   19.964309000279940       -2809.2368457118359     
   19.968946470430993       -2809.2368457118359     
   19.973583940582046       -2809.2368457118359     
   19.978221410733095       -2809.2368457118359     
   19.982858880884148       -2809.2368457118359     
   19.987496351035201       -2809.2368457118359     
   19.992133821186254       -2809.2368457118359     
   19.996771291337307       -2809.2368457118359     
   20.001408761488356       -2809.2368457118359     
   20.006046231639409       -2809.2368457118359     
   20.010683701790462       -2809.2368457118359     
   20.015321171941515       -2809.2368457118359     
   20.019958642092568       -2809.2368457118359     
   20.024596112243618       -2809.2368457118359     
   20.029233582394671       -2809.2368457118359     
   20.033871052545724       -2809.2368457118359     
   20.038508522696777       -2809.2368457118359     
   20.043145992847830       -2809.2368457118359     
   20.047783462998879       -2809.2368457118359     
   20.052420933149932       -2809.2368457118359     
   20.057058403300985       -2809.2368457118359     
   20.061695873452038       -2809.2368457118359     
   20.066333343603091       -2809.2368457118359     
   20.070970813754140       -2809.2368457118359     
   20.075608283905193       -2809.2368457118359     
   20.080245754056246       -2809.2368457118359     
   20.084883224207299       -2809.2368457118359     
   20.089520694358352       -2809.2368457118359     
   20.094158164509402       -2809.2368457118359     
   20.098795634660455       -2809.2368457118359     
   20.103433104811508       -2809.2368457118359     
   20.108070574962561       -2809.2368457118359     
   20.112708045113614       -2809.2368457118359     
   20.117345515264663       -2809.2368457118359     
   20.121982985415716       -2809.2368457118359     
   20.126620455566769       -2809.2368457118359     
   20.131257925717822       -2809.2368457118359     
   20.135895395868872       -2809.2368457118359     
   20.140532866019925       -2809.2368457118359     
   20.145170336170978       -2809.2368457118359     
   20.149807806322031       -2809.2368457118359     
   20.154445276473083       -2809.2368457118359     
   20.159082746624133       -2809.2368457118359     
   20.163720216775186       -2809.2368457118359     
   20.168357686926239       -2809.2368457118359     
   20.172995157077292       -2809.2368457118359     
   20.177632627228345       -2809.2368457118359     
   20.182270097379394       -2809.2368457118359     
   20.186907567530447       -2809.2368457118359     
   20.191545037681500       -2809.2368457118359     
   20.196182507832553       -2809.2368457118359     
   20.200819977983606       -2809.2368457118359     
   20.205457448134656       -2809.2368457118359     
   20.210094918285709       -2809.2368457118359     
   20.214732388436762       -2809.2368457118359     
   20.219369858587815       -2809.2368457118359     
   20.224007328738868       -2809.2368457118359     
   20.228644798889917       -2809.2368457118359     
   20.233282269040970       -2809.2368457118359     
   20.237919739192023       -2809.2368457118359     
   20.242557209343076       -2809.2368457118359     
   20.247194679494129       -2809.2368457118359     
   20.251832149645178       -2809.2368457118359     
   20.256469619796231       -2809.2368457118359     
   20.261107089947284       -2809.2368457118359     
   20.265744560098337       -2809.2368457118359     
   20.270382030249390       -2809.2368457118359     
   20.275019500400440       -2809.2368457118359     
   20.279656970551493       -2809.2368457118359     
   20.284294440702546       -2809.2368457118359     
   20.288931910853599       -2809.2368457118359     
   20.293569381004652       -2809.2368457118359     
   20.298206851155701       -2809.2368457118359     
   20.302844321306754       -2809.2368457118359     
   20.307481791457807       -2809.2368457118359     
   20.312119261608860       -2809.2368457118359     
   20.316756731759909       -2809.2368457118359     
   20.321394201910962       -2809.2368457118359     
   20.326031672062015       -2809.2368457118359     
   20.330669142213068       -2809.2368457118359     
   20.335306612364121       -2809.2368457118359     
   20.339944082515171       -2809.2368457118359     
   20.344581552666224       -2809.2368457118359     
   20.349219022817277       -2809.2368457118359     
   20.353856492968330       -2809.2368457118359     
   20.358493963119383       -2809.2368457118359     
   20.363131433270432       -2809.2368457118359     
   20.367768903421485       -2809.2368457118359     
   20.372406373572538       -2809.2368457118359     
   20.377043843723591       -2809.2368457118359     
   20.381681313874644       -2809.2368457118359     
   20.386318784025693       -2809.2368457118359     
   20.390956254176746       -2809.2368457118359     
   20.395593724327799       -2809.2368457118359     
   20.400231194478852       -2809.2368457118359     
   20.404868664629905       -2809.2368457118359     
   20.409506134780955       -2809.2368457118359     
   20.414143604932008       -2809.2368457118359     
   20.418781075083061       -2809.2368457118359     
   20.423418545234114       -2809.2368457118359     
   20.428056015385167       -2809.2368457118359     
   20.432693485536216       -2809.2368457118359     
   20.437330955687269       -2809.2368457118359     
   20.441968425838322       -2809.2368457118359     
   20.446605895989375       -2809.2368457118359     
   20.451243366140428       -2809.2368457118359     
   20.455880836291477       -2809.2368457118359     
   20.460518306442530       -2809.2368457118359     
   20.465155776593583       -2809.2368457118359     
   20.469793246744636       -2809.2368457118359     
   20.474430716895689       -2809.2368457118359     
   20.479068187046739       -2809.2368457118359     
   20.483705657197792       -2809.2368457118359     
   20.488343127348845       -2809.2368457118359     
   20.492980597499898       -2809.2368457118359     
   20.497618067650947       -2809.2368457118359     
   20.502255537802000       -2809.2368457118359     
   20.506893007953053       -2809.2368457118359     
   20.511530478104106       -2809.2368457118359     
   20.516167948255159       -2809.2368457118359     
   20.520805418406209       -2809.2368457118359     
   20.525442888557262       -2809.2368457118359     
   20.530080358708314       -2809.2368457118359     
   20.534717828859367       -2809.2368457118359     
   20.539355299010420       -2809.2368457118359     
   20.543992769161470       -2809.2368457118359     
   20.548630239312523       -2809.2368457118359     
   20.553267709463576       -2809.2368457118359     
   20.557905179614629       -2809.2368457118359     
   20.562542649765682       -2809.2368457118359     
   20.567180119916731       -2809.2368457118359     
   20.571817590067784       -2809.2368457118359     
   20.576455060218837       -2809.2368457118359     
   20.581092530369890       -2809.2368457118359     
   20.585730000520943       -2809.2368457118359     
   20.590367470671993       -2809.2368457118359     
   20.595004940823046       -2809.2368457118359     
   20.599642410974099       -2809.2368457118359     
   20.604279881125152       -2809.2368457118359     
   20.608917351276204       -2809.2368457118359     
   20.613554821427254       -2809.2368457118359     
   20.618192291578307       -2809.2368457118359     
   20.622829761729360       -2809.2368457118359     
   20.627467231880413       -2809.2368457118359     
   20.632104702031466       -2809.2368457118359     
   20.636742172182515       -2809.2368457118359     
   20.641379642333568       -2809.2368457118359     
   20.646017112484621       -2809.2368457118359     
   20.650654582635674       -2809.2368457118359     
   20.655292052786724       -2809.2368457118359     
   20.659929522937777       -2809.2368457118359     
   20.664566993088830       -2809.2368457118359     
   20.669204463239883       -2809.2368457118359     
   20.673841933390936       -2809.2368457118359     
   20.678479403541985       -2809.2368457118359     
   20.683116873693038       -2809.2368457118359     
   20.687754343844091       -2809.2368457118359     
   20.692391813995144       -2809.2368457118359     
   20.697029284146197       -2809.2368457118359     
   20.701666754297246       -2809.2368457118359     
   20.706304224448299       -2809.2368457118359     
   20.710941694599352       -2809.2368457118359     
   20.715579164750405       -2809.2368457118359     
   20.720216634901458       -2809.2368457118359     
   20.724854105052508       -2809.2368457118359     
   20.729491575203561       -2809.2368457118359     
   20.734129045354614       -2809.2368457118359     
   20.738766515505667       -2809.2368457118359     
   20.743403985656720       -2809.2368457118359     
   20.748041455807769       -2809.2368457118359     
   20.752678925958822       -2809.2368457118359     
   20.757316396109875       -2809.2368457118359     
   20.761953866260928       -2809.2368457118359     
   20.766591336411981       -2809.2368457118359     
   20.771228806563030       -2809.2368457118359     
   20.775866276714083       -2809.2368457118359     
   20.780503746865136       -2809.2368457118359     
   20.785141217016189       -2809.2368457118359     
   20.789778687167242       -2809.2368457118359     
   20.794416157318292       -2809.2368457118359     
   20.799053627469345       -2809.2368457118359     
   20.803691097620398       -2809.2368457118359     
   20.808328567771451       -2809.2368457118359     
   20.812966037922504       -2809.2368457118359     
   20.817603508073553       -2809.2368457118359     
   20.822240978224606       -2809.2368457118359     
   20.826878448375659       -2809.2368457118359     
   20.831515918526712       -2809.2368457118359     
   20.836153388677761       -2809.2368457118359     
   20.840790858828814       -2809.2368457118359     
   20.845428328979867       -2809.2368457118359     
   20.850065799130920       -2809.2368457118359     
   20.854703269281973       -2809.2368457118359     
   20.859340739433023       -2809.2368457118359     
   20.863978209584076       -2809.2368457118359     
   20.868615679735129       -2809.2368457118359     
   20.873253149886182       -2809.2368457118359     
   20.877890620037235       -2809.2368457118359     
   20.882528090188284       -2809.2368457118359     
   20.887165560339337       -2809.2368457118359     
   20.891803030490390       -2809.2368457118359     
   20.896440500641443       -2809.2368457118359     
   20.901077970792496       -2809.2368457118359     
   20.905715440943546       -2809.2368457118359     
   20.910352911094598       -2809.2368457118359     
   20.914990381245651       -2809.2368457118359     
   20.919627851396704       -2809.2368457118359     
   20.924265321547757       -2809.2368457118359     
   20.928902791698807       -2809.2368457118359     
   20.933540261849860       -2809.2368457118359     
   20.938177732000913       -2809.2368457118359     
   20.942815202151966       -2809.2368457118359     
   20.947452672303019       -2809.2368457118359     
   20.952090142454068       -2809.2368457118359     
   20.956727612605121       -2809.2368457118359     
   20.961365082756174       -2809.2368457118359     
   20.966002552907227       -2809.2368457118359     
   20.970640023058280       -2809.2368457118359     
   20.975277493209330       -2809.2368457118359     
   20.979914963360383       -2809.2368457118359     
   20.984552433511436       -2809.2368457118359     
   20.989189903662488       -2809.2368457118359     
   20.993827373813541       -2809.2368457118359     
   20.998464843964591       -2809.2368457118359     
   21.003102314115644       -2809.2368457118359     
   21.007739784266697       -2809.2368457118359     
   21.012377254417750       -2809.2368457118359     
   21.017014724568799       -2809.2368457118359     
   21.021652194719852       -2809.2368457118359     
   21.026289664870905       -2809.2368457118359     
   21.030927135021958       -2809.2368457118359     
   21.035564605173011       -2809.2368457118359     
   21.040202075324061       -2809.2368457118359     
   21.044839545475114       -2809.2368457118359     
   21.049477015626167       -2809.2368457118359     
   21.054114485777220       -2809.2368457118359     
   21.058751955928273       -2809.2368457118359     
   21.063389426079322       -2809.2368457118359     
   21.068026896230375       -2809.2368457118359     
   21.072664366381428       -2809.2368457118359     
   21.077301836532481       -2809.2368457118359     
   21.081939306683534       -2809.2368457118359     
   21.086576776834583       -2809.2368457118359     
   21.091214246985636       -2809.2368457118359     
   21.095851717136689       -2809.2368457118359     
   21.100489187287742       -2809.2368457118359     
   21.105126657438795       -2809.2368457118359     
   21.109764127589845       -2809.2368457118359     
   21.114401597740898       -2809.2368457118359     
   21.119039067891951       -2809.2368457118359     
   21.123676538043004       -2809.2368457118359     
   21.128314008194057       -2809.2368457118359     
   21.132951478345106       -2809.2368457118359     
   21.137588948496159       -2809.2368457118359     
   21.142226418647212       -2809.2368457118359     
   21.146863888798265       -2809.2368457118359     
   21.151501358949318       -2809.2368457118359     
   21.156138829100367       -2809.2368457118359     
   21.160776299251420       -2809.2368457118359     
   21.165413769402473       -2809.2368457118359     
   21.170051239553526       -2809.2368457118359     
   21.174688709704576       -2809.2368457118359     
   21.179326179855629       -2809.2368457118359     
   21.183963650006682       -2809.2368457118359     
   21.188601120157735       -2809.2368457118359     
   21.193238590308788       -2809.2368457118359     
   21.197876060459837       -2809.2368457118359     
   21.202513530610890       -2809.2368457118359     
   21.207151000761943       -2809.2368457118359     
   21.211788470912996       -2809.2368457118359     
   21.216425941064049       -2809.2368457118359     
   21.221063411215098       -2809.2368457118359     
   21.225700881366151       -2809.2368457118359     
   21.230338351517204       -2809.2368457118359     
   21.234975821668257       -2809.2368457118359     
   21.239613291819310       -2809.2368457118359     
   21.244250761970360       -2809.2368457118359     
   21.248888232121413       -2809.2368457118359     
   21.253525702272466       -2809.2368457118359     
   21.258163172423519       -2809.2368457118359     
   21.262800642574572       -2809.2368457118359     
   21.267438112725621       -2809.2368457118359     
   21.272075582876674       -2809.2368457118359     
   21.276713053027727       -2809.2368457118359     
   21.281350523178780       -2809.2368457118359     
   21.285987993329833       -2809.2368457118359     
   21.290625463480882       -2809.2368457118359     
   21.295262933631935       -2809.2368457118359     
   21.299900403782988       -2809.2368457118359     
   21.304537873934041       -2809.2368457118359     
   21.309175344085094       -2809.2368457118359     
   21.313812814236144       -2809.2368457118359     
   21.318450284387197       -2809.2368457118359     
   21.323087754538250       -2809.2368457118359     
   21.327725224689303       -2809.2368457118359     
   21.332362694840356       -2809.2368457118359     
   21.337000164991405       -2809.2368457118359     
   21.341637635142458       -2809.2368457118359     
   21.346275105293511       -2809.2368457118359     
   21.350912575444564       -2809.2368457118359     
   21.355550045595614       -2809.2368457118359     
   21.360187515746667       -2809.2368457118359     
   21.364824985897720       -2809.2368457118359     
   21.369462456048772       -2809.2368457118359     
   21.374099926199825       -2809.2368457118359     
   21.378737396350875       -2809.2368457118359     
   21.383374866501928       -2809.2368457118359     
   21.388012336652981       -2809.2368457118359     
   21.392649806804034       -2809.2368457118359     
   21.397287276955087       -2809.2368457118359     
   21.401924747106136       -2809.2368457118359     
   21.406562217257189       -2809.2368457118359     
   21.411199687408242       -2809.2368457118359     
   21.415837157559295       -2809.2368457118359     
   21.420474627710348       -2809.2368457118359     
   21.425112097861398       -2809.2368457118359     
   21.429749568012451       -2809.2368457118359     
   21.434387038163504       -2809.2368457118359     
   21.439024508314557       -2809.2368457118359     
   21.443661978465610       -2809.2368457118359     
   21.448299448616659       -2809.2368457118359     
   21.452936918767712       -2809.2368457118359     
   21.457574388918765       -2809.2368457118359     
   21.462211859069818       -2809.2368457118359     
   21.466849329220871       -2809.2368457118359     
   21.471486799371920       -2809.2368457118359     
   21.476124269522973       -2809.2368457118359     
   21.480761739674026       -2809.2368457118359     
   21.485399209825079       -2809.2368457118359     
   21.490036679976132       -2809.2368457118359     
   21.494674150127182       -2809.2368457118359     
   21.499311620278235       -2809.2368457118359     
   21.503949090429288       -2809.2368457118359     
   21.508586560580341       -2809.2368457118359     
   21.513224030731394       -2809.2368457118359     
   21.517861500882443       -2809.2368457118359     
   21.522498971033496       -2809.2368457118359     
   21.527136441184549       -2809.2368457118359     
   21.531773911335602       -2809.2368457118359     
   21.536411381486651       -2809.2368457118359     
   21.541048851637704       -2809.2368457118359     
   21.545686321788757       -2809.2368457118359     
   21.550323791939810       -2809.2368457118359     
   21.554961262090863       -2809.2368457118359     
   21.559598732241913       -2809.2368457118359     
   21.564236202392966       -2809.2368457118359     
   21.568873672544019       -2809.2368457118359     
   21.573511142695072       -2809.2368457118359     
   21.578148612846125       -2809.2368457118359     
   21.582786082997174       -2809.2368457118359     
   21.587423553148227       -2809.2368457118359     
   21.592061023299280       -2809.2368457118359     
   21.596698493450333       -2809.2368457118359     
   21.601335963601386       -2809.2368457118359     
   21.605973433752435       -2809.2368457118359     
   21.610610903903488       -2809.2368457118359     
   21.615248374054541       -2809.2368457118359     
   21.619885844205594       -2809.2368457118359     
   21.624523314356647       -2809.2368457118359     
   21.629160784507697       -2809.2368457118359     
   21.633798254658750       -2809.2368457118359     
   21.638435724809803       -2809.2368457118359     
   21.643073194960856       -2809.2368457118359     
   21.647710665111909       -2809.2368457118359     
   21.652348135262958       -2809.2368457118359     
   21.656985605414011       -2809.2368457118359     
   21.661623075565064       -2809.2368457118359     
   21.666260545716117       -2809.2368457118359     
   21.670898015867170       -2809.2368457118359     
   21.675535486018219       -2809.2368457118359     
   21.680172956169272       -2809.2368457118359     
   21.684810426320325       -2809.2368457118359     
   21.689447896471378       -2809.2368457118359     
   21.694085366622431       -2809.2368457118359     
   21.698722836773481       -2809.2368457118359     
   21.703360306924534       -2809.2368457118359     
   21.707997777075587       -2809.2368457118359     
   21.712635247226640       -2809.2368457118359     
   21.717272717377689       -2809.2368457118359     
   21.721910187528742       -2809.2368457118359     
   21.726547657679795       -2809.2368457118359     
   21.731185127830848       -2809.2368457118359     
   21.735822597981901       -2809.2368457118359     
   21.740460068132951       -2809.2368457118359     
   21.745097538284003       -2809.2368457118359     
   21.749735008435056       -2809.2368457118359     
   21.754372478586109       -2809.2368457118359     
   21.759009948737162       -2809.2368457118359     
   21.763647418888212       -2809.2368457118359     
   21.768284889039265       -2809.2368457118359     
   21.772922359190318       -2809.2368457118359     
   21.777559829341371       -2809.2368457118359     
   21.782197299492424       -2809.2368457118359     
   21.786834769643473       -2809.2368457118359     
   21.791472239794526       -2809.2368457118359     
   21.796109709945579       -2809.2368457118359     
   21.800747180096632       -2809.2368457118359     
   21.805384650247685       -2809.2368457118359     
   21.810022120398735       -2809.2368457118359     
   21.814659590549788       -2809.2368457118359     
   21.819297060700841       -2809.2368457118359     
   21.823934530851893       -2809.2368457118359     
   21.828572001002946       -2809.2368457118359     
   21.833209471153996       -2809.2368457118359     
   21.837846941305049       -2809.2368457118359     
   21.842484411456102       -2809.2368457118359     
   21.847121881607155       -2809.2368457118359     
   21.851759351758208       -2809.2368457118359     
   21.856396821909257       -2809.2368457118359     
   21.861034292060310       -2809.2368457118359     
   21.865671762211363       -2809.2368457118359     
   21.870309232362416       -2809.2368457118359     
   21.874946702513466       -2809.2368457118359     
   21.879584172664519       -2809.2368457118359     
   21.884221642815572       -2809.2368457118359     
   21.888859112966625       -2809.2368457118359     
   21.893496583117678       -2809.2368457118359     
   21.898134053268727       -2809.2368457118359     
   21.902771523419780       -2809.2368457118359     
   21.907408993570833       -2809.2368457118359     
   21.912046463721886       -2809.2368457118359     
   21.916683933872939       -2809.2368457118359     
   21.921321404023988       -2809.2368457118359     
   21.925958874175041       -2809.2368457118359     
   21.930596344326094       -2809.2368457118359     
   21.935233814477147       -2809.2368457118359     
   21.939871284628200       -2809.2368457118359     
   21.944508754779250       -2809.2368457118359     
   21.949146224930303       -2809.2368457118359     
   21.953783695081356       -2809.2368457118359     
   21.958421165232409       -2809.2368457118359     
   21.963058635383462       -2809.2368457118359     
   21.967696105534511       -2809.2368457118359     
   21.972333575685564       -2809.2368457118359     
   21.976971045836617       -2809.2368457118359     
   21.981608515987670       -2809.2368457118359     
   21.986245986138723       -2809.2368457118359     
   21.990883456289772       -2809.2368457118359     
   21.995520926440825       -2809.2368457118359     
   22.000158396591878       -2809.2368457118359     
   22.004795866742931       -2809.2368457118359     
   22.009433336893984       -2809.2368457118359     
   22.014070807045034       -2809.2368457118359     
   22.018708277196087       -2809.2368457118359     
   22.023345747347140       -2809.2368457118359     
   22.027983217498193       -2809.2368457118359     
   22.032620687649246       -2809.2368457118359     
   22.037258157800295       -2809.2368457118359     
   22.041895627951348       -2809.2368457118359     
   22.046533098102401       -2809.2368457118359     
   22.051170568253454       -2809.2368457118359     
   22.055808038404503       -2809.2368457118359     
   22.060445508555556       -2809.2368457118359     
   22.065082978706609       -2809.2368457118359     
   22.069720448857662       -2809.2368457118359     
   22.074357919008715       -2809.2368457118359     
   22.078995389159765       -2809.2368457118359     
   22.083632859310818       -2809.2368457118359     
   22.088270329461871       -2809.2368457118359     
   22.092907799612924       -2809.2368457118359     
   22.097545269763977       -2809.2368457118359     
   22.102182739915026       -2809.2368457118359     
   22.106820210066079       -2809.2368457118359     
   22.111457680217132       -2809.2368457118359     
   22.116095150368185       -2809.2368457118359     
   22.120732620519238       -2809.2368457118359     
   22.125370090670287       -2809.2368457118359     
   22.130007560821340       -2809.2368457118359     
   22.134645030972393       -2809.2368457118359     
   22.139282501123446       -2809.2368457118359     
   22.143919971274499       -2809.2368457118359     
   22.148557441425549       -2809.2368457118359     
   22.153194911576602       -2809.2368457118359     
   22.157832381727655       -2809.2368457118359     
   22.162469851878708       -2809.2368457118359     
   22.167107322029761       -2809.2368457118359     
   22.171744792180810       -2809.2368457118359     
   22.176382262331863       -2809.2368457118359     
   22.181019732482916       -2809.2368457118359     
   22.185657202633969       -2809.2368457118359     
   22.190294672785022       -2809.2368457118359     
   22.194932142936072       -2809.2368457118359     
   22.199569613087125       -2809.2368457118359     
   22.204207083238177       -2809.2368457118359     
   22.208844553389230       -2809.2368457118359     
   22.213482023540283       -2809.2368457118359     
   22.218119493691333       -2809.2368457118359     
   22.222756963842386       -2809.2368457118359     
   22.227394433993439       -2809.2368457118359     
   22.232031904144492       -2809.2368457118359     
   22.236669374295541       -2809.2368457118359     
   22.241306844446594       -2809.2368457118359     
   22.245944314597647       -2809.2368457118359     
   22.250581784748700       -2809.2368457118359     
   22.255219254899753       -2809.2368457118359     
   22.259856725050803       -2809.2368457118359     
   22.264494195201856       -2809.2368457118359     
   22.269131665352909       -2809.2368457118359     
   22.273769135503962       -2809.2368457118359     
   22.278406605655015       -2809.2368457118359     
   22.283044075806064       -2809.2368457118359     
   22.287681545957117       -2809.2368457118359     
   22.292319016108170       -2809.2368457118359     
   22.296956486259223       -2809.2368457118359     
   22.301593956410276       -2809.2368457118359     
   22.306231426561325       -2809.2368457118359     
   22.310868896712378       -2809.2368457118359     
   22.315506366863431       -2809.2368457118359     
   22.320143837014484       -2809.2368457118359     
   22.324781307165537       -2809.2368457118359     
   22.329418777316587       -2809.2368457118359     
   22.334056247467640       -2809.2368457118359     
   22.338693717618693       -2809.2368457118359     
   22.343331187769746       -2809.2368457118359     
   22.347968657920799       -2809.2368457118359     
   22.352606128071848       -2809.2368457118359     
   22.357243598222901       -2809.2368457118359     
   22.361881068373954       -2809.2368457118359     
   22.366518538525007       -2809.2368457118359     
   22.371156008676060       -2809.2368457118359     
   22.375793478827109       -2809.2368457118359     
   22.380430948978162       -2809.2368457118359     
   22.385068419129215       -2809.2368457118359     
   22.389705889280268       -2809.2368457118359     
   22.394343359431318       -2809.2368457118359     
   22.398980829582371       -2809.2368457118359     
   22.403618299733424       -2809.2368457118359     
   22.408255769884477       -2809.2368457118359     
   22.412893240035530       -2809.2368457118359     
   22.417530710186579       -2809.2368457118359     
   22.422168180337632       -2809.2368457118359     
   22.426805650488685       -2809.2368457118359     
   22.431443120639738       -2809.2368457118359     
   22.436080590790791       -2809.2368457118359     
   22.440718060941840       -2809.2368457118359     
   22.445355531092893       -2809.2368457118359     
   22.449993001243946       -2809.2368457118359     
   22.454630471394999       -2809.2368457118359     
   22.459267941546052       -2809.2368457118359     
   22.463905411697102       -2809.2368457118359     
   22.468542881848155       -2809.2368457118359     
   22.473180351999208       -2809.2368457118359     
   22.477817822150261       -2809.2368457118359     
   22.482455292301314       -2809.2368457118359     
   22.487092762452363       -2809.2368457118359     
   22.491730232603416       -2809.2368457118359     
   22.496367702754469       -2809.2368457118359     
   22.501005172905522       -2809.2368457118359     
   22.505642643056575       -2809.2368457118359     
   22.510280113207624       -2809.2368457118359     
   22.514917583358677       -2809.2368457118359     
   22.519555053509730       -2809.2368457118359     
   22.524192523660783       -2809.2368457118359     
   22.528829993811836       -2809.2368457118359     
   22.533467463962886       -2809.2368457118359     
   22.538104934113939       -2809.2368457118359     
   22.542742404264992       -2809.2368457118359     
   22.547379874416045       -2809.2368457118359     
   22.552017344567098       -2809.2368457118359     
   22.556654814718147       -2809.2368457118359     
   22.561292284869200       -2809.2368457118359     
   22.565929755020253       -2809.2368457118359     
   22.570567225171306       -2809.2368457118359     
   22.575204695322356       -2809.2368457118359     
   22.579842165473408       -2809.2368457118359     
   22.584479635624461       -2809.2368457118359     
   22.589117105775514       -2809.2368457118359     
   22.593754575926567       -2809.2368457118359     
   22.598392046077617       -2809.2368457118359     
   22.603029516228670       -2809.2368457118359     
   22.607666986379723       -2809.2368457118359     
   22.612304456530776       -2809.2368457118359     
   22.616941926681829       -2809.2368457118359     
   22.621579396832878       -2809.2368457118359     
   22.626216866983931       -2809.2368457118359     
   22.630854337134984       -2809.2368457118359     
   22.635491807286037       -2809.2368457118359     
   22.640129277437090       -2809.2368457118359     
   22.644766747588140       -2809.2368457118359     
   22.649404217739193       -2809.2368457118359     
   22.654041687890246       -2809.2368457118359     
   22.658679158041299       -2809.2368457118359     
   22.663316628192351       -2809.2368457118359     
   22.667954098343401       -2809.2368457118359     
   22.672591568494454       -2809.2368457118359     
   22.677229038645507       -2809.2368457118359     
   22.681866508796560       -2809.2368457118359     
   22.686503978947613       -2809.2368457118359     
   22.691141449098662       -2809.2368457118359     
   22.695778919249715       -2809.2368457118359     
   22.700416389400768       -2809.2368457118359     
   22.705053859551821       -2809.2368457118359     
   22.709691329702874       -2809.2368457118359     
   22.714328799853924       -2809.2368457118359     
   22.718966270004977       -2809.2368457118359     
   22.723603740156030       -2809.2368457118359     
   22.728241210307083       -2809.2368457118359     
   22.732878680458136       -2809.2368457118359     
   22.737516150609185       -2809.2368457118359     
   22.742153620760238       -2809.2368457118359     
   22.746791090911291       -2809.2368457118359     
   22.751428561062344       -2809.2368457118359     
   22.756066031213393       -2809.2368457118359     
   22.760703501364446       -2809.2368457118359     
   22.765340971515499       -2809.2368457118359     
   22.769978441666552       -2809.2368457118359     
   22.774615911817605       -2809.2368457118359     
   22.779253381968655       -2809.2368457118359     
   22.783890852119708       -2809.2368457118359     
   22.788528322270761       -2809.2368457118359     
   22.793165792421814       -2809.2368457118359     
   22.797803262572867       -2809.2368457118359     
   22.802440732723916       -2809.2368457118359     
   22.807078202874969       -2809.2368457118359     
   22.811715673026022       -2809.2368457118359     
   22.816353143177075       -2809.2368457118359     
   22.820990613328128       -2809.2368457118359     
   22.825628083479177       -2809.2368457118359     
   22.830265553630230       -2809.2368457118359     
   22.834903023781283       -2809.2368457118359     
   22.839540493932336       -2809.2368457118359     
   22.844177964083389       -2809.2368457118359     
   22.848815434234439       -2809.2368457118359     
   22.853452904385492       -2809.2368457118359     
   22.858090374536545       -2809.2368457118359     
   22.862727844687598       -2809.2368457118359     
   22.867365314838651       -2809.2368457118359     
   22.872002784989700       -2809.2368457118359     
   22.876640255140753       -2809.2368457118359     
   22.881277725291806       -2809.2368457118359     
   22.885915195442859       -2809.2368457118359     
   22.890552665593912       -2809.2368457118359     
   22.895190135744961       -2809.2368457118359     
   22.899827605896014       -2809.2368457118359     
   22.904465076047067       -2809.2368457118359     
   22.909102546198120       -2809.2368457118359     
   22.913740016349173       -2809.2368457118359     
   22.918377486500223       -2809.2368457118359     
   22.923014956651276       -2809.2368457118359     
   22.927652426802329       -2809.2368457118359     
   22.932289896953382       -2809.2368457118359     
   22.936927367104431       -2809.2368457118359     
   22.941564837255484       -2809.2368457118359     
   22.946202307406537       -2809.2368457118359     
   22.950839777557590       -2809.2368457118359     
   22.955477247708643       -2809.2368457118359     
   22.960114717859692       -2809.2368457118359     
   22.964752188010745       -2809.2368457118359     
   22.969389658161798       -2809.2368457118359     
   22.974027128312851       -2809.2368457118359     
   22.978664598463904       -2809.2368457118359     
   22.983302068614954       -2809.2368457118359     
   22.987939538766007       -2809.2368457118359     
   22.992577008917060       -2809.2368457118359     
   22.997214479068113       -2809.2368457118359     
   23.001851949219166       -2809.2368457118359     
   23.006489419370215       -2809.2368457118359     
   23.011126889521268       -2809.2368457118359     
   23.015764359672321       -2809.2368457118359     
   23.020401829823374       -2809.2368457118359     
   23.025039299974427       -2809.2368457118359     
   23.029676770125477       -2809.2368457118359     
   23.034314240276530       -2809.2368457118359     
   23.038951710427582       -2809.2368457118359     
   23.043589180578635       -2809.2368457118359     
   23.048226650729688       -2809.2368457118359     
   23.052864120880738       -2809.2368457118359     
   23.057501591031791       -2809.2368457118359     
   23.062139061182844       -2809.2368457118359     
   23.066776531333897       -2809.2368457118359     
   23.071414001484950       -2809.2368457118359     
   23.076051471635999       -2809.2368457118359     
   23.080688941787052       -2809.2368457118359     
   23.085326411938105       -2809.2368457118359     
   23.089963882089158       -2809.2368457118359     
   23.094601352240208       -2809.2368457118359     
   23.099238822391261       -2809.2368457118359     
   23.103876292542314       -2809.2368457118359     
   23.108513762693367       -2809.2368457118359     
   23.113151232844420       -2809.2368457118359     
   23.117788702995469       -2809.2368457118359     
   23.122426173146522       -2809.2368457118359     
   23.127063643297575       -2809.2368457118359     
   23.131701113448628       -2809.2368457118359     
   23.136338583599681       -2809.2368457118359     
   23.140976053750730       -2809.2368457118359     
   23.145613523901783       -2809.2368457118359     
   23.150250994052836       -2809.2368457118359     
   23.154888464203889       -2809.2368457118359     
   23.159525934354942       -2809.2368457118359     
   23.164163404505992       -2809.2368457118359     
   23.168800874657045       -2809.2368457118359     
   23.173438344808098       -2809.2368457118359     
   23.178075814959151       -2809.2368457118359     
   23.182713285110204       -2809.2368457118359     
   23.187350755261253       -2809.2368457118359     
   23.191988225412306       -2809.2368457118359     
   23.196625695563359       -2809.2368457118359     
   23.201263165714412       -2809.2368457118359     
   23.205900635865465       -2809.2368457118359     
   23.210538106016514       -2809.2368457118359     
   23.215175576167567       -2809.2368457118359     
   23.219813046318620       -2809.2368457118359     
   23.224450516469673       -2809.2368457118359     
   23.229087986620726       -2809.2368457118359     
   23.233725456771776       -2809.2368457118359     
   23.238362926922829       -2809.2368457118359     
   23.243000397073882       -2809.2368457118359     
   23.247637867224935       -2809.2368457118359     
   23.252275337375988       -2809.2368457118359     
   23.256912807527037       -2809.2368457118359     
   23.261550277678090       -2809.2368457118359     
   23.266187747829143       -2809.2368457118359     
   23.270825217980196       -2809.2368457118359     
   23.275462688131245       -2809.2368457118359     
   23.280100158282298       -2809.2368457118359     
   23.284737628433351       -2809.2368457118359     
   23.289375098584404       -2809.2368457118359     
   23.294012568735457       -2809.2368457118359     
   23.298650038886507       -2809.2368457118359     
   23.303287509037560       -2809.2368457118359     
   23.307924979188613       -2809.2368457118359     
   23.312562449339666       -2809.2368457118359     
   23.317199919490719       -2809.2368457118359     
   23.321837389641768       -2809.2368457118359     
   23.326474859792821       -2809.2368457118359     
   23.331112329943874       -2809.2368457118359     
   23.335749800094927       -2809.2368457118359     
   23.340387270245980       -2809.2368457118359     
   23.345024740397029       -2809.2368457118359     
   23.349662210548082       -2809.2368457118359     
   23.354299680699135       -2809.2368457118359     
   23.358937150850188       -2809.2368457118359     
   23.363574621001241       -2809.2368457118359     
   23.368212091152291       -2809.2368457118359     
   23.372849561303344       -2809.2368457118359     
   23.377487031454397       -2809.2368457118359     
   23.382124501605450       -2809.2368457118359     
   23.386761971756503       -2809.2368457118359     
   23.391399441907552       -2809.2368457118359     
   23.396036912058605       -2809.2368457118359     
   23.400674382209658       -2809.2368457118359     
   23.405311852360711       -2809.2368457118359     
   23.409949322511764       -2809.2368457118359     
   23.414586792662814       -2809.2368457118359     
   23.419224262813866       -2809.2368457118359     
   23.423861732964919       -2809.2368457118359     
   23.428499203115972       -2809.2368457118359     
   23.433136673267025       -2809.2368457118359     
   23.437774143418075       -2809.2368457118359     
   23.442411613569128       -2809.2368457118359     
   23.447049083720181       -2809.2368457118359     
   23.451686553871234       -2809.2368457118359     
   23.456324024022283       -2809.2368457118359     
   23.460961494173336       -2809.2368457118359     
   23.465598964324389       -2809.2368457118359     
   23.470236434475442       -2809.2368457118359     
   23.474873904626495       -2809.2368457118359     
   23.479511374777545       -2809.2368457118359     
   23.484148844928598       -2809.2368457118359     
   23.488786315079651       -2809.2368457118359     
   23.493423785230704       -2809.2368457118359     
   23.498061255381756       -2809.2368457118359     
   23.502698725532806       -2809.2368457118359     
   23.507336195683859       -2809.2368457118359     
   23.511973665834912       -2809.2368457118359     
   23.516611135985965       -2809.2368457118359     
   23.521248606137018       -2809.2368457118359     
   23.525886076288067       -2809.2368457118359     
   23.530523546439120       -2809.2368457118359     
   23.535161016590173       -2809.2368457118359     
   23.539798486741226       -2809.2368457118359     
   23.544435956892279       -2809.2368457118359     
   23.549073427043329       -2809.2368457118359     
   23.553710897194382       -2809.2368457118359     
   23.558348367345435       -2809.2368457118359     
   23.562985837496488       -2809.2368457118359     
   23.567623307647541       -2809.2368457118359     
   23.572260777798590       -2809.2368457118359     
   23.576898247949643       -2809.2368457118359     
   23.581535718100696       -2809.2368457118359     
   23.586173188251749       -2809.2368457118359     
   23.590810658402802       -2809.2368457118359     
   23.595448128553851       -2809.2368457118359     
   23.600085598704904       -2809.2368457118359     
   23.604723068855957       -2809.2368457118359     
   23.609360539007010       -2809.2368457118359     
   23.613998009158060       -2809.2368457118359     
   23.618635479309113       -2809.2368457118359     
   23.623272949460166       -2809.2368457118359     
   23.627910419611219       -2809.2368457118359     
   23.632547889762272       -2809.2368457118359     
   23.637185359913321       -2809.2368457118359     
   23.641822830064374       -2809.2368457118359     
   23.646460300215427       -2809.2368457118359     
   23.651097770366480       -2809.2368457118359     
   23.655735240517533       -2809.2368457118359     
   23.660372710668582       -2809.2368457118359     
   23.665010180819635       -2809.2368457118359     
   23.669647650970688       -2809.2368457118359     
   23.674285121121741       -2809.2368457118359     
   23.678922591272794       -2809.2368457118359     
   23.683560061423844       -2809.2368457118359     
   23.688197531574897       -2809.2368457118359     
   23.692835001725950       -2809.2368457118359     
   23.697472471877003       -2809.2368457118359     
   23.702109942028056       -2809.2368457118359     
   23.706747412179105       -2809.2368457118359     
   23.711384882330158       -2809.2368457118359     
   23.716022352481211       -2809.2368457118359     
   23.720659822632264       -2809.2368457118359     
   23.725297292783317       -2809.2368457118359     
   23.729934762934366       -2809.2368457118359     
   23.734572233085419       -2809.2368457118359     
   23.739209703236472       -2809.2368457118359     
   23.743847173387525       -2809.2368457118359     
   23.748484643538578       -2809.2368457118359     
   23.753122113689628       -2809.2368457118359     
   23.757759583840681       -2809.2368457118359     
   23.762397053991734       -2809.2368457118359     
   23.767034524142787       -2809.2368457118359     
   23.771671994293840       -2809.2368457118359     
   23.776309464444889       -2809.2368457118359     
   23.780946934595942       -2809.2368457118359     
   23.785584404746995       -2809.2368457118359     
   23.790221874898048       -2809.2368457118359     
   23.794859345049097       -2809.2368457118359     
   23.799496815200150       -2809.2368457118359     
   23.804134285351203       -2809.2368457118359     
   23.808771755502256       -2809.2368457118359     
   23.813409225653309       -2809.2368457118359     
   23.818046695804359       -2809.2368457118359     
   23.822684165955412       -2809.2368457118359     
   23.827321636106465       -2809.2368457118359     
   23.831959106257518       -2809.2368457118359     
   23.836596576408571       -2809.2368457118359     
   23.841234046559620       -2809.2368457118359     
   23.845871516710673       -2809.2368457118359     
   23.850508986861726       -2809.2368457118359     
   23.855146457012779       -2809.2368457118359     
   23.859783927163832       -2809.2368457118359     
   23.864421397314882       -2809.2368457118359     
   23.869058867465935       -2809.2368457118359     
   23.873696337616988       -2809.2368457118359     
   23.878333807768040       -2809.2368457118359     
   23.882971277919093       -2809.2368457118359     
   23.887608748070143       -2809.2368457118359     
   23.892246218221196       -2809.2368457118359     
   23.896883688372249       -2809.2368457118359     
   23.901521158523302       -2809.2368457118359     
   23.906158628674355       -2809.2368457118359     
   23.910796098825404       -2809.2368457118359     
   23.915433568976457       -2809.2368457118359     
   23.920071039127510       -2809.2368457118359     
   23.924708509278563       -2809.2368457118359     
   23.929345979429616       -2809.2368457118359     
   23.933983449580666       -2809.2368457118359     
   23.938620919731719       -2809.2368457118359     
   23.943258389882772       -2809.2368457118359     
   23.947895860033825       -2809.2368457118359     
   23.952533330184878       -2809.2368457118359     
   23.957170800335927       -2809.2368457118359     
   23.961808270486980       -2809.2368457118359     
   23.966445740638033       -2809.2368457118359     
   23.971083210789086       -2809.2368457118359     
   23.975720680940135       -2809.2368457118359     
   23.980358151091188       -2809.2368457118359     
   23.984995621242241       -2809.2368457118359     
   23.989633091393294       -2809.2368457118359     
   23.994270561544347       -2809.2368457118359     
   23.998908031695397       -2809.2368457118359     
   24.003545501846450       -2809.2368457118359     
   24.008182971997503       -2809.2368457118359     
   24.012820442148556       -2809.2368457118359     
   24.017457912299609       -2809.2368457118359     
   24.022095382450658       -2809.2368457118359     
   24.026732852601711       -2809.2368457118359     
   24.031370322752764       -2809.2368457118359     
   24.036007792903817       -2809.2368457118359     
   24.040645263054870       -2809.2368457118359     
   24.045282733205919       -2809.2368457118359     
   24.049920203356972       -2809.2368457118359     
   24.054557673508025       -2809.2368457118359     
   24.059195143659078       -2809.2368457118359     
   24.063832613810131       -2809.2368457118359     
   24.068470083961181       -2809.2368457118359     
   24.073107554112234       -2809.2368457118359     
   24.077745024263287       -2809.2368457118359     
   24.082382494414340       -2809.2368457118359     
   24.087019964565393       -2809.2368457118359     
   24.091657434716442       -2809.2368457118359     
   24.096294904867495       -2809.2368457118359     
   24.100932375018548       -2809.2368457118359     
   24.105569845169601       -2809.2368457118359     
   24.110207315320654       -2809.2368457118359     
   24.114844785471703       -2809.2368457118359     
   24.119482255622756       -2809.2368457118359     
   24.124119725773809       -2809.2368457118359     
   24.128757195924862       -2809.2368457118359     
   24.133394666075915       -2809.2368457118359     
   24.138032136226965       -2809.2368457118359     
   24.142669606378018       -2809.2368457118359     
   24.147307076529071       -2809.2368457118359     
   24.151944546680124       -2809.2368457118359     
   24.156582016831173       -2809.2368457118359     
   24.161219486982226       -2809.2368457118359     
   24.165856957133279       -2809.2368457118359     
   24.170494427284332       -2809.2368457118359     
   24.175131897435385       -2809.2368457118359     
   24.179769367586434       -2809.2368457118359     
   24.184406837737487       -2809.2368457118359     
   24.189044307888540       -2809.2368457118359     
   24.193681778039593       -2809.2368457118359     
   24.198319248190646       -2809.2368457118359     
   24.202956718341696       -2809.2368457118359     
   24.207594188492749       -2809.2368457118359     
   24.212231658643802       -2809.2368457118359     
   24.216869128794855       -2809.2368457118359     
   24.221506598945908       -2809.2368457118359     
   24.226144069096957       -2809.2368457118359     
   24.230781539248010       -2809.2368457118359     
   24.235419009399063       -2809.2368457118359     
   24.240056479550116       -2809.2368457118359     
   24.244693949701169       -2809.2368457118359     
   24.249331419852219       -2809.2368457118359     
   24.253968890003271       -2809.2368457118359     
   24.258606360154324       -2809.2368457118359     
   24.263243830305377       -2809.2368457118359     
   24.267881300456430       -2809.2368457118359     
   24.272518770607480       -2809.2368457118359     
   24.277156240758533       -2809.2368457118359     
   24.281793710909586       -2809.2368457118359     
   24.286431181060639       -2809.2368457118359     
   24.291068651211692       -2809.2368457118359     
   24.295706121362741       -2809.2368457118359     
   24.300343591513794       -2809.2368457118359     
   24.304981061664847       -2809.2368457118359     
   24.309618531815900       -2809.2368457118359     
   24.314256001966950       -2809.2368457118359     
   24.318893472118003       -2809.2368457118359     
   24.323530942269056       -2809.2368457118359     
   24.328168412420109       -2809.2368457118359     
   24.332805882571162       -2809.2368457118359     
   24.337443352722211       -2809.2368457118359     
   24.342080822873264       -2809.2368457118359     
   24.346718293024317       -2809.2368457118359     
   24.351355763175370       -2809.2368457118359     
   24.355993233326423       -2809.2368457118359     
   24.360630703477472       -2809.2368457118359     
   24.365268173628525       -2809.2368457118359     
   24.369905643779578       -2809.2368457118359     
   24.374543113930631       -2809.2368457118359     
   24.379180584081684       -2809.2368457118359     
   24.383818054232734       -2809.2368457118359     
   24.388455524383787       -2809.2368457118359     
   24.393092994534840       -2809.2368457118359     
   24.397730464685893       -2809.2368457118359     
   24.402367934836946       -2809.2368457118359     
   24.407005404987995       -2809.2368457118359     
   24.411642875139048       -2809.2368457118359     
   24.416280345290101       -2809.2368457118359     
   24.420917815441154       -2809.2368457118359     
   24.425555285592207       -2809.2368457118359     
   24.430192755743256       -2809.2368457118359     
   24.434830225894309       -2809.2368457118359     
   24.439467696045362       -2809.2368457118359     
   24.444105166196415       -2809.2368457118359     
   24.448742636347468       -2809.2368457118359     
   24.453380106498518       -2809.2368457118359     
   24.458017576649571       -2809.2368457118359     
   24.462655046800624       -2809.2368457118359     
   24.467292516951677       -2809.2368457118359     
   24.471929987102730       -2809.2368457118359     
   24.476567457253779       -2809.2368457118359     
   24.481204927404832       -2809.2368457118359     
   24.485842397555885       -2809.2368457118359     
   24.490479867706938       -2809.2368457118359     
   24.495117337857987       -2809.2368457118359     
   24.499754808009040       -2809.2368457118359     
   24.504392278160093       -2809.2368457118359     
   24.509029748311146       -2809.2368457118359     
   24.513667218462199       -2809.2368457118359     
   24.518304688613249       -2809.2368457118359     
   24.522942158764302       -2809.2368457118359     
   24.527579628915355       -2809.2368457118359     
   24.532217099066408       -2809.2368457118359     
   24.536854569217461       -2809.2368457118359     
   24.541492039368510       -2809.2368457118359     
   24.546129509519563       -2809.2368457118359     
   24.550766979670616       -2809.2368457118359     
   24.555404449821669       -2809.2368457118359     
   24.560041919972722       -2809.2368457118359     
   24.564679390123771       -2809.2368457118359     
   24.569316860274824       -2809.2368457118359     
   24.573954330425877       -2809.2368457118359     
   24.578591800576930       -2809.2368457118359     
   24.583229270727983       -2809.2368457118359     
   24.587866740879033       -2809.2368457118359     
   24.592504211030086       -2809.2368457118359     
   24.597141681181139       -2809.2368457118359     
   24.601779151332192       -2809.2368457118359     
   24.606416621483245       -2809.2368457118359     
   24.611054091634294       -2809.2368457118359     
   24.615691561785347       -2809.2368457118359     
   24.620329031936400       -2809.2368457118359     
   24.624966502087453       -2809.2368457118359     
   24.629603972238506       -2809.2368457118359     
   24.634241442389555       -2809.2368457118359     
   24.638878912540608       -2809.2368457118359     
   24.643516382691661       -2809.2368457118359     
   24.648153852842714       -2809.2368457118359     
   24.652791322993767       -2809.2368457118359     
   24.657428793144817       -2809.2368457118359     
   24.662066263295870       -2809.2368457118359     
   24.666703733446923       -2809.2368457118359     
   24.671341203597976       -2809.2368457118359     
   24.675978673749025       -2809.2368457118359     
   24.680616143900078       -2809.2368457118359     
   24.685253614051131       -2809.2368457118359     
   24.689891084202184       -2809.2368457118359     
   24.694528554353237       -2809.2368457118359     
   24.699166024504287       -2809.2368457118359     
   24.703803494655340       -2809.2368457118359     
   24.708440964806393       -2809.2368457118359     
   24.713078434957445       -2809.2368457118359     
   24.717715905108498       -2809.2368457118359     
   24.722353375259548       -2809.2368457118359     
   24.726990845410601       -2809.2368457118359     
   24.731628315561654       -2809.2368457118359     
   24.736265785712707       -2809.2368457118359     
   24.740903255863760       -2809.2368457118359     
   24.745540726014809       -2809.2368457118359     
   24.750178196165862       -2809.2368457118359     
   24.754815666316915       -2809.2368457118359     
   24.759453136467968       -2809.2368457118359     
   24.764090606619021       -2809.2368457118359     
   24.768728076770071       -2809.2368457118359     
   24.773365546921124       -2809.2368457118359     
   24.778003017072177       -2809.2368457118359     
   24.782640487223230       -2809.2368457118359     
   24.787277957374283       -2809.2368457118359     
   24.791915427525332       -2809.2368457118359     
   24.796552897676385       -2809.2368457118359     
   24.801190367827438       -2809.2368457118359     
   24.805827837978491       -2809.2368457118359     
   24.810465308129544       -2809.2368457118359     
   24.815102778280593       -2809.2368457118359     
   24.819740248431646       -2809.2368457118359     
   24.824377718582699       -2809.2368457118359     
   24.829015188733752       -2809.2368457118359     
   24.833652658884802       -2809.2368457118359     
   24.838290129035855       -2809.2368457118359     
   24.842927599186908       -2809.2368457118359     
   24.847565069337961       -2809.2368457118359     
   24.852202539489014       -2809.2368457118359     
   24.856840009640063       -2809.2368457118359     
   24.861477479791116       -2809.2368457118359     
   24.866114949942169       -2809.2368457118359     
   24.870752420093222       -2809.2368457118359     
   24.875389890244275       -2809.2368457118359     
   24.880027360395324       -2809.2368457118359     
   24.884664830546377       -2809.2368457118359     
   24.889302300697430       -2809.2368457118359     
   24.893939770848483       -2809.2368457118359     
   24.898577240999536       -2809.2368457118359     
   24.903214711150586       -2809.2368457118359     
   24.907852181301639       -2809.2368457118359     
   24.912489651452692       -2809.2368457118359     
   24.917127121603745       -2809.2368457118359     
   24.921764591754798       -2809.2368457118359     
   24.926402061905847       -2809.2368457118359     
   24.931039532056900       -2809.2368457118359     
   24.935677002207953       -2809.2368457118359     
   24.940314472359006       -2809.2368457118359     
   24.944951942510059       -2809.2368457118359     
   24.949589412661108       -2809.2368457118359     
   24.954226882812161       -2809.2368457118359     
   24.958864352963214       -2809.2368457118359     
   24.963501823114267       -2809.2368457118359     
   24.968139293265320       -2809.2368457118359     
   24.972776763416370       -2809.2368457118359     
   24.977414233567423       -2809.2368457118359     
   24.982051703718476       -2809.2368457118359     
   24.986689173869529       -2809.2368457118359     
   24.991326644020582       -2809.2368457118359     
   24.995964114171631       -2809.2368457118359     
   25.000601584322684       -2809.2368457118359     
   25.005239054473737       -2809.2368457118359     
   25.009876524624790       -2809.2368457118359     
   25.014513994775839       -2809.2368457118359     
   25.019151464926892       -2809.2368457118359     
   25.023788935077945       -2809.2368457118359     
   25.028426405228998       -2809.2368457118359     
   25.033063875380051       -2809.2368457118359     
   25.037701345531101       -2809.2368457118359     
   25.042338815682154       -2809.2368457118359     
   25.046976285833207       -2809.2368457118359     
   25.051613755984260       -2809.2368457118359     
   25.056251226135313       -2809.2368457118359     
   25.060888696286362       -2809.2368457118359     
   25.065526166437415       -2809.2368457118359     
   25.070163636588468       -2809.2368457118359     
   25.074801106739521       -2809.2368457118359     
   25.079438576890574       -2809.2368457118359     
   25.084076047041624       -2809.2368457118359     
   25.088713517192677       -2809.2368457118359     
   25.093350987343729       -2809.2368457118359     
   25.097988457494782       -2809.2368457118359     
   25.102625927645835       -2809.2368457118359     
   25.107263397796885       -2809.2368457118359     
   25.111900867947938       -2809.2368457118359     
   25.116538338098991       -2809.2368457118359     
   25.121175808250044       -2809.2368457118359     
   25.125813278401097       -2809.2368457118359     
   25.130450748552146       -2809.2368457118359     
   25.135088218703199       -2809.2368457118359     
   25.139725688854252       -2809.2368457118359     
   25.144363159005305       -2809.2368457118359     
   25.149000629156358       -2809.2368457118359     
   25.153638099307408       -2809.2368457118359     
   25.158275569458461       -2809.2368457118359     
   25.162913039609514       -2809.2368457118359     
   25.167550509760567       -2809.2368457118359     
   25.172187979911619       -2809.2368457118359     
   25.176825450062669       -2809.2368457118359     
   25.181462920213722       -2809.2368457118359     
   25.186100390364775       -2809.2368457118359     
   25.190737860515828       -2809.2368457118359     
   25.195375330666877       -2809.2368457118359     
   25.200012800817930       -2809.2368457118359     
   25.204650270968983       -2809.2368457118359     
   25.209287741120036       -2809.2368457118359     
   25.213925211271089       -2809.2368457118359     
   25.218562681422139       -2809.2368457118359     
   25.223200151573192       -2809.2368457118359     
   25.227837621724245       -2809.2368457118359     
   25.232475091875298       -2809.2368457118359     
   25.237112562026351       -2809.2368457118359     
   25.241750032177400       -2809.2368457118359     
   25.246387502328453       -2809.2368457118359     
   25.251024972479506       -2809.2368457118359     
   25.255662442630559       -2809.2368457118359     
   25.260299912781612       -2809.2368457118359     
   25.264937382932661       -2809.2368457118359     
   25.269574853083714       -2809.2368457118359     
   25.274212323234767       -2809.2368457118359     
   25.278849793385820       -2809.2368457118359     
   25.283487263536873       -2809.2368457118359     
   25.288124733687923       -2809.2368457118359     
   25.292762203838976       -2809.2368457118359     
   25.297399673990029       -2809.2368457118359     
   25.302037144141082       -2809.2368457118359     
   25.306674614292135       -2809.2368457118359     
   25.311312084443184       -2809.2368457118359     
   25.315949554594237       -2809.2368457118359     
   25.320587024745290       -2809.2368457118359     
   25.325224494896343       -2809.2368457118359     
   25.329861965047396       -2809.2368457118359     
   25.334499435198445       -2809.2368457118359     
   25.339136905349498       -2809.2368457118359     
   25.343774375500551       -2809.2368457118359     
   25.348411845651604       -2809.2368457118359     
   25.353049315802657       -2809.2368457118359     
   25.357686785953707       -2809.2368457118359     
   25.362324256104760       -2809.2368457118359     
   25.366961726255813       -2809.2368457118359     
   25.371599196406866       -2809.2368457118359     
   25.376236666557915       -2809.2368457118359     
   25.380874136708968       -2809.2368457118359     
   25.385511606860021       -2809.2368457118359     
   25.390149077011074       -2809.2368457118359     
   25.394786547162127       -2809.2368457118359     
   25.399424017313176       -2809.2368457118359     
   25.404061487464229       -2809.2368457118359     
   25.408698957615282       -2809.2368457118359     
   25.413336427766335       -2809.2368457118359     
   25.417973897917388       -2809.2368457118359     
   25.422611368068438       -2809.2368457118359     
   25.427248838219491       -2809.2368457118359     
   25.431886308370544       -2809.2368457118359     
   25.436523778521597       -2809.2368457118359     
   25.441161248672650       -2809.2368457118359     
   25.445798718823699       -2809.2368457118359     
   25.450436188974752       -2809.2368457118359     
   25.455073659125805       -2809.2368457118359     
   25.459711129276858       -2809.2368457118359     
   25.464348599427911       -2809.2368457118359     
   25.468986069578960       -2809.2368457118359     
   25.473623539730013       -2809.2368457118359     
   25.478261009881066       -2809.2368457118359     
   25.482898480032119       -2809.2368457118359     
   25.487535950183172       -2809.2368457118359     
   25.492173420334222       -2809.2368457118359     
   25.496810890485275       -2809.2368457118359     
   25.501448360636328       -2809.2368457118359     
   25.506085830787381       -2809.2368457118359     
   25.510723300938434       -2809.2368457118359     
   25.515360771089483       -2809.2368457118359     
   25.519998241240536       -2809.2368457118359     
   25.524635711391589       -2809.2368457118359     
   25.529273181542642       -2809.2368457118359     
   25.533910651693692       -2809.2368457118359     
   25.538548121844745       -2809.2368457118359     
   25.543185591995798       -2809.2368457118359     
   25.547823062146851       -2809.2368457118359     
   25.552460532297903       -2809.2368457118359     
   25.557098002448953       -2809.2368457118359     
   25.561735472600006       -2809.2368457118359     
   25.566372942751059       -2809.2368457118359     
   25.571010412902112       -2809.2368457118359     
   25.575647883053165       -2809.2368457118359     
   25.580285353204214       -2809.2368457118359     
   25.584922823355267       -2809.2368457118359     
   25.589560293506320       -2809.2368457118359     
   25.594197763657373       -2809.2368457118359     
   25.598835233808426       -2809.2368457118359     
   25.603472703959476       -2809.2368457118359     
   25.608110174110529       -2809.2368457118359     
   25.612747644261582       -2809.2368457118359     
   25.617385114412635       -2809.2368457118359     
   25.622022584563688       -2809.2368457118359     
   25.626660054714737       -2809.2368457118359     
   25.631297524865790       -2809.2368457118359     
   25.635934995016843       -2809.2368457118359     
   25.640572465167896       -2809.2368457118359     
   25.645209935318949       -2809.2368457118359     
   25.649847405469998       -2809.2368457118359     
   25.654484875621051       -2809.2368457118359     
   25.659122345772104       -2809.2368457118359     
   25.663759815923157       -2809.2368457118359     
   25.668397286074210       -2809.2368457118359     
   25.673034756225260       -2809.2368457118359     
   25.677672226376313       -2809.2368457118359     
   25.682309696527366       -2809.2368457118359     
   25.686947166678419       -2809.2368457118359     
   25.691584636829472       -2809.2368457118359     
   25.696222106980521       -2809.2368457118359     
   25.700859577131574       -2809.2368457118359     
   25.705497047282627       -2809.2368457118359     
   25.710134517433680       -2809.2368457118359     
   25.714771987584729       -2809.2368457118359     
   25.719409457735782       -2809.2368457118359     
   25.724046927886835       -2809.2368457118359     
   25.728684398037888       -2809.2368457118359     
   25.733321868188941       -2809.2368457118359     
   25.737959338339991       -2809.2368457118359     
   25.742596808491044       -2809.2368457118359     
   25.747234278642097       -2809.2368457118359     
   25.751871748793150       -2809.2368457118359     
   25.756509218944203       -2809.2368457118359     
   25.761146689095252       -2809.2368457118359     
   25.765784159246305       -2809.2368457118359     
   25.770421629397358       -2809.2368457118359     
   25.775059099548411       -2809.2368457118359     
   25.779696569699464       -2809.2368457118359     
   25.784334039850513       -2809.2368457118359     
   25.788971510001566       -2809.2368457118359     
   25.793608980152619       -2809.2368457118359     
   25.798246450303672       -2809.2368457118359     
   25.802883920454725       -2809.2368457118359     
   25.807521390605775       -2809.2368457118359     
   25.812158860756828       -2809.2368457118359     
   25.816796330907881       -2809.2368457118359     
   25.821433801058934       -2809.2368457118359     
   25.826071271209987       -2809.2368457118359     
   25.830708741361036       -2809.2368457118359     
   25.835346211512089       -2809.2368457118359     
   25.839983681663142       -2809.2368457118359     
   25.844621151814195       -2809.2368457118359     
   25.849258621965248       -2809.2368457118359     
   25.853896092116297       -2809.2368457118359     
   25.858533562267350       -2809.2368457118359     
   25.863171032418403       -2809.2368457118359     
   25.867808502569456       -2809.2368457118359     
   25.872445972720509       -2809.2368457118359     
   25.877083442871559       -2809.2368457118359     
   25.881720913022612       -2809.2368457118359     
   25.886358383173665       -2809.2368457118359     
   25.890995853324718       -2809.2368457118359     
   25.895633323475767       -2809.2368457118359     
   25.900270793626820       -2809.2368457118359     
   25.904908263777873       -2809.2368457118359     
   25.909545733928926       -2809.2368457118359     
   25.914183204079979       -2809.2368457118359     
   25.918820674231029       -2809.2368457118359     
   25.923458144382082       -2809.2368457118359     
   25.928095614533134       -2809.2368457118359     
   25.932733084684187       -2809.2368457118359     
   25.937370554835240       -2809.2368457118359     
   25.942008024986290       -2809.2368457118359     
   25.946645495137343       -2809.2368457118359     
   25.951282965288396       -2809.2368457118359     
   25.955920435439449       -2809.2368457118359     
   25.960557905590502       -2809.2368457118359     
   25.965195375741551       -2809.2368457118359     
   25.969832845892604       -2809.2368457118359     
   25.974470316043657       -2809.2368457118359     
   25.979107786194710       -2809.2368457118359     
   25.983745256345763       -2809.2368457118359     
   25.988382726496813       -2809.2368457118359     
   25.993020196647866       -2809.2368457118359     
   25.997657666798919       -2809.2368457118359     
   26.002295136949972       -2809.2368457118359     
   26.006932607101025       -2809.2368457118359     
   26.011570077252074       -2809.2368457118359     
   26.016207547403127       -2809.2368457118359     
   26.020845017554180       -2809.2368457118359     
   26.025482487705233       -2809.2368457118359     
   26.030119957856286       -2809.2368457118359     
   26.034757428007335       -2809.2368457118359     
   26.039394898158388       -2809.2368457118359     
   26.044032368309441       -2809.2368457118359     
   26.048669838460494       -2809.2368457118359     
   26.053307308611544       -2809.2368457118359     
   26.057944778762597       -2809.2368457118359     
   26.062582248913650       -2809.2368457118359     
   26.067219719064703       -2809.2368457118359     
   26.071857189215756       -2809.2368457118359     
   26.076494659366805       -2809.2368457118359     
   26.081132129517858       -2809.2368457118359     
   26.085769599668911       -2809.2368457118359     
   26.090407069819964       -2809.2368457118359     
   26.095044539971017       -2809.2368457118359     
   26.099682010122066       -2809.2368457118359     
   26.104319480273119       -2809.2368457118359     
   26.108956950424172       -2809.2368457118359     
   26.113594420575225       -2809.2368457118359     
   26.118231890726278       -2809.2368457118359     
   26.122869360877328       -2809.2368457118359     
   26.127506831028381       -2809.2368457118359     
   26.132144301179434       -2809.2368457118359     
   26.136781771330487       -2809.2368457118359     
   26.141419241481540       -2809.2368457118359     
   26.146056711632589       -2809.2368457118359     
   26.150694181783642       -2809.2368457118359     
   26.155331651934695       -2809.2368457118359     
   26.159969122085748       -2809.2368457118359     
   26.164606592236801       -2809.2368457118359     
   26.169244062387850       -2809.2368457118359     
   26.173881532538903       -2809.2368457118359     
   26.178519002689956       -2809.2368457118359     
   26.183156472841009       -2809.2368457118359     
   26.187793942992062       -2809.2368457118359     
   26.192431413143112       -2809.2368457118359     
   26.197068883294165       -2809.2368457118359     
   26.201706353445218       -2809.2368457118359     
   26.206343823596271       -2809.2368457118359     
   26.210981293747324       -2809.2368457118359     
   26.215618763898373       -2809.2368457118359     
   26.220256234049426       -2809.2368457118359     
   26.224893704200479       -2809.2368457118359     
   26.229531174351532       -2809.2368457118359     
   26.234168644502581       -2809.2368457118359     
   26.238806114653634       -2809.2368457118359     
   26.243443584804687       -2809.2368457118359     
   26.248081054955740       -2809.2368457118359     
   26.252718525106793       -2809.2368457118359     
   26.257355995257843       -2809.2368457118359     
   26.261993465408896       -2809.2368457118359     
   26.266630935559949       -2809.2368457118359     
   26.271268405711002       -2809.2368457118359     
   26.275905875862055       -2809.2368457118359     
   26.280543346013104       -2809.2368457118359     
   26.285180816164157       -2809.2368457118359     
   26.289818286315210       -2809.2368457118359     
   26.294455756466263       -2809.2368457118359     
   26.299093226617316       -2809.2368457118359     
   26.303730696768366       -2809.2368457118359     
   26.308368166919418       -2809.2368457118359     
   26.313005637070471       -2809.2368457118359     
   26.317643107221524       -2809.2368457118359     
   26.322280577372577       -2809.2368457118359     
   26.326918047523627       -2809.2368457118359     
   26.331555517674680       -2809.2368457118359     
   26.336192987825733       -2809.2368457118359     
   26.340830457976786       -2809.2368457118359     
   26.345467928127839       -2809.2368457118359     
   26.350105398278888       -2809.2368457118359     
   26.354742868429941       -2809.2368457118359     
   26.359380338580994       -2809.2368457118359     
   26.364017808732047       -2809.2368457118359     
   26.368655278883100       -2809.2368457118359     
   26.373292749034150       -2809.2368457118359     
   26.377930219185203       -2809.2368457118359     
   26.382567689336256       -2809.2368457118359     
   26.387205159487308       -2809.2368457118359     
   26.391842629638361       -2809.2368457118359     
   26.396480099789411       -2809.2368457118359     
   26.401117569940464       -2809.2368457118359     
   26.405755040091517       -2809.2368457118359     
   26.410392510242570       -2809.2368457118359     
   26.415029980393619       -2809.2368457118359     
   26.419667450544672       -2809.2368457118359     
   26.424304920695725       -2809.2368457118359     
   26.428942390846778       -2809.2368457118359     
   26.433579860997831       -2809.2368457118359     
   26.438217331148881       -2809.2368457118359     
   26.442854801299934       -2809.2368457118359     
   26.447492271450987       -2809.2368457118359     
   26.452129741602040       -2809.2368457118359     
   26.456767211753093       -2809.2368457118359     
   26.461404681904142       -2809.2368457118359     
   26.466042152055195       -2809.2368457118359     
   26.470679622206248       -2809.2368457118359     
   26.475317092357301       -2809.2368457118359     
   26.479954562508354       -2809.2368457118359     
   26.484592032659403       -2809.2368457118359     
   26.489229502810456       -2809.2368457118359     
   26.493866972961509       -2809.2368457118359     
   26.498504443112562       -2809.2368457118359     
   26.503141913263615       -2809.2368457118359     
   26.507779383414665       -2809.2368457118359     
   26.512416853565718       -2809.2368457118359     
   26.517054323716771       -2809.2368457118359     
   26.521691793867824       -2809.2368457118359     
   26.526329264018877       -2809.2368457118359     
   26.530966734169926       -2809.2368457118359     
   26.535604204320979       -2809.2368457118359     
   26.540241674472032       -2809.2368457118359     
   26.544879144623085       -2809.2368457118359     
   26.549516614774138       -2809.2368457118359     
   26.554154084925187       -2809.2368457118359     
   26.558791555076240       -2809.2368457118359     
   26.563429025227293       -2809.2368457118359     
   26.568066495378346       -2809.2368457118359     
   26.572703965529399       -2809.2368457118359     
   26.577341435680449       -2809.2368457118359     
   26.581978905831502       -2809.2368457118359     
   26.586616375982555       -2809.2368457118359     
   26.591253846133608       -2809.2368457118359     
   26.595891316284657       -2809.2368457118359     
   26.600528786435710       -2809.2368457118359     
   26.605166256586763       -2809.2368457118359     
   26.609803726737816       -2809.2368457118359     
   26.614441196888869       -2809.2368457118359     
   26.619078667039918       -2809.2368457118359     
   26.623716137190971       -2809.2368457118359     
   26.628353607342024       -2809.2368457118359     
   26.632991077493077       -2809.2368457118359     
   26.637628547644130       -2809.2368457118359     
   26.642266017795180       -2809.2368457118359     
   26.646903487946233       -2809.2368457118359     
   26.651540958097286       -2809.2368457118359     
   26.656178428248339       -2809.2368457118359     
   26.660815898399392       -2809.2368457118359     
   26.665453368550441       -2809.2368457118359     
   26.670090838701494       -2809.2368457118359     
   26.674728308852547       -2809.2368457118359     
   26.679365779003600       -2809.2368457118359     
   26.684003249154653       -2809.2368457118359     
   26.688640719305702       -2809.2368457118359     
   26.693278189456755       -2809.2368457118359     
   26.697915659607808       -2809.2368457118359     
   26.702553129758861       -2809.2368457118359     
   26.707190599909914       -2809.2368457118359     
   26.711828070060964       -2809.2368457118359     
   26.716465540212017       -2809.2368457118359     
   26.721103010363070       -2809.2368457118359     
   26.725740480514123       -2809.2368457118359     
   26.730377950665176       -2809.2368457118359     
   26.735015420816225       -2809.2368457118359     
   26.739652890967278       -2809.2368457118359     
   26.744290361118331       -2809.2368457118359     
   26.748927831269384       -2809.2368457118359     
   26.753565301420434       -2809.2368457118359     
   26.758202771571487       -2809.2368457118359     
   26.762840241722540       -2809.2368457118359     
   26.767477711873592       -2809.2368457118359     
   26.772115182024645       -2809.2368457118359     
   26.776752652175695       -2809.2368457118359     
   26.781390122326748       -2809.2368457118359     
   26.786027592477801       -2809.2368457118359     
   26.790665062628854       -2809.2368457118359     
   26.795302532779907       -2809.2368457118359     
   26.799940002930956       -2809.2368457118359     
   26.804577473082009       -2809.2368457118359     
   26.809214943233062       -2809.2368457118359     
   26.813852413384115       -2809.2368457118359     
   26.818489883535168       -2809.2368457118359     
   26.823127353686218       -2809.2368457118359     
   26.827764823837271       -2809.2368457118359     
   26.832402293988324       -2809.2368457118359     
   26.837039764139377       -2809.2368457118359     
   26.841677234290430       -2809.2368457118359     
   26.846314704441479       -2809.2368457118359     
   26.850952174592532       -2809.2368457118359     
   26.855589644743585       -2809.2368457118359     
   26.860227114894638       -2809.2368457118359     
   26.864864585045691       -2809.2368457118359     
   26.869502055196740       -2809.2368457118359     
   26.874139525347793       -2809.2368457118359     
   26.878776995498846       -2809.2368457118359     
   26.883414465649899       -2809.2368457118359     
   26.888051935800952       -2809.2368457118359     
   26.892689405952002       -2809.2368457118359     
   26.897326876103055       -2809.2368457118359     
   26.901964346254108       -2809.2368457118359     
   26.906601816405161       -2809.2368457118359     
   26.911239286556214       -2809.2368457118359     
   26.915876756707263       -2809.2368457118359     
   26.920514226858316       -2809.2368457118359     
   26.925151697009369       -2809.2368457118359     
   26.929789167160422       -2809.2368457118359     
   26.934426637311471       -2809.2368457118359     
   26.939064107462524       -2809.2368457118359     
   26.943701577613577       -2809.2368457118359     
   26.948339047764630       -2809.2368457118359     
   26.952976517915683       -2809.2368457118359     
   26.957613988066733       -2809.2368457118359     
   26.962251458217786       -2809.2368457118359     
   26.966888928368839       -2809.2368457118359     
   26.971526398519892       -2809.2368457118359     
   26.976163868670945       -2809.2368457118359     
   26.980801338821994       -2809.2368457118359     
   26.985438808973047       -2809.2368457118359     
   26.990076279124100       -2809.2368457118359     
   26.994713749275153       -2809.2368457118359     
   26.999351219426206       -2809.2368457118359     
   27.003988689577255       -2809.2368457118359     
   27.008626159728308       -2809.2368457118359     
   27.013263629879361       -2809.2368457118359     
   27.017901100030414       -2809.2368457118359     
   27.022538570181467       -2809.2368457118359     
   27.027176040332517       -2809.2368457118359     
   27.031813510483570       -2809.2368457118359     
   27.036450980634623       -2809.2368457118359     
   27.041088450785676       -2809.2368457118359     
   27.045725920936729       -2809.2368457118359     
   27.050363391087778       -2809.2368457118359     
   27.055000861238831       -2809.2368457118359     
   27.059638331389884       -2809.2368457118359     
   27.064275801540937       -2809.2368457118359     
   27.068913271691990       -2809.2368457118359     
   27.073550741843039       -2809.2368457118359     
   27.078188211994092       -2809.2368457118359     
   27.082825682145145       -2809.2368457118359     
   27.087463152296198       -2809.2368457118359     
   27.092100622447251       -2809.2368457118359     
   27.096738092598301       -2809.2368457118359     
   27.101375562749354       -2809.2368457118359     
   27.106013032900407       -2809.2368457118359     
   27.110650503051460       -2809.2368457118359     
   27.115287973202509       -2809.2368457118359     
   27.119925443353562       -2809.2368457118359     
   27.124562913504615       -2809.2368457118359     
   27.129200383655668       -2809.2368457118359     
   27.133837853806721       -2809.2368457118359     
   27.138475323957771       -2809.2368457118359     
   27.143112794108823       -2809.2368457118359     
   27.147750264259876       -2809.2368457118359     
   27.152387734410929       -2809.2368457118359     
   27.157025204561982       -2809.2368457118359     
   27.161662674713032       -2809.2368457118359     
   27.166300144864085       -2809.2368457118359     
   27.170937615015138       -2809.2368457118359     
   27.175575085166191       -2809.2368457118359     
   27.180212555317244       -2809.2368457118359     
   27.184850025468293       -2809.2368457118359     
   27.189487495619346       -2809.2368457118359     
   27.194124965770399       -2809.2368457118359     
   27.198762435921452       -2809.2368457118359     
   27.203399906072505       -2809.2368457118359     
   27.208037376223555       -2809.2368457118359     
   27.212674846374608       -2809.2368457118359     
   27.217312316525661       -2809.2368457118359     
   27.221949786676714       -2809.2368457118359     
   27.226587256827766       -2809.2368457118359     
   27.231224726978816       -2809.2368457118359     
   27.235862197129869       -2809.2368457118359     
   27.240499667280922       -2809.2368457118359     
   27.245137137431975       -2809.2368457118359     
   27.249774607583028       -2809.2368457118359     
   27.254412077734077       -2809.2368457118359     
   27.259049547885130       -2809.2368457118359     
   27.263687018036183       -2809.2368457118359     
   27.268324488187236       -2809.2368457118359     
   27.272961958338286       -2809.2368457118359     
   27.277599428489339       -2809.2368457118359     
   27.282236898640392       -2809.2368457118359     
   27.286874368791445       -2809.2368457118359     
   27.291511838942498       -2809.2368457118359     
   27.296149309093547       -2809.2368457118359     
   27.300786779244600       -2809.2368457118359     
   27.305424249395653       -2809.2368457118359     
   27.310061719546706       -2809.2368457118359     
   27.314699189697759       -2809.2368457118359     
   27.319336659848808       -2809.2368457118359     
   27.323974129999861       -2809.2368457118359     
   27.328611600150914       -2809.2368457118359     
   27.333249070301967       -2809.2368457118359     
   27.337886540453020       -2809.2368457118359     
   27.342524010604070       -2809.2368457118359     
   27.347161480755123       -2809.2368457118359     
   27.351798950906176       -2809.2368457118359     
   27.356436421057229       -2809.2368457118359     
   27.361073891208282       -2809.2368457118359     
   27.365711361359331       -2809.2368457118359     
   27.370348831510384       -2809.2368457118359     
   27.374986301661437       -2809.2368457118359     
   27.379623771812490       -2809.2368457118359     
   27.384261241963543       -2809.2368457118359     
   27.388898712114592       -2809.2368457118359     
   27.393536182265645       -2809.2368457118359     
   27.398173652416698       -2809.2368457118359     
   27.402811122567751       -2809.2368457118359     
   27.407448592718804       -2809.2368457118359     
   27.412086062869854       -2809.2368457118359     
   27.416723533020907       -2809.2368457118359     
   27.421361003171960       -2809.2368457118359     
   27.425998473323013       -2809.2368457118359     
   27.430635943474066       -2809.2368457118359     
   27.435273413625115       -2809.2368457118359     
   27.439910883776168       -2809.2368457118359     
   27.444548353927221       -2809.2368457118359     
   27.449185824078274       -2809.2368457118359     
   27.453823294229323       -2809.2368457118359     
   27.458460764380376       -2809.2368457118359     
   27.463098234531429       -2809.2368457118359     
   27.467735704682482       -2809.2368457118359     
   27.472373174833535       -2809.2368457118359     
   27.477010644984585       -2809.2368457118359     
   27.481648115135638       -2809.2368457118359     
   27.486285585286691       -2809.2368457118359     
   27.490923055437744       -2809.2368457118359     
   27.495560525588797       -2809.2368457118359     
   27.500197995739846       -2809.2368457118359     
   27.504835465890899       -2809.2368457118359     
   27.509472936041952       -2809.2368457118359     
   27.514110406193005       -2809.2368457118359     
   27.518747876344058       -2809.2368457118359     
   27.523385346495107       -2809.2368457118359     
   27.528022816646160       -2809.2368457118359     
   27.532660286797213       -2809.2368457118359     
   27.537297756948266       -2809.2368457118359     
   27.541935227099319       -2809.2368457118359     
   27.546572697250369       -2809.2368457118359     
   27.551210167401422       -2809.2368457118359     
   27.555847637552475       -2809.2368457118359     
   27.560485107703528       -2809.2368457118359     
   27.565122577854581       -2809.2368457118359     
   27.569760048005630       -2809.2368457118359     
   27.574397518156683       -2809.2368457118359     
   27.579034988307736       -2809.2368457118359     
   27.583672458458789       -2809.2368457118359     
   27.588309928609842       -2809.2368457118359     
   27.592947398760892       -2809.2368457118359     
   27.597584868911945       -2809.2368457118359     
   27.602222339062997       -2809.2368457118359     
   27.606859809214050       -2809.2368457118359     
   27.611497279365103       -2809.2368457118359     
   27.616134749516153       -2809.2368457118359     
   27.620772219667206       -2809.2368457118359     
   27.625409689818259       -2809.2368457118359     
   27.630047159969312       -2809.2368457118359     
   27.634684630120361       -2809.2368457118359     
   27.639322100271414       -2809.2368457118359     
   27.643959570422467       -2809.2368457118359     
   27.648597040573520       -2809.2368457118359     
   27.653234510724573       -2809.2368457118359     
   27.657871980875623       -2809.2368457118359     
   27.662509451026676       -2809.2368457118359     
   27.667146921177729       -2809.2368457118359     
   27.671784391328782       -2809.2368457118359     
   27.676421861479835       -2809.2368457118359     
   27.681059331630884       -2809.2368457118359     
   27.685696801781937       -2809.2368457118359     
   27.690334271932990       -2809.2368457118359     
   27.694971742084043       -2809.2368457118359     
   27.699609212235096       -2809.2368457118359     
   27.704246682386145       -2809.2368457118359     
   27.708884152537198       -2809.2368457118359     
   27.713521622688251       -2809.2368457118359     
   27.718159092839304       -2809.2368457118359     
   27.722796562990357       -2809.2368457118359     
   27.727434033141407       -2809.2368457118359     
   27.732071503292460       -2809.2368457118359     
   27.736708973443513       -2809.2368457118359     
   27.741346443594566       -2809.2368457118359     
   27.745983913745619       -2809.2368457118359     
   27.750621383896668       -2809.2368457118359     
   27.755258854047721       -2809.2368457118359     
   27.759896324198774       -2809.2368457118359     
   27.764533794349827       -2809.2368457118359     
   27.769171264500880       -2809.2368457118359     
   27.773808734651929       -2809.2368457118359     
   27.778446204802982       -2809.2368457118359     
   27.783083674954035       -2809.2368457118359     
   27.787721145105088       -2809.2368457118359     
   27.792358615256141       -2809.2368457118359     
   27.796996085407191       -2809.2368457118359     
   27.801633555558244       -2809.2368457118359     
   27.806271025709297       -2809.2368457118359     
   27.810908495860350       -2809.2368457118359     
   27.815545966011399       -2809.2368457118359     
   27.820183436162452       -2809.2368457118359     
   27.824820906313505       -2809.2368457118359     
   27.829458376464558       -2809.2368457118359     
   27.834095846615611       -2809.2368457118359     
   27.838733316766660       -2809.2368457118359     
   27.843370786917713       -2809.2368457118359     
   27.848008257068766       -2809.2368457118359     
   27.852645727219819       -2809.2368457118359     
   27.857283197370872       -2809.2368457118359     
   27.861920667521922       -2809.2368457118359     
   27.866558137672975       -2809.2368457118359     
   27.871195607824028       -2809.2368457118359     
   27.875833077975081       -2809.2368457118359     
   27.880470548126134       -2809.2368457118359     
   27.885108018277183       -2809.2368457118359     
   27.889745488428236       -2809.2368457118359     
   27.894382958579289       -2809.2368457118359     
   27.899020428730342       -2809.2368457118359     
   27.903657898881395       -2809.2368457118359     
   27.908295369032444       -2809.2368457118359     
   27.912932839183497       -2809.2368457118359     
   27.917570309334550       -2809.2368457118359     
   27.922207779485603       -2809.2368457118359     
   27.926845249636656       -2809.2368457118359     
   27.931482719787706       -2809.2368457118359     
   27.936120189938759       -2809.2368457118359     
   27.940757660089812       -2809.2368457118359     
   27.945395130240865       -2809.2368457118359     
   27.950032600391918       -2809.2368457118359     
   27.954670070542967       -2809.2368457118359     
   27.959307540694020       -2809.2368457118359     
   27.963945010845073       -2809.2368457118359     
   27.968582480996126       -2809.2368457118359     
   27.973219951147176       -2809.2368457118359     
   27.977857421298229       -2809.2368457118359     
   27.982494891449281       -2809.2368457118359     
   27.987132361600334       -2809.2368457118359     
   27.991769831751387       -2809.2368457118359     
   27.996407301902437       -2809.2368457118359     
   28.001044772053490       -2809.2368457118359     
   28.005682242204543       -2809.2368457118359     
   28.010319712355596       -2809.2368457118359     
   28.014957182506649       -2809.2368457118359     
   28.019594652657698       -2809.2368457118359     
   28.024232122808751       -2809.2368457118359     
   28.028869592959804       -2809.2368457118359     
   28.033507063110857       -2809.2368457118359     
   28.038144533261910       -2809.2368457118359     
   28.042782003412960       -2809.2368457118359     
   28.047419473564013       -2809.2368457118359     
   28.052056943715066       -2809.2368457118359     
   28.056694413866119       -2809.2368457118359     
   28.061331884017171       -2809.2368457118359     
   28.065969354168221       -2809.2368457118359     
   28.070606824319274       -2809.2368457118359     
   28.075244294470327       -2809.2368457118359     
   28.079881764621380       -2809.2368457118359     
   28.084519234772433       -2809.2368457118359     
   28.089156704923482       -2809.2368457118359     
   28.093794175074535       -2809.2368457118359     
   28.098431645225588       -2809.2368457118359     
   28.103069115376641       -2809.2368457118359     
   28.107706585527694       -2809.2368457118359     
   28.112344055678744       -2809.2368457118359     
   28.116981525829797       -2809.2368457118359     
   28.121618995980850       -2809.2368457118359     
   28.126256466131903       -2809.2368457118359     
   28.130893936282956       -2809.2368457118359     
   28.135531406434005       -2809.2368457118359     
   28.140168876585058       -2809.2368457118359     
   28.144806346736111       -2809.2368457118359     
   28.149443816887164       -2809.2368457118359     
   28.154081287038213       -2809.2368457118359     
   28.158718757189266       -2809.2368457118359     
   28.163356227340319       -2809.2368457118359     
   28.167993697491372       -2809.2368457118359     
   28.172631167642425       -2809.2368457118359     
   28.177268637793475       -2809.2368457118359     
   28.181906107944528       -2809.2368457118359     
   28.186543578095581       -2809.2368457118359     
   28.191181048246634       -2809.2368457118359     
   28.195818518397687       -2809.2368457118359     
   28.200455988548736       -2809.2368457118359     
   28.205093458699789       -2809.2368457118359     
   28.209730928850842       -2809.2368457118359     
   28.214368399001895       -2809.2368457118359     
   28.219005869152948       -2809.2368457118359     
   28.223643339303997       -2809.2368457118359     
   28.228280809455050       -2809.2368457118359     
   28.232918279606103       -2809.2368457118359     
   28.237555749757156       -2809.2368457118359     
   28.242193219908209       -2809.2368457118359     
   28.246830690059259       -2809.2368457118359     
   28.251468160210312       -2809.2368457118359     
   28.256105630361365       -2809.2368457118359     
   28.260743100512418       -2809.2368457118359     
   28.265380570663471       -2809.2368457118359     
   28.270018040814520       -2809.2368457118359     
   28.274655510965573       -2809.2368457118359     
   28.279292981116626       -2809.2368457118359     
   28.283930451267679       -2809.2368457118359     
   28.288567921418732       -2809.2368457118359     
   28.293205391569781       -2809.2368457118359     
   28.297842861720834       -2809.2368457118359     
   28.302480331871887       -2809.2368457118359     
   28.307117802022940       -2809.2368457118359     
   28.311755272173993       -2809.2368457118359     
   28.316392742325043       -2809.2368457118359     
   28.321030212476096       -2809.2368457118359     
   28.325667682627149       -2809.2368457118359     
   28.330305152778202       -2809.2368457118359     
   28.334942622929251       -2809.2368457118359     
   28.339580093080304       -2809.2368457118359     
   28.344217563231357       -2809.2368457118359     
   28.348855033382410       -2809.2368457118359     
   28.353492503533463       -2809.2368457118359     
   28.358129973684512       -2809.2368457118359     
   28.362767443835565       -2809.2368457118359     
   28.367404913986618       -2809.2368457118359     
   28.372042384137671       -2809.2368457118359     
   28.376679854288724       -2809.2368457118359     
   28.381317324439774       -2809.2368457118359     
   28.385954794590827       -2809.2368457118359     
   28.390592264741880       -2809.2368457118359     
   28.395229734892933       -2809.2368457118359     
   28.399867205043986       -2809.2368457118359     
   28.404504675195035       -2809.2368457118359     
   28.409142145346088       -2809.2368457118359     
   28.413779615497141       -2809.2368457118359     
   28.418417085648194       -2809.2368457118359     
   28.423054555799247       -2809.2368457118359     
   28.427692025950297       -2809.2368457118359     
   28.432329496101350       -2809.2368457118359     
   28.436966966252403       -2809.2368457118359     
   28.441604436403455       -2809.2368457118359     
   28.446241906554508       -2809.2368457118359     
   28.450879376705558       -2809.2368457118359     
   28.455516846856611       -2809.2368457118359     
   28.460154317007664       -2809.2368457118359     
   28.464791787158717       -2809.2368457118359     
   28.469429257309770       -2809.2368457118359     
   28.474066727460819       -2809.2368457118359     
   28.478704197611872       -2809.2368457118359     
   28.483341667762925       -2809.2368457118359     
   28.487979137913978       -2809.2368457118359     
   28.492616608065028       -2809.2368457118359     
   28.497254078216081       -2809.2368457118359     
   28.501891548367134       -2809.2368457118359     
   28.506529018518187       -2809.2368457118359     
   28.511166488669240       -2809.2368457118359     
   28.515803958820289       -2809.2368457118359     
   28.520441428971342       -2809.2368457118359     
   28.525078899122395       -2809.2368457118359     
   28.529716369273448       -2809.2368457118359     
   28.534353839424501       -2809.2368457118359     
   28.538991309575550       -2809.2368457118359     
   28.543628779726603       -2809.2368457118359     
   28.548266249877656       -2809.2368457118359     
   28.552903720028709       -2809.2368457118359     
   28.557541190179762       -2809.2368457118359     
   28.562178660330812       -2809.2368457118359     
   28.566816130481865       -2809.2368457118359     
   28.571453600632918       -2809.2368457118359     
   28.576091070783971       -2809.2368457118359     
   28.580728540935024       -2809.2368457118359     
   28.585366011086073       -2809.2368457118359     
   28.590003481237126       -2809.2368457118359     
   28.594640951388179       -2809.2368457118359     
   28.599278421539232       -2809.2368457118359     
   28.603915891690285       -2809.2368457118359     
   28.608553361841334       -2809.2368457118359     
   28.613190831992387       -2809.2368457118359     
   28.617828302143440       -2809.2368457118359     
   28.622465772294493       -2809.2368457118359     
   28.627103242445546       -2809.2368457118359     
   28.631740712596596       -2809.2368457118359     
   28.636378182747649       -2809.2368457118359     
   28.641015652898702       -2809.2368457118359     
   28.645653123049755       -2809.2368457118359     
   28.650290593200808       -2809.2368457118359     
   28.654928063351857       -2809.2368457118359     
   28.659565533502910       -2809.2368457118359     
   28.664203003653963       -2809.2368457118359     
   28.668840473805016       -2809.2368457118359     
   28.673477943956065       -2809.2368457118359     
   28.678115414107118       -2809.2368457118359     
   28.682752884258171       -2809.2368457118359     
   28.687390354409224       -2809.2368457118359     
   28.692027824560277       -2809.2368457118359     
   28.696665294711327       -2809.2368457118359     
   28.701302764862380       -2809.2368457118359     
   28.705940235013433       -2809.2368457118359     
   28.710577705164486       -2809.2368457118359     
   28.715215175315539       -2809.2368457118359     
   28.719852645466588       -2809.2368457118359     
   28.724490115617641       -2809.2368457118359     
   28.729127585768694       -2809.2368457118359     
   28.733765055919747       -2809.2368457118359     
   28.738402526070800       -2809.2368457118359     
   28.743039996221849       -2809.2368457118359     
   28.747677466372902       -2809.2368457118359     
   28.752314936523955       -2809.2368457118359     
   28.756952406675008       -2809.2368457118359     
   28.761589876826061       -2809.2368457118359     
   28.766227346977111       -2809.2368457118359     
   28.770864817128164       -2809.2368457118359     
   28.775502287279217       -2809.2368457118359     
   28.780139757430270       -2809.2368457118359     
   28.784777227581323       -2809.2368457118359     
   28.789414697732372       -2809.2368457118359     
   28.794052167883425       -2809.2368457118359     
   28.798689638034478       -2809.2368457118359     
   28.803327108185531       -2809.2368457118359     
   28.807964578336584       -2809.2368457118359     
   28.812602048487634       -2809.2368457118359     
   28.817239518638686       -2809.2368457118359     
   28.821876988789739       -2809.2368457118359     
   28.826514458940792       -2809.2368457118359     
   28.831151929091845       -2809.2368457118359     
   28.835789399242895       -2809.2368457118359     
   28.840426869393948       -2809.2368457118359     
   28.845064339545001       -2809.2368457118359     
   28.849701809696054       -2809.2368457118359     
   28.854339279847103       -2809.2368457118359     
   28.858976749998156       -2809.2368457118359     
   28.863614220149209       -2809.2368457118359     
   28.868251690300262       -2809.2368457118359     
   28.872889160451315       -2809.2368457118359     
   28.877526630602365       -2809.2368457118359     
   28.882164100753418       -2809.2368457118359     
   28.886801570904471       -2809.2368457118359     
   28.891439041055524       -2809.2368457118359     
   28.896076511206576       -2809.2368457118359     
   28.900713981357626       -2809.2368457118359     
   28.905351451508679       -2809.2368457118359     
   28.909988921659732       -2809.2368457118359     
   28.914626391810785       -2809.2368457118359     
   28.919263861961838       -2809.2368457118359     
   28.923901332112887       -2809.2368457118359     
   28.928538802263940       -2809.2368457118359     
   28.933176272414993       -2809.2368457118359     
   28.937813742566046       -2809.2368457118359     
   28.942451212717099       -2809.2368457118359     
   28.947088682868149       -2809.2368457118359     
   28.951726153019202       -2809.2368457118359     
   28.956363623170255       -2809.2368457118359     
   28.961001093321308       -2809.2368457118359     
   28.965638563472361       -2809.2368457118359     
   28.970276033623410       -2809.2368457118359     
   28.974913503774463       -2809.2368457118359     
   28.979550973925516       -2809.2368457118359     
   28.984188444076569       -2809.2368457118359     
   28.988825914227622       -2809.2368457118359     
   28.993463384378671       -2809.2368457118359     
   28.998100854529724       -2809.2368457118359     
   29.002738324680777       -2809.2368457118359     
   29.007375794831830       -2809.2368457118359     
   29.012013264982883       -2809.2368457118359     
   29.016650735133933       -2809.2368457118359     
   29.021288205284986       -2809.2368457118359     
   29.025925675436039       -2809.2368457118359     
   29.030563145587092       -2809.2368457118359     
   29.035200615738141       -2809.2368457118359     
   29.039838085889194       -2809.2368457118359     
   29.044475556040247       -2809.2368457118359     
   29.049113026191300       -2809.2368457118359     
   29.053750496342353       -2809.2368457118359     
   29.058387966493402       -2809.2368457118359     
   29.063025436644455       -2809.2368457118359     
   29.067662906795508       -2809.2368457118359     
   29.072300376946561       -2809.2368457118359     
   29.076937847097614       -2809.2368457118359     
   29.081575317248664       -2809.2368457118359     
   29.086212787399717       -2809.2368457118359     
   29.090850257550770       -2809.2368457118359     
   29.095487727701823       -2809.2368457118359     
   29.100125197852876       -2809.2368457118359     
   29.104762668003925       -2809.2368457118359     
   29.109400138154978       -2809.2368457118359     
   29.114037608306031       -2809.2368457118359     
   29.118675078457084       -2809.2368457118359     
   29.123312548608137       -2809.2368457118359     
   29.127950018759186       -2809.2368457118359     
   29.132587488910239       -2809.2368457118359     
   29.137224959061292       -2809.2368457118359     
   29.141862429212345       -2809.2368457118359     
   29.146499899363398       -2809.2368457118359     
   29.151137369514448       -2809.2368457118359     
   29.155774839665501       -2809.2368457118359     
   29.160412309816554       -2809.2368457118359     
   29.165049779967607       -2809.2368457118359     
   29.169687250118660       -2809.2368457118359     
   29.174324720269709       -2809.2368457118359     
   29.178962190420762       -2809.2368457118359     
   29.183599660571815       -2809.2368457118359     
   29.188237130722868       -2809.2368457118359     
   29.192874600873918       -2809.2368457118359     
   29.197512071024970       -2809.2368457118359     
   29.202149541176023       -2809.2368457118359     
   29.206787011327076       -2809.2368457118359     
   29.211424481478129       -2809.2368457118359     
   29.216061951629179       -2809.2368457118359     
   29.220699421780232       -2809.2368457118359     
   29.225336891931285       -2809.2368457118359     
   29.229974362082338       -2809.2368457118359     
   29.234611832233391       -2809.2368457118359     
   29.239249302384440       -2809.2368457118359     
   29.243886772535493       -2809.2368457118359     
   29.248524242686546       -2809.2368457118359     
   29.253161712837599       -2809.2368457118359     
   29.257799182988652       -2809.2368457118359     
   29.262436653139702       -2809.2368457118359     
   29.267074123290755       -2809.2368457118359     
   29.271711593441808       -2809.2368457118359     
   29.276349063592860       -2809.2368457118359     
   29.280986533743913       -2809.2368457118359     
   29.285624003894963       -2809.2368457118359     
   29.290261474046016       -2809.2368457118359     
   29.294898944197069       -2809.2368457118359     
   29.299536414348122       -2809.2368457118359     
   29.304173884499175       -2809.2368457118359     
   29.308811354650224       -2809.2368457118359     
   29.313448824801277       -2809.2368457118359     
   29.318086294952330       -2809.2368457118359     
   29.322723765103383       -2809.2368457118359     
   29.327361235254436       -2809.2368457118359     
   29.331998705405486       -2809.2368457118359     
   29.336636175556539       -2809.2368457118359     
   29.341273645707592       -2809.2368457118359     
   29.345911115858645       -2809.2368457118359     
   29.350548586009698       -2809.2368457118359     
   29.355186056160747       -2809.2368457118359     
   29.359823526311800       -2809.2368457118359     
   29.364460996462853       -2809.2368457118359     
   29.369098466613906       -2809.2368457118359     
   29.373735936764955       -2809.2368457118359     
   29.378373406916008       -2809.2368457118359     
   29.383010877067061       -2809.2368457118359     
   29.387648347218114       -2809.2368457118359     
   29.392285817369167       -2809.2368457118359     
   29.396923287520217       -2809.2368457118359     
   29.401560757671270       -2809.2368457118359     
   29.406198227822323       -2809.2368457118359     
   29.410835697973376       -2809.2368457118359     
   29.415473168124429       -2809.2368457118359     
   29.420110638275478       -2809.2368457118359     
   29.424748108426531       -2809.2368457118359     
   29.429385578577584       -2809.2368457118359     
   29.434023048728637       -2809.2368457118359     
   29.438660518879690       -2809.2368457118359     
   29.443297989030739       -2809.2368457118359     
   29.447935459181792       -2809.2368457118359     
   29.452572929332845       -2809.2368457118359     
   29.457210399483898       -2809.2368457118359     
   29.461847869634951       -2809.2368457118359     
   29.466485339786001       -2809.2368457118359     
   29.471122809937054       -2809.2368457118359     
   29.475760280088107       -2809.2368457118359     
   29.480397750239160       -2809.2368457118359     
   29.485035220390213       -2809.2368457118359     
   29.489672690541262       -2809.2368457118359     
   29.494310160692315       -2809.2368457118359     
   29.498947630843368       -2809.2368457118359     
   29.503585100994421       -2809.2368457118359     
   29.508222571145474       -2809.2368457118359     
   29.512860041296523       -2809.2368457118359     
   29.517497511447576       -2809.2368457118359     
   29.522134981598629       -2809.2368457118359     
   29.526772451749682       -2809.2368457118359     
   29.531409921900735       -2809.2368457118359     
   29.536047392051785       -2809.2368457118359     
   29.540684862202838       -2809.2368457118359     
   29.545322332353891       -2809.2368457118359     
   29.549959802504944       -2809.2368457118359     
   29.554597272655993       -2809.2368457118359     
   29.559234742807046       -2809.2368457118359     
   29.563872212958099       -2809.2368457118359     
   29.568509683109152       -2809.2368457118359     
   29.573147153260205       -2809.2368457118359     
   29.577784623411254       -2809.2368457118359     
   29.582422093562307       -2809.2368457118359     
   29.587059563713360       -2809.2368457118359     
   29.591697033864413       -2809.2368457118359     
   29.596334504015466       -2809.2368457118359     
   29.600971974166516       -2809.2368457118359     
   29.605609444317569       -2809.2368457118359     
   29.610246914468622       -2809.2368457118359     
   29.614884384619675       -2809.2368457118359     
   29.619521854770728       -2809.2368457118359     
   29.624159324921777       -2809.2368457118359     
   29.628796795072830       -2809.2368457118359     
   29.633434265223883       -2809.2368457118359     
   29.638071735374936       -2809.2368457118359     
   29.642709205525989       -2809.2368457118359     
   29.647346675677039       -2809.2368457118359     
   29.651984145828091       -2809.2368457118359     
   29.656621615979144       -2809.2368457118359     
   29.661259086130197       -2809.2368457118359     
   29.665896556281250       -2809.2368457118359     
   29.670534026432300       -2809.2368457118359     
   29.675171496583353       -2809.2368457118359     
   29.679808966734406       -2809.2368457118359     
   29.684446436885459       -2809.2368457118359     
   29.689083907036512       -2809.2368457118359     
   29.693721377187561       -2809.2368457118359     
   29.698358847338614       -2809.2368457118359     
   29.702996317489667       -2809.2368457118359     
   29.707633787640720       -2809.2368457118359     
   29.712271257791773       -2809.2368457118359     
   29.716908727942823       -2809.2368457118359     
   29.721546198093876       -2809.2368457118359     
   29.726183668244929       -2809.2368457118359     
   29.730821138395982       -2809.2368457118359     
   29.735458608547031       -2809.2368457118359     
   29.740096078698084       -2809.2368457118359     
   29.744733548849137       -2809.2368457118359     
   29.749371019000190       -2809.2368457118359     
   29.754008489151243       -2809.2368457118359     
   29.758645959302292       -2809.2368457118359     
   29.763283429453345       -2809.2368457118359     
   29.767920899604398       -2809.2368457118359     
   29.772558369755451       -2809.2368457118359     
   29.777195839906504       -2809.2368457118359     
   29.781833310057554       -2809.2368457118359     
   29.786470780208607       -2809.2368457118359     
   29.791108250359660       -2809.2368457118359     
   29.795745720510713       -2809.2368457118359     
   29.800383190661766       -2809.2368457118359     
   29.805020660812815       -2809.2368457118359     
   29.809658130963868       -2809.2368457118359     
   29.814295601114921       -2809.2368457118359     
   29.818933071265974       -2809.2368457118359     
   29.823570541417027       -2809.2368457118359     
   29.828208011568076       -2809.2368457118359     
   29.832845481719129       -2809.2368457118359     
   29.837482951870182       -2809.2368457118359     
   29.842120422021235       -2809.2368457118359     
   29.846757892172288       -2809.2368457118359     
   29.851395362323338       -2809.2368457118359     
   29.856032832474391       -2809.2368457118359     
   29.860670302625444       -2809.2368457118359     
   29.865307772776497       -2809.2368457118359     
   29.869945242927550       -2809.2368457118359     
   29.874582713078599       -2809.2368457118359     
   29.879220183229652       -2809.2368457118359     
   29.883857653380705       -2809.2368457118359     
   29.888495123531758       -2809.2368457118359     
   29.893132593682807       -2809.2368457118359     
   29.897770063833860       -2809.2368457118359     
   29.902407533984913       -2809.2368457118359     
   29.907045004135966       -2809.2368457118359     
   29.911682474287019       -2809.2368457118359     
   29.916319944438069       -2809.2368457118359     
   29.920957414589122       -2809.2368457118359     
   29.925594884740175       -2809.2368457118359     
   29.930232354891228       -2809.2368457118359     
   29.934869825042281       -2809.2368457118359     
   29.939507295193330       -2809.2368457118359     
   29.944144765344383       -2809.2368457118359     
   29.948782235495436       -2809.2368457118359     
   29.953419705646489       -2809.2368457118359     
   29.958057175797542       -2809.2368457118359     
   29.962694645948591       -2809.2368457118359     
   29.967332116099644       -2809.2368457118359     
   29.971969586250697       -2809.2368457118359     
   29.976607056401750       -2809.2368457118359     
   29.981244526552803       -2809.2368457118359     
   29.985881996703853       -2809.2368457118359     
   29.990519466854906       -2809.2368457118359     
   29.995156937005959       -2809.2368457118359     
   29.999794407157012       -2809.2368457118359     
   30.004431877308065       -2809.2368457118359     
   30.009069347459114       -2809.2368457118359     
   30.013706817610167       -2809.2368457118359     
   30.018344287761220       -2809.2368457118359     
   30.022981757912273       -2809.2368457118359     
   30.027619228063326       -2809.2368457118359     
   30.032256698214375       -2809.2368457118359     
   30.036894168365428       -2809.2368457118359     
   30.041531638516481       -2809.2368457118359     
   30.046169108667534       -2809.2368457118359     
   30.050806578818587       -2809.2368457118359     
   30.055444048969637       -2809.2368457118359     
   30.060081519120690       -2809.2368457118359     
   30.064718989271743       -2809.2368457118359     
   30.069356459422796       -2809.2368457118359     
   30.073993929573845       -2809.2368457118359     
   30.078631399724898       -2809.2368457118359     
   30.083268869875951       -2809.2368457118359     
   30.087906340027004       -2809.2368457118359     
   30.092543810178057       -2809.2368457118359     
   30.097181280329107       -2809.2368457118359     
   30.101818750480160       -2809.2368457118359     
   30.106456220631213       -2809.2368457118359     
   30.111093690782265       -2809.2368457118359     
   30.115731160933318       -2809.2368457118359     
   30.120368631084368       -2809.2368457118359     
   30.125006101235421       -2809.2368457118359     
   30.129643571386474       -2809.2368457118359     
   30.134281041537527       -2809.2368457118359     
   30.138918511688580       -2809.2368457118359     
   30.143555981839629       -2809.2368457118359     
   30.148193451990682       -2809.2368457118359     
   30.152830922141735       -2809.2368457118359     
   30.157468392292788       -2809.2368457118359     
   30.162105862443841       -2809.2368457118359     
   30.166743332594891       -2809.2368457118359     
   30.171380802745944       -2809.2368457118359     
   30.176018272896997       -2809.2368457118359     
   30.180655743048050       -2809.2368457118359     
   30.185293213199103       -2809.2368457118359     
   30.189930683350152       -2809.2368457118359     
   30.194568153501205       -2809.2368457118359     
   30.199205623652258       -2809.2368457118359     
   30.203843093803311       -2809.2368457118359     
   30.208480563954364       -2809.2368457118359     
   30.213118034105413       -2809.2368457118359     
   30.217755504256466       -2809.2368457118359     
   30.222392974407519       -2809.2368457118359     
   30.227030444558572       -2809.2368457118359     
   30.231667914709625       -2809.2368457118359     
   30.236305384860675       -2809.2368457118359     
   30.240942855011728       -2809.2368457118359     
   30.245580325162781       -2809.2368457118359     
   30.250217795313834       -2809.2368457118359     
   30.254855265464883       -2809.2368457118359     
   30.259492735615936       -2809.2368457118359     
   30.264130205766989       -2809.2368457118359     
   30.268767675918042       -2809.2368457118359     
   30.273405146069095       -2809.2368457118359     
   30.278042616220144       -2809.2368457118359     
   30.282680086371197       -2809.2368457118359     
   30.287317556522250       -2809.2368457118359     
   30.291955026673303       -2809.2368457118359     
   30.296592496824356       -2809.2368457118359     
   30.301229966975406       -2809.2368457118359     
   30.305867437126459       -2809.2368457118359     
   30.310504907277512       -2809.2368457118359     
   30.315142377428565       -2809.2368457118359     
   30.319779847579618       -2809.2368457118359     
   30.324417317730667       -2809.2368457118359     
   30.329054787881720       -2809.2368457118359     
   30.333692258032773       -2809.2368457118359     
   30.338329728183826       -2809.2368457118359     
   30.342967198334879       -2809.2368457118359     
   30.347604668485928       -2809.2368457118359     
   30.352242138636981       -2809.2368457118359     
   30.356879608788034       -2809.2368457118359     
   30.361517078939087       -2809.2368457118359     
   30.366154549090140       -2809.2368457118359     
   30.370792019241190       -2809.2368457118359     
   30.375429489392243       -2809.2368457118359     
   30.380066959543296       -2809.2368457118359     
   30.384704429694349       -2809.2368457118359     
   30.389341899845402       -2809.2368457118359     
   30.393979369996451       -2809.2368457118359     
   30.398616840147504       -2809.2368457118359     
   30.403254310298557       -2809.2368457118359     
   30.407891780449610       -2809.2368457118359     
   30.412529250600659       -2809.2368457118359     
   30.417166720751712       -2809.2368457118359     
   30.421804190902765       -2809.2368457118359     
   30.426441661053818       -2809.2368457118359     
   30.431079131204871       -2809.2368457118359     
   30.435716601355921       -2809.2368457118359     
   30.440354071506974       -2809.2368457118359     
   30.444991541658027       -2809.2368457118359     
   30.449629011809080       -2809.2368457118359     
   30.454266481960133       -2809.2368457118359     
   30.458903952111182       -2809.2368457118359     
   30.463541422262235       -2809.2368457118359     
   30.468178892413288       -2809.2368457118359     
   30.472816362564341       -2809.2368457118359     
   30.477453832715394       -2809.2368457118359     
   30.482091302866444       -2809.2368457118359     
   30.486728773017497       -2809.2368457118359     
   30.491366243168549       -2809.2368457118359     
   30.496003713319602       -2809.2368457118359     
   30.500641183470655       -2809.2368457118359     
   30.505278653621705       -2809.2368457118359     
   30.509916123772758       -2809.2368457118359     
   30.514553593923811       -2809.2368457118359     
   30.519191064074864       -2809.2368457118359     
   30.523828534225917       -2809.2368457118359     
   30.528466004376966       -2809.2368457118359     
   30.533103474528019       -2809.2368457118359     
   30.537740944679072       -2809.2368457118359     
   30.542378414830125       -2809.2368457118359     
   30.547015884981178       -2809.2368457118359     
   30.551653355132228       -2809.2368457118359     
   30.556290825283281       -2809.2368457118359     
   30.560928295434334       -2809.2368457118359     
   30.565565765585387       -2809.2368457118359     
   30.570203235736439       -2809.2368457118359     
   30.574840705887489       -2809.2368457118359     
   30.579478176038542       -2809.2368457118359     
   30.584115646189595       -2809.2368457118359     
   30.588753116340648       -2809.2368457118359     
   30.593390586491697       -2809.2368457118359     
   30.598028056642750       -2809.2368457118359     
   30.602665526793803       -2809.2368457118359     
   30.607302996944856       -2809.2368457118359     
   30.611940467095909       -2809.2368457118359     
   30.616577937246959       -2809.2368457118359     
   30.621215407398012       -2809.2368457118359     
   30.625852877549065       -2809.2368457118359     
   30.630490347700118       -2809.2368457118359     
   30.635127817851171       -2809.2368457118359     
   30.639765288002220       -2809.2368457118359     
   30.644402758153273       -2809.2368457118359     
   30.649040228304326       -2809.2368457118359     
   30.653677698455379       -2809.2368457118359     
   30.658315168606432       -2809.2368457118359     
   30.662952638757481       -2809.2368457118359     
   30.667590108908534       -2809.2368457118359     
   30.672227579059587       -2809.2368457118359     
   30.676865049210640       -2809.2368457118359     
   30.681502519361693       -2809.2368457118359     
   30.686139989512743       -2809.2368457118359     
   30.690777459663796       -2809.2368457118359     
   30.695414929814849       -2809.2368457118359     
   30.700052399965902       -2809.2368457118359     
   30.704689870116955       -2809.2368457118359     
   30.709327340268004       -2809.2368457118359     
   30.713964810419057       -2809.2368457118359     
   30.718602280570110       -2809.2368457118359     
   30.723239750721163       -2809.2368457118359     
   30.727877220872216       -2809.2368457118359     
   30.732514691023265       -2809.2368457118359     
   30.737152161174318       -2809.2368457118359     
   30.741789631325371       -2809.2368457118359     
   30.746427101476424       -2809.2368457118359     
   30.751064571627477       -2809.2368457118359     
   30.755702041778527       -2809.2368457118359     
   30.760339511929580       -2809.2368457118359     
   30.764976982080633       -2809.2368457118359     
   30.769614452231686       -2809.2368457118359     
   30.774251922382735       -2809.2368457118359     
   30.778889392533788       -2809.2368457118359     
   30.783526862684841       -2809.2368457118359     
   30.788164332835894       -2809.2368457118359     
   30.792801802986947       -2809.2368457118359     
   30.797439273137996       -2809.2368457118359     
   30.802076743289049       -2809.2368457118359     
   30.806714213440102       -2809.2368457118359     
   30.811351683591155       -2809.2368457118359     
   30.815989153742208       -2809.2368457118359     
   30.820626623893258       -2809.2368457118359     
   30.825264094044311       -2809.2368457118359     
   30.829901564195364       -2809.2368457118359     
   30.834539034346417       -2809.2368457118359     
   30.839176504497470       -2809.2368457118359     
   30.843813974648519       -2809.2368457118359     
   30.848451444799572       -2809.2368457118359     
   30.853088914950625       -2809.2368457118359     
   30.857726385101678       -2809.2368457118359     
   30.862363855252731       -2809.2368457118359     
   30.867001325403780       -2809.2368457118359     
   30.871638795554833       -2809.2368457118359     
   30.876276265705886       -2809.2368457118359     
   30.880913735856939       -2809.2368457118359     
   30.885551206007992       -2809.2368457118359     
   30.890188676159042       -2809.2368457118359     
   30.894826146310095       -2809.2368457118359     
   30.899463616461148       -2809.2368457118359     
   30.904101086612201       -2809.2368457118359     
   30.908738556763254       -2809.2368457118359     
   30.913376026914303       -2809.2368457118359     
   30.918013497065356       -2809.2368457118359     
   30.922650967216409       -2809.2368457118359     
   30.927288437367462       -2809.2368457118359     
   30.931925907518515       -2809.2368457118359     
   30.936563377669565       -2809.2368457118359     
   30.941200847820618       -2809.2368457118359     
   30.945838317971671       -2809.2368457118359     
   30.950475788122723       -2809.2368457118359     
   30.955113258273773       -2809.2368457118359     
   30.959750728424826       -2809.2368457118359     
   30.964388198575879       -2809.2368457118359     
   30.969025668726932       -2809.2368457118359     
   30.973663138877985       -2809.2368457118359     
   30.978300609029034       -2809.2368457118359     
   30.982938079180087       -2809.2368457118359     
   30.987575549331140       -2809.2368457118359     
   30.992213019482193       -2809.2368457118359     
   30.996850489633246       -2809.2368457118359     
   31.001487959784296       -2809.2368457118359     
   31.006125429935349       -2809.2368457118359     
   31.010762900086402       -2809.2368457118359     
   31.015400370237455       -2809.2368457118359     
   31.020037840388508       -2809.2368457118359     
   31.024675310539557       -2809.2368457118359     
   31.029312780690610       -2809.2368457118359     
   31.033950250841663       -2809.2368457118359     
   31.038587720992716       -2809.2368457118359     
   31.043225191143769       -2809.2368457118359     
   31.047862661294818       -2809.2368457118359     
   31.052500131445871       -2809.2368457118359     
   31.057137601596924       -2809.2368457118359     
   31.061775071747977       -2809.2368457118359     
   31.066412541899030       -2809.2368457118359     
   31.071050012050080       -2809.2368457118359     
   31.075687482201133       -2809.2368457118359     
   31.080324952352186       -2809.2368457118359     
   31.084962422503239       -2809.2368457118359     
   31.089599892654292       -2809.2368457118359     
   31.094237362805341       -2809.2368457118359     
   31.098874832956394       -2809.2368457118359     
   31.103512303107447       -2809.2368457118359     
   31.108149773258500       -2809.2368457118359     
   31.112787243409549       -2809.2368457118359     
   31.117424713560602       -2809.2368457118359     
   31.122062183711655       -2809.2368457118359     
   31.126699653862708       -2809.2368457118359     
   31.131337124013761       -2809.2368457118359     
   31.135974594164811       -2809.2368457118359     
   31.140612064315864       -2809.2368457118359     
   31.145249534466917       -2809.2368457118359     
   31.149887004617970       -2809.2368457118359     
   31.154524474769023       -2809.2368457118359     
   31.159161944920072       -2809.2368457118359     
   31.163799415071125       -2809.2368457118359     
   31.168436885222178       -2809.2368457118359     
   31.173074355373231       -2809.2368457118359     
   31.177711825524284       -2809.2368457118359     
   31.182349295675333       -2809.2368457118359     
   31.186986765826386       -2809.2368457118359     
   31.191624235977439       -2809.2368457118359     
   31.196261706128492       -2809.2368457118359     
   31.200899176279545       -2809.2368457118359     
   31.205536646430595       -2809.2368457118359     
   31.210174116581648       -2809.2368457118359     
   31.214811586732701       -2809.2368457118359     
   31.219449056883754       -2809.2368457118359     
   31.224086527034807       -2809.2368457118359     
   31.228723997185856       -2809.2368457118359     
   31.233361467336909       -2809.2368457118359     
   31.237998937487962       -2809.2368457118359     
   31.242636407639015       -2809.2368457118359     
   31.247273877790068       -2809.2368457118359     
   31.251911347941117       -2809.2368457118359     
   31.256548818092170       -2809.2368457118359     
   31.261186288243223       -2809.2368457118359     
   31.265823758394276       -2809.2368457118359     
   31.270461228545329       -2809.2368457118359     
   31.275098698696379       -2809.2368457118359     
   31.279736168847432       -2809.2368457118359     
   31.284373638998485       -2809.2368457118359     
   31.289011109149538       -2809.2368457118359     
   31.293648579300587       -2809.2368457118359     
   31.298286049451640       -2809.2368457118359     
   31.302923519602693       -2809.2368457118359     
   31.307560989753746       -2809.2368457118359     
   31.312198459904799       -2809.2368457118359     
   31.316835930055849       -2809.2368457118359     
   31.321473400206902       -2809.2368457118359     
   31.326110870357954       -2809.2368457118359     
   31.330748340509007       -2809.2368457118359     
   31.335385810660060       -2809.2368457118359     
   31.340023280811110       -2809.2368457118359     
   31.344660750962163       -2809.2368457118359     
   31.349298221113216       -2809.2368457118359     
   31.353935691264269       -2809.2368457118359     
   31.358573161415322       -2809.2368457118359     
   31.363210631566371       -2809.2368457118359     
   31.367848101717424       -2809.2368457118359     
   31.372485571868477       -2809.2368457118359     
   31.377123042019530       -2809.2368457118359     
   31.381760512170583       -2809.2368457118359     
   31.386397982321633       -2809.2368457118359     
   31.391035452472686       -2809.2368457118359     
   31.395672922623739       -2809.2368457118359     
   31.400310392774792       -2809.2368457118359     
   31.404947862925845       -2809.2368457118359     
   31.409585333076894       -2809.2368457118359     
   31.414222803227947       -2809.2368457118359     
   31.418860273379000       -2809.2368457118359     
   31.423497743530053       -2809.2368457118359     
   31.428135213681106       -2809.2368457118359     
   31.432772683832155       -2809.2368457118359     
   31.437410153983208       -2809.2368457118359     
   31.442047624134261       -2809.2368457118359     
   31.446685094285314       -2809.2368457118359     
   31.451322564436367       -2809.2368457118359     
   31.455960034587417       -2809.2368457118359     
   31.460597504738470       -2809.2368457118359     
   31.465234974889523       -2809.2368457118359     
   31.469872445040576       -2809.2368457118359     
   31.474509915191625       -2809.2368457118359     
   31.479147385342678       -2809.2368457118359     
   31.483784855493731       -2809.2368457118359     
   31.488422325644784       -2809.2368457118359     
   31.493059795795837       -2809.2368457118359     
   31.497697265946886       -2809.2368457118359     
   31.502334736097939       -2809.2368457118359     
   31.506972206248992       -2809.2368457118359     
   31.511609676400045       -2809.2368457118359     
   31.516247146551098       -2809.2368457118359     
   31.520884616702148       -2809.2368457118359     
   31.525522086853201       -2809.2368457118359     
   31.530159557004254       -2809.2368457118359     
   31.534797027155307       -2809.2368457118359     
   31.539434497306360       -2809.2368457118359     
   31.544071967457409       -2809.2368457118359     
   31.548709437608462       -2809.2368457118359     
   31.553346907759515       -2809.2368457118359     
   31.557984377910568       -2809.2368457118359     
   31.562621848061621       -2809.2368457118359     
   31.567259318212670       -2809.2368457118359     
   31.571896788363723       -2809.2368457118359     
   31.576534258514776       -2809.2368457118359     
   31.581171728665829       -2809.2368457118359     
   31.585809198816882       -2809.2368457118359     
   31.590446668967932       -2809.2368457118359     
   31.595084139118985       -2809.2368457118359     
   31.599721609270038       -2809.2368457118359     
   31.604359079421091       -2809.2368457118359     
   31.608996549572144       -2809.2368457118359     
   31.613634019723193       -2809.2368457118359     
   31.618271489874246       -2809.2368457118359     
   31.622908960025299       -2809.2368457118359     
   31.627546430176352       -2809.2368457118359     
   31.632183900327401       -2809.2368457118359     
   31.636821370478454       -2809.2368457118359     
   31.641458840629507       -2809.2368457118359     
   31.646096310780560       -2809.2368457118359     
   31.650733780931613       -2809.2368457118359     
   31.655371251082663       -2809.2368457118359     
   31.660008721233716       -2809.2368457118359     
   31.664646191384769       -2809.2368457118359     
   31.669283661535822       -2809.2368457118359     
   31.673921131686875       -2809.2368457118359     
   31.678558601837924       -2809.2368457118359     
   31.683196071988977       -2809.2368457118359     
   31.687833542140030       -2809.2368457118359     
   31.692471012291083       -2809.2368457118359     
   31.697108482442136       -2809.2368457118359     
   31.701745952593186       -2809.2368457118359     
   31.706383422744238       -2809.2368457118359     
   31.711020892895291       -2809.2368457118359     
   31.715658363046344       -2809.2368457118359     
   31.720295833197397       -2809.2368457118359     
   31.724933303348447       -2809.2368457118359     
   31.729570773499500       -2809.2368457118359     
   31.734208243650553       -2809.2368457118359     
   31.738845713801606       -2809.2368457118359     
   31.743483183952659       -2809.2368457118359     
   31.748120654103708       -2809.2368457118359     
   31.752758124254761       -2809.2368457118359     
   31.757395594405814       -2809.2368457118359     
   31.762033064556867       -2809.2368457118359     
   31.766670534707920       -2809.2368457118359     
   31.771308004858970       -2809.2368457118359     
   31.775945475010023       -2809.2368457118359     
   31.780582945161076       -2809.2368457118359     
   31.785220415312128       -2809.2368457118359     
   31.789857885463181       -2809.2368457118359     
   31.794495355614231       -2809.2368457118359     
   31.799132825765284       -2809.2368457118359     
   31.803770295916337       -2809.2368457118359     
   31.808407766067390       -2809.2368457118359     
   31.813045236218439       -2809.2368457118359     
   31.817682706369492       -2809.2368457118359     
   31.822320176520545       -2809.2368457118359     
   31.826957646671598       -2809.2368457118359     
   31.831595116822651       -2809.2368457118359     
   31.836232586973701       -2809.2368457118359     
   31.840870057124754       -2809.2368457118359     
   31.845507527275807       -2809.2368457118359     
   31.850144997426860       -2809.2368457118359     
   31.854782467577913       -2809.2368457118359     
   31.859419937728962       -2809.2368457118359     
   31.864057407880015       -2809.2368457118359     
   31.868694878031068       -2809.2368457118359     
   31.873332348182121       -2809.2368457118359     
   31.877969818333174       -2809.2368457118359     
   31.882607288484223       -2809.2368457118359     
   31.887244758635276       -2809.2368457118359     
   31.891882228786329       -2809.2368457118359     
   31.896519698937382       -2809.2368457118359     
   31.901157169088435       -2809.2368457118359     
   31.905794639239485       -2809.2368457118359     
   31.910432109390538       -2809.2368457118359     
   31.915069579541591       -2809.2368457118359     
   31.919707049692644       -2809.2368457118359     
   31.924344519843697       -2809.2368457118359     
   31.928981989994746       -2809.2368457118359     
   31.933619460145799       -2809.2368457118359     
   31.938256930296852       -2809.2368457118359     
   31.942894400447905       -2809.2368457118359     
   31.947531870598958       -2809.2368457118359     
   31.952169340750007       -2809.2368457118359     
   31.956806810901060       -2809.2368457118359     
   31.961444281052113       -2809.2368457118359     
   31.966081751203166       -2809.2368457118359     
   31.970719221354219       -2809.2368457118359     
   31.975356691505269       -2809.2368457118359     
   31.979994161656322       -2809.2368457118359     
   31.984631631807375       -2809.2368457118359     
   31.989269101958428       -2809.2368457118359     
   31.993906572109477       -2809.2368457118359     
   31.998544042260530       -2809.2368457118359     
   32.003181512411587       -2809.2368457118359     
   32.007818982562632       -2809.2368457118359     
   32.012456452713685       -2809.2368457118359     
   32.017093922864738       -2809.2368457118359     
   32.021731393015791       -2809.2368457118359     
   32.026368863166844       -2809.2368457118359     
   32.031006333317897       -2809.2368457118359     
   32.035643803468950       -2809.2368457118359     
   32.040281273620003       -2809.2368457118359     
   32.044918743771056       -2809.2368457118359     
   32.049556213922109       -2809.2368457118359     
   32.054193684073155       -2809.2368457118359     
   32.058831154224208       -2809.2368457118359     
   32.063468624375261       -2809.2368457118359     
   32.068106094526314       -2809.2368457118359     
   32.072743564677367       -2809.2368457118359     
   32.077381034828420       -2809.2368457118359     
   32.082018504979473       -2809.2368457118359     
   32.086655975130526       -2809.2368457118359     
   32.091293445281579       -2809.2368457118359     
   32.095930915432625       -2809.2368457118359     
   32.100568385583678       -2809.2368457118359     
   32.105205855734731       -2809.2368457118359     
   32.109843325885784       -2809.2368457118359     
   32.114480796036837       -2809.2368457118359     
   32.119118266187890       -2809.2368457118359     
   32.123755736338943       -2809.2368457118359     
   32.128393206489996       -2809.2368457118359     
   32.133030676641049       -2809.2368457118359     
   32.137668146792102       -2809.2368457118359     
   32.142305616943148       -2809.2368457118359     
   32.146943087094201       -2809.2368457118359     
   32.151580557245254       -2809.2368457118359     
   32.156218027396307       -2809.2368457118359     
   32.160855497547360       -2809.2368457118359     
   32.165492967698412       -2809.2368457118359     
   32.170130437849465       -2809.2368457118359     
   32.174767908000518       -2809.2368457118359     
   32.179405378151571       -2809.2368457118359     
   32.184042848302624       -2809.2368457118359     
   32.188680318453670       -2809.2368457118359     
   32.193317788604723       -2809.2368457118359     
   32.197955258755776       -2809.2368457118359     
   32.202592728906829       -2809.2368457118359     
   32.207230199057882       -2809.2368457118359     
   32.211867669208935       -2809.2368457118359     
   32.216505139359988       -2809.2368457118359     
   32.221142609511041       -2809.2368457118359     
   32.225780079662094       -2809.2368457118359     
   32.230417549813147       -2809.2368457118359     
   32.235055019964193       -2809.2368457118359     
   32.239692490115246       -2809.2368457118359     
   32.244329960266299       -2809.2368457118359     
   32.248967430417352       -2809.2368457118359     
   32.253604900568405       -2809.2368457118359     
   32.258242370719458       -2809.2368457118359     
   32.262879840870511       -2809.2368457118359     
   32.267517311021564       -2809.2368457118359     
   32.272154781172617       -2809.2368457118359     
   32.276792251323663       -2809.2368457118359     
   32.281429721474716       -2809.2368457118359     
   32.286067191625769       -2809.2368457118359     
   32.290704661776822       -2809.2368457118359     
   32.295342131927875       -2809.2368457118359     
   32.299979602078928       -2809.2368457118359     
   32.304617072229981       -2809.2368457118359     
   32.309254542381034       -2809.2368457118359     
   32.313892012532087       -2809.2368457118359     
   32.318529482683140       -2809.2368457118359     
   32.323166952834185       -2809.2368457118359     
   32.327804422985238       -2809.2368457118359     
   32.332441893136291       -2809.2368457118359     
   32.337079363287344       -2809.2368457118359     
   32.341716833438397       -2809.2368457118359     
   32.346354303589450       -2809.2368457118359     
   32.350991773740503       -2809.2368457118359     
   32.355629243891556       -2809.2368457118359     
   32.360266714042609       -2809.2368457118359     
   32.364904184193662       -2809.2368457118359     
   32.369541654344708       -2809.2368457118359     
   32.374179124495761       -2809.2368457118359     
   32.378816594646814       -2809.2368457118359     
   32.383454064797867       -2809.2368457118359     
   32.388091534948920       -2809.2368457118359     
   32.392729005099973       -2809.2368457118359     
   32.397366475251026       -2809.2368457118359     
   32.402003945402079       -2809.2368457118359     
   32.406641415553132       -2809.2368457118359     
   32.411278885704185       -2809.2368457118359     
   32.415916355855231       -2809.2368457118359     
   32.420553826006284       -2809.2368457118359     
   32.425191296157337       -2809.2368457118359     
   32.429828766308390       -2809.2368457118359     
   32.434466236459443       -2809.2368457118359     
   32.439103706610496       -2809.2368457118359     
   32.443741176761549       -2809.2368457118359     
   32.448378646912602       -2809.2368457118359     
   32.453016117063655       -2809.2368457118359     
   32.457653587214701       -2809.2368457118359     
   32.462291057365753       -2809.2368457118359     
   32.466928527516806       -2809.2368457118359     
   32.471565997667859       -2809.2368457118359     
   32.476203467818912       -2809.2368457118359     
   32.480840937969965       -2809.2368457118359     
   32.485478408121018       -2809.2368457118359     
   32.490115878272071       -2809.2368457118359     
   32.494753348423124       -2809.2368457118359     
   32.499390818574177       -2809.2368457118359     
   32.504028288725223       -2809.2368457118359     
   32.508665758876276       -2809.2368457118359     
   32.513303229027329       -2809.2368457118359     
   32.517940699178382       -2809.2368457118359     
   32.522578169329435       -2809.2368457118359     
   32.527215639480488       -2809.2368457118359     
   32.531853109631541       -2809.2368457118359     
   32.536490579782594       -2809.2368457118359     
   32.541128049933647       -2809.2368457118359     
   32.545765520084700       -2809.2368457118359     
   32.550402990235746       -2809.2368457118359     
   32.555040460386799       -2809.2368457118359     
   32.559677930537852       -2809.2368457118359     
   32.564315400688905       -2809.2368457118359     
   32.568952870839958       -2809.2368457118359     
   32.573590340991011       -2809.2368457118359     
   32.578227811142064       -2809.2368457118359     
   32.582865281293117       -2809.2368457118359     
   32.587502751444170       -2809.2368457118359     
   32.592140221595216       -2809.2368457118359     
   32.596777691746269       -2809.2368457118359     
   32.601415161897322       -2809.2368457118359     
   32.606052632048375       -2809.2368457118359     
   32.610690102199428       -2809.2368457118359     
   32.615327572350481       -2809.2368457118359     
   32.619965042501534       -2809.2368457118359     
   32.624602512652586       -2809.2368457118359     
   32.629239982803639       -2809.2368457118359     
   32.633877452954692       -2809.2368457118359     
   32.638514923105738       -2809.2368457118359     
   32.643152393256791       -2809.2368457118359     
   32.647789863407844       -2809.2368457118359     
   32.652427333558897       -2809.2368457118359     
   32.657064803709950       -2809.2368457118359     
   32.661702273861003       -2809.2368457118359     
   32.666339744012056       -2809.2368457118359     
   32.670977214163109       -2809.2368457118359     
   32.675614684314162       -2809.2368457118359     
   32.680252154465215       -2809.2368457118359     
   32.684889624616261       -2809.2368457118359     
   32.689527094767314       -2809.2368457118359     
   32.694164564918367       -2809.2368457118359     
   32.698802035069420       -2809.2368457118359     
   32.703439505220473       -2809.2368457118359     
   32.708076975371526       -2809.2368457118359     
   32.712714445522579       -2809.2368457118359     
   32.717351915673632       -2809.2368457118359     
   32.721989385824685       -2809.2368457118359     
   32.726626855975738       -2809.2368457118359     
   32.731264326126784       -2809.2368457118359     
   32.735901796277837       -2809.2368457118359     
   32.740539266428890       -2809.2368457118359     
   32.745176736579943       -2809.2368457118359     
   32.749814206730996       -2809.2368457118359     
   32.754451676882049       -2809.2368457118359     
   32.759089147033102       -2809.2368457118359     
   32.763726617184155       -2809.2368457118359     
   32.768364087335208       -2809.2368457118359     
   32.773001557486253       -2809.2368457118359     
   32.777639027637306       -2809.2368457118359     
   32.782276497788359       -2809.2368457118359     
   32.786913967939412       -2809.2368457118359     
   32.791551438090465       -2809.2368457118359     
   32.796188908241518       -2809.2368457118359     
   32.800826378392571       -2809.2368457118359     
   32.805463848543624       -2809.2368457118359     
   32.810101318694677       -2809.2368457118359     
   32.814738788845730       -2809.2368457118359     
   32.819376258996776       -2809.2368457118359     
   32.824013729147829       -2809.2368457118359     
   32.828651199298882       -2809.2368457118359     
   32.833288669449935       -2809.2368457118359     
   32.837926139600988       -2809.2368457118359     
   32.842563609752041       -2809.2368457118359     
   32.847201079903094       -2809.2368457118359     
   32.851838550054147       -2809.2368457118359     
   32.856476020205200       -2809.2368457118359     
   32.861113490356253       -2809.2368457118359     
   32.865750960507299       -2809.2368457118359     
   32.870388430658352       -2809.2368457118359     
   32.875025900809405       -2809.2368457118359     
   32.879663370960458       -2809.2368457118359     
   32.884300841111511       -2809.2368457118359     
   32.888938311262564       -2809.2368457118359     
   32.893575781413617       -2809.2368457118359     
   32.898213251564670       -2809.2368457118359     
   32.902850721715723       -2809.2368457118359     
   32.907488191866776       -2809.2368457118359     
   32.912125662017822       -2809.2368457118359     
   32.916763132168875       -2809.2368457118359     
   32.921400602319927       -2809.2368457118359     
   32.926038072470980       -2809.2368457118359     
   32.930675542622033       -2809.2368457118359     
   32.935313012773086       -2809.2368457118359     
   32.939950482924139       -2809.2368457118359     
   32.944587953075192       -2809.2368457118359     
   32.949225423226245       -2809.2368457118359     
   32.953862893377291       -2809.2368457118359     
   32.958500363528344       -2809.2368457118359     
   32.963137833679397       -2809.2368457118359     
   32.967775303830450       -2809.2368457118359     
   32.972412773981503       -2809.2368457118359     
   32.977050244132556       -2809.2368457118359     
   32.981687714283609       -2809.2368457118359     
   32.986325184434662       -2809.2368457118359     
   32.990962654585715       -2809.2368457118359     
   32.995600124736768       -2809.2368457118359     
   33.000237594887814       -2809.2368457118359     
   33.004875065038867       -2809.2368457118359     
   33.009512535189920       -2809.2368457118359     
   33.014150005340973       -2809.2368457118359     
   33.018787475492026       -2809.2368457118359     
   33.023424945643079       -2809.2368457118359     
   33.028062415794132       -2809.2368457118359     
   33.032699885945185       -2809.2368457118359     
   33.037337356096238       -2809.2368457118359     
   33.041974826247291       -2809.2368457118359     
   33.046612296398337       -2809.2368457118359     
   33.051249766549390       -2809.2368457118359     
   33.055887236700443       -2809.2368457118359     
   33.060524706851496       -2809.2368457118359     
   33.065162177002549       -2809.2368457118359     
   33.069799647153602       -2809.2368457118359     
   33.074437117304655       -2809.2368457118359     
   33.079074587455708       -2809.2368457118359     
   33.083712057606760       -2809.2368457118359     
   33.088349527757813       -2809.2368457118359     
   33.092986997908859       -2809.2368457118359     
   33.097624468059912       -2809.2368457118359     
   33.102261938210965       -2809.2368457118359     
   33.106899408362018       -2809.2368457118359     
   33.111536878513071       -2809.2368457118359     
   33.116174348664124       -2809.2368457118359     
   33.120811818815177       -2809.2368457118359     
   33.125449288966230       -2809.2368457118359     
   33.130086759117283       -2809.2368457118359     
   33.134724229268329       -2809.2368457118359     
   33.139361699419382       -2809.2368457118359     
   33.143999169570435       -2809.2368457118359     
   33.148636639721488       -2809.2368457118359     
   33.153274109872541       -2809.2368457118359     
   33.157911580023594       -2809.2368457118359     
   33.162549050174647       -2809.2368457118359     
   33.167186520325700       -2809.2368457118359     
   33.171823990476753       -2809.2368457118359     
   33.176461460627806       -2809.2368457118359     
   33.181098930778852       -2809.2368457118359     
   33.185736400929905       -2809.2368457118359     
   33.190373871080958       -2809.2368457118359     
   33.195011341232011       -2809.2368457118359     
   33.199648811383064       -2809.2368457118359     
   33.204286281534117       -2809.2368457118359     
   33.208923751685170       -2809.2368457118359     
   33.213561221836223       -2809.2368457118359     
   33.218198691987276       -2809.2368457118359     
   33.222836162138329       -2809.2368457118359     
   33.227473632289374       -2809.2368457118359     
   33.232111102440427       -2809.2368457118359     
   33.236748572591480       -2809.2368457118359     
   33.241386042742533       -2809.2368457118359     
   33.246023512893586       -2809.2368457118359     
   33.250660983044639       -2809.2368457118359     
   33.255298453195692       -2809.2368457118359     
   33.259935923346745       -2809.2368457118359     
   33.264573393497798       -2809.2368457118359     
   33.269210863648851       -2809.2368457118359     
   33.273848333799897       -2809.2368457118359     
   33.278485803950950       -2809.2368457118359     
   33.283123274102003       -2809.2368457118359     
   33.287760744253056       -2809.2368457118359     
   33.292398214404109       -2809.2368457118359     
   33.297035684555162       -2809.2368457118359     
   33.301673154706215       -2809.2368457118359     
   33.306310624857268       -2809.2368457118359     
   33.310948095008321       -2809.2368457118359     
   33.315585565159367       -2809.2368457118359     
   33.320223035310420       -2809.2368457118359     
   33.324860505461473       -2809.2368457118359     
   33.329497975612526       -2809.2368457118359     
   33.334135445763579       -2809.2368457118359     
   33.338772915914632       -2809.2368457118359     
   33.343410386065685       -2809.2368457118359     
   33.348047856216738       -2809.2368457118359     
   33.352685326367791       -2809.2368457118359     
   33.357322796518844       -2809.2368457118359     
   33.361960266669890       -2809.2368457118359     
   33.366597736820943       -2809.2368457118359     
   33.371235206971996       -2809.2368457118359     
   33.375872677123049       -2809.2368457118359     
   33.380510147274101       -2809.2368457118359     
   33.385147617425154       -2809.2368457118359     
   33.389785087576207       -2809.2368457118359     
   33.394422557727260       -2809.2368457118359     
   33.399060027878313       -2809.2368457118359     
   33.403697498029366       -2809.2368457118359     
   33.408334968180412       -2809.2368457118359     
   33.412972438331465       -2809.2368457118359     
   33.417609908482518       -2809.2368457118359     
   33.422247378633571       -2809.2368457118359     
   33.426884848784624       -2809.2368457118359     
   33.431522318935677       -2809.2368457118359     
   33.436159789086730       -2809.2368457118359     
   33.440797259237783       -2809.2368457118359     
   33.445434729388836       -2809.2368457118359     
   33.450072199539889       -2809.2368457118359     
   33.454709669690935       -2809.2368457118359     
   33.459347139841988       -2809.2368457118359     
   33.463984609993041       -2809.2368457118359     
   33.468622080144094       -2809.2368457118359     
   33.473259550295147       -2809.2368457118359     
   33.477897020446200       -2809.2368457118359     
   33.482534490597253       -2809.2368457118359     
   33.487171960748306       -2809.2368457118359     
   33.491809430899359       -2809.2368457118359     
   33.496446901050405       -2809.2368457118359     
   33.501084371201458       -2809.2368457118359     
   33.505721841352511       -2809.2368457118359     
   33.510359311503564       -2809.2368457118359     
   33.514996781654617       -2809.2368457118359     
   33.519634251805670       -2809.2368457118359     
   33.524271721956723       -2809.2368457118359     
   33.528909192107776       -2809.2368457118359     
   33.533546662258829       -2809.2368457118359     
   33.538184132409881       -2809.2368457118359     
   33.542821602560927       -2809.2368457118359     
   33.547459072711980       -2809.2368457118359     
   33.552096542863033       -2809.2368457118359     
   33.556734013014086       -2809.2368457118359     
   33.561371483165139       -2809.2368457118359     
   33.566008953316192       -2809.2368457118359     
   33.570646423467245       -2809.2368457118359     
   33.575283893618298       -2809.2368457118359     
   33.579921363769351       -2809.2368457118359     
   33.584558833920404       -2809.2368457118359     
   33.589196304071450       -2809.2368457118359     
   33.593833774222503       -2809.2368457118359     
   33.598471244373556       -2809.2368457118359     
   33.603108714524609       -2809.2368457118359     
   33.607746184675662       -2809.2368457118359     
   33.612383654826715       -2809.2368457118359     
   33.617021124977768       -2809.2368457118359     
   33.621658595128821       -2809.2368457118359     
   33.626296065279874       -2809.2368457118359     
   33.630933535430927       -2809.2368457118359     
   33.635571005581973       -2809.2368457118359     
   33.640208475733026       -2809.2368457118359     
   33.644845945884079       -2809.2368457118359     
   33.649483416035132       -2809.2368457118359     
   33.654120886186185       -2809.2368457118359     
   33.658758356337238       -2809.2368457118359     
   33.663395826488291       -2809.2368457118359     
   33.668033296639344       -2809.2368457118359     
   33.672670766790397       -2809.2368457118359     
   33.677308236941442       -2809.2368457118359     
   33.681945707092495       -2809.2368457118359     
   33.686583177243548       -2809.2368457118359     
   33.691220647394601       -2809.2368457118359     
   33.695858117545654       -2809.2368457118359     
   33.700495587696707       -2809.2368457118359     
   33.705133057847760       -2809.2368457118359     
   33.709770527998813       -2809.2368457118359     
   33.714407998149866       -2809.2368457118359     
   33.719045468300919       -2809.2368457118359     
   33.723682938451965       -2809.2368457118359     
   33.728320408603018       -2809.2368457118359     
   33.732957878754071       -2809.2368457118359     
   33.737595348905124       -2809.2368457118359     
   33.742232819056177       -2809.2368457118359     
   33.746870289207230       -2809.2368457118359     
   33.751507759358283       -2809.2368457118359     
   33.756145229509336       -2809.2368457118359     
   33.760782699660389       -2809.2368457118359     
   33.765420169811442       -2809.2368457118359     
   33.770057639962488       -2809.2368457118359     
   33.774695110113541       -2809.2368457118359     
   33.779332580264594       -2809.2368457118359     
   33.783970050415647       -2809.2368457118359     
   33.788607520566700       -2809.2368457118359     
   33.793244990717753       -2809.2368457118359     
   33.797882460868806       -2809.2368457118359     
   33.802519931019859       -2809.2368457118359     
   33.807157401170912       -2809.2368457118359     
   33.811794871321958       -2809.2368457118359     
   33.816432341473011       -2809.2368457118359     
   33.821069811624064       -2809.2368457118359     
   33.825707281775117       -2809.2368457118359     
   33.830344751926170       -2809.2368457118359     
   33.834982222077223       -2809.2368457118359     
   33.839619692228275       -2809.2368457118359     
   33.844257162379328       -2809.2368457118359     
   33.848894632530381       -2809.2368457118359     
   33.853532102681434       -2809.2368457118359     
   33.858169572832480       -2809.2368457118359     
   33.862807042983533       -2809.2368457118359     
   33.867444513134586       -2809.2368457118359     
   33.872081983285639       -2809.2368457118359     
   33.876719453436692       -2809.2368457118359     
   33.881356923587745       -2809.2368457118359     
   33.885994393738798       -2809.2368457118359     
   33.890631863889851       -2809.2368457118359     
   33.895269334040904       -2809.2368457118359     
   33.899906804191957       -2809.2368457118359     
   33.904544274343003       -2809.2368457118359     
   33.909181744494056       -2809.2368457118359     
   33.913819214645109       -2809.2368457118359     
   33.918456684796162       -2809.2368457118359     
   33.923094154947215       -2809.2368457118359     
   33.927731625098268       -2809.2368457118359     
   33.932369095249321       -2809.2368457118359     
   33.937006565400374       -2809.2368457118359     
   33.941644035551427       -2809.2368457118359     
   33.946281505702480       -2809.2368457118359     
   33.950918975853526       -2809.2368457118359     
   33.955556446004579       -2809.2368457118359     
   33.960193916155632       -2809.2368457118359     
   33.964831386306685       -2809.2368457118359     
   33.969468856457738       -2809.2368457118359     
   33.974106326608791       -2809.2368457118359     
   33.978743796759844       -2809.2368457118359     
   33.983381266910897       -2809.2368457118359     
   33.988018737061950       -2809.2368457118359     
   33.992656207212995       -2809.2368457118359     
   33.997293677364048       -2809.2368457118359     
   34.001931147515101       -2809.2368457118359     
   34.006568617666154       -2809.2368457118359     
   34.011206087817207       -2809.2368457118359     
   34.015843557968260       -2809.2368457118359     
   34.020481028119313       -2809.2368457118359     
   34.025118498270366       -2809.2368457118359     
   34.029755968421419       -2809.2368457118359     
   34.034393438572472       -2809.2368457118359     
   34.039030908723518       -2809.2368457118359     
   34.043668378874571       -2809.2368457118359     
   34.048305849025624       -2809.2368457118359     
   34.052943319176677       -2809.2368457118359     
   34.057580789327730       -2809.2368457118359     
   34.062218259478783       -2809.2368457118359     
   34.066855729629836       -2809.2368457118359     
   34.071493199780889       -2809.2368457118359     
   34.076130669931942       -2809.2368457118359     
   34.080768140082995       -2809.2368457118359     
   34.085405610234041       -2809.2368457118359     
   34.090043080385094       -2809.2368457118359     
   34.094680550536147       -2809.2368457118359     
   34.099318020687200       -2809.2368457118359     
   34.103955490838253       -2809.2368457118359     
   34.108592960989306       -2809.2368457118359     
   34.113230431140359       -2809.2368457118359     
   34.117867901291412       -2809.2368457118359     
   34.122505371442465       -2809.2368457118359     
   34.127142841593518       -2809.2368457118359     
   34.131780311744564       -2809.2368457118359     
   34.136417781895616       -2809.2368457118359     
   34.141055252046669       -2809.2368457118359     
   34.145692722197722       -2809.2368457118359     
   34.150330192348775       -2809.2368457118359     
   34.154967662499828       -2809.2368457118359     
   34.159605132650881       -2809.2368457118359     
   34.164242602801934       -2809.2368457118359     
   34.168880072952987       -2809.2368457118359     
   34.173517543104033       -2809.2368457118359     
   34.178155013255086       -2809.2368457118359     
   34.182792483406139       -2809.2368457118359     
   34.187429953557192       -2809.2368457118359     
   34.192067423708245       -2809.2368457118359     
   34.196704893859298       -2809.2368457118359     
   34.201342364010351       -2809.2368457118359     
   34.205979834161404       -2809.2368457118359     
   34.210617304312457       -2809.2368457118359     
   34.215254774463510       -2809.2368457118359     
   34.219892244614556       -2809.2368457118359     
   34.224529714765609       -2809.2368457118359     
   34.229167184916662       -2809.2368457118359     
   34.233804655067715       -2809.2368457118359     
   34.238442125218768       -2809.2368457118359     
   34.243079595369821       -2809.2368457118359     
   34.247717065520874       -2809.2368457118359     
   34.252354535671927       -2809.2368457118359     
   34.256992005822980       -2809.2368457118359     
   34.261629475974033       -2809.2368457118359     
   34.266266946125079       -2809.2368457118359     
   34.270904416276132       -2809.2368457118359     
   34.275541886427185       -2809.2368457118359     
   34.280179356578238       -2809.2368457118359     
   34.284816826729291       -2809.2368457118359     
   34.289454296880344       -2809.2368457118359     
   34.294091767031397       -2809.2368457118359     
   34.298729237182449       -2809.2368457118359     
   34.303366707333502       -2809.2368457118359     
   34.308004177484555       -2809.2368457118359     
   34.312641647635601       -2809.2368457118359     
   34.317279117786654       -2809.2368457118359     
   34.321916587937707       -2809.2368457118359     
   34.326554058088760       -2809.2368457118359     
   34.331191528239813       -2809.2368457118359     
   34.335828998390866       -2809.2368457118359     
   34.340466468541919       -2809.2368457118359     
   34.345103938692972       -2809.2368457118359     
   34.349741408844025       -2809.2368457118359     
   34.354378878995071       -2809.2368457118359     
   34.359016349146124       -2809.2368457118359     
   34.363653819297177       -2809.2368457118359     
   34.368291289448230       -2809.2368457118359     
   34.372928759599283       -2809.2368457118359     
   34.377566229750336       -2809.2368457118359     
   34.382203699901389       -2809.2368457118359     
   34.386841170052442       -2809.2368457118359     
   34.391478640203495       -2809.2368457118359     
   34.396116110354548       -2809.2368457118359     
   34.400753580505594       -2809.2368457118359     
   34.405391050656647       -2809.2368457118359     
   34.410028520807700       -2809.2368457118359     
   34.414665990958753       -2809.2368457118359     
   34.419303461109806       -2809.2368457118359     
   34.423940931260859       -2809.2368457118359     
   34.428578401411912       -2809.2368457118359     
   34.433215871562965       -2809.2368457118359     
   34.437853341714018       -2809.2368457118359     
   34.442490811865071       -2809.2368457118359     
   34.447128282016116       -2809.2368457118359     
   34.451765752167169       -2809.2368457118359     
   34.456403222318222       -2809.2368457118359     
   34.461040692469275       -2809.2368457118359     
   34.465678162620328       -2809.2368457118359     
   34.470315632771381       -2809.2368457118359     
   34.474953102922434       -2809.2368457118359     
   34.479590573073487       -2809.2368457118359     
   34.484228043224540       -2809.2368457118359     
   34.488865513375593       -2809.2368457118359     
   34.493502983526639       -2809.2368457118359     
   34.498140453677692       -2809.2368457118359     
   34.502777923828745       -2809.2368457118359     
   34.507415393979798       -2809.2368457118359     
   34.512052864130851       -2809.2368457118359     
   34.516690334281904       -2809.2368457118359     
   34.521327804432957       -2809.2368457118359     
   34.525965274584010       -2809.2368457118359     
   34.530602744735063       -2809.2368457118359     
   34.535240214886109       -2809.2368457118359     
   34.539877685037162       -2809.2368457118359     
   34.544515155188215       -2809.2368457118359     
   34.549152625339268       -2809.2368457118359     
   34.553790095490321       -2809.2368457118359     
   34.558427565641374       -2809.2368457118359     
   34.563065035792427       -2809.2368457118359     
   34.567702505943480       -2809.2368457118359     
   34.572339976094533       -2809.2368457118359     
   34.576977446245586       -2809.2368457118359     
   34.581614916396632       -2809.2368457118359     
   34.586252386547685       -2809.2368457118359     
   34.590889856698738       -2809.2368457118359     
   34.595527326849790       -2809.2368457118359     
   34.600164797000843       -2809.2368457118359     
   34.604802267151896       -2809.2368457118359     
   34.609439737302949       -2809.2368457118359     
   34.614077207454002       -2809.2368457118359     
   34.618714677605055       -2809.2368457118359     
   34.623352147756108       -2809.2368457118359     
   34.627989617907154       -2809.2368457118359     
   34.632627088058207       -2809.2368457118359     
   34.637264558209260       -2809.2368457118359     
   34.641902028360313       -2809.2368457118359     
   34.646539498511366       -2809.2368457118359     
   34.651176968662419       -2809.2368457118359     
   34.655814438813472       -2809.2368457118359     
   34.660451908964525       -2809.2368457118359     
   34.665089379115578       -2809.2368457118359     
   34.669726849266631       -2809.2368457118359     
   34.674364319417677       -2809.2368457118359     
   34.679001789568730       -2809.2368457118359     
   34.683639259719783       -2809.2368457118359     
   34.688276729870836       -2809.2368457118359     
   34.692914200021889       -2809.2368457118359     
   34.697551670172942       -2809.2368457118359     
   34.702189140323995       -2809.2368457118359     
   34.706826610475048       -2809.2368457118359     
   34.711464080626101       -2809.2368457118359     
   34.716101550777147       -2809.2368457118359     
   34.720739020928200       -2809.2368457118359     
   34.725376491079253       -2809.2368457118359     
   34.730013961230306       -2809.2368457118359     
   34.734651431381359       -2809.2368457118359     
   34.739288901532412       -2809.2368457118359     
   34.743926371683465       -2809.2368457118359     
   34.748563841834518       -2809.2368457118359     
   34.753201311985570       -2809.2368457118359     
   34.757838782136623       -2809.2368457118359     
   34.762476252287669       -2809.2368457118359     
   34.767113722438722       -2809.2368457118359     
   34.771751192589775       -2809.2368457118359     
   34.776388662740828       -2809.2368457118359     
   34.781026132891881       -2809.2368457118359     
   34.785663603042934       -2809.2368457118359     
   34.790301073193987       -2809.2368457118359     
   34.794938543345040       -2809.2368457118359     
   34.799576013496093       -2809.2368457118359     
   34.804213483647146       -2809.2368457118359     
   34.808850953798192       -2809.2368457118359     
   34.813488423949245       -2809.2368457118359     
   34.818125894100298       -2809.2368457118359     
   34.822763364251351       -2809.2368457118359     
   34.827400834402404       -2809.2368457118359     
   34.832038304553457       -2809.2368457118359     
   34.836675774704510       -2809.2368457118359     
   34.841313244855563       -2809.2368457118359     
   34.845950715006616       -2809.2368457118359     
   34.850588185157669       -2809.2368457118359     
   34.855225655308715       -2809.2368457118359     
   34.859863125459768       -2809.2368457118359     
   34.864500595610821       -2809.2368457118359     
   34.869138065761874       -2809.2368457118359     
   34.873775535912927       -2809.2368457118359     
   34.878413006063980       -2809.2368457118359     
   34.883050476215033       -2809.2368457118359     
   34.887687946366086       -2809.2368457118359     
   34.892325416517139       -2809.2368457118359     
   34.896962886668184       -2809.2368457118359     
   34.901600356819237       -2809.2368457118359     
   34.906237826970290       -2809.2368457118359     
   34.910875297121343       -2809.2368457118359     
   34.915512767272396       -2809.2368457118359     
   34.920150237423449       -2809.2368457118359     
   34.924787707574502       -2809.2368457118359     
   34.929425177725555       -2809.2368457118359     
   34.934062647876608       -2809.2368457118359     
   34.938700118027661       -2809.2368457118359     
   34.943337588178707       -2809.2368457118359     
   34.947975058329760       -2809.2368457118359     
   34.952612528480813       -2809.2368457118359     
   34.957249998631866       -2809.2368457118359     
   34.961887468782919       -2809.2368457118359     
   34.966524938933972       -2809.2368457118359     
   34.971162409085025       -2809.2368457118359     
   34.975799879236078       -2809.2368457118359     
   34.980437349387131       -2809.2368457118359     
   34.985074819538184       -2809.2368457118359     
   34.989712289689230       -2809.2368457118359     
   34.994349759840283       -2809.2368457118359     
   34.998987229991336       -2809.2368457118359     
   35.003624700142389       -2809.2368457118359     
   35.008262170293442       -2809.2368457118359     
   35.012899640444495       -2809.2368457118359     
   35.017537110595548       -2809.2368457118359     
   35.022174580746601       -2809.2368457118359     
   35.026812050897654       -2809.2368457118359     
   35.031449521048700       -2809.2368457118359     
   35.036086991199753       -2809.2368457118359     
   35.040724461350806       -2809.2368457118359     
   35.045361931501859       -2809.2368457118359     
   35.049999401652912       -2809.2368457118359     
   35.054636871803964       -2809.2368457118359     
   35.059274341955017       -2809.2368457118359     
   35.063911812106070       -2809.2368457118359     
   35.068549282257123       -2809.2368457118359     
   35.073186752408176       -2809.2368457118359     
   35.077824222559222       -2809.2368457118359     
   35.082461692710275       -2809.2368457118359     
   35.087099162861328       -2809.2368457118359     
   35.091736633012381       -2809.2368457118359     
   35.096374103163434       -2809.2368457118359     
   35.101011573314487       -2809.2368457118359     
   35.105649043465540       -2809.2368457118359     
   35.110286513616593       -2809.2368457118359     
   35.114923983767646       -2809.2368457118359     
   35.119561453918699       -2809.2368457118359     
   35.124198924069745       -2809.2368457118359     
   35.128836394220798       -2809.2368457118359     
   35.133473864371851       -2809.2368457118359     
   35.138111334522904       -2809.2368457118359     
   35.142748804673957       -2809.2368457118359     
   35.147386274825010       -2809.2368457118359     
   35.152023744976063       -2809.2368457118359     
   35.156661215127116       -2809.2368457118359     
   35.161298685278169       -2809.2368457118359     
   35.165936155429222       -2809.2368457118359     
   35.170573625580268       -2809.2368457118359     
   35.175211095731321       -2809.2368457118359     
   35.179848565882374       -2809.2368457118359     
   35.184486036033427       -2809.2368457118359     
   35.189123506184480       -2809.2368457118359     
   35.193760976335533       -2809.2368457118359     
   35.198398446486586       -2809.2368457118359     
   35.203035916637639       -2809.2368457118359     
   35.207673386788692       -2809.2368457118359     
   35.212310856939737       -2809.2368457118359     
   35.216948327090790       -2809.2368457118359     
   35.221585797241843       -2809.2368457118359     
   35.226223267392896       -2809.2368457118359     
   35.230860737543949       -2809.2368457118359     
   35.235498207695002       -2809.2368457118359     
   35.240135677846055       -2809.2368457118359     
   35.244773147997108       -2809.2368457118359     
   35.249410618148161       -2809.2368457118359     
   35.254048088299214       -2809.2368457118359     
   35.258685558450260       -2809.2368457118359     
   35.263323028601313       -2809.2368457118359     
   35.267960498752366       -2809.2368457118359     
   35.272597968903419       -2809.2368457118359     
   35.277235439054472       -2809.2368457118359     
   35.281872909205525       -2809.2368457118359     
   35.286510379356578       -2809.2368457118359     
   35.291147849507631       -2809.2368457118359     
   35.295785319658684       -2809.2368457118359     
   35.300422789809737       -2809.2368457118359     
   35.305060259960783       -2809.2368457118359     
   35.309697730111836       -2809.2368457118359     
   35.314335200262889       -2809.2368457118359     
   35.318972670413942       -2809.2368457118359     
   35.323610140564995       -2809.2368457118359     
   35.328247610716048       -2809.2368457118359     
   35.332885080867101       -2809.2368457118359     
   35.337522551018154       -2809.2368457118359     
   35.342160021169207       -2809.2368457118359     
   35.346797491320260       -2809.2368457118359     
   35.351434961471305       -2809.2368457118359     
   35.356072431622358       -2809.2368457118359     
   35.360709901773411       -2809.2368457118359     
   35.365347371924464       -2809.2368457118359     
   35.369984842075517       -2809.2368457118359     
   35.374622312226570       -2809.2368457118359     
   35.379259782377623       -2809.2368457118359     
   35.383897252528676       -2809.2368457118359     
   35.388534722679729       -2809.2368457118359     
   35.393172192830775       -2809.2368457118359     
   35.397809662981828       -2809.2368457118359     
   35.402447133132881       -2809.2368457118359     
   35.407084603283934       -2809.2368457118359     
   35.411722073434987       -2809.2368457118359     
   35.416359543586040       -2809.2368457118359     
   35.420997013737093       -2809.2368457118359     
   35.425634483888146       -2809.2368457118359     
   35.430271954039199       -2809.2368457118359     
   35.434909424190252       -2809.2368457118359     
   35.439546894341298       -2809.2368457118359     
   35.444184364492351       -2809.2368457118359     
   35.448821834643404       -2809.2368457118359     
   35.453459304794457       -2809.2368457118359     
   35.458096774945510       -2809.2368457118359     
   35.462734245096563       -2809.2368457118359     
   35.467371715247616       -2809.2368457118359     
   35.472009185398669       -2809.2368457118359     
   35.476646655549722       -2809.2368457118359     
   35.481284125700775       -2809.2368457118359     
   35.485921595851821       -2809.2368457118359     
   35.490559066002874       -2809.2368457118359     
   35.495196536153927       -2809.2368457118359     
   35.499834006304980       -2809.2368457118359     
   35.504471476456033       -2809.2368457118359     
   35.509108946607085       -2809.2368457118359     
   35.513746416758138       -2809.2368457118359     
   35.518383886909191       -2809.2368457118359     
   35.523021357060244       -2809.2368457118359     
   35.527658827211297       -2809.2368457118359     
   35.532296297362343       -2809.2368457118359     
   35.536933767513396       -2809.2368457118359     
   35.541571237664449       -2809.2368457118359     
   35.546208707815502       -2809.2368457118359     
   35.550846177966555       -2809.2368457118359     
   35.555483648117608       -2809.2368457118359     
   35.560121118268661       -2809.2368457118359     
   35.564758588419714       -2809.2368457118359     
   35.569396058570767       -2809.2368457118359     
   35.574033528721813       -2809.2368457118359     
   35.578670998872866       -2809.2368457118359     
   35.583308469023919       -2809.2368457118359     
   35.587945939174972       -2809.2368457118359     
   35.592583409326025       -2809.2368457118359     
   35.597220879477078       -2809.2368457118359     
   35.601858349628131       -2809.2368457118359     
   35.606495819779184       -2809.2368457118359     
   35.611133289930237       -2809.2368457118359     
   35.615770760081290       -2809.2368457118359     
   35.620408230232336       -2809.2368457118359     
   35.625045700383389       -2809.2368457118359     
   35.629683170534442       -2809.2368457118359     
   35.634320640685495       -2809.2368457118359     
   35.638958110836548       -2809.2368457118359     
   35.643595580987601       -2809.2368457118359     
   35.648233051138654       -2809.2368457118359     
   35.652870521289707       -2809.2368457118359     
   35.657507991440760       -2809.2368457118359     
   35.662145461591813       -2809.2368457118359     
   35.666782931742858       -2809.2368457118359     
   35.671420401893911       -2809.2368457118359     
   35.676057872044964       -2809.2368457118359     
   35.680695342196017       -2809.2368457118359     
   35.685332812347070       -2809.2368457118359     
   35.689970282498123       -2809.2368457118359     
   35.694607752649176       -2809.2368457118359     
   35.699245222800229       -2809.2368457118359     
   35.703882692951282       -2809.2368457118359     
   35.708520163102335       -2809.2368457118359     
   35.713157633253381       -2809.2368457118359     
   35.717795103404434       -2809.2368457118359     
   35.722432573555487       -2809.2368457118359     
   35.727070043706540       -2809.2368457118359     
   35.731707513857593       -2809.2368457118359     
   35.736344984008646       -2809.2368457118359     
   35.740982454159699       -2809.2368457118359     
   35.745619924310752       -2809.2368457118359     
   35.750257394461805       -2809.2368457118359     
   35.754894864612851       -2809.2368457118359     
   35.759532334763904       -2809.2368457118359     
   35.764169804914957       -2809.2368457118359     
   35.768807275066010       -2809.2368457118359     
   35.773444745217063       -2809.2368457118359     
   35.778082215368116       -2809.2368457118359     
   35.782719685519169       -2809.2368457118359     
   35.787357155670222       -2809.2368457118359     
   35.791994625821275       -2809.2368457118359     
   35.796632095972328       -2809.2368457118359     
   35.801269566123374       -2809.2368457118359     
   35.805907036274427       -2809.2368457118359     
   35.810544506425479       -2809.2368457118359     
   35.815181976576532       -2809.2368457118359     
   35.819819446727585       -2809.2368457118359     
   35.824456916878638       -2809.2368457118359     
   35.829094387029691       -2809.2368457118359     
   35.833731857180744       -2809.2368457118359     
   35.838369327331797       -2809.2368457118359     
   35.843006797482850       -2809.2368457118359     
   35.847644267633896       -2809.2368457118359     
   35.852281737784949       -2809.2368457118359     
   35.856919207936002       -2809.2368457118359     
   35.861556678087055       -2809.2368457118359     
   35.866194148238108       -2809.2368457118359     
   35.870831618389161       -2809.2368457118359     
   35.875469088540214       -2809.2368457118359     
   35.880106558691267       -2809.2368457118359     
   35.884744028842320       -2809.2368457118359     
   35.889381498993373       -2809.2368457118359     
   35.894018969144419       -2809.2368457118359     
   35.898656439295472       -2809.2368457118359     
   35.903293909446525       -2809.2368457118359     
   35.907931379597578       -2809.2368457118359     
   35.912568849748631       -2809.2368457118359     
   35.917206319899684       -2809.2368457118359     
   35.921843790050737       -2809.2368457118359     
   35.926481260201790       -2809.2368457118359     
   35.931118730352843       -2809.2368457118359     
   35.935756200503889       -2809.2368457118359     
   35.940393670654942       -2809.2368457118359     
   35.945031140805995       -2809.2368457118359     
   35.949668610957048       -2809.2368457118359     
   35.954306081108101       -2809.2368457118359     
   35.958943551259154       -2809.2368457118359     
   35.963581021410207       -2809.2368457118359     
   35.968218491561259       -2809.2368457118359     
   35.972855961712312       -2809.2368457118359     
   35.977493431863365       -2809.2368457118359     
   35.982130902014411       -2809.2368457118359     
   35.986768372165464       -2809.2368457118359     
   35.991405842316517       -2809.2368457118359     
   35.996043312467570       -2809.2368457118359     
   36.000680782618623       -2809.2368457118359     
   36.005318252769676       -2809.2368457118359     
   36.009955722920729       -2809.2368457118359     
   36.014593193071782       -2809.2368457118359     
   36.019230663222835       -2809.2368457118359     
   36.023868133373888       -2809.2368457118359     
   36.028505603524934       -2809.2368457118359     
   36.033143073675987       -2809.2368457118359     
   36.037780543827040       -2809.2368457118359     
   36.042418013978093       -2809.2368457118359     
   36.047055484129146       -2809.2368457118359     
   36.051692954280199       -2809.2368457118359     
   36.056330424431252       -2809.2368457118359     
   36.060967894582305       -2809.2368457118359     
   36.065605364733358       -2809.2368457118359     
   36.070242834884411       -2809.2368457118359     
   36.074880305035457       -2809.2368457118359     
   36.079517775186510       -2809.2368457118359     
   36.084155245337563       -2809.2368457118359     
   36.088792715488616       -2809.2368457118359     
   36.093430185639669       -2809.2368457118359     
   36.098067655790722       -2809.2368457118359     
   36.102705125941775       -2809.2368457118359     
   36.107342596092828       -2809.2368457118359     
   36.111980066243881       -2809.2368457118359     
   36.116617536394926       -2809.2368457118359     
   36.121255006545979       -2809.2368457118359     
   36.125892476697032       -2809.2368457118359     
   36.130529946848085       -2809.2368457118359     
   36.135167416999138       -2809.2368457118359     
   36.139804887150191       -2809.2368457118359     
   36.144442357301244       -2809.2368457118359     
   36.149079827452297       -2809.2368457118359     
   36.153717297603350       -2809.2368457118359     
   36.158354767754403       -2809.2368457118359     
   36.162992237905449       -2809.2368457118359     
   36.167629708056502       -2809.2368457118359     
   36.172267178207555       -2809.2368457118359     
   36.176904648358608       -2809.2368457118359     
   36.181542118509661       -2809.2368457118359     
   36.186179588660714       -2809.2368457118359     
   36.190817058811767       -2809.2368457118359     
   36.195454528962820       -2809.2368457118359     
   36.200091999113873       -2809.2368457118359     
   36.204729469264926       -2809.2368457118359     
   36.209366939415972       -2809.2368457118359     
   36.214004409567025       -2809.2368457118359     
   36.218641879718078       -2809.2368457118359     
   36.223279349869131       -2809.2368457118359     
   36.227916820020184       -2809.2368457118359     
   36.232554290171237       -2809.2368457118359     
   36.237191760322290       -2809.2368457118359     
   36.241829230473343       -2809.2368457118359     
   36.246466700624396       -2809.2368457118359     
   36.251104170775442       -2809.2368457118359     
   36.255741640926495       -2809.2368457118359     
   36.260379111077548       -2809.2368457118359     
   36.265016581228601       -2809.2368457118359     
   36.269654051379653       -2809.2368457118359     
   36.274291521530706       -2809.2368457118359     
   36.278928991681759       -2809.2368457118359     
   36.283566461832812       -2809.2368457118359     
   36.288203931983865       -2809.2368457118359     
   36.292841402134918       -2809.2368457118359     
   36.297478872285964       -2809.2368457118359     
   36.302116342437017       -2809.2368457118359     
   36.306753812588070       -2809.2368457118359     
   36.311391282739123       -2809.2368457118359     
   36.316028752890176       -2809.2368457118359     
   36.320666223041229       -2809.2368457118359     
   36.325303693192282       -2809.2368457118359     
   36.329941163343335       -2809.2368457118359     
   36.334578633494388       -2809.2368457118359     
   36.339216103645441       -2809.2368457118359     
   36.343853573796487       -2809.2368457118359     
   36.348491043947540       -2809.2368457118359     
   36.353128514098593       -2809.2368457118359     
   36.357765984249646       -2809.2368457118359     
   36.362403454400699       -2809.2368457118359     
   36.367040924551752       -2809.2368457118359     
   36.371678394702805       -2809.2368457118359     
   36.376315864853858       -2809.2368457118359     
   36.380953335004911       -2809.2368457118359     
   36.385590805155964       -2809.2368457118359     
   36.390228275307010       -2809.2368457118359     
   36.394865745458063       -2809.2368457118359     
   36.399503215609116       -2809.2368457118359     
   36.404140685760169       -2809.2368457118359     
   36.408778155911222       -2809.2368457118359     
   36.413415626062275       -2809.2368457118359     
   36.418053096213328       -2809.2368457118359     
   36.422690566364381       -2809.2368457118359     
   36.427328036515433       -2809.2368457118359     
   36.431965506666479       -2809.2368457118359     
   36.436602976817532       -2809.2368457118359     
   36.441240446968585       -2809.2368457118359     
   36.445877917119638       -2809.2368457118359     
   36.450515387270691       -2809.2368457118359     
   36.455152857421744       -2809.2368457118359     
   36.459790327572797       -2809.2368457118359     
   36.464427797723850       -2809.2368457118359     
   36.469065267874903       -2809.2368457118359     
   36.473702738025956       -2809.2368457118359     
   36.478340208177002       -2809.2368457118359     
   36.482977678328055       -2809.2368457118359     
   36.487615148479108       -2809.2368457118359     
   36.492252618630161       -2809.2368457118359     
   36.496890088781214       -2809.2368457118359     
   36.501527558932267       -2809.2368457118359     
   36.506165029083320       -2809.2368457118359     
   36.510802499234373       -2809.2368457118359     
   36.515439969385426       -2809.2368457118359     
   36.520077439536479       -2809.2368457118359     
   36.524714909687525       -2809.2368457118359     
   36.529352379838578       -2809.2368457118359     
   36.533989849989631       -2809.2368457118359     
   36.538627320140684       -2809.2368457118359     
   36.543264790291737       -2809.2368457118359     
   36.547902260442790       -2809.2368457118359     
   36.552539730593843       -2809.2368457118359     
   36.557177200744896       -2809.2368457118359     
   36.561814670895949       -2809.2368457118359     
   36.566452141047002       -2809.2368457118359     
   36.571089611198047       -2809.2368457118359     
   36.575727081349100       -2809.2368457118359     
   36.580364551500153       -2809.2368457118359     
   36.585002021651206       -2809.2368457118359     
   36.589639491802259       -2809.2368457118359     
   36.594276961953312       -2809.2368457118359     
   36.598914432104365       -2809.2368457118359     
   36.603551902255418       -2809.2368457118359     
   36.608189372406471       -2809.2368457118359     
   36.612826842557517       -2809.2368457118359     
   36.617464312708570       -2809.2368457118359     
   36.622101782859623       -2809.2368457118359     
   36.626739253010676       -2809.2368457118359     
   36.631376723161729       -2809.2368457118359     
   36.636014193312782       -2809.2368457118359     
   36.640651663463835       -2809.2368457118359     
   36.645289133614888       -2809.2368457118359     
   36.649926603765941       -2809.2368457118359     
   36.654564073916994       -2809.2368457118359     
   36.659201544068040       -2809.2368457118359     
   36.663839014219093       -2809.2368457118359     
   36.668476484370146       -2809.2368457118359     
   36.673113954521199       -2809.2368457118359     
   36.677751424672252       -2809.2368457118359     
   36.682388894823305       -2809.2368457118359     
   36.687026364974358       -2809.2368457118359     
   36.691663835125411       -2809.2368457118359     
   36.696301305276464       -2809.2368457118359     
   36.700938775427517       -2809.2368457118359     
   36.705576245578563       -2809.2368457118359     
   36.710213715729616       -2809.2368457118359     
   36.714851185880669       -2809.2368457118359     
   36.719488656031722       -2809.2368457118359     
   36.724126126182774       -2809.2368457118359     
   36.728763596333827       -2809.2368457118359     
   36.733401066484880       -2809.2368457118359     
   36.738038536635933       -2809.2368457118359     
   36.742676006786986       -2809.2368457118359     
   36.747313476938039       -2809.2368457118359     
   36.751950947089085       -2809.2368457118359     
   36.756588417240138       -2809.2368457118359     
   36.761225887391191       -2809.2368457118359     
   36.765863357542244       -2809.2368457118359     
   36.770500827693297       -2809.2368457118359     
   36.775138297844350       -2809.2368457118359     
   36.779775767995403       -2809.2368457118359     
   36.784413238146456       -2809.2368457118359     
   36.789050708297509       -2809.2368457118359     
   36.793688178448555       -2809.2368457118359     
   36.798325648599608       -2809.2368457118359     
   36.802963118750661       -2809.2368457118359     
   36.807600588901714       -2809.2368457118359     
   36.812238059052767       -2809.2368457118359     
   36.816875529203820       -2809.2368457118359     
   36.821512999354873       -2809.2368457118359     
   36.826150469505926       -2809.2368457118359     
   36.830787939656979       -2809.2368457118359     
   36.835425409808032       -2809.2368457118359     
   36.840062879959078       -2809.2368457118359     
   36.844700350110131       -2809.2368457118359     
   36.849337820261184       -2809.2368457118359     
   36.853975290412237       -2809.2368457118359     
   36.858612760563290       -2809.2368457118359     
   36.863250230714343       -2809.2368457118359     
   36.867887700865396       -2809.2368457118359     
   36.872525171016449       -2809.2368457118359     
   36.877162641167502       -2809.2368457118359     
   36.881800111318555       -2809.2368457118359     
   36.886437581469600       -2809.2368457118359     
   36.891075051620653       -2809.2368457118359     
   36.895712521771706       -2809.2368457118359     
   36.900349991922759       -2809.2368457118359     
   36.904987462073812       -2809.2368457118359     
   36.909624932224865       -2809.2368457118359     
   36.914262402375918       -2809.2368457118359     
   36.918899872526971       -2809.2368457118359     
   36.923537342678024       -2809.2368457118359     
   36.928174812829077       -2809.2368457118359     
   36.932812282980123       -2809.2368457118359     
   36.937449753131176       -2809.2368457118359     
   36.942087223282229       -2809.2368457118359     
   36.946724693433282       -2809.2368457118359     
   36.951362163584335       -2809.2368457118359     
   36.955999633735388       -2809.2368457118359     
   36.960637103886441       -2809.2368457118359     
   36.965274574037494       -2809.2368457118359     
   36.969912044188547       -2809.2368457118359     
   36.974549514339593       -2809.2368457118359     
   36.979186984490646       -2809.2368457118359     
   36.983824454641699       -2809.2368457118359     
   36.988461924792752       -2809.2368457118359     
   36.993099394943805       -2809.2368457118359     
   36.997736865094858       -2809.2368457118359     
   37.002374335245911       -2809.2368457118359     
   37.007011805396964       -2809.2368457118359     
   37.011649275548017       -2809.2368457118359     
   37.016286745699070       -2809.2368457118359     
   37.020924215850116       -2809.2368457118359     
   37.025561686001168       -2809.2368457118359     
   37.030199156152221       -2809.2368457118359     
   37.034836626303274       -2809.2368457118359     
   37.039474096454327       -2809.2368457118359     
   37.044111566605380       -2809.2368457118359     
   37.048749036756433       -2809.2368457118359     
   37.053386506907486       -2809.2368457118359     
   37.058023977058539       -2809.2368457118359     
   37.062661447209592       -2809.2368457118359     
   37.067298917360638       -2809.2368457118359     
   37.071936387511691       -2809.2368457118359     
   37.076573857662744       -2809.2368457118359     
   37.081211327813797       -2809.2368457118359     
   37.085848797964850       -2809.2368457118359     
   37.090486268115903       -2809.2368457118359     
   37.095123738266956       -2809.2368457118359     
   37.099761208418009       -2809.2368457118359     
   37.104398678569062       -2809.2368457118359     
   37.109036148720115       -2809.2368457118359     
   37.113673618871161       -2809.2368457118359     
   37.118311089022214       -2809.2368457118359     
   37.122948559173267       -2809.2368457118359     
   37.127586029324320       -2809.2368457118359     
   37.132223499475373       -2809.2368457118359     
   37.136860969626426       -2809.2368457118359     
   37.141498439777479       -2809.2368457118359     
   37.146135909928532       -2809.2368457118359     
   37.150773380079585       -2809.2368457118359     
   37.155410850230631       -2809.2368457118359     
   37.160048320381684       -2809.2368457118359     
   37.164685790532737       -2809.2368457118359     
   37.169323260683790       -2809.2368457118359     
   37.173960730834843       -2809.2368457118359     
   37.178598200985896       -2809.2368457118359     
   37.183235671136948       -2809.2368457118359     
   37.187873141288001       -2809.2368457118359     
   37.192510611439054       -2809.2368457118359     
   37.197148081590107       -2809.2368457118359     
   37.201785551741153       -2809.2368457118359     
   37.206423021892206       -2809.2368457118359     
   37.211060492043259       -2809.2368457118359     
   37.215697962194312       -2809.2368457118359     
   37.220335432345365       -2809.2368457118359     
   37.224972902496418       -2809.2368457118359     
   37.229610372647471       -2809.2368457118359     
   37.234247842798524       -2809.2368457118359     
   37.238885312949577       -2809.2368457118359     
   37.243522783100630       -2809.2368457118359     
   37.248160253251676       -2809.2368457118359     
   37.252797723402729       -2809.2368457118359     
   37.257435193553782       -2809.2368457118359     
   37.262072663704835       -2809.2368457118359     
   37.266710133855888       -2809.2368457118359     
   37.271347604006941       -2809.2368457118359     
   37.275985074157994       -2809.2368457118359     
   37.280622544309047       -2809.2368457118359     
   37.285260014460100       -2809.2368457118359     
   37.289897484611153       -2809.2368457118359     
   37.294534954762199       -2809.2368457118359     
   37.299172424913252       -2809.2368457118359     
   37.303809895064305       -2809.2368457118359     
   37.308447365215358       -2809.2368457118359     
   37.313084835366411       -2809.2368457118359     
   37.317722305517464       -2809.2368457118359     
   37.322359775668517       -2809.2368457118359     
   37.326997245819570       -2809.2368457118359     
   37.331634715970623       -2809.2368457118359     
   37.336272186121668       -2809.2368457118359     
   37.340909656272721       -2809.2368457118359     
   37.345547126423774       -2809.2368457118359     
   37.350184596574827       -2809.2368457118359     
   37.354822066725880       -2809.2368457118359     
   37.359459536876933       -2809.2368457118359     
   37.364097007027986       -2809.2368457118359     
   37.368734477179039       -2809.2368457118359     
   37.373371947330092       -2809.2368457118359     
   37.378009417481145       -2809.2368457118359     
   37.382646887632191       -2809.2368457118359     
   37.387284357783244       -2809.2368457118359     
   37.391921827934297       -2809.2368457118359     
   37.396559298085350       -2809.2368457118359     
   37.401196768236403       -2809.2368457118359     
   37.405834238387456       -2809.2368457118359     
   37.410471708538509       -2809.2368457118359     
   37.415109178689562       -2809.2368457118359     
   37.419746648840615       -2809.2368457118359     
   37.424384118991668       -2809.2368457118359     
   37.429021589142714       -2809.2368457118359     
   37.433659059293767       -2809.2368457118359     
   37.438296529444820       -2809.2368457118359     
   37.442933999595873       -2809.2368457118359     
   37.447571469746926       -2809.2368457118359     
   37.452208939897979       -2809.2368457118359     
   37.456846410049032       -2809.2368457118359     
   37.461483880200085       -2809.2368457118359     
   37.466121350351138       -2809.2368457118359     
   37.470758820502184       -2809.2368457118359     
   37.475396290653237       -2809.2368457118359     
   37.480033760804289       -2809.2368457118359     
   37.484671230955342       -2809.2368457118359     
   37.489308701106395       -2809.2368457118359     
   37.493946171257448       -2809.2368457118359     
   37.498583641408501       -2809.2368457118359     
   37.503221111559554       -2809.2368457118359     
   37.507858581710607       -2809.2368457118359     
   37.512496051861660       -2809.2368457118359     
   37.517133522012706       -2809.2368457118359     
   37.521770992163759       -2809.2368457118359     
   37.526408462314812       -2809.2368457118359     
   37.531045932465865       -2809.2368457118359     
   37.535683402616918       -2809.2368457118359     
   37.540320872767971       -2809.2368457118359     
   37.544958342919024       -2809.2368457118359     
   37.549595813070077       -2809.2368457118359     
   37.554233283221130       -2809.2368457118359     
   37.558870753372183       -2809.2368457118359     
   37.563508223523229       -2809.2368457118359     
   37.568145693674282       -2809.2368457118359     
   37.572783163825335       -2809.2368457118359     
   37.577420633976388       -2809.2368457118359     
   37.582058104127441       -2809.2368457118359     
   37.586695574278494       -2809.2368457118359     
   37.591333044429547       -2809.2368457118359     
   37.595970514580600       -2809.2368457118359     
   37.600607984731653       -2809.2368457118359     
   37.605245454882706       -2809.2368457118359     
   37.609882925033752       -2809.2368457118359     
   37.614520395184805       -2809.2368457118359     
   37.619157865335858       -2809.2368457118359     
   37.623795335486911       -2809.2368457118359     
   37.628432805637964       -2809.2368457118359     
   37.633070275789017       -2809.2368457118359     
   37.637707745940070       -2809.2368457118359     
   37.642345216091122       -2809.2368457118359     
   37.646982686242175       -2809.2368457118359     
   37.651620156393221       -2809.2368457118359     
   37.656257626544274       -2809.2368457118359     
   37.660895096695327       -2809.2368457118359     
   37.665532566846380       -2809.2368457118359     
   37.670170036997433       -2809.2368457118359     
   37.674807507148486       -2809.2368457118359     
   37.679444977299539       -2809.2368457118359     
   37.684082447450592       -2809.2368457118359     
   37.688719917601645       -2809.2368457118359     
   37.693357387752698       -2809.2368457118359     
   37.697994857903744       -2809.2368457118359     
   37.702632328054797       -2809.2368457118359     
   37.707269798205850       -2809.2368457118359     
   37.711907268356903       -2809.2368457118359     
   37.716544738507956       -2809.2368457118359     
   37.721182208659009       -2809.2368457118359     
   37.725819678810062       -2809.2368457118359     
   37.730457148961115       -2809.2368457118359     
   37.735094619112168       -2809.2368457118359     
   37.739732089263221       -2809.2368457118359     
   37.744369559414267       -2809.2368457118359     
   37.749007029565320       -2809.2368457118359     
   37.753644499716373       -2809.2368457118359     
   37.758281969867426       -2809.2368457118359     
   37.762919440018479       -2809.2368457118359     
   37.767556910169532       -2809.2368457118359     
   37.772194380320585       -2809.2368457118359     
   37.776831850471638       -2809.2368457118359     
   37.781469320622691       -2809.2368457118359     
   37.786106790773744       -2809.2368457118359     
   37.790744260924789       -2809.2368457118359     
   37.795381731075842       -2809.2368457118359     
   37.800019201226895       -2809.2368457118359     
   37.804656671377948       -2809.2368457118359     
   37.809294141529001       -2809.2368457118359     
   37.813931611680054       -2809.2368457118359     
   37.818569081831107       -2809.2368457118359     
   37.823206551982160       -2809.2368457118359     
   37.827844022133213       -2809.2368457118359     
   37.832481492284259       -2809.2368457118359     
   37.837118962435312       -2809.2368457118359     
   37.841756432586365       -2809.2368457118359     
   37.846393902737418       -2809.2368457118359     
   37.851031372888471       -2809.2368457118359     
   37.855668843039524       -2809.2368457118359     
   37.860306313190577       -2809.2368457118359     
   37.864943783341630       -2809.2368457118359     
   37.869581253492683       -2809.2368457118359     
   37.874218723643736       -2809.2368457118359     
   37.878856193794782       -2809.2368457118359     
   37.883493663945835       -2809.2368457118359     
   37.888131134096888       -2809.2368457118359     
   37.892768604247941       -2809.2368457118359     
   37.897406074398994       -2809.2368457118359     
   37.902043544550047       -2809.2368457118359     
   37.906681014701100       -2809.2368457118359     
   37.911318484852153       -2809.2368457118359     
   37.915955955003206       -2809.2368457118359     
   37.920593425154259       -2809.2368457118359     
   37.925230895305305       -2809.2368457118359     
   37.929868365456358       -2809.2368457118359     
   37.934505835607411       -2809.2368457118359     
   37.939143305758463       -2809.2368457118359     
   37.943780775909516       -2809.2368457118359     
   37.948418246060569       -2809.2368457118359     
   37.953055716211622       -2809.2368457118359     
   37.957693186362675       -2809.2368457118359     
   37.962330656513728       -2809.2368457118359     
   37.966968126664781       -2809.2368457118359     
   37.971605596815827       -2809.2368457118359     
   37.976243066966880       -2809.2368457118359     
   37.980880537117933       -2809.2368457118359     
   37.985518007268986       -2809.2368457118359     
   37.990155477420039       -2809.2368457118359     
   37.994792947571092       -2809.2368457118359     
   37.999430417722145       -2809.2368457118359     
   38.004067887873198       -2809.2368457118359     
   38.008705358024251       -2809.2368457118359     
   38.013342828175297       -2809.2368457118359     
   38.017980298326350       -2809.2368457118359     
   38.022617768477403       -2809.2368457118359     
   38.027255238628456       -2809.2368457118359     
   38.031892708779509       -2809.2368457118359     
   38.036530178930562       -2809.2368457118359     
   38.041167649081615       -2809.2368457118359     
   38.045805119232668       -2809.2368457118359     
   38.050442589383721       -2809.2368457118359     
   38.055080059534774       -2809.2368457118359     
   38.059717529685820       -2809.2368457118359     
   38.064354999836873       -2809.2368457118359     
   38.068992469987926       -2809.2368457118359     
   38.073629940138979       -2809.2368457118359     
   38.078267410290032       -2809.2368457118359     
   38.082904880441085       -2809.2368457118359     
   38.087542350592138       -2809.2368457118359     
   38.092179820743191       -2809.2368457118359     
   38.096817290894244       -2809.2368457118359     
   38.101454761045296       -2809.2368457118359     
   38.106092231196342       -2809.2368457118359     
   38.110729701347395       -2809.2368457118359     
   38.115367171498448       -2809.2368457118359     
   38.120004641649501       -2809.2368457118359     
   38.124642111800554       -2809.2368457118359     
   38.129279581951607       -2809.2368457118359     
   38.133917052102660       -2809.2368457118359     
   38.138554522253713       -2809.2368457118359     
   38.143191992404766       -2809.2368457118359     
   38.147829462555819       -2809.2368457118359     
   38.152466932706865       -2809.2368457118359     
   38.157104402857918       -2809.2368457118359     
   38.161741873008971       -2809.2368457118359     
   38.166379343160024       -2809.2368457118359     
   38.171016813311077       -2809.2368457118359     
   38.175654283462130       -2809.2368457118359     
   38.180291753613183       -2809.2368457118359     
   38.184929223764236       -2809.2368457118359     
   38.189566693915289       -2809.2368457118359     
   38.194204164066335       -2809.2368457118359     
   38.198841634217388       -2809.2368457118359     
   38.203479104368441       -2809.2368457118359     
   38.208116574519494       -2809.2368457118359     
   38.212754044670547       -2809.2368457118359     
   38.217391514821600       -2809.2368457118359     
   38.222028984972653       -2809.2368457118359     
   38.226666455123706       -2809.2368457118359     
   38.231303925274759       -2809.2368457118359     
   38.235941395425812       -2809.2368457118359     
   38.240578865576857       -2809.2368457118359     
   38.245216335727910       -2809.2368457118359     
   38.249853805878963       -2809.2368457118359     
   38.254491276030016       -2809.2368457118359     
   38.259128746181069       -2809.2368457118359     
   38.263766216332122       -2809.2368457118359     
   38.268403686483175       -2809.2368457118359     
   38.273041156634228       -2809.2368457118359     
   38.277678626785281       -2809.2368457118359     
   38.282316096936334       -2809.2368457118359     
   38.286953567087380       -2809.2368457118359     
   38.291591037238433       -2809.2368457118359     
   38.296228507389486       -2809.2368457118359     
   38.300865977540539       -2809.2368457118359     
   38.305503447691592       -2809.2368457118359     
   38.310140917842645       -2809.2368457118359     
   38.314778387993698       -2809.2368457118359     
   38.319415858144751       -2809.2368457118359     
   38.324053328295804       -2809.2368457118359     
   38.328690798446857       -2809.2368457118359     
   38.333328268597903       -2809.2368457118359     
   38.337965738748956       -2809.2368457118359     
   38.342603208900009       -2809.2368457118359     
   38.347240679051062       -2809.2368457118359     
   38.351878149202115       -2809.2368457118359     
   38.356515619353168       -2809.2368457118359     
   38.361153089504221       -2809.2368457118359     
   38.365790559655274       -2809.2368457118359     
   38.370428029806327       -2809.2368457118359     
   38.375065499957373       -2809.2368457118359     
   38.379702970108426       -2809.2368457118359     
   38.384340440259479       -2809.2368457118359     
   38.388977910410532       -2809.2368457118359     
   38.393615380561585       -2809.2368457118359     
   38.398252850712637       -2809.2368457118359     
   38.402890320863690       -2809.2368457118359     
   38.407527791014743       -2809.2368457118359     
   38.412165261165796       -2809.2368457118359     
   38.416802731316849       -2809.2368457118359     
   38.421440201467895       -2809.2368457118359     
   38.426077671618948       -2809.2368457118359     
   38.430715141770001       -2809.2368457118359     
   38.435352611921054       -2809.2368457118359     
   38.439990082072107       -2809.2368457118359     
   38.444627552223160       -2809.2368457118359     
   38.449265022374213       -2809.2368457118359     
   38.453902492525266       -2809.2368457118359     
   38.458539962676319       -2809.2368457118359     
   38.463177432827372       -2809.2368457118359     
   38.467814902978418       -2809.2368457118359     
   38.472452373129471       -2809.2368457118359     
   38.477089843280524       -2809.2368457118359     
   38.481727313431577       -2809.2368457118359     
   38.486364783582630       -2809.2368457118359     
   38.491002253733683       -2809.2368457118359     
   38.495639723884736       -2809.2368457118359     
   38.500277194035789       -2809.2368457118359     
   38.504914664186842       -2809.2368457118359     
   38.509552134337895       -2809.2368457118359     
   38.514189604488941       -2809.2368457118359     
   38.518827074639994       -2809.2368457118359     
   38.523464544791047       -2809.2368457118359     
   38.528102014942100       -2809.2368457118359     
   38.532739485093153       -2809.2368457118359     
   38.537376955244206       -2809.2368457118359     
   38.542014425395259       -2809.2368457118359     
   38.546651895546312       -2809.2368457118359     
   38.551289365697365       -2809.2368457118359     
   38.555926835848410       -2809.2368457118359     
   38.560564305999463       -2809.2368457118359     
   38.565201776150516       -2809.2368457118359     
   38.569839246301569       -2809.2368457118359     
   38.574476716452622       -2809.2368457118359     
   38.579114186603675       -2809.2368457118359     
   38.583751656754728       -2809.2368457118359     
   38.588389126905781       -2809.2368457118359     
   38.593026597056834       -2809.2368457118359     
   38.597664067207887       -2809.2368457118359     
   38.602301537358933       -2809.2368457118359     
   38.606939007509986       -2809.2368457118359     
   38.611576477661039       -2809.2368457118359     
   38.616213947812092       -2809.2368457118359     
   38.620851417963145       -2809.2368457118359     
   38.625488888114198       -2809.2368457118359     
   38.630126358265251       -2809.2368457118359     
   38.634763828416304       -2809.2368457118359     
   38.639401298567357       -2809.2368457118359     
   38.644038768718410       -2809.2368457118359     
   38.648676238869456       -2809.2368457118359     
   38.653313709020509       -2809.2368457118359     
   38.657951179171562       -2809.2368457118359     
   38.662588649322615       -2809.2368457118359     
   38.667226119473668       -2809.2368457118359     
   38.671863589624721       -2809.2368457118359     
   38.676501059775774       -2809.2368457118359     
   38.681138529926827       -2809.2368457118359     
   38.685776000077880       -2809.2368457118359     
   38.690413470228926       -2809.2368457118359     
   38.695050940379978       -2809.2368457118359     
   38.699688410531031       -2809.2368457118359     
   38.704325880682084       -2809.2368457118359     
   38.708963350833137       -2809.2368457118359     
   38.713600820984190       -2809.2368457118359     
   38.718238291135243       -2809.2368457118359     
   38.722875761286296       -2809.2368457118359     
   38.727513231437349       -2809.2368457118359     
   38.732150701588402       -2809.2368457118359     
   38.736788171739448       -2809.2368457118359     
   38.741425641890501       -2809.2368457118359     
   38.746063112041554       -2809.2368457118359     
   38.750700582192607       -2809.2368457118359     
   38.755338052343660       -2809.2368457118359     
   38.759975522494713       -2809.2368457118359     
   38.764612992645766       -2809.2368457118359     
   38.769250462796819       -2809.2368457118359     
   38.773887932947872       -2809.2368457118359     
   38.778525403098925       -2809.2368457118359     
   38.783162873249971       -2809.2368457118359     
   38.787800343401024       -2809.2368457118359     
   38.792437813552077       -2809.2368457118359     
   38.797075283703130       -2809.2368457118359     
   38.801712753854183       -2809.2368457118359     
   38.806350224005236       -2809.2368457118359     
   38.810987694156289       -2809.2368457118359     
   38.815625164307342       -2809.2368457118359     
   38.820262634458395       -2809.2368457118359     
   38.824900104609448       -2809.2368457118359     
   38.829537574760494       -2809.2368457118359     
   38.834175044911547       -2809.2368457118359     
   38.838812515062600       -2809.2368457118359     
   38.843449985213653       -2809.2368457118359     
   38.848087455364706       -2809.2368457118359     
   38.852724925515759       -2809.2368457118359     
   38.857362395666811       -2809.2368457118359     
   38.861999865817864       -2809.2368457118359     
   38.866637335968917       -2809.2368457118359     
   38.871274806119963       -2809.2368457118359     
   38.875912276271016       -2809.2368457118359     
   38.880549746422069       -2809.2368457118359     
   38.885187216573122       -2809.2368457118359     
   38.889824686724175       -2809.2368457118359     
   38.894462156875228       -2809.2368457118359     
   38.899099627026281       -2809.2368457118359     
   38.903737097177334       -2809.2368457118359     
   38.908374567328387       -2809.2368457118359     
   38.913012037479440       -2809.2368457118359     
   38.917649507630486       -2809.2368457118359     
   38.922286977781539       -2809.2368457118359     
   38.926924447932592       -2809.2368457118359     
   38.931561918083645       -2809.2368457118359     
   38.936199388234698       -2809.2368457118359     
   38.940836858385751       -2809.2368457118359     
   38.945474328536804       -2809.2368457118359     
   38.950111798687857       -2809.2368457118359     
   38.954749268838910       -2809.2368457118359     
   38.959386738989963       -2809.2368457118359     
   38.964024209141009       -2809.2368457118359     
   38.968661679292062       -2809.2368457118359     
   38.973299149443115       -2809.2368457118359     
   38.977936619594168       -2809.2368457118359     
   38.982574089745221       -2809.2368457118359     
   38.987211559896274       -2809.2368457118359     
   38.991849030047327       -2809.2368457118359     
   38.996486500198380       -2809.2368457118359     
   39.001123970349433       -2809.2368457118359     
   39.005761440500486       -2809.2368457118359     
   39.010398910651531       -2809.2368457118359     
   39.015036380802584       -2809.2368457118359     
   39.019673850953637       -2809.2368457118359     
   39.024311321104690       -2809.2368457118359     
   39.028948791255743       -2809.2368457118359     
   39.033586261406796       -2809.2368457118359     
   39.038223731557849       -2809.2368457118359     
   39.042861201708902       -2809.2368457118359     
   39.047498671859955       -2809.2368457118359     
   39.052136142011001       -2809.2368457118359     
   39.056773612162054       -2809.2368457118359     
   39.061411082313107       -2809.2368457118359     
   39.066048552464160       -2809.2368457118359     
   39.070686022615213       -2809.2368457118359     
   39.075323492766266       -2809.2368457118359     
   39.079960962917319       -2809.2368457118359     
   39.084598433068372       -2809.2368457118359     
   39.089235903219425       -2809.2368457118359     
   39.093873373370478       -2809.2368457118359     
   39.098510843521524       -2809.2368457118359     
   39.103148313672577       -2809.2368457118359     
   39.107785783823630       -2809.2368457118359     
   39.112423253974683       -2809.2368457118359     
   39.117060724125736       -2809.2368457118359     
   39.121698194276789       -2809.2368457118359     
   39.126335664427842       -2809.2368457118359     
   39.130973134578895       -2809.2368457118359     
   39.135610604729948       -2809.2368457118359     
   39.140248074881001       -2809.2368457118359     
   39.144885545032047       -2809.2368457118359     
   39.149523015183100       -2809.2368457118359     
   39.154160485334152       -2809.2368457118359     
   39.158797955485205       -2809.2368457118359     
   39.163435425636258       -2809.2368457118359     
   39.168072895787311       -2809.2368457118359     
   39.172710365938364       -2809.2368457118359     
   39.177347836089417       -2809.2368457118359     
   39.181985306240470       -2809.2368457118359     
   39.186622776391523       -2809.2368457118359     
   39.191260246542569       -2809.2368457118359     
   39.195897716693622       -2809.2368457118359     
   39.200535186844675       -2809.2368457118359     
   39.205172656995728       -2809.2368457118359     
   39.209810127146781       -2809.2368457118359     
   39.214447597297834       -2809.2368457118359     
   39.219085067448887       -2809.2368457118359     
   39.223722537599940       -2809.2368457118359     
   39.228360007750993       -2809.2368457118359     
   39.232997477902039       -2809.2368457118359     
   39.237634948053092       -2809.2368457118359     
   39.242272418204145       -2809.2368457118359     
   39.246909888355198       -2809.2368457118359     
   39.251547358506251       -2809.2368457118359     
   39.256184828657304       -2809.2368457118359     
   39.260822298808357       -2809.2368457118359     
   39.265459768959410       -2809.2368457118359     
   39.270097239110463       -2809.2368457118359     
   39.274734709261516       -2809.2368457118359     
   39.279372179412562       -2809.2368457118359     
   39.284009649563615       -2809.2368457118359     
   39.288647119714668       -2809.2368457118359     
   39.293284589865721       -2809.2368457118359     
   39.297922060016774       -2809.2368457118359     
   39.302559530167827       -2809.2368457118359     
   39.307197000318880       -2809.2368457118359     
   39.311834470469933       -2809.2368457118359     
   39.316471940620985       -2809.2368457118359     
   39.321109410772038       -2809.2368457118359     
   39.325746880923084       -2809.2368457118359     
   39.330384351074137       -2809.2368457118359     
   39.335021821225190       -2809.2368457118359     
   39.339659291376243       -2809.2368457118359     
   39.344296761527296       -2809.2368457118359     
   39.348934231678349       -2809.2368457118359     
   39.353571701829402       -2809.2368457118359     
   39.358209171980455       -2809.2368457118359     
   39.362846642131508       -2809.2368457118359     
   39.367484112282561       -2809.2368457118359     
   39.372121582433607       -2809.2368457118359     
   39.376759052584660       -2809.2368457118359     
   39.381396522735713       -2809.2368457118359     
   39.386033992886766       -2809.2368457118359     
   39.390671463037819       -2809.2368457118359     
   39.395308933188872       -2809.2368457118359     
   39.399946403339925       -2809.2368457118359     
   39.404583873490978       -2809.2368457118359     
   39.409221343642031       -2809.2368457118359     
   39.413858813793077       -2809.2368457118359     
   39.418496283944130       -2809.2368457118359     
   39.423133754095183       -2809.2368457118359     
   39.427771224246236       -2809.2368457118359     
   39.432408694397289       -2809.2368457118359     
   39.437046164548342       -2809.2368457118359     
   39.441683634699395       -2809.2368457118359     
   39.446321104850448       -2809.2368457118359     
   39.450958575001501       -2809.2368457118359     
   39.455596045152554       -2809.2368457118359     
   39.460233515303599       -2809.2368457118359     
   39.464870985454652       -2809.2368457118359     
   39.469508455605705       -2809.2368457118359     
   39.474145925756758       -2809.2368457118359     
   39.478783395907811       -2809.2368457118359     
   39.483420866058864       -2809.2368457118359     
   39.488058336209917       -2809.2368457118359     
   39.492695806360970       -2809.2368457118359     
   39.497333276512023       -2809.2368457118359     
   39.501970746663076       -2809.2368457118359     
   39.506608216814122       -2809.2368457118359     
   39.511245686965175       -2809.2368457118359     
   39.515883157116228       -2809.2368457118359     
   39.520520627267281       -2809.2368457118359     
   39.525158097418334       -2809.2368457118359     
   39.529795567569387       -2809.2368457118359     
   39.534433037720440       -2809.2368457118359     
   39.539070507871493       -2809.2368457118359     
   39.543707978022546       -2809.2368457118359     
   39.548345448173599       -2809.2368457118359     
   39.552982918324645       -2809.2368457118359     
   39.557620388475698       -2809.2368457118359     
   39.562257858626751       -2809.2368457118359     
   39.566895328777804       -2809.2368457118359     
   39.571532798928857       -2809.2368457118359     
   39.576170269079910       -2809.2368457118359     
   39.580807739230963       -2809.2368457118359     
   39.585445209382016       -2809.2368457118359     
   39.590082679533069       -2809.2368457118359     
   39.594720149684115       -2809.2368457118359     
   39.599357619835168       -2809.2368457118359     
   39.603995089986221       -2809.2368457118359     
   39.608632560137274       -2809.2368457118359     
   39.613270030288326       -2809.2368457118359     
   39.617907500439379       -2809.2368457118359     
   39.622544970590432       -2809.2368457118359     
   39.627182440741485       -2809.2368457118359     
   39.631819910892538       -2809.2368457118359     
   39.636457381043591       -2809.2368457118359     
   39.641094851194637       -2809.2368457118359     
   39.645732321345690       -2809.2368457118359     
   39.650369791496743       -2809.2368457118359     
   39.655007261647796       -2809.2368457118359     
   39.659644731798849       -2809.2368457118359     
   39.664282201949902       -2809.2368457118359     
   39.668919672100955       -2809.2368457118359     
   39.673557142252008       -2809.2368457118359     
   39.678194612403061       -2809.2368457118359     
   39.682832082554114       -2809.2368457118359     
   39.687469552705160       -2809.2368457118359     
   39.692107022856213       -2809.2368457118359     
   39.696744493007266       -2809.2368457118359     
   39.701381963158319       -2809.2368457118359     
   39.706019433309372       -2809.2368457118359     
   39.710656903460425       -2809.2368457118359     
   39.715294373611478       -2809.2368457118359     
   39.719931843762531       -2809.2368457118359     
   39.724569313913584       -2809.2368457118359     
   39.729206784064637       -2809.2368457118359     
   39.733844254215683       -2809.2368457118359     
   39.738481724366736       -2809.2368457118359     
   39.743119194517789       -2809.2368457118359     
   39.747756664668842       -2809.2368457118359     
   39.752394134819895       -2809.2368457118359     
   39.757031604970948       -2809.2368457118359     
   39.761669075122001       -2809.2368457118359     
   39.766306545273054       -2809.2368457118359     
   39.770944015424107       -2809.2368457118359     
   39.775581485575152       -2809.2368457118359     
   39.780218955726205       -2809.2368457118359     
   39.784856425877258       -2809.2368457118359     
   39.789493896028311       -2809.2368457118359     
   39.794131366179364       -2809.2368457118359     
   39.798768836330417       -2809.2368457118359     
   39.803406306481470       -2809.2368457118359     
   39.808043776632523       -2809.2368457118359     
   39.812681246783576       -2809.2368457118359     
   39.817318716934629       -2809.2368457118359     
   39.821956187085675       -2809.2368457118359     
   39.826593657236728       -2809.2368457118359     
   39.831231127387781       -2809.2368457118359     
   39.835868597538834       -2809.2368457118359     
   39.840506067689887       -2809.2368457118359     
   39.845143537840940       -2809.2368457118359     
   39.849781007991993       -2809.2368457118359     
   39.854418478143046       -2809.2368457118359     
   39.859055948294099       -2809.2368457118359     
   39.863693418445152       -2809.2368457118359     
   39.868330888596198       -2809.2368457118359     
   39.872968358747251       -2809.2368457118359     
   39.877605828898304       -2809.2368457118359     
   39.882243299049357       -2809.2368457118359     
   39.886880769200410       -2809.2368457118359     
   39.891518239351463       -2809.2368457118359     
   39.896155709502516       -2809.2368457118359     
   39.900793179653569       -2809.2368457118359     
   39.905430649804622       -2809.2368457118359     
   39.910068119955667       -2809.2368457118359     
   39.914705590106720       -2809.2368457118359     
   39.919343060257773       -2809.2368457118359     
   39.923980530408826       -2809.2368457118359     
   39.928618000559879       -2809.2368457118359     
   39.933255470710932       -2809.2368457118359     
   39.937892940861985       -2809.2368457118359     
   39.942530411013038       -2809.2368457118359     
   39.947167881164091       -2809.2368457118359     
   39.951805351315144       -2809.2368457118359     
   39.956442821466190       -2809.2368457118359     
   39.961080291617243       -2809.2368457118359     
   39.965717761768296       -2809.2368457118359     
   39.970355231919349       -2809.2368457118359     
   39.974992702070402       -2809.2368457118359     
   39.979630172221455       -2809.2368457118359     
   39.984267642372508       -2809.2368457118359     
   39.988905112523561       -2809.2368457118359     
   39.993542582674614       -2809.2368457118359     
   39.998180052825667       -2809.2368457118359     
   40.002817522976713       -2809.2368457118359     
   40.007454993127766       -2809.2368457118359     
   40.012092463278819       -2809.2368457118359     
   40.016729933429872       -2809.2368457118359     
   40.021367403580925       -2809.2368457118359     
   40.026004873731978       -2809.2368457118359     
   40.030642343883031       -2809.2368457118359     
   40.035279814034084       -2809.2368457118359     
   40.039917284185137       -2809.2368457118359     
   40.044554754336190       -2809.2368457118359     
   40.049192224487236       -2809.2368457118359     
   40.053829694638289       -2809.2368457118359     
   40.058467164789342       -2809.2368457118359     
   40.063104634940395       -2809.2368457118359     
   40.067742105091448       -2809.2368457118359     
   40.072379575242500       -2809.2368457118359     
   40.077017045393553       -2809.2368457118359     
   40.081654515544606       -2809.2368457118359     
   40.086291985695659       -2809.2368457118359     
   40.090929455846705       -2809.2368457118359     
   40.095566925997758       -2809.2368457118359     
   40.100204396148811       -2809.2368457118359     
   40.104841866299864       -2809.2368457118359     
   40.109479336450917       -2809.2368457118359     
   40.114116806601970       -2809.2368457118359     
   40.118754276753023       -2809.2368457118359     
   40.123391746904076       -2809.2368457118359     
   40.128029217055129       -2809.2368457118359     
   40.132666687206182       -2809.2368457118359     
   40.137304157357228       -2809.2368457118359     
   40.141941627508281       -2809.2368457118359     
   40.146579097659334       -2809.2368457118359     
   40.151216567810387       -2809.2368457118359     
   40.155854037961440       -2809.2368457118359     
   40.160491508112493       -2809.2368457118359     
   40.165128978263546       -2809.2368457118359     
   40.169766448414599       -2809.2368457118359     
   40.174403918565652       -2809.2368457118359     
   40.179041388716705       -2809.2368457118359     
   40.183678858867751       -2809.2368457118359     
   40.188316329018804       -2809.2368457118359     
   40.192953799169857       -2809.2368457118359     
   40.197591269320910       -2809.2368457118359     
   40.202228739471963       -2809.2368457118359     
   40.206866209623016       -2809.2368457118359     
   40.211503679774069       -2809.2368457118359     
   40.216141149925122       -2809.2368457118359     
   40.220778620076175       -2809.2368457118359     
   40.225416090227228       -2809.2368457118359     
   40.230053560378273       -2809.2368457118359     
   40.234691030529326       -2809.2368457118359     
   40.239328500680379       -2809.2368457118359     
   40.243965970831432       -2809.2368457118359     
   40.248603440982485       -2809.2368457118359     
   40.253240911133538       -2809.2368457118359     
   40.257878381284591       -2809.2368457118359     
   40.262515851435644       -2809.2368457118359     
   40.267153321586697       -2809.2368457118359     
   40.271790791737743       -2809.2368457118359     
   40.276428261888796       -2809.2368457118359     
   40.281065732039849       -2809.2368457118359     
   40.285703202190902       -2809.2368457118359     
   40.290340672341955       -2809.2368457118359     
   40.294978142493008       -2809.2368457118359     
   40.299615612644061       -2809.2368457118359     
   40.304253082795114       -2809.2368457118359     
   40.308890552946167       -2809.2368457118359     
   40.313528023097220       -2809.2368457118359     
   40.318165493248266       -2809.2368457118359     
   40.322802963399319       -2809.2368457118359     
   40.327440433550372       -2809.2368457118359     
   40.332077903701425       -2809.2368457118359     
   40.336715373852478       -2809.2368457118359     
   40.341352844003531       -2809.2368457118359     
   40.345990314154584       -2809.2368457118359     
   40.350627784305637       -2809.2368457118359     
   40.355265254456690       -2809.2368457118359     
   40.359902724607743       -2809.2368457118359     
   40.364540194758789       -2809.2368457118359     
   40.369177664909841       -2809.2368457118359     
   40.373815135060894       -2809.2368457118359     
   40.378452605211947       -2809.2368457118359     
   40.383090075363000       -2809.2368457118359     
   40.387727545514053       -2809.2368457118359     
   40.392365015665106       -2809.2368457118359     
   40.397002485816159       -2809.2368457118359     
   40.401639955967212       -2809.2368457118359     
   40.406277426118265       -2809.2368457118359     
   40.410914896269311       -2809.2368457118359     
   40.415552366420364       -2809.2368457118359     
   40.420189836571417       -2809.2368457118359     
   40.424827306722470       -2809.2368457118359     
   40.429464776873523       -2809.2368457118359     
   40.434102247024576       -2809.2368457118359     
   40.438739717175629       -2809.2368457118359     
   40.443377187326682       -2809.2368457118359     
   40.448014657477735       -2809.2368457118359     
   40.452652127628781       -2809.2368457118359     
   40.457289597779834       -2809.2368457118359     
   40.461927067930887       -2809.2368457118359     
   40.466564538081940       -2809.2368457118359     
   40.471202008232993       -2809.2368457118359     
   40.475839478384046       -2809.2368457118359     
   40.480476948535099       -2809.2368457118359     
   40.485114418686152       -2809.2368457118359     
   40.489751888837205       -2809.2368457118359     
   40.494389358988258       -2809.2368457118359     
   40.499026829139304       -2809.2368457118359     
   40.503664299290357       -2809.2368457118359     
   40.508301769441410       -2809.2368457118359     
   40.512939239592463       -2809.2368457118359     
   40.517576709743516       -2809.2368457118359     
   40.522214179894569       -2809.2368457118359     
   40.526851650045622       -2809.2368457118359     
   40.531489120196674       -2809.2368457118359     
   40.536126590347727       -2809.2368457118359     
   40.540764060498780       -2809.2368457118359     
   40.545401530649826       -2809.2368457118359     
   40.550039000800879       -2809.2368457118359     
   40.554676470951932       -2809.2368457118359     
   40.559313941102985       -2809.2368457118359     
   40.563951411254038       -2809.2368457118359     
   40.568588881405091       -2809.2368457118359     
   40.573226351556144       -2809.2368457118359     
   40.577863821707197       -2809.2368457118359     
   40.582501291858250       -2809.2368457118359     
   40.587138762009303       -2809.2368457118359     
   40.591776232160349       -2809.2368457118359     
   40.596413702311402       -2809.2368457118359     
   40.601051172462455       -2809.2368457118359     
   40.605688642613508       -2809.2368457118359     
   40.610326112764561       -2809.2368457118359     
   40.614963582915614       -2809.2368457118359     
   40.619601053066667       -2809.2368457118359     
   40.624238523217720       -2809.2368457118359     
   40.628875993368773       -2809.2368457118359     
   40.633513463519819       -2809.2368457118359     
   40.638150933670872       -2809.2368457118359     
   40.642788403821925       -2809.2368457118359     
   40.647425873972978       -2809.2368457118359     
   40.652063344124031       -2809.2368457118359     
   40.656700814275084       -2809.2368457118359     
   40.661338284426137       -2809.2368457118359     
   40.665975754577190       -2809.2368457118359     
   40.670613224728243       -2809.2368457118359     
   40.675250694879296       -2809.2368457118359     
   40.679888165030341       -2809.2368457118359     
   40.684525635181394       -2809.2368457118359     
   40.689163105332447       -2809.2368457118359     
   40.693800575483500       -2809.2368457118359     
   40.698438045634553       -2809.2368457118359     
   40.703075515785606       -2809.2368457118359     
   40.707712985936659       -2809.2368457118359     
   40.712350456087712       -2809.2368457118359     
   40.716987926238765       -2809.2368457118359     
   40.721625396389818       -2809.2368457118359     
   40.726262866540864       -2809.2368457118359     
   40.730900336691917       -2809.2368457118359     
   40.735537806842970       -2809.2368457118359     
   40.740175276994023       -2809.2368457118359     
   40.744812747145076       -2809.2368457118359     
   40.749450217296129       -2809.2368457118359     
   40.754087687447182       -2809.2368457118359     
   40.758725157598235       -2809.2368457118359     
   40.763362627749288       -2809.2368457118359     
   40.768000097900341       -2809.2368457118359     
   40.772637568051387       -2809.2368457118359     
   40.777275038202440       -2809.2368457118359     
   40.781912508353493       -2809.2368457118359     
   40.786549978504546       -2809.2368457118359     
   40.791187448655599       -2809.2368457118359     
   40.795824918806652       -2809.2368457118359     
   40.800462388957705       -2809.2368457118359     
   40.805099859108758       -2809.2368457118359     
   40.809737329259811       -2809.2368457118359     
   40.814374799410857       -2809.2368457118359     
   40.819012269561910       -2809.2368457118359     
   40.823649739712963       -2809.2368457118359     
   40.828287209864015       -2809.2368457118359     
   40.832924680015068       -2809.2368457118359     
   40.837562150166121       -2809.2368457118359     
   40.842199620317174       -2809.2368457118359     
   40.846837090468227       -2809.2368457118359     
   40.851474560619280       -2809.2368457118359     
   40.856112030770333       -2809.2368457118359     
   40.860749500921379       -2809.2368457118359     
   40.865386971072432       -2809.2368457118359     
   40.870024441223485       -2809.2368457118359     
   40.874661911374538       -2809.2368457118359     
   40.879299381525591       -2809.2368457118359     
   40.883936851676644       -2809.2368457118359     
   40.888574321827697       -2809.2368457118359     
   40.893211791978750       -2809.2368457118359     
   40.897849262129803       -2809.2368457118359     
   40.902486732280856       -2809.2368457118359     
   40.907124202431902       -2809.2368457118359     
   40.911761672582955       -2809.2368457118359     
   40.916399142734008       -2809.2368457118359     
   40.921036612885061       -2809.2368457118359     
   40.925674083036114       -2809.2368457118359     
   40.930311553187167       -2809.2368457118359     
   40.934949023338220       -2809.2368457118359     
   40.939586493489273       -2809.2368457118359     
   40.944223963640326       -2809.2368457118359     
   40.948861433791379       -2809.2368457118359     
   40.953498903942425       -2809.2368457118359     
   40.958136374093478       -2809.2368457118359     
   40.962773844244531       -2809.2368457118359     
   40.967411314395584       -2809.2368457118359     
   40.972048784546637       -2809.2368457118359     
   40.976686254697690       -2809.2368457118359     
   40.981323724848743       -2809.2368457118359     
   40.985961194999796       -2809.2368457118359     
   40.990598665150848       -2809.2368457118359     
   40.995236135301894       -2809.2368457118359     
   40.999873605452947       -2809.2368457118359     
   41.004511075604000       -2809.2368457118359     
   41.009148545755053       -2809.2368457118359     
   41.013786015906106       -2809.2368457118359     
   41.018423486057159       -2809.2368457118359     
   41.023060956208212       -2809.2368457118359     
   41.027698426359265       -2809.2368457118359     
   41.032335896510318       -2809.2368457118359     
   41.036973366661371       -2809.2368457118359     
   41.041610836812417       -2809.2368457118359     
   41.046248306963470       -2809.2368457118359     
   41.050885777114523       -2809.2368457118359     
   41.055523247265576       -2809.2368457118359     
   41.060160717416629       -2809.2368457118359     
   41.064798187567682       -2809.2368457118359     
   41.069435657718735       -2809.2368457118359     
   41.074073127869788       -2809.2368457118359     
   41.078710598020841       -2809.2368457118359     
   41.083348068171894       -2809.2368457118359     
   41.087985538322940       -2809.2368457118359     
   41.092623008473993       -2809.2368457118359     
   41.097260478625046       -2809.2368457118359     
   41.101897948776099       -2809.2368457118359     
   41.106535418927152       -2809.2368457118359     
   41.111172889078205       -2809.2368457118359     
   41.115810359229258       -2809.2368457118359     
   41.120447829380311       -2809.2368457118359     
   41.125085299531364       -2809.2368457118359     
   41.129722769682409       -2809.2368457118359     
   41.134360239833462       -2809.2368457118359     
   41.138997709984515       -2809.2368457118359     
   41.143635180135568       -2809.2368457118359     
   41.148272650286621       -2809.2368457118359     
   41.152910120437674       -2809.2368457118359     
   41.157547590588727       -2809.2368457118359     
   41.162185060739780       -2809.2368457118359     
   41.166822530890833       -2809.2368457118359     
   41.171460001041886       -2809.2368457118359     
   41.176097471192932       -2809.2368457118359     
   41.180734941343985       -2809.2368457118359     
   41.185372411495038       -2809.2368457118359     
   41.190009881646091       -2809.2368457118359     
   41.194647351797144       -2809.2368457118359     
   41.199284821948197       -2809.2368457118359     
   41.203922292099250       -2809.2368457118359     
   41.208559762250303       -2809.2368457118359     
   41.213197232401356       -2809.2368457118359     
   41.217834702552409       -2809.2368457118359     
   41.222472172703455       -2809.2368457118359     
   41.227109642854508       -2809.2368457118359     
   41.231747113005561       -2809.2368457118359     
   41.236384583156614       -2809.2368457118359     
   41.241022053307667       -2809.2368457118359     
   41.245659523458720       -2809.2368457118359     
   41.250296993609773       -2809.2368457118359     
   41.254934463760826       -2809.2368457118359     
   41.259571933911879       -2809.2368457118359     
   41.264209404062932       -2809.2368457118359     
   41.268846874213978       -2809.2368457118359     
   41.273484344365031       -2809.2368457118359     
   41.278121814516084       -2809.2368457118359     
   41.282759284667137       -2809.2368457118359     
   41.287396754818189       -2809.2368457118359     
   41.292034224969242       -2809.2368457118359     
   41.296671695120295       -2809.2368457118359     
   41.301309165271348       -2809.2368457118359     
   41.305946635422401       -2809.2368457118359     
   41.310584105573447       -2809.2368457118359     
   41.315221575724500       -2809.2368457118359     
   41.319859045875553       -2809.2368457118359     
   41.324496516026606       -2809.2368457118359     
   41.329133986177659       -2809.2368457118359     
   41.333771456328712       -2809.2368457118359     
   41.338408926479765       -2809.2368457118359     
   41.343046396630818       -2809.2368457118359     
   41.347683866781871       -2809.2368457118359     
   41.352321336932924       -2809.2368457118359     
   41.356958807083970       -2809.2368457118359     
   41.361596277235023       -2809.2368457118359     
   41.366233747386076       -2809.2368457118359     
   41.370871217537129       -2809.2368457118359     
   41.375508687688182       -2809.2368457118359     
   41.380146157839235       -2809.2368457118359     
   41.384783627990288       -2809.2368457118359     
   41.389421098141341       -2809.2368457118359     
   41.394058568292394       -2809.2368457118359     
   41.398696038443447       -2809.2368457118359     
   41.403333508594493       -2809.2368457118359     
   41.407970978745546       -2809.2368457118359     
   41.412608448896599       -2809.2368457118359     
   41.417245919047652       -2809.2368457118359     
   41.421883389198705       -2809.2368457118359     
   41.426520859349758       -2809.2368457118359     
   41.431158329500811       -2809.2368457118359     
   41.435795799651864       -2809.2368457118359     
   41.440433269802917       -2809.2368457118359     
   41.445070739953970       -2809.2368457118359     
   41.449708210105015       -2809.2368457118359     
   41.454345680256068       -2809.2368457118359     
   41.458983150407121       -2809.2368457118359     
   41.463620620558174       -2809.2368457118359     
   41.468258090709227       -2809.2368457118359     
   41.472895560860280       -2809.2368457118359     
   41.477533031011333       -2809.2368457118359     
   41.482170501162386       -2809.2368457118359     
   41.486807971313439       -2809.2368457118359     
   41.491445441464485       -2809.2368457118359     
   41.496082911615538       -2809.2368457118359     
   41.500720381766591       -2809.2368457118359     
   41.505357851917644       -2809.2368457118359     
   41.509995322068697       -2809.2368457118359     
   41.514632792219750       -2809.2368457118359     
   41.519270262370803       -2809.2368457118359     
   41.523907732521856       -2809.2368457118359     
   41.528545202672909       -2809.2368457118359     
   41.533182672823962       -2809.2368457118359     
   41.537820142975008       -2809.2368457118359     
   41.542457613126061       -2809.2368457118359     
   41.547095083277114       -2809.2368457118359     
   41.551732553428167       -2809.2368457118359     
   41.556370023579220       -2809.2368457118359     
   41.561007493730273       -2809.2368457118359     
   41.565644963881326       -2809.2368457118359     
   41.570282434032379       -2809.2368457118359     
   41.574919904183432       -2809.2368457118359     
   41.579557374334485       -2809.2368457118359     
   41.584194844485530       -2809.2368457118359     
   41.588832314636583       -2809.2368457118359     
   41.593469784787636       -2809.2368457118359     
   41.598107254938689       -2809.2368457118359     
   41.602744725089742       -2809.2368457118359     
   41.607382195240795       -2809.2368457118359     
   41.612019665391848       -2809.2368457118359     
   41.616657135542901       -2809.2368457118359     
   41.621294605693954       -2809.2368457118359     
   41.625932075845007       -2809.2368457118359     
   41.630569545996053       -2809.2368457118359     
   41.635207016147106       -2809.2368457118359     
   41.639844486298159       -2809.2368457118359     
   41.644481956449212       -2809.2368457118359     
   41.649119426600265       -2809.2368457118359     
   41.653756896751318       -2809.2368457118359     
   41.658394366902371       -2809.2368457118359     
   41.663031837053424       -2809.2368457118359     
   41.667669307204477       -2809.2368457118359     
   41.672306777355523       -2809.2368457118359     
   41.676944247506576       -2809.2368457118359     
   41.681581717657629       -2809.2368457118359     
   41.686219187808682       -2809.2368457118359     
   41.690856657959735       -2809.2368457118359     
   41.695494128110788       -2809.2368457118359     
   41.700131598261841       -2809.2368457118359     
   41.704769068412894       -2809.2368457118359     
   41.709406538563947       -2809.2368457118359     
   41.714044008715000       -2809.2368457118359     
   41.718681478866046       -2809.2368457118359     
   41.723318949017099       -2809.2368457118359     
   41.727956419168152       -2809.2368457118359     
   41.732593889319205       -2809.2368457118359     
   41.737231359470258       -2809.2368457118359     
   41.741868829621311       -2809.2368457118359     
   41.746506299772363       -2809.2368457118359     
   41.751143769923416       -2809.2368457118359     
   41.755781240074469       -2809.2368457118359     
   41.760418710225522       -2809.2368457118359     
   41.765056180376568       -2809.2368457118359     
   41.769693650527621       -2809.2368457118359     
   41.774331120678674       -2809.2368457118359     
   41.778968590829727       -2809.2368457118359     
   41.783606060980780       -2809.2368457118359     
   41.788243531131833       -2809.2368457118359     
   41.792881001282886       -2809.2368457118359     
   41.797518471433939       -2809.2368457118359     
   41.802155941584992       -2809.2368457118359     
   41.806793411736045       -2809.2368457118359     
   41.811430881887091       -2809.2368457118359     
   41.816068352038144       -2809.2368457118359     
   41.820705822189197       -2809.2368457118359     
   41.825343292340250       -2809.2368457118359     
   41.829980762491303       -2809.2368457118359     
   41.834618232642356       -2809.2368457118359     
   41.839255702793409       -2809.2368457118359     
   41.843893172944462       -2809.2368457118359     
   41.848530643095515       -2809.2368457118359     
   41.853168113246561       -2809.2368457118359     
   41.857805583397614       -2809.2368457118359     
   41.862443053548667       -2809.2368457118359     
   41.867080523699720       -2809.2368457118359     
   41.871717993850773       -2809.2368457118359     
   41.876355464001826       -2809.2368457118359     
   41.880992934152879       -2809.2368457118359     
   41.885630404303932       -2809.2368457118359     
   41.890267874454985       -2809.2368457118359     
   41.894905344606038       -2809.2368457118359     
   41.899542814757083       -2809.2368457118359     
   41.904180284908136       -2809.2368457118359     
   41.908817755059189       -2809.2368457118359     
   41.913455225210242       -2809.2368457118359     
   41.918092695361295       -2809.2368457118359     
   41.922730165512348       -2809.2368457118359     
   41.927367635663401       -2809.2368457118359     
   41.932005105814454       -2809.2368457118359     
   41.936642575965507       -2809.2368457118359     
   41.941280046116560       -2809.2368457118359     
   41.945917516267606       -2809.2368457118359     
   41.950554986418659       -2809.2368457118359     
   41.955192456569712       -2809.2368457118359     
   41.959829926720765       -2809.2368457118359     
   41.964467396871818       -2809.2368457118359     
   41.969104867022871       -2809.2368457118359     
   41.973742337173924       -2809.2368457118359     
   41.978379807324977       -2809.2368457118359     
   41.983017277476030       -2809.2368457118359     
   41.987654747627083       -2809.2368457118359     
   41.992292217778129       -2809.2368457118359     
   41.996929687929182       -2809.2368457118359     
   42.001567158080235       -2809.2368457118359     
   42.006204628231288       -2809.2368457118359     
   42.010842098382341       -2809.2368457118359     
   42.015479568533394       -2809.2368457118359     
   42.020117038684447       -2809.2368457118359     
   42.024754508835500       -2809.2368457118359     
   42.029391978986553       -2809.2368457118359     
   42.034029449137599       -2809.2368457118359     
   42.038666919288652       -2809.2368457118359     
   42.043304389439704       -2809.2368457118359     
   42.047941859590757       -2809.2368457118359     
   42.052579329741810       -2809.2368457118359     
   42.057216799892863       -2809.2368457118359     
   42.061854270043916       -2809.2368457118359     
   42.066491740194969       -2809.2368457118359     
   42.071129210346022       -2809.2368457118359     
   42.075766680497075       -2809.2368457118359     
   42.080404150648121       -2809.2368457118359     
   42.085041620799174       -2809.2368457118359     
   42.089679090950227       -2809.2368457118359     
   42.094316561101280       -2809.2368457118359     
   42.098954031252333       -2809.2368457118359     
   42.103591501403386       -2809.2368457118359     
   42.108228971554439       -2809.2368457118359     
   42.112866441705492       -2809.2368457118359     
   42.117503911856545       -2809.2368457118359     
   42.122141382007598       -2809.2368457118359     
   42.126778852158644       -2809.2368457118359     
   42.131416322309697       -2809.2368457118359     
   42.136053792460750       -2809.2368457118359     
   42.140691262611803       -2809.2368457118359     
   42.145328732762856       -2809.2368457118359     
   42.149966202913909       -2809.2368457118359     
   42.154603673064962       -2809.2368457118359     
   42.159241143216015       -2809.2368457118359     
   42.163878613367068       -2809.2368457118359     
   42.168516083518121       -2809.2368457118359     
   42.173153553669167       -2809.2368457118359     
   42.177791023820220       -2809.2368457118359     
   42.182428493971273       -2809.2368457118359     
   42.187065964122326       -2809.2368457118359     
   42.191703434273379       -2809.2368457118359     
   42.196340904424432       -2809.2368457118359     
   42.200978374575485       -2809.2368457118359     
   42.205615844726537       -2809.2368457118359     
   42.210253314877590       -2809.2368457118359     
   42.214890785028636       -2809.2368457118359     
   42.219528255179689       -2809.2368457118359     
   42.224165725330742       -2809.2368457118359     
   42.228803195481795       -2809.2368457118359     
   42.233440665632848       -2809.2368457118359     
   42.238078135783901       -2809.2368457118359     
   42.242715605934954       -2809.2368457118359     
   42.247353076086007       -2809.2368457118359     
   42.251990546237060       -2809.2368457118359     
   42.256628016388113       -2809.2368457118359     
   42.261265486539159       -2809.2368457118359     
   42.265902956690212       -2809.2368457118359     
   42.270540426841265       -2809.2368457118359     
   42.275177896992318       -2809.2368457118359     
   42.279815367143371       -2809.2368457118359     
   42.284452837294424       -2809.2368457118359     
   42.289090307445477       -2809.2368457118359     
   42.293727777596530       -2809.2368457118359     
   42.298365247747583       -2809.2368457118359     
   42.303002717898636       -2809.2368457118359     
   42.307640188049682       -2809.2368457118359     
   42.312277658200735       -2809.2368457118359     
   42.316915128351788       -2809.2368457118359     
   42.321552598502841       -2809.2368457118359     
   42.326190068653894       -2809.2368457118359     
   42.330827538804947       -2809.2368457118359     
   42.335465008956000       -2809.2368457118359     
   42.340102479107053       -2809.2368457118359     
   42.344739949258106       -2809.2368457118359     
   42.349377419409151       -2809.2368457118359     
   42.354014889560204       -2809.2368457118359     
   42.358652359711257       -2809.2368457118359     
   42.363289829862310       -2809.2368457118359     
   42.367927300013363       -2809.2368457118359     
   42.372564770164416       -2809.2368457118359     
   42.377202240315469       -2809.2368457118359     
   42.381839710466522       -2809.2368457118359     
   42.386477180617575       -2809.2368457118359     
   42.391114650768628       -2809.2368457118359     
   42.395752120919674       -2809.2368457118359     
   42.400389591070727       -2809.2368457118359     
   42.405027061221780       -2809.2368457118359     
   42.409664531372833       -2809.2368457118359     
   42.414302001523886       -2809.2368457118359     
   42.418939471674939       -2809.2368457118359     
   42.423576941825992       -2809.2368457118359     
   42.428214411977045       -2809.2368457118359     
   42.432851882128098       -2809.2368457118359     
   42.437489352279151       -2809.2368457118359     
   42.442126822430197       -2809.2368457118359     
   42.446764292581250       -2809.2368457118359     
   42.451401762732303       -2809.2368457118359     
   42.456039232883356       -2809.2368457118359     
   42.460676703034409       -2809.2368457118359     
   42.465314173185462       -2809.2368457118359     
   42.469951643336515       -2809.2368457118359     
   42.474589113487568       -2809.2368457118359     
   42.479226583638621       -2809.2368457118359     
   42.483864053789674       -2809.2368457118359     
   42.488501523940720       -2809.2368457118359     
   42.493138994091773       -2809.2368457118359     
   42.497776464242826       -2809.2368457118359     
   42.502413934393878       -2809.2368457118359     
   42.507051404544931       -2809.2368457118359     
   42.511688874695984       -2809.2368457118359     
   42.516326344847037       -2809.2368457118359     
   42.520963814998090       -2809.2368457118359     
   42.525601285149143       -2809.2368457118359     
   42.530238755300189       -2809.2368457118359     
   42.534876225451242       -2809.2368457118359     
   42.539513695602295       -2809.2368457118359     
   42.544151165753348       -2809.2368457118359     
   42.548788635904401       -2809.2368457118359     
   42.553426106055454       -2809.2368457118359     
   42.558063576206507       -2809.2368457118359     
   42.562701046357560       -2809.2368457118359     
   42.567338516508613       -2809.2368457118359     
   42.571975986659666       -2809.2368457118359     
   42.576613456810712       -2809.2368457118359     
   42.581250926961765       -2809.2368457118359     
   42.585888397112818       -2809.2368457118359     
   42.590525867263871       -2809.2368457118359     
   42.595163337414924       -2809.2368457118359     
   42.599800807565977       -2809.2368457118359     
   42.604438277717030       -2809.2368457118359     
   42.609075747868083       -2809.2368457118359     
   42.613713218019136       -2809.2368457118359     
   42.618350688170189       -2809.2368457118359     
   42.622988158321235       -2809.2368457118359     
   42.627625628472288       -2809.2368457118359     
   42.632263098623341       -2809.2368457118359     
   42.636900568774394       -2809.2368457118359     
   42.641538038925447       -2809.2368457118359     
   42.646175509076500       -2809.2368457118359     
   42.650812979227553       -2809.2368457118359     
   42.655450449378606       -2809.2368457118359     
   42.660087919529659       -2809.2368457118359     
   42.664725389680711       -2809.2368457118359     
   42.669362859831757       -2809.2368457118359     
   42.674000329982810       -2809.2368457118359     
   42.678637800133863       -2809.2368457118359     
   42.683275270284916       -2809.2368457118359     
   42.687912740435969       -2809.2368457118359     
   42.692550210587022       -2809.2368457118359     
   42.697187680738075       -2809.2368457118359     
   42.701825150889128       -2809.2368457118359     
   42.706462621040181       -2809.2368457118359     
   42.711100091191227       -2809.2368457118359     
   42.715737561342280       -2809.2368457118359     
   42.720375031493333       -2809.2368457118359     
   42.725012501644386       -2809.2368457118359     
   42.729649971795439       -2809.2368457118359     
   42.734287441946492       -2809.2368457118359     
   42.738924912097545       -2809.2368457118359     
   42.743562382248598       -2809.2368457118359     
   42.748199852399651       -2809.2368457118359     
   42.752837322550704       -2809.2368457118359     
   42.757474792701750       -2809.2368457118359     
   42.762112262852803       -2809.2368457118359     
   42.766749733003856       -2809.2368457118359     
   42.771387203154909       -2809.2368457118359     
   42.776024673305962       -2809.2368457118359     
   42.780662143457015       -2809.2368457118359     
   42.785299613608068       -2809.2368457118359     
   42.789937083759121       -2809.2368457118359     
   42.794574553910174       -2809.2368457118359     
   42.799212024061227       -2809.2368457118359     
   42.803849494212272       -2809.2368457118359     
   42.808486964363325       -2809.2368457118359     
   42.813124434514378       -2809.2368457118359     
   42.817761904665431       -2809.2368457118359     
   42.822399374816484       -2809.2368457118359     
   42.827036844967537       -2809.2368457118359     
   42.831674315118590       -2809.2368457118359     
   42.836311785269643       -2809.2368457118359     
   42.840949255420696       -2809.2368457118359     
   42.845586725571749       -2809.2368457118359     
   42.850224195722795       -2809.2368457118359     
   42.854861665873848       -2809.2368457118359     
   42.859499136024901       -2809.2368457118359     
   42.864136606175954       -2809.2368457118359     
   42.868774076327007       -2809.2368457118359     
   42.873411546478060       -2809.2368457118359     
   42.878049016629113       -2809.2368457118359     
   42.882686486780166       -2809.2368457118359     
   42.887323956931219       -2809.2368457118359     
   42.891961427082265       -2809.2368457118359     
   42.896598897233318       -2809.2368457118359     
   42.901236367384371       -2809.2368457118359     
   42.905873837535424       -2809.2368457118359     
   42.910511307686477       -2809.2368457118359     
   42.915148777837530       -2809.2368457118359     
   42.919786247988583       -2809.2368457118359     
   42.924423718139636       -2809.2368457118359     
   42.929061188290689       -2809.2368457118359     
   42.933698658441742       -2809.2368457118359     
   42.938336128592788       -2809.2368457118359     
   42.942973598743841       -2809.2368457118359     
   42.947611068894894       -2809.2368457118359     
   42.952248539045947       -2809.2368457118359     
   42.956886009197000       -2809.2368457118359     
   42.961523479348052       -2809.2368457118359     
   42.966160949499105       -2809.2368457118359     
   42.970798419650158       -2809.2368457118359     
   42.975435889801211       -2809.2368457118359     
   42.980073359952264       -2809.2368457118359     
   42.984710830103310       -2809.2368457118359     
   42.989348300254363       -2809.2368457118359     
   42.993985770405416       -2809.2368457118359     
   42.998623240556469       -2809.2368457118359     
   43.003260710707522       -2809.2368457118359     
   43.007898180858575       -2809.2368457118359     
   43.012535651009628       -2809.2368457118359     
   43.017173121160681       -2809.2368457118359     
   43.021810591311734       -2809.2368457118359     
   43.026448061462787       -2809.2368457118359     
   43.031085531613833       -2809.2368457118359     
   43.035723001764886       -2809.2368457118359     
   43.040360471915939       -2809.2368457118359     
   43.044997942066992       -2809.2368457118359     
   43.049635412218045       -2809.2368457118359     
   43.054272882369098       -2809.2368457118359     
   43.058910352520151       -2809.2368457118359     
   43.063547822671204       -2809.2368457118359     
   43.068185292822257       -2809.2368457118359     
   43.072822762973303       -2809.2368457118359     
   43.077460233124356       -2809.2368457118359     
   43.082097703275409       -2809.2368457118359     
   43.086735173426462       -2809.2368457118359     
   43.091372643577515       -2809.2368457118359     
   43.096010113728568       -2809.2368457118359     
   43.100647583879621       -2809.2368457118359     
   43.105285054030674       -2809.2368457118359     
   43.109922524181727       -2809.2368457118359     
   43.114559994332780       -2809.2368457118359     
   43.119197464483825       -2809.2368457118359     
   43.123834934634878       -2809.2368457118359     
   43.128472404785931       -2809.2368457118359     
   43.133109874936984       -2809.2368457118359     
   43.137747345088037       -2809.2368457118359     
   43.142384815239090       -2809.2368457118359     
   43.147022285390143       -2809.2368457118359     
   43.151659755541196       -2809.2368457118359     
   43.156297225692249       -2809.2368457118359     
   43.160934695843302       -2809.2368457118359     
   43.165572165994348       -2809.2368457118359     
   43.170209636145401       -2809.2368457118359     
   43.174847106296454       -2809.2368457118359     
   43.179484576447507       -2809.2368457118359     
   43.184122046598560       -2809.2368457118359     
   43.188759516749613       -2809.2368457118359     
   43.193396986900666       -2809.2368457118359     
   43.198034457051719       -2809.2368457118359     
   43.202671927202772       -2809.2368457118359     
   43.207309397353825       -2809.2368457118359     
   43.211946867504871       -2809.2368457118359     
   43.216584337655924       -2809.2368457118359     
   43.221221807806977       -2809.2368457118359     
   43.225859277958030       -2809.2368457118359     
   43.230496748109083       -2809.2368457118359     
   43.235134218260136       -2809.2368457118359     
   43.239771688411189       -2809.2368457118359     
   43.244409158562242       -2809.2368457118359     
   43.249046628713295       -2809.2368457118359     
   43.253684098864341       -2809.2368457118359     
   43.258321569015393       -2809.2368457118359     
   43.262959039166446       -2809.2368457118359     
   43.267596509317499       -2809.2368457118359     
   43.272233979468552       -2809.2368457118359     
   43.276871449619605       -2809.2368457118359     
   43.281508919770658       -2809.2368457118359     
   43.286146389921711       -2809.2368457118359     
   43.290783860072764       -2809.2368457118359     
   43.295421330223817       -2809.2368457118359     
   43.300058800374863       -2809.2368457118359     
   43.304696270525916       -2809.2368457118359     
   43.309333740676969       -2809.2368457118359     
   43.313971210828022       -2809.2368457118359     
   43.318608680979075       -2809.2368457118359     
   43.323246151130128       -2809.2368457118359     
   43.327883621281181       -2809.2368457118359     
   43.332521091432234       -2809.2368457118359     
   43.337158561583287       -2809.2368457118359     
   43.341796031734340       -2809.2368457118359     
   43.346433501885386       -2809.2368457118359     
   43.351070972036439       -2809.2368457118359     
   43.355708442187492       -2809.2368457118359     
   43.360345912338545       -2809.2368457118359     
   43.364983382489598       -2809.2368457118359     
   43.369620852640651       -2809.2368457118359     
   43.374258322791704       -2809.2368457118359     
   43.378895792942757       -2809.2368457118359     
   43.383533263093810       -2809.2368457118359     
   43.388170733244863       -2809.2368457118359     
   43.392808203395909       -2809.2368457118359     
   43.397445673546962       -2809.2368457118359     
   43.402083143698015       -2809.2368457118359     
   43.406720613849068       -2809.2368457118359     
   43.411358084000121       -2809.2368457118359     
   43.415995554151174       -2809.2368457118359     
   43.420633024302226       -2809.2368457118359     
   43.425270494453279       -2809.2368457118359     
   43.429907964604332       -2809.2368457118359     
   43.434545434755378       -2809.2368457118359     
   43.439182904906431       -2809.2368457118359     
   43.443820375057484       -2809.2368457118359     
   43.448457845208537       -2809.2368457118359     
   43.453095315359590       -2809.2368457118359     
   43.457732785510643       -2809.2368457118359     
   43.462370255661696       -2809.2368457118359     
   43.467007725812749       -2809.2368457118359     
   43.471645195963802       -2809.2368457118359     
   43.476282666114855       -2809.2368457118359     
   43.480920136265901       -2809.2368457118359     
   43.485557606416954       -2809.2368457118359     
   43.490195076568007       -2809.2368457118359     
   43.494832546719060       -2809.2368457118359     
   43.499470016870113       -2809.2368457118359     
   43.504107487021166       -2809.2368457118359     
   43.508744957172219       -2809.2368457118359     
   43.513382427323272       -2809.2368457118359     
   43.518019897474325       -2809.2368457118359     
   43.522657367625378       -2809.2368457118359     
   43.527294837776424       -2809.2368457118359     
   43.531932307927477       -2809.2368457118359     
   43.536569778078530       -2809.2368457118359     
   43.541207248229583       -2809.2368457118359     
   43.545844718380636       -2809.2368457118359     
   43.550482188531689       -2809.2368457118359     
   43.555119658682742       -2809.2368457118359     
   43.559757128833795       -2809.2368457118359     
   43.564394598984848       -2809.2368457118359     
   43.569032069135893       -2809.2368457118359     
   43.573669539286946       -2809.2368457118359     
   43.578307009437999       -2809.2368457118359     
   43.582944479589052       -2809.2368457118359     
   43.587581949740105       -2809.2368457118359     
   43.592219419891158       -2809.2368457118359     
   43.596856890042211       -2809.2368457118359     
   43.601494360193264       -2809.2368457118359     
   43.606131830344317       -2809.2368457118359     
   43.610769300495370       -2809.2368457118359     
   43.615406770646416       -2809.2368457118359     
   43.620044240797469       -2809.2368457118359     
   43.624681710948522       -2809.2368457118359     
   43.629319181099575       -2809.2368457118359     
   43.633956651250628       -2809.2368457118359     
   43.638594121401681       -2809.2368457118359     
   43.643231591552734       -2809.2368457118359     
   43.647869061703787       -2809.2368457118359     
   43.652506531854840       -2809.2368457118359     
   43.657144002005893       -2809.2368457118359     
   43.661781472156939       -2809.2368457118359     
   43.666418942307992       -2809.2368457118359     
   43.671056412459045       -2809.2368457118359     
   43.675693882610098       -2809.2368457118359     
   43.680331352761151       -2809.2368457118359     
   43.684968822912204       -2809.2368457118359     
   43.689606293063257       -2809.2368457118359     
   43.694243763214310       -2809.2368457118359     
   43.698881233365363       -2809.2368457118359     
   43.703518703516416       -2809.2368457118359     
   43.708156173667462       -2809.2368457118359     
   43.712793643818515       -2809.2368457118359     
   43.717431113969567       -2809.2368457118359     
   43.722068584120620       -2809.2368457118359     
   43.726706054271673       -2809.2368457118359     
   43.731343524422726       -2809.2368457118359     
   43.735980994573779       -2809.2368457118359     
   43.740618464724832       -2809.2368457118359     
   43.745255934875885       -2809.2368457118359     
   43.749893405026931       -2809.2368457118359     
   43.754530875177984       -2809.2368457118359     
   43.759168345329037       -2809.2368457118359     
   43.763805815480090       -2809.2368457118359     
   43.768443285631143       -2809.2368457118359     
   43.773080755782196       -2809.2368457118359     
   43.777718225933249       -2809.2368457118359     
   43.782355696084302       -2809.2368457118359     
   43.786993166235355       -2809.2368457118359     
   43.791630636386408       -2809.2368457118359     
   43.796268106537454       -2809.2368457118359     
   43.800905576688507       -2809.2368457118359     
   43.805543046839560       -2809.2368457118359     
   43.810180516990613       -2809.2368457118359     
   43.814817987141666       -2809.2368457118359     
   43.819455457292719       -2809.2368457118359     
   43.824092927443772       -2809.2368457118359     
   43.828730397594825       -2809.2368457118359     
   43.833367867745878       -2809.2368457118359     
   43.838005337896931       -2809.2368457118359     
   43.842642808047977       -2809.2368457118359     
   43.847280278199030       -2809.2368457118359     
   43.851917748350083       -2809.2368457118359     
   43.856555218501136       -2809.2368457118359     
   43.861192688652189       -2809.2368457118359     
   43.865830158803242       -2809.2368457118359     
   43.870467628954295       -2809.2368457118359     
   43.875105099105348       -2809.2368457118359     
   43.879742569256400       -2809.2368457118359     
   43.884380039407453       -2809.2368457118359     
   43.889017509558499       -2809.2368457118359     
   43.893654979709552       -2809.2368457118359     
   43.898292449860605       -2809.2368457118359     
   43.902929920011658       -2809.2368457118359     
   43.907567390162711       -2809.2368457118359     
   43.912204860313764       -2809.2368457118359     
   43.916842330464817       -2809.2368457118359     
   43.921479800615870       -2809.2368457118359     
   43.926117270766923       -2809.2368457118359     
   43.930754740917969       -2809.2368457118359     
   43.935392211069022       -2809.2368457118359     
   43.940029681220075       -2809.2368457118359     
   43.944667151371128       -2809.2368457118359     
   43.949304621522181       -2809.2368457118359     
   43.953942091673234       -2809.2368457118359     
   43.958579561824287       -2809.2368457118359     
   43.963217031975340       -2809.2368457118359     
   43.967854502126393       -2809.2368457118359     
   43.972491972277446       -2809.2368457118359     
   43.977129442428492       -2809.2368457118359     
   43.981766912579545       -2809.2368457118359     
   43.986404382730598       -2809.2368457118359     
   43.991041852881651       -2809.2368457118359     
   43.995679323032704       -2809.2368457118359     
   44.000316793183757       -2809.2368457118359     
   44.004954263334810       -2809.2368457118359     
   44.009591733485863       -2809.2368457118359     
   44.014229203636916       -2809.2368457118359     
   44.018866673787969       -2809.2368457118359     
   44.023504143939014       -2809.2368457118359     
   44.028141614090067       -2809.2368457118359     
   44.032779084241120       -2809.2368457118359     
   44.037416554392173       -2809.2368457118359     
   44.042054024543226       -2809.2368457118359     
   44.046691494694279       -2809.2368457118359     
   44.051328964845332       -2809.2368457118359     
   44.055966434996385       -2809.2368457118359     
   44.060603905147438       -2809.2368457118359     
   44.065241375298491       -2809.2368457118359     
   44.069878845449537       -2809.2368457118359     
   44.074516315600590       -2809.2368457118359     
   44.079153785751643       -2809.2368457118359     
   44.083791255902696       -2809.2368457118359     
   44.088428726053749       -2809.2368457118359     
   44.093066196204802       -2809.2368457118359     
   44.097703666355855       -2809.2368457118359     
   44.102341136506908       -2809.2368457118359     
   44.106978606657961       -2809.2368457118359     
   44.111616076809007       -2809.2368457118359     
   44.116253546960060       -2809.2368457118359     
   44.120891017111113       -2809.2368457118359     
   44.125528487262166       -2809.2368457118359     
   44.130165957413219       -2809.2368457118359     
   44.134803427564272       -2809.2368457118359     
   44.139440897715325       -2809.2368457118359     
   44.144078367866378       -2809.2368457118359     
   44.148715838017431       -2809.2368457118359     
   44.153353308168484       -2809.2368457118359     
   44.157990778319530       -2809.2368457118359     
   44.162628248470583       -2809.2368457118359     
   44.167265718621636       -2809.2368457118359     
   44.171903188772689       -2809.2368457118359     
   44.176540658923741       -2809.2368457118359     
   44.181178129074794       -2809.2368457118359     
   44.185815599225847       -2809.2368457118359     
   44.190453069376900       -2809.2368457118359     
   44.195090539527953       -2809.2368457118359     
   44.199728009679006       -2809.2368457118359     
   44.204365479830052       -2809.2368457118359     
   44.209002949981105       -2809.2368457118359     
   44.213640420132158       -2809.2368457118359     
   44.218277890283211       -2809.2368457118359     
   44.222915360434264       -2809.2368457118359     
   44.227552830585317       -2809.2368457118359     
   44.232190300736370       -2809.2368457118359     
   44.236827770887423       -2809.2368457118359     
   44.241465241038476       -2809.2368457118359     
   44.246102711189529       -2809.2368457118359     
   44.250740181340575       -2809.2368457118359     
   44.255377651491628       -2809.2368457118359     
   44.260015121642681       -2809.2368457118359     
   44.264652591793734       -2809.2368457118359     
   44.269290061944787       -2809.2368457118359     
   44.273927532095840       -2809.2368457118359     
   44.278565002246893       -2809.2368457118359     
   44.283202472397946       -2809.2368457118359     
   44.287839942548999       -2809.2368457118359     
   44.292477412700045       -2809.2368457118359     
   44.297114882851098       -2809.2368457118359     
   44.301752353002151       -2809.2368457118359     
   44.306389823153204       -2809.2368457118359     
   44.311027293304257       -2809.2368457118359     
   44.315664763455310       -2809.2368457118359     
   44.320302233606363       -2809.2368457118359     
   44.324939703757416       -2809.2368457118359     
   44.329577173908469       -2809.2368457118359     
   44.334214644059522       -2809.2368457118359     
   44.338852114210567       -2809.2368457118359     
   44.343489584361620       -2809.2368457118359     
   44.348127054512673       -2809.2368457118359     
   44.352764524663726       -2809.2368457118359     
   44.357401994814779       -2809.2368457118359     
   44.362039464965832       -2809.2368457118359     
   44.366676935116885       -2809.2368457118359     
   44.371314405267938       -2809.2368457118359     
   44.375951875418991       -2809.2368457118359     
   44.380589345570044       -2809.2368457118359     
   44.385226815721090       -2809.2368457118359     
   44.389864285872143       -2809.2368457118359     
   44.394501756023196       -2809.2368457118359     
   44.399139226174249       -2809.2368457118359     
   44.403776696325302       -2809.2368457118359     
   44.408414166476355       -2809.2368457118359     
   44.413051636627408       -2809.2368457118359     
   44.417689106778461       -2809.2368457118359     
   44.422326576929514       -2809.2368457118359     
   44.426964047080567       -2809.2368457118359     
   44.431601517231613       -2809.2368457118359     
   44.436238987382666       -2809.2368457118359     
   44.440876457533719       -2809.2368457118359     
   44.445513927684772       -2809.2368457118359     
   44.450151397835825       -2809.2368457118359     
   44.454788867986878       -2809.2368457118359     
   44.459426338137931       -2809.2368457118359     
   44.464063808288984       -2809.2368457118359     
   44.468701278440037       -2809.2368457118359     
   44.473338748591082       -2809.2368457118359     
   44.477976218742135       -2809.2368457118359     
   44.482613688893188       -2809.2368457118359     
   44.487251159044241       -2809.2368457118359     
   44.491888629195294       -2809.2368457118359     
   44.496526099346347       -2809.2368457118359     
   44.501163569497400       -2809.2368457118359     
   44.505801039648453       -2809.2368457118359     
   44.510438509799506       -2809.2368457118359     
   44.515075979950559       -2809.2368457118359     
   44.519713450101605       -2809.2368457118359     
   44.524350920252658       -2809.2368457118359     
   44.528988390403711       -2809.2368457118359     
   44.533625860554764       -2809.2368457118359     
   44.538263330705817       -2809.2368457118359     
   44.542900800856870       -2809.2368457118359     
   44.547538271007923       -2809.2368457118359     
   44.552175741158976       -2809.2368457118359     
   44.556813211310029       -2809.2368457118359     
   44.561450681461082       -2809.2368457118359     
   44.566088151612128       -2809.2368457118359     
   44.570725621763181       -2809.2368457118359     
   44.575363091914234       -2809.2368457118359     
   44.580000562065287       -2809.2368457118359     
   44.584638032216340       -2809.2368457118359     
   44.589275502367393       -2809.2368457118359     
   44.593912972518446       -2809.2368457118359     
   44.598550442669499       -2809.2368457118359     
   44.603187912820552       -2809.2368457118359     
   44.607825382971605       -2809.2368457118359     
   44.612462853122651       -2809.2368457118359     
   44.617100323273704       -2809.2368457118359     
   44.621737793424757       -2809.2368457118359     
   44.626375263575810       -2809.2368457118359     
   44.631012733726863       -2809.2368457118359     
   44.635650203877915       -2809.2368457118359     
   44.640287674028968       -2809.2368457118359     
   44.644925144180021       -2809.2368457118359     
   44.649562614331074       -2809.2368457118359     
   44.654200084482120       -2809.2368457118359     
   44.658837554633173       -2809.2368457118359     
   44.663475024784226       -2809.2368457118359     
   44.668112494935279       -2809.2368457118359     
   44.672749965086332       -2809.2368457118359     
   44.677387435237385       -2809.2368457118359     
   44.682024905388438       -2809.2368457118359     
   44.686662375539491       -2809.2368457118359     
   44.691299845690544       -2809.2368457118359     
   44.695937315841597       -2809.2368457118359     
   44.700574785992643       -2809.2368457118359     
   44.705212256143696       -2809.2368457118359     
   44.709849726294749       -2809.2368457118359     
   44.714487196445802       -2809.2368457118359     
   44.719124666596855       -2809.2368457118359     
   44.723762136747908       -2809.2368457118359     
   44.728399606898961       -2809.2368457118359     
   44.733037077050014       -2809.2368457118359     
   44.737674547201067       -2809.2368457118359     
   44.742312017352120       -2809.2368457118359     
   44.746949487503166       -2809.2368457118359     
   44.751586957654219       -2809.2368457118359     
   44.756224427805272       -2809.2368457118359     
   44.760861897956325       -2809.2368457118359     
   44.765499368107378       -2809.2368457118359     
   44.770136838258431       -2809.2368457118359     
   44.774774308409484       -2809.2368457118359     
   44.779411778560537       -2809.2368457118359     
   44.784049248711590       -2809.2368457118359     
   44.788686718862635       -2809.2368457118359     
   44.793324189013688       -2809.2368457118359     
   44.797961659164741       -2809.2368457118359     
   44.802599129315794       -2809.2368457118359     
   44.807236599466847       -2809.2368457118359     
   44.811874069617900       -2809.2368457118359     
   44.816511539768953       -2809.2368457118359     
   44.821149009920006       -2809.2368457118359     
   44.825786480071059       -2809.2368457118359     
   44.830423950222112       -2809.2368457118359     
   44.835061420373158       -2809.2368457118359     
   44.839698890524211       -2809.2368457118359     
   44.844336360675264       -2809.2368457118359     
   44.848973830826317       -2809.2368457118359     
   44.853611300977370       -2809.2368457118359     
   44.858248771128423       -2809.2368457118359     
   44.862886241279476       -2809.2368457118359     
   44.867523711430529       -2809.2368457118359     
   44.872161181581582       -2809.2368457118359     
   44.876798651732635       -2809.2368457118359     
   44.881436121883681       -2809.2368457118359     
   44.886073592034734       -2809.2368457118359     
   44.890711062185787       -2809.2368457118359     
   44.895348532336840       -2809.2368457118359     
   44.899986002487893       -2809.2368457118359     
   44.904623472638946       -2809.2368457118359     
   44.909260942789999       -2809.2368457118359     
   44.913898412941052       -2809.2368457118359     
   44.918535883092105       -2809.2368457118359     
   44.923173353243158       -2809.2368457118359     
   44.927810823394204       -2809.2368457118359     
   44.932448293545256       -2809.2368457118359     
   44.937085763696309       -2809.2368457118359     
   44.941723233847362       -2809.2368457118359     
   44.946360703998415       -2809.2368457118359     
   44.950998174149468       -2809.2368457118359     
   44.955635644300521       -2809.2368457118359     
   44.960273114451574       -2809.2368457118359     
   44.964910584602627       -2809.2368457118359     
   44.969548054753673       -2809.2368457118359     
   44.974185524904726       -2809.2368457118359     
   44.978822995055779       -2809.2368457118359     
   44.983460465206832       -2809.2368457118359     
   44.988097935357885       -2809.2368457118359     
   44.992735405508938       -2809.2368457118359     
   44.997372875659991       -2809.2368457118359     
   45.002010345811044       -2809.2368457118359     
   45.006647815962097       -2809.2368457118359     
   45.011285286113150       -2809.2368457118359     
   45.015922756264196       -2809.2368457118359     
   45.020560226415249       -2809.2368457118359     
   45.025197696566302       -2809.2368457118359     
   45.029835166717355       -2809.2368457118359     
   45.034472636868408       -2809.2368457118359     
   45.039110107019461       -2809.2368457118359     
   45.043747577170514       -2809.2368457118359     
   45.048385047321567       -2809.2368457118359     
   45.053022517472620       -2809.2368457118359     
   45.057659987623673       -2809.2368457118359     
   45.062297457774719       -2809.2368457118359     
   45.066934927925772       -2809.2368457118359     
   45.071572398076825       -2809.2368457118359     
   45.076209868227878       -2809.2368457118359     
   45.080847338378931       -2809.2368457118359     
   45.085484808529984       -2809.2368457118359     
   45.090122278681037       -2809.2368457118359     
   45.094759748832089       -2809.2368457118359     
   45.099397218983142       -2809.2368457118359     
   45.104034689134195       -2809.2368457118359     
   45.108672159285241       -2809.2368457118359     
   45.113309629436294       -2809.2368457118359     
   45.117947099587347       -2809.2368457118359     
   45.122584569738400       -2809.2368457118359     
   45.127222039889453       -2809.2368457118359     
   45.131859510040506       -2809.2368457118359     
   45.136496980191559       -2809.2368457118359     
   45.141134450342612       -2809.2368457118359     
   45.145771920493665       -2809.2368457118359     
   45.150409390644711       -2809.2368457118359     
   45.155046860795764       -2809.2368457118359     
   45.159684330946817       -2809.2368457118359     
   45.164321801097870       -2809.2368457118359     
   45.168959271248923       -2809.2368457118359     
   45.173596741399976       -2809.2368457118359     
   45.178234211551029       -2809.2368457118359     
   45.182871681702082       -2809.2368457118359     
   45.187509151853135       -2809.2368457118359     
   45.192146622004188       -2809.2368457118359     
   45.196784092155234       -2809.2368457118359     
   45.201421562306287       -2809.2368457118359     
   45.206059032457340       -2809.2368457118359     
   45.210696502608393       -2809.2368457118359     
   45.215333972759446       -2809.2368457118359     
   45.219971442910499       -2809.2368457118359     
   45.224608913061552       -2809.2368457118359     
   45.229246383212605       -2809.2368457118359     
   45.233883853363658       -2809.2368457118359     
   45.238521323514711       -2809.2368457118359     
   45.243158793665756       -2809.2368457118359     
   45.247796263816809       -2809.2368457118359     
   45.252433733967862       -2809.2368457118359     
   45.257071204118915       -2809.2368457118359     
   45.261708674269968       -2809.2368457118359     
   45.266346144421021       -2809.2368457118359     
   45.270983614572074       -2809.2368457118359     
   45.275621084723127       -2809.2368457118359     
   45.280258554874180       -2809.2368457118359     
   45.284896025025233       -2809.2368457118359     
   45.289533495176279       -2809.2368457118359     
   45.294170965327332       -2809.2368457118359     
   45.298808435478385       -2809.2368457118359     
   45.303445905629438       -2809.2368457118359     
   45.308083375780491       -2809.2368457118359     
   45.312720845931544       -2809.2368457118359     
   45.317358316082597       -2809.2368457118359     
   45.321995786233650       -2809.2368457118359     
   45.326633256384703       -2809.2368457118359     
   45.331270726535749       -2809.2368457118359     
   45.335908196686802       -2809.2368457118359     
   45.340545666837855       -2809.2368457118359     
   45.345183136988908       -2809.2368457118359     
   45.349820607139961       -2809.2368457118359     
   45.354458077291014       -2809.2368457118359     
   45.359095547442067       -2809.2368457118359     
   45.363733017593120       -2809.2368457118359     
   45.368370487744173       -2809.2368457118359     
   45.373007957895226       -2809.2368457118359     
   45.377645428046272       -2809.2368457118359     
   45.382282898197325       -2809.2368457118359     
   45.386920368348378       -2809.2368457118359     
   45.391557838499430       -2809.2368457118359     
   45.396195308650483       -2809.2368457118359     
   45.400832778801536       -2809.2368457118359     
   45.405470248952589       -2809.2368457118359     
   45.410107719103642       -2809.2368457118359     
   45.414745189254695       -2809.2368457118359     
   45.419382659405748       -2809.2368457118359     
   45.424020129556794       -2809.2368457118359     
   45.428657599707847       -2809.2368457118359     
   45.433295069858900       -2809.2368457118359     
   45.437932540009953       -2809.2368457118359     
   45.442570010161006       -2809.2368457118359     
   45.447207480312059       -2809.2368457118359     
   45.451844950463112       -2809.2368457118359     
   45.456482420614165       -2809.2368457118359     
   45.461119890765218       -2809.2368457118359     
   45.465757360916271       -2809.2368457118359     
   45.470394831067317       -2809.2368457118359     
   45.475032301218370       -2809.2368457118359     
   45.479669771369423       -2809.2368457118359     
   45.484307241520476       -2809.2368457118359     
   45.488944711671529       -2809.2368457118359     
   45.493582181822582       -2809.2368457118359     
   45.498219651973635       -2809.2368457118359     
   45.502857122124688       -2809.2368457118359     
   45.507494592275741       -2809.2368457118359     
   45.512132062426787       -2809.2368457118359     
   45.516769532577840       -2809.2368457118359     
   45.521407002728893       -2809.2368457118359     
   45.526044472879946       -2809.2368457118359     
   45.530681943030999       -2809.2368457118359     
   45.535319413182052       -2809.2368457118359     
   45.539956883333105       -2809.2368457118359     
   45.544594353484158       -2809.2368457118359     
   45.549231823635211       -2809.2368457118359     
   45.553869293786263       -2809.2368457118359     
   45.558506763937309       -2809.2368457118359     
   45.563144234088362       -2809.2368457118359     
   45.567781704239415       -2809.2368457118359     
   45.572419174390468       -2809.2368457118359     
   45.577056644541521       -2809.2368457118359     
   45.581694114692574       -2809.2368457118359     
   45.586331584843627       -2809.2368457118359     
   45.590969054994680       -2809.2368457118359     
   45.595606525145733       -2809.2368457118359     
   45.600243995296786       -2809.2368457118359     
   45.604881465447832       -2809.2368457118359     
   45.609518935598885       -2809.2368457118359     
   45.614156405749938       -2809.2368457118359     
   45.618793875900991       -2809.2368457118359     
   45.623431346052044       -2809.2368457118359     
   45.628068816203097       -2809.2368457118359     
   45.632706286354150       -2809.2368457118359     
   45.637343756505203       -2809.2368457118359     
   45.641981226656256       -2809.2368457118359     
   45.646618696807309       -2809.2368457118359     
   45.651256166958355       -2809.2368457118359     
   45.655893637109408       -2809.2368457118359     
   45.660531107260461       -2809.2368457118359     
   45.665168577411514       -2809.2368457118359     
   45.669806047562567       -2809.2368457118359     
   45.674443517713620       -2809.2368457118359     
   45.679080987864673       -2809.2368457118359     
   45.683718458015726       -2809.2368457118359     
   45.688355928166779       -2809.2368457118359     
   45.692993398317824       -2809.2368457118359     
   45.697630868468877       -2809.2368457118359     
   45.702268338619930       -2809.2368457118359     
   45.706905808770983       -2809.2368457118359     
   45.711543278922036       -2809.2368457118359     
   45.716180749073089       -2809.2368457118359     
   45.720818219224142       -2809.2368457118359     
   45.725455689375195       -2809.2368457118359     
   45.730093159526248       -2809.2368457118359     
   45.734730629677301       -2809.2368457118359     
   45.739368099828347       -2809.2368457118359     
   45.744005569979400       -2809.2368457118359     
   45.748643040130453       -2809.2368457118359     
   45.753280510281506       -2809.2368457118359     
   45.757917980432559       -2809.2368457118359     
   45.762555450583612       -2809.2368457118359     
   45.767192920734665       -2809.2368457118359     
   45.771830390885718       -2809.2368457118359     
   45.776467861036771       -2809.2368457118359     
   45.781105331187824       -2809.2368457118359     
   45.785742801338870       -2809.2368457118359     
   45.790380271489923       -2809.2368457118359     
   45.795017741640976       -2809.2368457118359     
   45.799655211792029       -2809.2368457118359     
   45.804292681943082       -2809.2368457118359     
   45.808930152094135       -2809.2368457118359     
   45.813567622245188       -2809.2368457118359     
   45.818205092396241       -2809.2368457118359     
   45.822842562547294       -2809.2368457118359     
   45.827480032698347       -2809.2368457118359     
   45.832117502849393       -2809.2368457118359     
   45.836754973000446       -2809.2368457118359     
   45.841392443151499       -2809.2368457118359     
   45.846029913302552       -2809.2368457118359     
   45.850667383453604       -2809.2368457118359     
   45.855304853604657       -2809.2368457118359     
   45.859942323755710       -2809.2368457118359     
   45.864579793906763       -2809.2368457118359     
   45.869217264057816       -2809.2368457118359     
   45.873854734208862       -2809.2368457118359     
   45.878492204359915       -2809.2368457118359     
   45.883129674510968       -2809.2368457118359     
   45.887767144662021       -2809.2368457118359     
   45.892404614813074       -2809.2368457118359     
   45.897042084964127       -2809.2368457118359     
   45.901679555115180       -2809.2368457118359     
   45.906317025266233       -2809.2368457118359     
   45.910954495417286       -2809.2368457118359     
   45.915591965568339       -2809.2368457118359     
   45.920229435719385       -2809.2368457118359     
   45.924866905870438       -2809.2368457118359     
   45.929504376021491       -2809.2368457118359     
   45.934141846172544       -2809.2368457118359     
   45.938779316323597       -2809.2368457118359     
   45.943416786474650       -2809.2368457118359     
   45.948054256625703       -2809.2368457118359     
   45.952691726776756       -2809.2368457118359     
   45.957329196927809       -2809.2368457118359     
   45.961966667078862       -2809.2368457118359     
   45.966604137229908       -2809.2368457118359     
   45.971241607380961       -2809.2368457118359     
   45.975879077532014       -2809.2368457118359     
   45.980516547683067       -2809.2368457118359     
   45.985154017834120       -2809.2368457118359     
   45.989791487985173       -2809.2368457118359     
   45.994428958136226       -2809.2368457118359     
   45.999066428287279       -2809.2368457118359     
   46.003703898438332       -2809.2368457118359     
   46.008341368589377       -2809.2368457118359     
   46.012978838740430       -2809.2368457118359     
   46.017616308891483       -2809.2368457118359     
   46.022253779042536       -2809.2368457118359     
   46.026891249193589       -2809.2368457118359     
   46.031528719344642       -2809.2368457118359     
   46.036166189495695       -2809.2368457118359     
   46.040803659646748       -2809.2368457118359     
   46.045441129797801       -2809.2368457118359     
   46.050078599948854       -2809.2368457118359     
   46.054716070099900       -2809.2368457118359     
   46.059353540250953       -2809.2368457118359     
   46.063991010402006       -2809.2368457118359     
   46.068628480553059       -2809.2368457118359     
   46.073265950704112       -2809.2368457118359     
   46.077903420855165       -2809.2368457118359     
   46.082540891006218       -2809.2368457118359     
   46.087178361157271       -2809.2368457118359     
   46.091815831308324       -2809.2368457118359     
   46.096453301459377       -2809.2368457118359     
   46.101090771610423       -2809.2368457118359     
   46.105728241761476       -2809.2368457118359     
   46.110365711912529       -2809.2368457118359     
   46.115003182063582       -2809.2368457118359     
   46.119640652214635       -2809.2368457118359     
   46.124278122365688       -2809.2368457118359     
   46.128915592516741       -2809.2368457118359     
   46.133553062667794       -2809.2368457118359     
   46.138190532818847       -2809.2368457118359     
   46.142828002969900       -2809.2368457118359     
   46.147465473120945       -2809.2368457118359     
   46.152102943271998       -2809.2368457118359     
   46.156740413423051       -2809.2368457118359     
   46.161377883574104       -2809.2368457118359     
   46.166015353725157       -2809.2368457118359     
   46.170652823876210       -2809.2368457118359     
   46.175290294027263       -2809.2368457118359     
   46.179927764178316       -2809.2368457118359     
   46.184565234329369       -2809.2368457118359     
   46.189202704480415       -2809.2368457118359     
   46.193840174631468       -2809.2368457118359     
   46.198477644782521       -2809.2368457118359     
   46.203115114933574       -2809.2368457118359     
   46.207752585084627       -2809.2368457118359     
   46.212390055235680       -2809.2368457118359     
   46.217027525386733       -2809.2368457118359     
   46.221664995537786       -2809.2368457118359     
   46.226302465688839       -2809.2368457118359     
   46.230939935839892       -2809.2368457118359     
   46.235577405990938       -2809.2368457118359     
   46.240214876141991       -2809.2368457118359     
   46.244852346293044       -2809.2368457118359     
   46.249489816444097       -2809.2368457118359     
   46.254127286595150       -2809.2368457118359     
   46.258764756746203       -2809.2368457118359     
   46.263402226897256       -2809.2368457118359     
   46.268039697048309       -2809.2368457118359     
   46.272677167199362       -2809.2368457118359     
   46.277314637350415       -2809.2368457118359     
   46.281952107501461       -2809.2368457118359     
   46.286589577652514       -2809.2368457118359     
   46.291227047803567       -2809.2368457118359     
   46.295864517954620       -2809.2368457118359     
   46.300501988105673       -2809.2368457118359     
   46.305139458256726       -2809.2368457118359     
   46.309776928407778       -2809.2368457118359     
   46.314414398558831       -2809.2368457118359     
   46.319051868709884       -2809.2368457118359     
   46.323689338860937       -2809.2368457118359     
   46.328326809011983       -2809.2368457118359     
   46.332964279163036       -2809.2368457118359     
   46.337601749314089       -2809.2368457118359     
   46.342239219465142       -2809.2368457118359     
   46.346876689616195       -2809.2368457118359     
   46.351514159767248       -2809.2368457118359     
   46.356151629918301       -2809.2368457118359     
   46.360789100069354       -2809.2368457118359     
   46.365426570220407       -2809.2368457118359     
   46.370064040371453       -2809.2368457118359     
   46.374701510522506       -2809.2368457118359     
