   4.6374701510522509E-003  0.72410728779448608     
   9.2749403021045018E-003  0.72805262792072023     
   1.3912410453156752E-002  0.73129487461653842     
   1.8549880604209004E-002  0.73366039998435595     
   2.3187350755261255E-002  0.73511137935475934     
   2.7824820906313504E-002  0.73571274700155498     
   3.2462291057365755E-002  0.73558867579552245     
   3.7099761208418007E-002  0.73484619393199624     
   4.1737231359470259E-002  0.73352625792202475     
   4.6374701510522510E-002  0.73159578818889515     
   5.1012171661574762E-002  0.72897442520126354     
   5.5649641812627007E-002  0.72557598178422056     
   6.0287111963679259E-002  0.72135491846776212     
   6.4924582114731511E-002  0.71634822674399679     
   6.9562052265783769E-002  0.71071127110670407     
   7.4199522416836014E-002  0.70476495002979223     
   7.8836992567888259E-002  0.69899944896922050     
   8.3474462718940518E-002  0.69400474512439125     
   8.8111932869992762E-002  0.69034503357638499     
   9.2749403021045021E-002  0.68842038677226480     
   9.7386873172097266E-002  0.68839483329297479     
  0.10202434332314952       0.69018035625651031     
  0.10666181347420177       0.69347278436183712     
  0.11129928362525401       0.69780580651069113     
  0.11593675377630627       0.70261779203391539     
  0.12057422392735852       0.70734057615628920     
  0.12521169407841076       0.71147548896868329     
  0.12984916422946302       0.71464913461288215     
  0.13448663438051528       0.71665402105858012     
  0.13912410453156754       0.71747495271145667     
  0.14376157468261977       0.71727664166386584     
  0.14839904483367203       0.71638497737388385     
  0.15303651498472429       0.71525842804080775     
  0.15767398513577652       0.71442134767303056     
  0.16231145528682878       0.71437685551654262     
  0.16694892543788104       0.71549752547283774     
  0.17158639558893329       0.71791659647069916     
  0.17622386573998552       0.72147747820580643     
  0.18086133589103778       0.72576219394378949     
  0.18549880604209004       0.73019234715023063     
  0.19013627619314227       0.73417811294864843     
  0.19477374634419453       0.73726132896320051     
  0.19941121649524679       0.73920127987149242     
  0.20404868664629905       0.73999495718710062     
  0.20868615679735128       0.73984088569882900     
  0.21332362694840354       0.73906329049168851     
  0.21796109709945580       0.73801648938662878     
  0.22259856725050803       0.73699330882408087     
  0.22723603740156029       0.73615339218843989     
  0.23187350755261255       0.73548476650796912     
  0.23651097770366480       0.73482037518220777     
  0.24114844785471704       0.73392947135330289     
  0.24578591800576929       0.73263956736693336     
  0.25042338815682152       0.73091876231585973     
  0.25506085830787378       0.72887286607083657     
  0.25969832845892604       0.72667766545014145     
  0.26433579860997830       0.72449716197792524     
  0.26897326876103056       0.72242504587676337     
  0.27361073891208282       0.72045549492176075     
  0.27824820906313508       0.71847454661934063     
  0.28288567921418728       0.71629249408767481     
  0.28752314936523954       0.71371531899494578     
  0.29216061951629180       0.71064857095877398     
  0.29679808966734406       0.70718544563063601     
  0.30143555981839631       0.70360400744719853     
  0.30607302996944857       0.70027213190721560     
  0.31071050012050083       0.69749769535444395     
  0.31534797027155304       0.69540584845391828     
  0.31998544042260529       0.69391096617518755     
  0.32462291057365755       0.69277715104563653     
  0.32926038072470981       0.69174911250410265     
  0.33389785087576207       0.69068509503789510     
  0.33853532102681433       0.68962290178012520     
  0.34317279117786659       0.68875259300089486     
  0.34781026132891879       0.68833900946823912     
  0.35244773147997105       0.68865326625350098     
  0.35708520163102331       0.68992354856062821     
  0.36172267178207557       0.69230592067823615     
  0.36636014193312783       0.69585791881658865     
  0.37099761208418008       0.70048833477950456     
  0.37563508223523234       0.70590529171517669     
  0.38027255238628455       0.71161710902708342     
  0.38491002253733680       0.71700029231571383     
  0.38954749268838906       0.72142787382975981     
  0.39418496283944132       0.72442291807197423     
  0.39882243299049358       0.72579948902911595     
  0.40345990314154584       0.72575343815855742     
  0.40809737329259810       0.72482514224617656     
  0.41273484344365030       0.72370395427089473     
  0.41737231359470256       0.72294243382462819     
  0.42200978374575482       0.72272705062835907     
  0.42664725389680708       0.72283557321977399     
  0.43128472404785934       0.72282517185066142     
  0.43592219419891159       0.72229160057981001     
  0.44055966434996385       0.72102410062749567     
  0.44519713450101606       0.71903124439368138     
  0.44983460465206832       0.71644935712819768     
  0.45447207480312057       0.71341763735454722     
  0.45910954495417283       0.71002751601144165     
  0.46374701510522509       0.70635922739406898     
  0.46838448525627735       0.70255917324889472     
  0.47302195540732961       0.69888667620336364     
  0.47765942555838187       0.69562031135103064     
  0.48229689570943407       0.69289051664059054     
  0.48693436586048633       0.69062632703037063     
  0.49157183601153859       0.68869020942550652     
  0.49620930616259085       0.68705353165193472     
  0.50084677631364305       0.68585616562977236     
  0.50548424646469536       0.68534198034466032     
  0.51012171661574757       0.68573449799605179     
  0.51475918676679988       0.68712702266686021     
  0.51939665691785208       0.68940904969584360     
  0.52403412706890440       0.69227333981395534     
  0.52867159721995660       0.69529986166267055     
  0.53330906737100880       0.69806061751087589     
  0.53794653752206112       0.70019900729897910     
  0.54258400767311332       0.70147921261892721     
  0.54722147782416564       0.70178889065987438     
  0.55185894797521784       0.70112154601392440     
  0.55649641812627015       0.69957586386078618     
  0.56113388827732236       0.69735365296237206     
  0.56577135842837456       0.69475119187310908     
  0.57040882857942687       0.69213013757762265     
  0.57504629873047908       0.68986316967832029     
  0.57968376888153139       0.68825797485496976     
  0.58432123903258359       0.68746588171425560     
  0.58895870918363591       0.68742189349488592     
  0.59359617933468811       0.68787192487325011     
  0.59823364948574032       0.68849471241235993     
  0.60287111963679263       0.68904088439859112     
  0.60750858978784483       0.68941393039405807     
  0.61214605993889715       0.68965674663082810     
  0.61678353008994935       0.68987709831515565     
  0.62142100024100166       0.69018409215252263     
  0.62605847039205387       0.69064456775058947     
  0.63069594054310607       0.69127591992154258     
  0.63533341069415838       0.69205991021864877     
  0.63997088084521059       0.69296200251087170     
  0.64460835099626290       0.69394786248066842     
  0.64924582114731511       0.69497614591281143     
  0.65388329129836742       0.69598793002941606     
  0.65852076144941962       0.69690290461365578     
  0.66315823160047183       0.69763698205130986     
  0.66779570175152414       0.69811028605619740     
  0.67243317190257634       0.69823052926258722     
  0.67707064205362866       0.69789199638395749     
  0.68170811220468086       0.69700992023118369     
  0.68634558235573317       0.69557954430521651     
  0.69098305250678538       0.69374013198253071     
  0.69562052265783758       0.69178754689169353     
  0.70025799280888990       0.69012466354926283     
  0.70489546295994210       0.68915093201291244     
  0.70953293311099441       0.68913352995844079     
  0.71417040326204662       0.69014113667725330     
  0.71880787341309893       0.69206548499757992     
  0.72344534356415113       0.69473463375739708     
  0.72808281371520334       0.69803160003763187     
  0.73272028386625565       0.70194877921313570     
  0.73735775401730785       0.70654679710172530     
  0.74199522416836017       0.71183940588053063     
  0.74663269431941237       0.71768149410155013     
  0.75127016447046469       0.72373993401571690     
  0.75590763462151689       0.72955957946818362     
  0.76054510477256909       0.73467227328198392     
  0.76518257492362141       0.73868345385353695     
  0.76982004507467361       0.74129999717931983     
  0.77445751522572592       0.74235021993402484     
  0.77909498537677813       0.74178747769203757     
  0.78373245552783044       0.73969482208065085     
  0.78836992567888264       0.73630432959274772     
  0.79300739582993485       0.73201167906543418     
  0.79764486598098716       0.72735759670186040     
  0.80228233613203936       0.72295875795700837     
  0.80691980628309168       0.71940864580091313     
  0.81155727643414388       0.71713833150649686     
  0.81619474658519620       0.71626853118360623     
  0.82083221673624840       0.71655461783444707     
  0.82546968688730060       0.71747241162706876     
  0.83010715703835292       0.71841408065936230     
  0.83474462718940512       0.71889271290305823     
  0.83938209734045743       0.71863636620303517     
  0.84401956749150964       0.71757460414957652     
  0.84865703764256195       0.71576957461868962     
  0.85329450779361415       0.71334545514363357     
  0.85793197794466636       0.71045447741024226     
  0.86256944809571867       0.70727023615035800     
  0.86720691824677087       0.70398052372461861     
  0.87184438839782319       0.70077208903693633     
  0.87648185854887539       0.69780440109181874     
  0.88111932869992771       0.69521581229207419     
  0.88575679885097991       0.69317346731272711     
  0.89039426900203211       0.69190143262219583     
  0.89503173915308443       0.69164000414445326     
  0.89966920930413663       0.69253815489511905     
  0.90430667945518894       0.69455301483324994     
  0.90894414960624115       0.69741453319621827     
  0.91358161975729346       0.70069862627638257     
  0.91821908990834566       0.70396171742403613     
  0.92285656005939798       0.70684707132119473     
  0.92749403021045018       0.70914650827688130     
  0.93213150036150239       0.71079777738105165     
  0.93676897051255470       0.71184620259520692     
  0.94140644066360690       0.71240614866292895     
  0.94604391081465922       0.71261764609244771     
  0.95068138096571142       0.71261492093229661     
  0.95531885111676373       0.71251328599588049     
  0.95995632126781594       0.71241956102742943     
  0.96459379141886814       0.71243634069307760     
  0.96923126156992045       0.71263409858991300     
  0.97386873172097266       0.71302888012340626     
  0.97850620187202497       0.71357072270823829     
  0.98314367202307718       0.71416707334590201     
  0.98778114217412949       0.71476079021323091     
  0.99241861232518169       0.71541544189248674     
  0.99705608247623390       0.71634684343378219     
   1.0016935526272861       0.71784606721078903     
   1.0063310227783384       0.72012461854696919     
   1.0109684929293907       0.72314986003086890     
   1.0156059630804430       0.72656707474166582     
   1.0202434332314951       0.72976402105446259     
   1.0248809033825474       0.73205247222968983     
   1.0295183735335998       0.73288210288812028     
   1.0341558436846519       0.73199395872630801     
   1.0387933138357042       0.72947816342806160     
   1.0434307839867565       0.72572871121087790     
   1.0480682541378088       0.72132721188959348     
   1.0527057242888609       0.71688077981329379     
   1.0573431944399132       0.71288584129287680     
   1.0619806645909655       0.70966427772229701     
   1.0666181347420176       0.70735554985127913     
   1.0712556048930699       0.70594906562007109     
   1.0758930750441222       0.70533190598677786     
   1.0805305451951746       0.70535260714641379     
   1.0851680153462266       0.70589338232387755     
   1.0898054854972790       0.70691089413003116     
   1.0944429556483313       0.70841948157761858     
   1.0990804257993834       0.71041783487604360     
   1.1037178959504357       0.71280001919716596     
   1.1083553661014880       0.71532886113636296     
   1.1129928362525403       0.71768879447413936     
   1.1176303064035924       0.71956994538742602     
   1.1222677765546447       0.72075533648819623     
   1.1269052467056970       0.72118262162628277     
   1.1315427168567491       0.72096745701215537     
   1.1361801870078014       0.72038636935018541     
   1.1408176571588537       0.71981609898677335     
   1.1454551273099061       0.71962608751714474     
   1.1500925974609582       0.72007744665046880     
   1.1547300676120105       0.72127263783816953     
   1.1593675377630628       0.72315493650606022     
   1.1640050079141149       0.72554863440435124     
   1.1686424780651672       0.72818935495938686     
   1.1732799482162195       0.73075258406090871     
   1.1779174183672718       0.73289215634924398     
   1.1825548885183239       0.73427545429680630     
   1.1871923586693762       0.73462389714560572     
   1.1918298288204285       0.73374188606267954     
   1.1964672989714806       0.73154271026587048     
   1.2011047691225329       0.72808202406579892     
   1.2057422392735853       0.72357913639250271     
   1.2103797094246376       0.71843824996825389     
   1.2150171795756897       0.71324488146129095     
   1.2196546497267420       0.70869406362046083     
   1.2242921198777943       0.70543217867370311     
   1.2289295900288464       0.70385228642042352     
   1.2335670601798987       0.70391086451026808     
   1.2382045303309510       0.70512178310000284     
   1.2428420004820033       0.70678110304798614     
   1.2474794706330554       0.70825379320367521     
   1.2521169407841077       0.70918409541172178     
   1.2567544109351600       0.70955758288479798     
   1.2613918810862121       0.70961000728996748     
   1.2660293512372645       0.70967897423788395     
   1.2706668213883168       0.71006280382655440     
   1.2753042915393691       0.71091919528146419     
   1.2799417616904212       0.71226233682799112     
   1.2845792318414735       0.71401787924075266     
   1.2892167019925258       0.71608438517062789     
   1.2938541721435779       0.71836476301095442     
   1.2984916422946302       0.72075067945942051     
   1.3031291124456825       0.72308958597072825     
   1.3077665825967348       0.72518950784186842     
   1.3124040527477869       0.72684939653652991     
   1.3170415228988392       0.72790381052518127     
   1.3216789930498916       0.72826607801501630     
   1.3263164632009437       0.72793238358135803     
   1.3309539333519960       0.72699721317248767     
   1.3355914035030483       0.72565787105526580     
   1.3402288736541006       0.72418609945912482     
   1.3448663438051527       0.72286837301891693     
   1.3495038139562050       0.72192388548215347     
   1.3541412841072573       0.72141249981180489     
   1.3587787542583094       0.72121227864854232     
   1.3634162244093617       0.72109665389872590     
   1.3680536945604140       0.72081999170370914     
   1.3726911647114663       0.72018207658529787     
   1.3773286348625184       0.71904053262481782     
   1.3819661050135708       0.71729495630922580     
   1.3866035751646231       0.71490791299691636     
   1.3912410453156752       0.71194850846870306     
   1.3958785154667275       0.70864197716977273     
   1.4005159856177798       0.70539927616267073     
   1.4051534557688321       0.70277234857845328     
   1.4097909259198842       0.70133830672008657     
   1.4144283960709365       0.70154166094166637     
   1.4190658662219888       0.70353927210181599     
   1.4237033363730409       0.70710642210300756     
   1.4283408065240932       0.71167673840502677     
   1.4329782766751455       0.71649097749622070     
   1.4376157468261979       0.72078807170458403     
   1.4422532169772500       0.72397688715657038     
   1.4468906871283023       0.72571830995705355     
   1.4515281572793546       0.72593622908399136     
   1.4561656274304067       0.72478327508078333     
   1.4608030975814590       0.72257480468539836     
   1.4654405677325113       0.71971086691499342     
   1.4700780378835636       0.71661515938515241     
   1.4747155080346157       0.71371315157239712     
   1.4793529781856680       0.71143249555091359     
   1.4839904483367203       0.71017514237409818     
   1.4886279184877724       0.71021103393334906     
   1.4932653886388247       0.71155221010947323     
   1.4979028587898771       0.71392842519554423     
   1.5025403289409294       0.71690101777839221     
   1.5071777990919815       0.72003058234392314     
   1.5118152692430338       0.72296515642196990     
   1.5164527393940861       0.72543245821614033     
   1.5210902095451382       0.72720274204258584     
   1.5257276796961905       0.72806303331246314     
   1.5303651498472428       0.72784557997159860     
   1.5350026199982951       0.72650583367546129     
   1.5396400901493472       0.72416566841757146     
   1.5442775603003995       0.72111390307265621     
   1.5489150304514518       0.71774895141522022     
   1.5535525006025039       0.71447636378659241     
   1.5581899707535563       0.71164245272484661     
   1.5628274409046086       0.70952394974239341     
   1.5674649110556609       0.70835432291189182     
   1.5721023812067130       0.70833039402439735     
   1.5767398513577653       0.70954624069431382     
   1.5813773215088176       0.71190755004596828     
   1.5860147916598697       0.71510495003632424     
   1.5906522618109220       0.71870426401878429     
   1.5952897319619743       0.72230557388920480     
   1.5999272021130266       0.72565839412159472     
   1.6045646722640787       0.72868971508491021     
   1.6092021424151310       0.73144438059541605     
   1.6138396125661834       0.73398950485940095     
   1.6184770827172354       0.73634239834197523     
   1.6231145528682878       0.73843592532178626     
   1.6277520230193401       0.74011363438829669     
   1.6323894931703924       0.74116453385368730     
   1.6370269633214445       0.74137475039718037     
   1.6416644334724968       0.74058836473448686     
   1.6463019036235491       0.73877043312764046     
   1.6509393737746012       0.73603245797949723     
   1.6555768439256535       0.73260481585343362     
   1.6602143140767058       0.72876936510998302     
   1.6648517842277581       0.72478484440325885     
   1.6694892543788102       0.72083520241640653     
   1.6741267245298626       0.71699991061349122     
   1.6787641946809149       0.71324336968011204     
   1.6834016648319670       0.70944025280428713     
   1.6880391349830193       0.70543606009848259     
   1.6926766051340716       0.70114883881752166     
   1.6973140752851239       0.69664984015229459     
   1.7019515454361760       0.69220752169411459     
   1.7065890155872283       0.68827138701274537     
   1.7112264857382806       0.68538014299182226     
   1.7158639558893327       0.68401818906268386     
   1.7205014260403850       0.68446646653121945     
   1.7251388961914373       0.68671033056232778     
   1.7297763663424897       0.69043728011671512     
   1.7344138364935417       0.69512375627307377     
   1.7390513066445941       0.70016654076196072     
   1.7436887767956464       0.70502737949346561     
   1.7483262469466985       0.70933491903546197     
   1.7529637170977508       0.71292013060412440     
   1.7576011872488031       0.71582373733873617     
   1.7622386573998554       0.71825685260375183     
   1.7668761275509075       0.72052800255403637     
   1.7715135977019598       0.72295781048831542     
   1.7761510678530121       0.72579051382343907     
   1.7807885380040642       0.72912409847055260     
   1.7854260081551165       0.73286543044767971     
   1.7900634783061689       0.73674078640072749     
   1.7947009484572212       0.74035405131361531     
   1.7993384186082733       0.74326259466129796     
   1.8039758887593256       0.74507261177593198     
   1.8086133589103779       0.74554077213402969     
   1.8132508290614302       0.74463954112308472     
   1.8178882992124823       0.74257466720438414     
   1.8225257693635346       0.73975831335393627     
   1.8271632395145869       0.73671496339087894     
   1.8318007096656390       0.73394743594213785     
   1.8364381798166913       0.73181234054565658     
   1.8410756499677436       0.73042893859128522     
   1.8457131201187960       0.72967113161638408     
   1.8503505902698481       0.72923367442662546     
   1.8549880604209004       0.72874067462195369     
   1.8596255305719527       0.72786532756043887     
   1.8642630007230048       0.72643059685691425     
   1.8689004708740571       0.72446647215746540     
   1.8735379410251094       0.72220740560387697     
   1.8781754111761617       0.72003712745621828     
   1.8828128813272138       0.71838503999555925     
   1.8874503514782661       0.71761713844494635     
   1.8920878216293184       0.71796400639296709     
   1.8967252917803705       0.71947895205435575     
   1.9013627619314228       0.72202551355968747     
   1.9060002320824752       0.72530712335108927     
   1.9106377022335275       0.72890994104325124     
   1.9152751723845796       0.73236752338428757     
   1.9199126425356319       0.73521590602677689     
   1.9245501126866842       0.73704267697903059     
   1.9291875828377363       0.73755941879209186     
   1.9338250529887886       0.73666223620637927     
   1.9384625231398409       0.73446503670811814     
   1.9430999932908932       0.73129648386297053     
   1.9477374634419453       0.72764978937724500     
   1.9523749335929976       0.72407751707857226     
   1.9570124037440499       0.72107578581313270     
   1.9616498738951020       0.71896849163782606     
   1.9662873440461544       0.71782862326892949     
   1.9709248141972067       0.71747895555683483     
   1.9755622843482590       0.71755543976869074     
   1.9801997544993111       0.71761449986314363     
   1.9848372246503634       0.71725163045205054     
   1.9894746948014157       0.71619826240709594     
   1.9941121649524678       0.71436023764152734     
   1.9987496351035201       0.71180945392821449     
   2.0033871052545722       0.70874900628750626     
   2.0080245754056247       0.70548199428555602     
   2.0126620455566768       0.70239720330619959     
   2.0172995157077289       0.69992251427395458     
   2.0219369858587815       0.69842727442258001     
   2.0265744560098335       0.69810898630418261     
   2.0312119261608861       0.69895937301498956     
   2.0358493963119382       0.70084214711818837     
   2.0404868664629903       0.70360705690836234     
   2.0451243366140428       0.70715962009177580     
   2.0497618067650949       0.71146193792419554     
   2.0543992769161470       0.71647970992629151     
   2.0590367470671995       0.72210213686815072     
   2.0636742172182516       0.72804658658826671     
   2.0683116873693037       0.73381377025209671     
   2.0729491575203562       0.73877363406580487     
   2.0775866276714083       0.74233722712413996     
   2.0822240978224604       0.74412352897223322     
   2.0868615679735130       0.74403573547498814     
   2.0914990381245651       0.74223674598803213     
   2.0961365082756176       0.73907329389666165     
   2.1007739784266697       0.73498588456529790     
   2.1054114485777218       0.73041721348097033     
   2.1100489187287743       0.72573817755320469     
   2.1146863888798264       0.72120926356836301     
   2.1193238590308785       0.71698294421463304     
   2.1239613291819310       0.71315341085072359     
   2.1285987993329831       0.70982593708452857     
   2.1332362694840352       0.70714531736272113     
   2.1378737396350878       0.70526280628001548     
   2.1425112097861398       0.70427598749633968     
   2.1471486799371919       0.70418130041708815     
   2.1517861500882445       0.70485726834607687     
   2.1564236202392966       0.70608780230160195     
   2.1610610903903491       0.70760504057287976     
   2.1656985605414012       0.70914239789599898     
   2.1703360306924533       0.71050258555247692     
   2.1749735008435058       0.71161034159716818     
   2.1796109709945579       0.71251939631751771     
   2.1842484411456100       0.71336209684595975     
   2.1888859112966625       0.71424743062430895     
   2.1935233814477146       0.71517240461109588     
   2.1981608515987667       0.71600958802094883     
   2.2027983217498193       0.71656643880128579     
   2.2074357919008714       0.71665243043157656     
   2.2120732620519235       0.71613457811225190     
   2.2167107322029760       0.71496964131685392     
   2.2213482023540281       0.71318892940592027     
   2.2259856725050806       0.71088977390541352     
   2.2306231426561327       0.70824258315373279     
   2.2352606128071848       0.70550189276287256     
   2.2398980829582373       0.70298844241517511     
   2.2445355531092894       0.70101533848642295     
   2.2491730232603415       0.69978757191705698     
   2.2538104934113941       0.69932299518997543     
   2.2584479635624461       0.69944035135397298     
   2.2630854337134982       0.69984494486923821     
   2.2677229038645508       0.70025724874010997     
   2.2723603740156029       0.70049676521888771     
   2.2769978441666550       0.70053491883493302     
   2.2816353143177075       0.70049359202210382     
   2.2862727844687596       0.70060081786386175     
   2.2909102546198121       0.70113287390435219     
   2.2955477247708642       0.70233101297014311     
   2.3001851949219163       0.70435089611583679     
   2.3048226650729688       0.70725687321945141     
   2.3094601352240209       0.71101786405062894     
   2.3140976053750730       0.71550648323174693     
   2.3187350755261256       0.72048594881429462     
   2.3233725456771777       0.72558357421430308     
   2.3280100158282298       0.73031434021254626     
   2.3326474859792823       0.73415698132992457     
   2.3372849561303344       0.73664471373761742     
   2.3419224262813865       0.73746295862273326     
   2.3465598964324390       0.73653312210533350     
   2.3511973665834911       0.73402857953686185     
   2.3558348367345436       0.73032236953161589     
   2.3604723068855957       0.72590959610473949     
   2.3651097770366478       0.72130718153598439     
   2.3697472471877004       0.71697048842104794     
   2.3743847173387524       0.71325705410799234     
   2.3790221874898045       0.71042084051487819     
   2.3836596576408571       0.70860859422703582     
   2.3882971277919092       0.70785906995524217     
   2.3929345979429613       0.70810592222656588     
   2.3975720680940138       0.70916740772743092     
   2.4022095382450659       0.71078029937639609     
   2.4068470083961184       0.71265461613178216     
   2.4114844785471705       0.71453350561016626     
   2.4161219486982226       0.71626087312266484     
   2.4207594188492751       0.71782028814208798     
   2.4253968890003272       0.71932478661101373     
   2.4300343591513793       0.72098030958244452     
   2.4346718293024319       0.72300759356308031     
   2.4393092994534840       0.72552676734230548     
   2.4439467696045361       0.72848570933291634     
   2.4485842397555886       0.73165363571863518     
   2.4532217099066407       0.73468203509856733     
   2.4578591800576928       0.73720463277415282     
   2.4624966502087453       0.73892367219244104     
   2.4671341203597974       0.73966369839401480     
   2.4717715905108499       0.73938838789310679     
   2.4764090606619020       0.73817171437731199     
   2.4810465308129541       0.73615744749591638     
   2.4856840009640067       0.73353447196644228     
   2.4903214711150587       0.73051461362567616     
   2.4949589412661108       0.72730567095198351     
   2.4995964114171634       0.72408910918685887     
   2.5042338815682155       0.72100227623165114     
   2.5088713517192676       0.71813186242241300     
   2.5135088218703201       0.71552068982613215     
   2.5181462920213722       0.71318802113729818     
   2.5227837621724243       0.71114843237087833     
   2.5274212323234768       0.70942261791174188     
   2.5320587024745289       0.70804322255600793     
   2.5366961726255814       0.70704879832384915     
   2.5413336427766335       0.70648453523913646     
   2.5459711129276856       0.70639211111396893     
   2.5506085830787382       0.70679466307372396     
   2.5552460532297903       0.70769116907885576     
   2.5598835233808424       0.70904316960223279     
   2.5645209935318949       0.71076009680460295     
   2.5691584636829470       0.71269377588773197     
   2.5737959338339991       0.71462661623989132     
   2.5784334039850516       0.71627333549586258     
   2.5830708741361037       0.71733120458575483     
   2.5877083442871558       0.71756917861414915     
   2.5923458144382083       0.71691255417793320     
   2.5969832845892604       0.71546256014405618     
   2.6016207547403130       0.71343825536703975     
   2.6062582248913650       0.71108839002376345     
   2.6108956950424171       0.70863750635385470     
   2.6155331651934697       0.70626806459979474     
   2.6201706353445218       0.70411219896014010     
   2.6248081054955739       0.70225692748698265     
   2.6294455756466264       0.70074725363787449     
   2.6340830457976785       0.69960000799293642     
   2.6387205159487306       0.69883510664805404     
   2.6433579860997831       0.69848429384000199     
   2.6479954562508352       0.69858847719878059     
   2.6526329264018873       0.69918689975900039     
   2.6572703965529398       0.70028482875934439     
   2.6619078667039919       0.70182604357978595     
   2.6665453368550445       0.70367780871540930     
   2.6711828070060966       0.70564122406600882     
   2.6758202771571487       0.70747330117184037     
   2.6804577473082012       0.70892770465782040     
   2.6850952174592533       0.70979694304000385     
   2.6897326876103054       0.70993344560088611     
   2.6943701577613579       0.70926667621484873     
   2.6990076279124100       0.70781223084883049     
   2.7036450980634621       0.70568171984284001     
   2.7082825682145146       0.70307910434888343     
   2.7129200383655667       0.70028655142261231     
   2.7175575085166188       0.69763225964508546     
   2.7221949786676714       0.69545056811687556     
   2.7268324488187234       0.69405435050565301     
   2.7314699189697760       0.69369930055655205     
   2.7361073891208281       0.69455263675853329     
   2.7407448592718802       0.69665355114156990     
   2.7453823294229327       0.69989308368503811     
   2.7500197995739848       0.70403646113438711     
   2.7546572697250369       0.70875581062925475     
   2.7592947398760894       0.71367639949423534     
   2.7639322100271415       0.71841222721892051     
   2.7685696801781936       0.72260728058695634     
   2.7732071503292461       0.72599496009508835     
   2.7778446204802982       0.72842349042535026     
   2.7824820906313503       0.72986829782584950     
   2.7871195607824029       0.73042938744256980     
   2.7917570309334550       0.73028032759212469     
   2.7963945010845075       0.72959434477714380     
   2.8010319712355596       0.72848425098724856     
   2.8056694413866117       0.72698073241258221     
   2.8103069115376642       0.72505725175621516     
   2.8149443816887163       0.72270133373920931     
   2.8195818518397684       0.71999710716883958     
   2.8242193219908209       0.71716475906690458     
   2.8288567921418730       0.71451256286789622     
   2.8334942622929251       0.71233356082930077     
   2.8381317324439777       0.71080141677010766     
   2.8427692025950297       0.70990806027893161     
   2.8474066727460818       0.70947052397152799     
   2.8520441428971344       0.70918235163133347     
   2.8566816130481865       0.70870902628688792     
   2.8613190831992390       0.70779629673828059     
   2.8659565533502911       0.70633898895066116     
   2.8705940235013432       0.70440693536776366     
   2.8752314936523957       0.70222402935486306     
   2.8798689638034478       0.70011411883771435     
   2.8845064339544999       0.69842315517148634     
   2.8891439041055524       0.69743440260947298     
   2.8937813742566045       0.69730406709768811     
   2.8984188444076566       0.69802690070405859     
   2.9030563145587092       0.69944510740243648     
   2.9076937847097613       0.70129090492566226     
   2.9123312548608133       0.70325684665743093     
   2.9169687250118659       0.70506139901939768     
   2.9216061951629180       0.70649424234859359     
   2.9262436653139705       0.70744642408708158     
   2.9308811354650226       0.70790989810689275     
   2.9355186056160747       0.70796027015572749     
   2.9401560757671272       0.70771984648305031     
   2.9447935459181793       0.70733085652830618     
   2.9494310160692314       0.70694555787049407     
   2.9540684862202840       0.70669795498555732     
   2.9587059563713360       0.70668868728228784     
   2.9633434265223881       0.70697319549654669     
   2.9679808966734407       0.70754171935396970     
   2.9726183668244928       0.70831852038800824     
   2.9772558369755449       0.70918631540778121     
   2.9818933071265974       0.71000871808072064     
   2.9865307772776495       0.71062915403354976     
   2.9911682474287020       0.71088096244032994     
   2.9958057175797541       0.71062296473701525     
   3.0004431877308062       0.70977120548072159     
   3.0050806578818587       0.70834873257258524     
   3.0097181280329108       0.70653024684066423     
   3.0143555981839629       0.70462050678367172     
   3.0189930683350155       0.70297991087858791     
   3.0236305384860676       0.70190441613594579     
   3.0282680086371196       0.70151360217889713     
   3.0329054787881722       0.70172620816431541     
   3.0375429489392243       0.70230691650219712     
   3.0421804190902764       0.70299124417088266     
   3.0468178892413289       0.70361993719107385     
   3.0514553593923810       0.70418990637403356     
   3.0560928295434335       0.70479929671055053     
   3.0607302996944856       0.70552188032082919     
   3.0653677698455377       0.70632921331795429     
   3.0700052399965903       0.70712246305044080     
   3.0746427101476423       0.70782307049225834     
   3.0792801802986944       0.70843188512027866     
   3.0839176504497470       0.70902885496436163     
   3.0885551206007991       0.70972919944138513     
   3.0931925907518512       0.71062969281466215     
   3.0978300609029037       0.71175435113036212     
   3.1024675310539558       0.71303211569243563     
   3.1071050012050079       0.71431585076611703     
   3.1117424713560604       0.71542310479371618     
   3.1163799415071125       0.71623124481776179     
   3.1210174116581650       0.71676398178383904     
   3.1256548818092171       0.71720811929716088     
   3.1302923519602692       0.71783742125404282     
   3.1349298221113218       0.71884891177804111     
   3.1395672922623739       0.72021335193891467     
   3.1442047624134259       0.72164388514036881     
   3.1488422325644785       0.72271499109210413     
   3.1534797027155306       0.72305695873593123     
   3.1581171728665827       0.72251869441595828     
   3.1627546430176352       0.72121422575980287     
   3.1673921131686873       0.71945463562358325     
   3.1720295833197394       0.71762141335736396     
   3.1766670534707919       0.71602900696512961     
   3.1813045236218440       0.71481513528984741     
   3.1859419937728966       0.71390644615351073     
   3.1905794639239486       0.71305047194287396     
   3.1952169340750007       0.71189002654115496     
   3.1998544042260533       0.71006790835787503     
   3.2044918743771054       0.70733393469903860     
   3.2091293445281575       0.70362352971992337     
   3.2137668146792100       0.69910649883519027     
   3.2184042848302621       0.69418585113345743     
   3.2230417549813142       0.68943434920491276     
   3.2276792251323667       0.68548371959540755     
   3.2323166952834188       0.68286457881117824     
   3.2369541654344709       0.68184886352731988     
   3.2415916355855234       0.68239281156817466     
   3.2462291057365755       0.68421073680274891     
   3.2508665758876281       0.68692797558223451     
   3.2555040460386802       0.69020818635147763     
   3.2601415161897322       0.69379215910107572     
   3.2647789863407848       0.69748365947446223     
   3.2694164564918369       0.70111665835380599     
   3.2740539266428890       0.70455863000166852     
   3.2786913967939415       0.70773646296581849     
   3.2833288669449936       0.71063620206777922     
   3.2879663370960457       0.71327162477842065     
   3.2926038072470982       0.71565031905635423     
   3.2972412773981503       0.71773644338965692     
   3.3018787475492024       0.71943374498605883     
   3.3065162177002549       0.72060918433887999     
   3.3111536878513070       0.72112611668059379     
   3.3157911580023596       0.72088216154834306     
   3.3204286281534117       0.71984863593056814     
   3.3250660983044638       0.71808163917835210     
   3.3297035684555163       0.71570742900641149     
   3.3343410386065684       0.71290538148912030     
   3.3389785087576205       0.70989435839188564     
   3.3436159789086730       0.70692148553205136     
   3.3482534490597251       0.70425902583025690     
   3.3528909192107772       0.70219832990676723     
   3.3575283893618297       0.70102791972311418     
   3.3621658595128818       0.70099934148114029     
   3.3668033296639339       0.70227024251860792     
   3.3714407998149865       0.70485961899996596     
   3.3760782699660385       0.70864016049968293     
   3.3807157401170911       0.71336154530057350     
   3.3853532102681432       0.71868697328034625     
   3.3899906804191953       0.72421158616927028     
   3.3946281505702478       0.72946914496871451     
   3.3992656207212999       0.73396433193293675     
   3.4039030908723520       0.73724634137107337     
   3.4085405610234045       0.73901220358910713     
   3.4131780311744566       0.73919713416011668     
   3.4178155013255087       0.73801922996166081     
   3.4224529714765612       0.73595552262499586     
   3.4270904416276133       0.73361511005505775     
   3.4317279117786654       0.73155622211058591     
   3.4363653819297180       0.73011672698261654     
   3.4410028520807701       0.72933558671646570     
   3.4456403222318226       0.72898654977516864     
   3.4502777923828747       0.72869310524711739     
   3.4549152625339268       0.72806988305799247     
   3.4595527326849793       0.72681920789095478     
   3.4641902028360314       0.72479674925551374     
   3.4688276729870835       0.72205432735384667     
   3.4734651431381360       0.71881856109463471     
   3.4781026132891881       0.71541989394753580     
   3.4827400834402402       0.71221737480894987     
   3.4873775535912928       0.70952644999805670     
   3.4920150237423448       0.70756913156286838     
   3.4966524938933969       0.70645042791854384     
   3.5012899640444495       0.70614199219920926     
   3.5059274341955016       0.70647254911422586     
   3.5105649043465541       0.70714485097799040     
   3.5152023744976062       0.70780577642496079     
   3.5198398446486583       0.70813288061092439     
   3.5244773147997108       0.70791768453585124     
   3.5291147849507629       0.70712654647897433     
   3.5337522551018150       0.70592316515155573     
   3.5383897252528675       0.70464672369888537     
   3.5430271954039196       0.70372181922014654     
   3.5476646655549717       0.70351271928644399     
   3.5523021357060243       0.70419468968214893     
   3.5569396058570764       0.70574278068303364     
   3.5615770760081285       0.70801851124290838     
   3.5662145461591810       0.71086764826770032     
   3.5708520163102331       0.71415465026123037     
   3.5754894864612856       0.71774494301500513     
   3.5801269566123377       0.72147300416615490     
   3.5847644267633898       0.72513476148425782     
   3.5894018969144423       0.72851645631965878     
   3.5940393670654944       0.73141621303614734     
   3.5986768372165465       0.73363865268839312     
   3.6033143073675991       0.73499857785152545     
   3.6079517775186511       0.73533712969290144     
   3.6125892476697032       0.73455006359278030     
   3.6172267178207558       0.73263403561559526     
   3.6218641879718079       0.72973151263725666     
   3.6265016581228604       0.72614804243991116     
   3.6311391282739125       0.72232493380799057     
   3.6357765984249646       0.71878192418233711     
   3.6404140685760171       0.71604182600735744     
   3.6450515387270692       0.71454411784899452     
   3.6496890088781213       0.71456290969223768     
   3.6543264790291738       0.71616932487219831     
   3.6589639491802259       0.71924271109959814     
   3.6636014193312780       0.72353573284688510     
   3.6682388894823306       0.72875718971640413     
   3.6728763596333827       0.73459596728719156     
   3.6775138297844348       0.74068131836424533     
   3.6821512999354873       0.74652757113889934     
   3.6867887700865394       0.75152824716074129     
   3.6914262402375919       0.75505605354365191     
   3.6960637103886440       0.75665404968820116     
   3.7007011805396961       0.75621354677559083     
   3.7053386506907486       0.75402816209479784     
   3.7099761208418007       0.75072130138220206     
   3.7146135909928528       0.74708781639816357     
   3.7192510611439054       0.74388936535406591     
   3.7238885312949574       0.74166105133774907     
   3.7285260014460095       0.74059516321574259     
   3.7331634715970621       0.74055598019553304     
   3.7378009417481142       0.74119535151761518     
   3.7424384118991663       0.74210530571131283     
   3.7470758820502188       0.74293628715271653     
   3.7517133522012709       0.74344035065723646     
   3.7563508223523234       0.74346656043368131     
   3.7609882925033755       0.74294134491985009     
   3.7656257626544276       0.74185008731408786     
   3.7702632328054801       0.74022205766263538     
   3.7749007029565322       0.73810162483199959     
   3.7795381731075843       0.73552395971644180     
   3.7841756432586369       0.73249085719972773     
   3.7888131134096890       0.72896751726415887     
   3.7934505835607411       0.72491199692781016     
   3.7980880537117936       0.72033087960137621     
   3.8027255238628457       0.71535500960786935     
   3.8073629940138978       0.71028536278214582     
   3.8120004641649503       0.70558273073476085     
   3.8166379343160024       0.70178640714324281     
   3.8212754044670549       0.69938727443579918     
   3.8259128746181070       0.69869159575016782     
   3.8305503447691591       0.69973243273915708     
   3.8351878149202117       0.70225991965642198     
   3.8398252850712637       0.70582141963222922     
   3.8444627552223158       0.70989600826588828     
   3.8491002253733684       0.71402174777390826     
   3.8537376955244205       0.71785947391259208     
   3.8583751656754726       0.72116881154101764     
   3.8630126358265251       0.72375753260718301     
   3.8676501059775772       0.72545701440068244     
   3.8722875761286293       0.72611698058483420     
   3.8769250462796818       0.72563542552057403     
   3.8815625164307339       0.72400895727791137     
   3.8861999865817864       0.72135387811039209     
   3.8908374567328385       0.71790617212402208     
   3.8954749268838906       0.71399991641605653     
   3.9001123970349432       0.71003104831817876     
   3.9047498671859953       0.70640546898206280     
   3.9093873373370474       0.70346827197874173     
   3.9140248074880999       0.70144041612612251     
   3.9186622776391520       0.70038275631389968     
   3.9232997477902041       0.70021916185632060     
   3.9279372179412566       0.70080777077939949     
   3.9325746880923087       0.70201443564896848     
   3.9372121582433608       0.70375655403163850     
   3.9418496283944133       0.70599555146973159     
   3.9464870985454654       0.70872351140443535     
   3.9511245686965180       0.71196089103791316     
   3.9557620388475701       0.71574492870019968     
   3.9603995089986221       0.72010528330092949     
   3.9650369791496747       0.72501547871365957     
   3.9696744493007268       0.73033706895128858     
   3.9743119194517789       0.73579729114114123     
   3.9789493896028314       0.74101949579433524     
   3.9835868597538835       0.74559556522953963     
   3.9882243299049356       0.74917331671134901     
   3.9928618000559881       0.75152232847220768     
   3.9974992702070402       0.75256887077930612     
   4.0021367403580923       0.75241052597364133     
   4.0067742105091444       0.75130050944186810     
   4.0114116806601974       0.74958705296269257     
   4.0160491508112495       0.74763028480691718     
   4.0206866209623016       0.74569614852240662     
   4.0253240911133537       0.74387681491051172     
   4.0299615612644057       0.74207531936683324     
   4.0345990314154578       0.74005389440839120     
   4.0392365015665108       0.73754073806103837     
   4.0438739717175629       0.73434536939303818     
   4.0485114418686150       0.73044392338245556     
   4.0531489120196671       0.72601413496339584     
   4.0577863821707192       0.72140369104150293     
   4.0624238523217722       0.71703405039634682     
   4.0670613224728243       0.71326660001067355     
   4.0716987926238764       0.71029322378833426     
   4.0763362627749284       0.70809784317816882     
   4.0809737329259805       0.70651775569089736     
   4.0856112030770326       0.70536184458997941     
   4.0902486732280856       0.70449308238468600     
   4.0948861433791377       0.70385249058520072     
   4.0995236135301898       0.70341890771237281     
   4.1041610836812419       0.70314568884567885     
   4.1087985538322940       0.70295106782920713     
   4.1134360239833470       0.70276099173970386     
   4.1180734941343990       0.70255216130451570     
   4.1227109642854511       0.70238588890682918     
   4.1273484344365032       0.70240963533344636     
   4.1319859045875553       0.70282756544507463     
   4.1366233747386074       0.70385084779108231     
   4.1412608448896604       0.70563069101473241     
   4.1458983150407125       0.70817803113218392     
   4.1505357851917646       0.71131477140143407     
   4.1551732553428167       0.71469778573936182     
   4.1598107254938688       0.71789923769763864     
   4.1644481956449209       0.72051722773244598     
   4.1690856657959738       0.72226306281860597     
   4.1737231359470259       0.72297758718207361     
   4.1783606060980780       0.72260993147157282     
   4.1829980762491301       0.72120639836229972     
   4.1876355464001822       0.71892378792777789     
   4.1922730165512352       0.71605488726283451     
   4.1969104867022873       0.71302122423250713     
   4.2015479568533394       0.71031962662962567     
   4.2061854270043915       0.70841444632342243     
   4.2108228971554436       0.70761816816500533     
   4.2154603673064956       0.70802198362435165     
   4.2200978374575486       0.70949291750520860     
   4.2247353076086007       0.71174115231400037     
   4.2293727777596528       0.71440273063213611     
   4.2340102479107049       0.71711866980587524     
   4.2386477180617570       0.71959931233200281     
   4.2432851882128100       0.72165891277628991     
   4.2479226583638621       0.72324164772074950     
   4.2525601285149142       0.72443372433221265     
   4.2571975986659663       0.72543574554633017     
   4.2618350688170183       0.72649460169230839     
   4.2664725389680704       0.72782798999030962     
   4.2711100091191234       0.72955530140589542     
   4.2757474792701755       0.73165959149898541     
   4.2803849494212276       0.73400463778157021     
   4.2850224195722797       0.73638355076595075     
   4.2896598897233318       0.73858488435269520     
   4.2942973598743839       0.74042702467121491     
   4.2989348300254369       0.74175953563523689     
   4.3035723001764890       0.74245713274090930     
   4.3082097703275410       0.74241997807691984     
   4.3128472404785931       0.74158061360326988     
   4.3174847106296452       0.73991583117299420     
   4.3221221807806982       0.73746819973462363     
   4.3267596509317503       0.73435420664236029     
   4.3313971210828024       0.73077187860641157     
   4.3360345912338545       0.72700556385614001     
   4.3406720613849066       0.72339555844693537     
   4.3453095315359587       0.72026125052998657     
   4.3499470016870116       0.71780526160521518     
   4.3545844718380637       0.71604626433953822     
   4.3592219419891158       0.71483996184239762     
   4.3638594121401679       0.71398408455274309     
   4.3684968822912200       0.71333776240745073     
   4.3731343524422730       0.71289680702644664     
   4.3777718225933251       0.71278564682196355     
   4.3824092927443772       0.71318637174258570     
   4.3870467628954293       0.71426139057547100     
   4.3916842330464814       0.71609742463050496     
   4.3963217031975335       0.71868167877556166     
   4.4009591733485864       0.72189133942946271     
   4.4055966434996385       0.72548935843171380     
   4.4102341136506906       0.72914257340667121     
   4.4148715838017427       0.73246104702398329     
   4.4195090539527948       0.73507361770490431     
   4.4241465241038469       0.73669968422810816     
   4.4287839942548999       0.73718108454206033     
   4.4334214644059520       0.73647794917238629     
   4.4380589345570041       0.73464185663521531     
   4.4426964047080562       0.73179841349678898     
   4.4473338748591082       0.72813678868086051     
   4.4519713450101612       0.72391636583737662     
   4.4566088151612133       0.71945811544613059     
   4.4612462853122654       0.71508891107419503     
   4.4658837554633175       0.71108330445197299     
   4.4705212256143696       0.70761690312984327     
   4.4751586957654217       0.70475516039912289     
   4.4797961659164747       0.70249787912509754     
   4.4844336360675268       0.70084077710190518     
   4.4890711062185789       0.69982205933251229     
   4.4937085763696309       0.69952267987261496     
   4.4983460465206830       0.70002619271611266     
   4.5029835166717360       0.70138324079382020     
   4.5076209868227881       0.70359021240124786     
   4.5122584569738402       0.70657687924979629     
   4.5168959271248923       0.71019429686097346     
   4.5215333972759444       0.71418863511507269     
   4.5261708674269965       0.71821348970938370     
   4.5308083375780495       0.72185964754939280     
   4.5354458077291016       0.72471066232117476     
   4.5400832778801536       0.72641236502445261     
   4.5447207480312057       0.72672212389458457     
   4.5493582181822578       0.72554787783048502     
   4.5539956883333099       0.72296401700050639     
   4.5586331584843629       0.71920630380880823     
   4.5632706286354150       0.71464881392736468     
   4.5679080987864671       0.70975966961482628     
   4.5725455689375192       0.70503780756734913     
   4.5771830390885713       0.70091795784450317     
   4.5818205092396243       0.69767884532996272     
   4.5864579793906763       0.69539824930120997     
   4.5910954495417284       0.69398008501721054     
   4.5957329196927805       0.69323078460936016     
   4.6003703898438326       0.69293128374722313     
   4.6050078599948847       0.69289841141489072     
   4.6096453301459377       0.69301011979147886     
   4.6142828002969898       0.69319615206318008     
   4.6189202704480419       0.69343688807690151     
   4.6235577405990940       0.69376492905069143     
   4.6281952107501461       0.69426266389766800     
   4.6328326809011990       0.69504023360168021     
   4.6374701510522511       0.69619030684004735     
   4.6421076212033032       0.69774139872822649     
   4.6467450913543553       0.69962700783772225     
   4.6513825615054074       0.70171082235801496     
   4.6560200316564595       0.70383256949499728     
   4.6606575018075125       0.70582889701383489     
   4.6652949719585646       0.70754447858502667     
   4.6699324421096167       0.70881763074418247     
   4.6745699122606688       0.70948065475872657     
   4.6792073824117209       0.70938260486422922     
   4.6838448525627729       0.70841875861750458     
   4.6884823227138259       0.70654702540657766     
   4.6931197928648780       0.70380844089080563     
   4.6977572630159301       0.70037039285406677     
   4.7023947331669822       0.69654484679461337     
   4.7070322033180343       0.69278354277949639     
   4.7116696734690873       0.68958789046710256     
   4.7163071436201394       0.68734048030298733     
   4.7209446137711915       0.68617205969029715     
   4.7255820839222435       0.68595371081512724     
   4.7302195540732956       0.68641184396917032     
   4.7348570242243477       0.68728083746008539     
   4.7394944943754007       0.68842136968369994     
   4.7441319645264528       0.68986994929515777     
   4.7487694346775049       0.69181270686082752     
   4.7534069048285570       0.69450650664705094     
   4.7580443749796091       0.69816391933080846     
   4.7626818451306621       0.70283771474878232     
   4.7673193152817142       0.70836915632168496     
   4.7719567854327662       0.71441450446229937     
   4.7765942555838183       0.72052338081895251     
   4.7812317257348704       0.72623387762581471     
   4.7858691958859225       0.73115237661518862     
   4.7905066660369755       0.73499698545709358     
   4.7951441361880276       0.73760976162536451     
   4.7997816063390797       0.73894432226298912     
   4.8044190764901318       0.73904281314286657     
   4.8090565466411839       0.73801746835751625     
   4.8136940167922369       0.73603919370274973     
   4.8183314869432889       0.73334130226820127     
   4.8229689570943410       0.73021639453873044     
   4.8276064272453931       0.72698936998306141     
   4.8322438973964452       0.72398404152590579     
   4.8368813675474973       0.72149077651667215     
   4.8415188376985503       0.71973012100233358     
   4.8461563078496024       0.71884530274095260     
   4.8507937780006545       0.71890751360898009     
   4.8554312481517066       0.71990568996316551     
   4.8600687183027587       0.72173863970291097     
   4.8647061884538108       0.72422199652960861     
   4.8693436586048637       0.72710058818206735     
   4.8739811287559158       0.73008218162711769     
   4.8786185989069679       0.73288116406958204     
   4.8832560690580200       0.73524061913774430     
   4.8878935392090721       0.73694484001498572     
   4.8925310093601251       0.73781473816666421     
   4.8971684795111772       0.73770829798397330     
   4.9018059496622293       0.73653040422685545     
   4.9064434198132814       0.73426619692837725     
   4.9110808899643335       0.73101738923472859     
   4.9157183601153855       0.72701075295856843     
   4.9203558302664385       0.72258749042273540     
   4.9249933004174906       0.71816102586306541     
   4.9296307705685427       0.71416505416756326     
   4.9342682407195948       0.71098497494436974     
   4.9389057108706469       0.70888560687106461     
   4.9435431810216999       0.70796035620315090     
   4.9481806511727520       0.70810744895139566     
   4.9528181213238041       0.70905690678412392     
   4.9574555914748561       0.71044741549516666     
   4.9620930616259082       0.71190995449713090     
   4.9667305317769603       0.71313485082113259     
   4.9713680019280133       0.71391466018568583     
   4.9760054720790654       0.71414275447589770     
   4.9806429422301175       0.71380054861631459     
   4.9852804123811696       0.71296296952535898     
   4.9899178825322217       0.71178838064771011     
   4.9945553526832738       0.71049785608097815     
   4.9991928228343268       0.70932446098152402     
   5.0038302929853788       0.70843886801980627     
   5.0084677631364309       0.70790803764684995     
   5.0131052332874830       0.70769796923096573     
   5.0177427034385351       0.70772340819459512     
   5.0223801735895881       0.70789213663164896     
   5.0270176437406402       0.70810244427629709     
   5.0316551138916923       0.70821926102538202     
   5.0362925840427444       0.70805719380736709     
   5.0409300541937965       0.70739022113785865     
   5.0455675243448486       0.70601625702189075     
   5.0502049944959015       0.70383845166371095     
   5.0548424646469536       0.70092590779732034     
   5.0594799347980057       0.69753165804924877     
   5.0641174049490578       0.69406835080381135     
   5.0687548751001099       0.69107292618316563     
   5.0733923452511629       0.68915073551302586     
   5.0780298154022150       0.68887336133455324     
   5.0826672855532671       0.69061940907385522     
   5.0873047557043192       0.69442974669064872     
   5.0919422258553713       0.69996099642694420     
   5.0965796960064234       0.70658204127643898     
   5.1012171661574763       0.71354420088581616     
   5.1058546363085284       0.72012767817053969     
   5.1104921064595805       0.72573635842074558     
   5.1151295766106326       0.72993933558571322     
   5.1197670467616847       0.73249536966951878     
   5.1244045169127368       0.73335239190301116     
   5.1290419870637898       0.73261340204044956     
   5.1336794572148419       0.73049889217300867     
   5.1383169273658940       0.72730676714845321     
   5.1429543975169461       0.72336743094099176     
   5.1475918676679981       0.71902355883321833     
   5.1522293378190511       0.71464373862659736     
   5.1568668079701032       0.71063751847459244     
   5.1615042781211553       0.70746674597472647     
   5.1661417482722074       0.70562186148308870     
   5.1707792184232595       0.70554739669244226     
   5.1754166885743116       0.70752239708217901     
   5.1800541587253646       0.71153580978977782     
   5.1846916288764167       0.71724821585071619     
   5.1893290990274688       0.72407528589704750     
   5.1939665691785208       0.73135497828107687     
   5.1986040393295729       0.73852291085389687     
   5.2032415094806259       0.74518822455899902     
   5.2078789796316780       0.75110283539488021     
   5.2125164497827301       0.75607109410974127     
   5.2171539199337822       0.75988875966072378     
   5.2217913900848343       0.76237695363578417     
   5.2264288602358864       0.76344292916021050     
   5.2310663303869394       0.76312227187961579     
   5.2357038005379914       0.76157907760764620     
   5.2403412706890435       0.75908307601538427     
   5.2449787408400956       0.75596510330386668     
   5.2496162109911477       0.75257431922997065     
   5.2542536811421998       0.74922372678842664     
   5.2588911512932528       0.74611989450533911     
   5.2635286214443049       0.74332355984414678     
   5.2681660915953570       0.74077311118610445     
   5.2728035617464091       0.73838187965960878     
   5.2774410318974612       0.73614586640909896     
   5.2820785020485141       0.73418778187398226     
   5.2867159721995662       0.73269182823639833     
   5.2913534423506183       0.73174258908960144     
   5.2959909125016704       0.73120402326346601     
   5.3006283826527225       0.73073872513416605     
   5.3052658528037746       0.72993204419600966     
   5.3099033229548276       0.72844361694029669     
   5.3145407931058797       0.72611378119515979     
   5.3191782632569318       0.72298368457168127     
   5.3238157334079839       0.71928019269829613     
   5.3284532035590360       0.71540322447954796     
   5.3330906737100889       0.71190117589711466     
   5.3377281438611410       0.70941070137901074     
   5.3423656140121931       0.70851830143146166     
   5.3470030841632452       0.70957653371579610     
   5.3516405543142973       0.71258624049316799     
   5.3562780244653494       0.71721542026370733     
   5.3609154946164024       0.72294223141964753     
   5.3655529647674545       0.72922680674299689     
   5.3701904349185066       0.73560940833072086     
   5.3748279050695587       0.74171689988604139     
   5.3794653752206107       0.74721184310883615     
   5.3841028453716628       0.75174542782606768     
   5.3887403155227158       0.75496292778526197     
   5.3933777856737679       0.75655645337486455     
   5.3980152558248200       0.75633207673406833     
   5.4026527259758721       0.75425158306233742     
   5.4072901961269242       0.75042631666069137     
   5.4119276662779772       0.74507796542480043     
   5.4165651364290293       0.73848345321102504     
   5.4212026065800814       0.73095223747114624     
   5.4258400767311334       0.72283523603392041     
   5.4304775468821855       0.71454042982594446     
   5.4351150170332376       0.70653462707298753     
   5.4397524871842906       0.69930618954543122     
   5.4443899573353427       0.69330075574924155     
   5.4490274274863948       0.68885599727956126     
   5.4536648976374469       0.68613884791351587     
   5.4583023677884990       0.68513021717301870     
   5.4629398379395520       0.68566616223417176     
   5.4675773080906040       0.68751023683970247     
   5.4722147782416561       0.69043483026306429     
   5.4768522483927082       0.69426034613243792     
   5.4814897185437603       0.69884077146749979     
   5.4861271886948124       0.70401821122290775     
   5.4907646588458654       0.70958372423174587     
   5.4954021289969175       0.71525843533426159     
   5.5000395991479696       0.72073006776451820     
   5.5046770692990217       0.72571708484072817     
   5.5093145394500738       0.73001092143331336     
   5.5139520096011259       0.73349647304290566     
   5.5185894797521788       0.73613122170895595     
   5.5232269499032309       0.73791661048166846     
   5.5278644200542830       0.73886071593524039     
   5.5325018902053351       0.73894998628691622     
   5.5371393603563872       0.73814995454064336     
   5.5417768305074402       0.73640241461578593     
   5.5464143006584923       0.73364371362982361     
   5.5510517708095444       0.72985112968689669     
   5.5556892409605965       0.72510015954062157     
   5.5603267111116486       0.71961195012271673     
   5.5649641812627006       0.71374982084114535     
   5.5696016514137536       0.70796146190921239     
   5.5742391215648057       0.70267698427157499     
   5.5788765917158578       0.69821777792130157     
   5.5835140618669099       0.69475496550619120     
   5.5881515320179620       0.69229814532941791     
   5.5927890021690150       0.69073977652960994     
   5.5974264723200671       0.68992959329001524     
   5.6020639424711192       0.68974172845622772     
   5.6067014126221713       0.69012105021789116     
   5.6113388827732233       0.69109349930180541     
   5.6159763529242754       0.69272241880120378     
   5.6206138230753284       0.69503199960389139     
   5.6252512932263805       0.69792536439539810     
   5.6298887633774326       0.70112395814719597     
   5.6345262335284847       0.70419827592635753     
   5.6391637036795368       0.70666500052670556     
   5.6438011738305889       0.70811120398195904     
   5.6484386439816419       0.70830124928764671     
   5.6530761141326940       0.70724220826120843     
   5.6577135842837460       0.70520422921298098     
   5.6623510544347981       0.70266741377200204     
   5.6669885245858502       0.70021989240836524     
   5.6716259947369032       0.69843759509805248     
   5.6762634648879553       0.69777611559699226     
   5.6809009350390074       0.69848869917012479     
   5.6855384051900595       0.70056769722532863     
   5.6901758753411116       0.70373767838675161     
   5.6948133454921637       0.70749770191963368     
   5.6994508156432167       0.71122029684495980     
   5.7040882857942687       0.71430320881540410     
   5.7087257559453208       0.71629111507532395     
   5.7133632260963729       0.71694651944375642     
   5.7180006962474250       0.71627992716309352     
   5.7226381663984780       0.71452290990902667     
   5.7272756365495301       0.71206879938271295     
   5.7319131067005822       0.70940423136082198     
   5.7365505768516343       0.70703262188899652     
   5.7411880470026864       0.70540240145798327     
   5.7458255171537385       0.70483535877266268     
   5.7504629873047914       0.70547427676630936     
   5.7551004574558435       0.70728397515589203     
   5.7597379276068956       0.71009944523656354     
   5.7643753977579477       0.71367575246676629     
   5.7690128679089998       0.71771163285163730     
   5.7736503380600519       0.72185828123584728     
   5.7782878082111049       0.72573056574212513     
   5.7829252783621570       0.72897005266951231     
   5.7875627485132091       0.73134383761779997     
   5.7922002186642612       0.73281885333761387     
   5.7968376888153132       0.73354395379013260     
   5.8014751589663662       0.73373224335885867     
   5.8061126291174183       0.73352540603004335     
   5.8107500992684704       0.73294717588672564     
   5.8153875694195225       0.73199263874329001     
   5.8200250395705746       0.73075203902000141     
   5.8246625097216267       0.72946506262506727     
   5.8292999798726797       0.72845324585455740     
   5.8339374500237318       0.72795030310555886     
   5.8385749201747839       0.72794140083331971     
   5.8432123903258359       0.72815142479841555     
   5.8478498604768880       0.72818001133704957     
   5.8524873306279410       0.72766002018876441     
   5.8571248007789931       0.72637006449092223     
   5.8617622709300452       0.72426191818375019     
   5.8663997410810973       0.72144552450266819     
   5.8710372112321494       0.71818731713845774     
   5.8756746813832015       0.71490726563968343     
   5.8803121515342545       0.71213827434080390     
   5.8849496216853066       0.71038815832930524     
   5.8895870918363586       0.70993809196141267     
   5.8942245619874107       0.71069136027399671     
   5.8988620321384628       0.71219515370591757     
   5.9034995022895149       0.71385408510493897     
   5.9081369724405679       0.71515286601135131     
   5.9127744425916200       0.71575531086663913     
   5.9174119127426721       0.71550857456978534     
   5.9220493828937242       0.71440098790929174     
   5.9266868530447763       0.71250086438508153     
   5.9313243231958293       0.70990562590635931     
   5.9359617933468813       0.70670660383840811     
   5.9405992634979334       0.70298559074812395     
   5.9452367336489855       0.69884357294186028     
   5.9498742038000376       0.69444004341823551     
   5.9545116739510897       0.69001395356036377     
   5.9591491441021427       0.68587213428053473     
   5.9637866142531948       0.68236922753743579     
   5.9684240844042469       0.67987380109936613     
   5.9730615545552990       0.67873079878373310     
   5.9776990247063511       0.67921477663252749     
   5.9823364948574040       0.68145009826532199     
   5.9869739650084561       0.68533418175823524     
   5.9916114351595082       0.69050608068285568     
   5.9962489053105603       0.69638613686935491     
   6.0008863754616124       0.70230043307578294     
   6.0055238456126645       0.70763060125774813     
   6.0101613157637175       0.71192722385625828     
   6.0147987859147696       0.71498813640155057     
   6.0194362560658217       0.71686807485377990     
   6.0240737262168738       0.71781549320525895     
   6.0287111963679259       0.71819878530369319     
   6.0333486665189788       0.71843961702257919     
   6.0379861366700309       0.71895210981629398     
   6.0426236068210830       0.72008358761667890     
   6.0472610769721351       0.72205333672427974     
   6.0518985471231872       0.72488468765597935     
   6.0565360172742393       0.72837405341447370     
   6.0611734874252923       0.73213557898416171     
   6.0658109575763444       0.73568677363984780     
   6.0704484277273965       0.73857031785020322     
   6.0750858978784485       0.74046053550125246     
   6.0797233680295006       0.74120558573675244     
   6.0843608381805527       0.74080968674564396     
   6.0889983083316057       0.73937650496234109     
   6.0936357784826578       0.73706767019151165     
   6.0982732486337099       0.73412011474389693     
   6.1029107187847620       0.73088861352006818     
   6.1075481889358141       0.72782354294783291     
   6.1121856590868671       0.72537324050751095     
   6.1168231292379192       0.72382769004990755     
   6.1214605993889712       0.72319605673607246     
   6.1260980695400233       0.72321791842385885     
   6.1307355396910754       0.72348728306484622     
   6.1353730098421275       0.72360922183410470     
   6.1400104799931805       0.72330162883911475     
   6.1446479501442326       0.72243527062848645     
   6.1492854202952847       0.72102804900595274     
   6.1539228904463368       0.71922622997512553     
   6.1585603605973889       0.71727089470857652     
   6.1631978307484419       0.71544050721597208     
   6.1678353008994939       0.71398412454696070     
   6.1724727710505460       0.71306966988330833     
   6.1771102412015981       0.71276126077800384     
   6.1817477113526502       0.71302114564700381     
   6.1863851815037023       0.71374012762357042     
   6.1910226516547553       0.71477127468862955     
   6.1956601218058074       0.71596202678064180     
   6.2002975919568595       0.71716254642080601     
   6.2049350621079116       0.71821003229385838     
   6.2095725322589637       0.71892779052622524     
   6.2142100024100158       0.71916387783237812     
   6.2188474725610687       0.71883343385701104     
   6.2234849427121208       0.71793940454139205     
   6.2281224128631729       0.71659583606952149     
   6.2327598830142250       0.71504735053382595     
   6.2373973531652771       0.71367513516534320     
   6.2420348233163301       0.71297453243121667     
   6.2466722934673822       0.71343219913469369     
   6.2513097636184343       0.71528779298681533     
   6.2559472337694864       0.71833007468915888     
   6.2605847039205385       0.72191732937513631     
   6.2652221740715905       0.72525444486210477     
   6.2698596442226435       0.72772421042140134     
   6.2744971143736956       0.72905756413352674     
   6.2791345845247477       0.72930899637788726     
   6.2837720546757998       0.72872310444556054     
   6.2884095248268519       0.72760324926049835     
   6.2930469949779049       0.72623026848187544     
   6.2976844651289570       0.72481943482921918     
   6.3023219352800091       0.72351422521734388     
   6.3069594054310611       0.72238673977749912     
   6.3115968755821132       0.72143369086126508     
   6.3162343457331653       0.72059733979955443     
   6.3208718158842183       0.71979236057851226     
   6.3255092860352704       0.71894252962291905     
   6.3301467561863225       0.71799996970373303     
   6.3347842263373746       0.71697368140963869     
   6.3394216964884267       0.71599428751528271     
   6.3440591666394788       0.71537240672306668     
   6.3486966367905318       0.71557118458639524     
   6.3533341069415838       0.71700971484897080     
   6.3579715770926359       0.71979047525057083     
   6.3626090472436880       0.72356531970913718     
   6.3672465173947401       0.72766660673064554     
   6.3718839875457931       0.73136492905021244     
   6.3765214576968452       0.73405862317482762     
   6.3811589278478973       0.73533708469712300     
   6.3857963979989494       0.73497264413365049     
   6.3904338681500015       0.73291151300970159     
   6.3950713383010536       0.72928017061864081     
   6.3997088084521065       0.72439296639760353     
   6.4043462786031586       0.71873287688948051     
   6.4089837487542107       0.71286704942242429     
   6.4136212189052628       0.70733731402058475     
   6.4182586890563149       0.70259413063252096     
   6.4228961592073679       0.69896358290801675     
   6.4275336293584200       0.69666689117291958     
   6.4321710995094721       0.69582537735918149     
   6.4368085696605242       0.69642716290526330     
   6.4414460398115763       0.69831363076362063     
   6.4460835099626284       0.70118279774297421     
   6.4507209801136813       0.70463254143517273     
   6.4553584502647334       0.70823897695803006     
   6.4599959204157855       0.71163023097309008     
   6.4646333905668376       0.71453091128750157     
   6.4692708607178897       0.71677085005551333     
   6.4739083308689418       0.71827742420446716     
   6.4785458010199948       0.71906103436351565     
   6.4831832711710469       0.71918278545736214     
   6.4878207413220990       0.71872175312829167     
   6.4924582114731511       0.71776649332938891     
   6.4970956816242031       0.71640827440192700     
   6.5017331517752561       0.71473504991498693     
   6.5063706219263082       0.71282281345821130     
   6.5110080920773603       0.71071658433733509     
   6.5156455622284124       0.70843989798570306     
   6.5202830323794645       0.70602620568635610     
   6.5249205025305166       0.70351829722079839     
   6.5295579726815696       0.70097855281443588     
   6.5341954428326217       0.69851916506022704     
   6.5388329129836738       0.69632520236321271     
   6.5434703831347258       0.69466160868451876     
   6.5481078532857779       0.69381422562585160     
   6.5527453234368309       0.69400715474440866     
   6.5573827935878830       0.69535346151758748     
   6.5620202637389351       0.69784421668599150     
   6.5666577338899872       0.70135643629986721     
   6.5712952040410393       0.70564905260121835     
   6.5759326741920914       0.71036669711042799     
   6.5805701443431444       0.71507371814240317     
   6.5852076144941964       0.71932780379525829     
   6.5898450846452485       0.72275795601868653     
   6.5944825547963006       0.72512815379461215     
   6.5991200249473527       0.72637749545378827     
   6.6037574950984048       0.72660038078072853     
   6.6083949652494578       0.72598791567432752     
   6.6130324354005099       0.72475607666725628     
   6.6176699055515620       0.72309563106334951     
   6.6223073757026141       0.72116055872315987     
   6.6269448458536662       0.71907972171766310     
   6.6315823160047191       0.71697132557099685     
   6.6362197861557712       0.71493310782820751     
   6.6408572563068233       0.71302515106036346     
   6.6454947264578754       0.71127980509884037     
   6.6501321966089275       0.70972742736059224     
   6.6547696667599796       0.70842774980222012     
   6.6594071369110326       0.70748589986004851     
   6.6640446070620847       0.70703200401300526     
   6.6686820772131368       0.70720536102983411     
   6.6733195473641889       0.70814672568186332     
   6.6779570175152410       0.70999656674653122     
   6.6825944876662939       0.71288608588405833     
   6.6872319578173460       0.71688627176184760     
   6.6918694279683981       0.72192929921941051     
   6.6965068981194502       0.72778926114772302     
   6.7011443682705023       0.73412872260850293     
   6.7057818384215544       0.74057708540337064     
   6.7104193085726074       0.74679963600944421     
   6.7150567787236595       0.75252834793907186     
   6.7196942488747116       0.75756493412400161     
   6.7243317190257637       0.76176004026117794     
   6.7289691891768157       0.76499156648031064     
   6.7336066593278678       0.76712819460679138     
   6.7382441294789208       0.76799501774404011     
   6.7428815996299729       0.76735892393767846     
   6.7475190697810250       0.76496887568546801     
   6.7521565399320771       0.76063063825378252     
   6.7567940100831292       0.75429867640890369     
   6.7614314802341822       0.74616590070528288     
   6.7660689503852343       0.73669946761862382     
   6.7707064205362864       0.72661447995641204     
   6.7753438906873384       0.71675865444083420     
   6.7799813608383905       0.70794355202694204     
   6.7846188309894426       0.70076880343843972     
   6.7892563011404956       0.69553078526653833     
   6.7938937712915477       0.69225782018160553     
   6.7985312414425998       0.69081153340514190     
   6.8031687115936519       0.69099749425860502     
   6.8078061817447040       0.69260912820528908     
   6.8124436518957570       0.69541902069488826     
   6.8170811220468090       0.69915245133051562     
   6.8217185921978611       0.70348635386228853     
   6.8263560623489132       0.70807863398896531     
   6.8309935324999653       0.71258518246815983     
   6.8356310026510174       0.71667648635820025     
   6.8402684728020704       0.72005003069152640     
   6.8449059429531225       0.72245924847592780     
   6.8495434131041746       0.72374328981466773     
   6.8541808832552267       0.72383583424161380     
   6.8588183534062788       0.72276457429824903     
   6.8634558235573309       0.72063216094112603     
   6.8680932937083838       0.71759849050704849     
   6.8727307638594359       0.71386177280827423     
   6.8773682340104880       0.70964790271774880     
   6.8820057041615401       0.70519894336414590     
   6.8866431743125922       0.70073360384609185     
   6.8912806444636452       0.69641825401905744     
   6.8959181146146973       0.69236477259227613     
   6.9005555847657494       0.68866910883674548     
   6.9051930549168015       0.68547834364200266     
   6.9098305250678536       0.68303349995548190     
   6.9144679952189056       0.68163884014612575     
   6.9191054653699586       0.68154620772143837     
   6.9237429355210107       0.68283297297484435     
   6.9283804056720628       0.68536122857723969     
   6.9330178758231149       0.68883808276384351     
   6.9376553459741670       0.69292594140319586     
   6.9422928161252200       0.69734978415772741     
   6.9469302862762721       0.70196141764740672     
   6.9515677564273242       0.70674358791128000     
   6.9562052265783763       0.71175720697137557     
   6.9608426967294283       0.71705600963353278     
   6.9654801668804804       0.72260992409086289     
   6.9701176370315334       0.72826517715182604     
   6.9747551071825855       0.73375800702627381     
   6.9793925773336376       0.73877489375611605     
   6.9840300474846897       0.74302071906154699     
   6.9886675176357418       0.74627232347088401     
   6.9933049877867939       0.74839705272923784     
   6.9979424579378469       0.74934691077810267     
   7.0025799280888990       0.74914884328712839     
   7.0072173982399510       0.74790093742007080     
   7.0118548683910031       0.74578047058481933     
   7.0164923385420552       0.74303353160544583     
   7.0211298086931082       0.73993790509569335     
   7.0257672788441603       0.73676085435732419     
   7.0304047489952124       0.73370883917762209     
   7.0350422191462645       0.73089589393164700     
   7.0396796892973166       0.72836381010125306     
   7.0443171594483687       0.72611227013346114     
   7.0489546295994217       0.72414055354954465     
   7.0535920997504737       0.72248472897170701     
   7.0582295699015258       0.72121734982507657     
   7.0628670400525779       0.72043360513073240     
   7.0675045102036300       0.72022164298781965     
   7.0721419803546830       0.72063502461297357     
   7.0767794505057351       0.72167669944327006     
   7.0814169206567872       0.72329301508181532     
   7.0860543908078393       0.72537124399274999     
   7.0906918609588914       0.72774515272295337     
   7.0953293311099435       0.73021373907908127     
   7.0999668012609964       0.73256000606599125     
   7.1046042714120485       0.73458302967780176     
   7.1092417415631006       0.73613043525388178     
   7.1138792117141527       0.73712635347683586     
   7.1185166818652048       0.73759287413263375     
   7.1231541520162569       0.73764738887320958     
   7.1277916221673099       0.73748564077772794     
   7.1324290923183620       0.73736000853655981     
   7.1370665624694141       0.73755892664263067     
   7.1417040326204662       0.73836583625369667     
   7.1463415027715183       0.73999901568037241     
   7.1509789729225712       0.74256060094121967     
   7.1556164430736233       0.74600405577397899     
   7.1602539132246754       0.75011899214134958     
   7.1648913833757275       0.75454190800031695     
   7.1695288535267796       0.75879811321650992     
   7.1741663236778317       0.76235609085757083     
   7.1788037938288847       0.76470305736474375     
   7.1834412639799368       0.76543773536953907     
   7.1880787341309889       0.76435111691238244     
   7.1927162042820409       0.76147908840441081     
   7.1973536744330930       0.75710519990147007     
   7.2019911445841460       0.75170243741808085     
   7.2066286147351981       0.74578644495058821     
   7.2112660848862502       0.73976577175310232     
   7.2159035550373023       0.73388106610788328     
   7.2205410251883544       0.72826493775854273     
   7.2251784953394065       0.72306194754758435     
   7.2298159654904595       0.71848900463733567     
   7.2344534356415116       0.71480186533605683     
   7.2390909057925636       0.71220573637204465     
   7.2437283759436157       0.71076906027023301     
   7.2483658460946678       0.71038119681825362     
   7.2530033162457208       0.71079144230357094     
   7.2576407863967729       0.71169960421894285     
   7.2622782565478250       0.71283736437873146     
   7.2669157266988771       0.71402240209169754     
   7.2715531968499292       0.71514971740408895     
   7.2761906670009813       0.71615084111108274     
   7.2808281371520343       0.71693236113429482     
   7.2854656073030863       0.71732613484099261     
   7.2901030774541384       0.71709591925064731     
   7.2947405476051905       0.71599173020046136     
   7.2993780177562426       0.71384771151514514     
   7.3040154879072947       0.71065379174387711     
   7.3086529580583477       0.70659266553428557     
   7.3132904282093998       0.70203074192430193     
   7.3179278983604519       0.69746491970723257     
   7.3225653685115040       0.69343921262948460     
   7.3272028386625561       0.69043050173657550     
   7.3318403088136090       0.68875006295067942     
   7.3364777789646611       0.68850135110946165     
   7.3411152491157132       0.68958694138010956     
   7.3457527192667653       0.69173846065480782     
   7.3503901894178174       0.69456797968921580     
   7.3550276595688695       0.69763994933298035     
   7.3596651297199225       0.70058281902879072     
   7.3643025998709746       0.70320472089634067     
   7.3689400700220267       0.70555599825298743     
   7.3735775401730788       0.70791227454279193     
   7.3782150103241309       0.71067508153263781     
   7.3828524804751838       0.71420003750190053     
   7.3874899506262359       0.71860951228261483     
   7.3921274207772880       0.72369071931885820     
   7.3967648909283401       0.72894458527914230     
   7.4014023610793922       0.73375685729229978     
   7.4060398312304443       0.73757619899673488     
   7.4106773013814973       0.74004200519163421     
   7.4153147715325494       0.74103613341439278     
   7.4199522416836015       0.74066310287931925     
   7.4245897118346535       0.73920005431209534     
   7.4292271819857056       0.73702947857709722     
   7.4338646521367577       0.73457236653906821     
   7.4385021222878107       0.73221325915087376     
   7.4431395924388628       0.73023573337530268     
   7.4477770625899149       0.72880054489433510     
   7.4524145327409670       0.72796247939135272     
   7.4570520028920191       0.72769622183984195     
   7.4616894730430721       0.72791053583908749     
   7.4663269431941242       0.72844546072248550     
   7.4709644133451762       0.72907403428721029     
   7.4756018834962283       0.72953439335697967     
   7.4802393536472804       0.72958652285393821     
   7.4848768237983325       0.72908946982163159     
   7.4895142939493855       0.72802608745452002     
   7.4941517641004376       0.72645111884748381     
   7.4987892342514897       0.72442400760891046     
   7.5034267044025418       0.72194905266221798     
   7.5080641745535939       0.71897669928841701     
   7.5127016447046469       0.71545884704309004     
   7.5173391148556989       0.71139800662970831     
   7.5219765850067510       0.70688598673838643     
   7.5266140551578031       0.70210948817863816     
   7.5312515253088552       0.69735411724859442     
   7.5358889954599073       0.69300367960039544     
   7.5405264656109603       0.68950860716593554     
   7.5451639357620124       0.68734183189904285     
   7.5498014059130645       0.68692625537305385     
   7.5544388760641166       0.68852530869462036     
   7.5590763462151687       0.69214344933424965     
   7.5637138163662208       0.69749727222181157     
   7.5683512865172737       0.70406903299020573     
   7.5729887566683258       0.71121858695249973     
   7.5776262268193779       0.71832434228739905     
   7.5822636969704300       0.72489341803205865     
   7.5869011671214821       0.73061604862316676     
   7.5915386372725351       0.73533911961654763     
   7.5961761074235872       0.73899998742079254     
   7.6008135775746393       0.74159152471761047     
   7.6054510477256914       0.74314998263413512     
   7.6100885178767435       0.74375707248510392     
   7.6147259880277955       0.74353926670565984     
   7.6193634581788485       0.74265651576018088     
   7.6240009283299006       0.74129636218471651     
   7.6286383984809527       0.73967473403837791     
   7.6332758686320048       0.73803714301679879     
   7.6379133387830569       0.73664294799668362     
   7.6425508089341099       0.73569328474294904     
   7.6471882790851620       0.73523003722441937     
   7.6518257492362141       0.73509350147052432     
   7.6564632193872662       0.73498682710110619     
   7.6611006895383182       0.73458897309069293     
   7.6657381596893703       0.73362835831048268     
   7.6703756298404233       0.73191449301448142     
   7.6750130999914754       0.72937115103943972     
   7.6796505701425275       0.72608640639173638     
   7.6842880402935796       0.72234320521056783     
   7.6889255104446317       0.71854903674208970     
   7.6935629805956838       0.71508907712293612     
   7.6982004507467368       0.71222405823235424     
   7.7028379208977888       0.71006907193760604     
   7.7074753910488409       0.70862556805008736     
   7.7121128611998930       0.70781333065688434     
   7.7167503313509451       0.70746564401141065     
   7.7213878015019981       0.70731295661693427     
   7.7260252716530502       0.70700729590429989     
   7.7306627418041023       0.70619366605008260     
   7.7353002119551544       0.70457740114330247     
   7.7399376821062065       0.70199289414939881     
   7.7445751522572586       0.69844369764091863     
   7.7492126224083115       0.69411071112653444     
   7.7538500925593636       0.68935374929185123     
   7.7584875627104157       0.68468977248355456     
   7.7631250328614678       0.68074728692599618     
   7.7677625030125199       0.67818120429216922     
   7.7723999731635729       0.67753799424465400     
   7.7770374433146250       0.67910635045119039     
   7.7816749134656771       0.68281061331415271     
   7.7863123836167292       0.68819794506799969     
   7.7909498537677813       0.69455214760621897     
   7.7955873239188334       0.70108602911397810     
   7.8002247940698863       0.70710803071623829     
   7.8048622642209384       0.71212548956466426     
   7.8094997343719905       0.71587177145631442     
   7.8141372045230426       0.71828257400012585     
   7.8187746746740947       0.71946608053901728     
   7.8234121448251468       0.71968047108111477     
   7.8280496149761998       0.71929192346501092     
   7.8326870851272519       0.71869830851099237     
   7.8373245552783040       0.71823163928923250     
   7.8419620254293561       0.71805977148015832     
   7.8465994955804081       0.71815647816420347     
   7.8512369657314611       0.71833253035795097     
   7.8558744358825132       0.71833327622432075     
   7.8605119060335653       0.71796204255880569     
   7.8651493761846174       0.71714884318625383     
   7.8697868463356695       0.71595806716065924     
   7.8744243164867216       0.71455219574429063     
   7.8790617866377746       0.71312175077542173     
   7.8836992567888267       0.71182698734235617     
   7.8883367269398788       0.71077493434521033     
   7.8929741970909308       0.71002517141874399     
   7.8976116672419829       0.70960078723865427     
   7.9022491373930359       0.70949537180362432     
   7.9068866075440880       0.70968798807901534     
   7.9115240776951401       0.71014659046195450     
   7.9161615478461922       0.71084094484800830     
   7.9207990179972443       0.71175416400548586     
   7.9254364881482964       0.71288683803234565     
   7.9300739582993494       0.71425844681320061     
   7.9347114284504014       0.71587323172882877     
   7.9393488986014535       0.71767631094966322     
   7.9439863687525056       0.71952326726187599     
   7.9486238389035577       0.72118023459163560     
   7.9532613090546098       0.72237523532004577     
   7.9578987792056628       0.72288420478031534     
   7.9625362493567149       0.72260498007471885     
   7.9671737195077670       0.72158796816537452     
   7.9718111896588191       0.71999521226060625     
   7.9764486598098712       0.71801950094155320     
   7.9810861299609241       0.71582996779218411     
   7.9857236001119762       0.71358766046221400     
   7.9903610702630283       0.71149968603560632     
   7.9949985404140804       0.70983436776738107     
   7.9996360105651325       0.70888515961774190     
   8.0042734807161846       0.70888168836308862     
   8.0089109508672376       0.70990600797362846     
   8.0135484210182888       0.71186805088075755     
   8.0181858911693418       0.71452773061522357     
   8.0228233613203948       0.71753459614267301     
   8.0274608314714460       0.72048346687640885     
   8.0320983016224989       0.72296592281083483     
   8.0367357717735501       0.72460134589797043     
   8.0413732419246031       0.72505888372504168     
   8.0460107120756561       0.72409340509218145     
   8.0506481822267073       0.72160075689138792     
   8.0552856523777603       0.71767562096847637     
   8.0599231225288115       0.71266458201482086     
   8.0645605926798645       0.70717319194198747     
   8.0691980628309157       0.70200742562022611     
   8.0738355329819687       0.69802453454132496     
   8.0784730031330216       0.69592032570459594     
   8.0831104732840728       0.69603996656513656     
   8.0877479434351258       0.69828947525286256     
   8.0923854135861770       0.70218642504264250     
   8.0970228837372300       0.70702606365243548     
   8.1016603538882830       0.71206339691993781     
   8.1062978240393342       0.71667013362563314     
   8.1109352941903872       0.72043653054851853     
   8.1155727643414384       0.72319032930152138     
   8.1202102344924914       0.72498391109052707     
   8.1248477046435443       0.72605731533788487     
   8.1294851747945955       0.72677592086458054     
   8.1341226449456485       0.72752426744416165     
   8.1387601150966997       0.72858340469699179     
   8.1433975852477527       0.73002997108407330     
   8.1480350553988039       0.73170305702206584     
   8.1526725255498569       0.73328369981542740     
   8.1573099957009099       0.73443899767586285     
   8.1619474658519611       0.73497793477888373     
   8.1665849360030141       0.73493730666926460     
   8.1712224061540653       0.73455239134149597     
   8.1758598763051182       0.73411176939153744     
   8.1804973464561712       0.73377614416609116     
   8.1851348166072224       0.73347573974012803     
   8.1897722867582754       0.73292821215490200     
   8.1944097569093266       0.73176573072329709     
   8.1990472270603796       0.72966715460263087     
   8.2036846972114326       0.72644326313439933     
   8.2083221673624838       0.72208257323020386     
   8.2129596375135367       0.71676106669446138     
   8.2175971076645880       0.71083482776540363     
   8.2222345778156409       0.70480953436599025     
   8.2268720479666939       0.69928287445564752     
   8.2315095181177451       0.69485828457474008     
   8.2361469882687981       0.69201888605064432     
   8.2407844584198493       0.69098625674726410     
   8.2454219285709023       0.69163884557139554     
   8.2500593987219535       0.69354268258685925     
   8.2546968688730065       0.69606607445002366     
   8.2593343390240594       0.69854628702439669     
   8.2639718091751106       0.70045455216793540     
   8.2686092793261636       0.70150321803625382     
   8.2732467494772148       0.70168342135368666     
   8.2778842196282678       0.70123499304619397     
   8.2825216897793208       0.70055463695765940     
   8.2871591599303720       0.70007670904708552     
   8.2917966300814250       0.70018752358551051     
   8.2964341002324762       0.70115761708089996     
   8.3010715703835292       0.70308909127850150     
   8.3057090405345821       0.70588639394649766     
   8.3103465106856333       0.70924565639596171     
   8.3149839808366863       0.71270466323377990     
   8.3196214509877375       0.71576007285591681     
   8.3242589211387905       0.71800529944360936     
   8.3288963912898417       0.71921631864281477     
   8.3335338614408947       0.71935038143554608     
   8.3381713315919477       0.71847823883137429     
   8.3428088017429989       0.71671563820594009     
   8.3474462718940519       0.71422744343801348     
   8.3520837420451031       0.71125943556288052     
   8.3567212121961560       0.70814682112504435     
   8.3613586823472090       0.70527760443714449     
   8.3659961524982602       0.70299001230858726     
   8.3706336226493132       0.70145985653844567     
   8.3752710928003644       0.70065541948106924     
   8.3799085629514174       0.70037470590838968     
   8.3845460331024704       0.70033929735105649     
   8.3891835032535216       0.70030333478403128     
   8.3938209734045746       0.70011968728211527     
   8.3984584435556258       0.69976227646740974     
   8.4030959137066787       0.69930826241279986     
   8.4077333838577317       0.69889144911390999     
   8.4123708540087829       0.69865116516474379     
   8.4170083241598359       0.69869257931047957     
   8.4216457943108871       0.69907297106127275     
   8.4262832644619401       0.69979074736222191     
   8.4309207346129913       0.70079101803577060     
   8.4355582047640443       0.70198652284941865     
   8.4401956749150973       0.70326991455749599     
   8.4448331450661485       0.70452204842802135     
   8.4494706152172014       0.70561944431815893     
   8.4541080853682526       0.70644686158632075     
   8.4587455555193056       0.70690993772860777     
   8.4633830256703586       0.70694893753211230     
   8.4680204958214098       0.70654628879704984     
   8.4726579659724628       0.70571718851566922     
   8.4772954361235140       0.70450439672044485     
   8.4819329062745670       0.70298480672197639     
   8.4865703764256200       0.70130100632110148     
   8.4912078465766712       0.69968484852144264     
   8.4958453167277241       0.69844217146336407     
   8.5004827868787753       0.69788675601785555     
   8.5051202570298283       0.69823105056098955     
   8.5097577271808795       0.69950570367227538     
   8.5143951973319325       0.70157197157226725     
   8.5190326674829855       0.70418741784933880     
   8.5236701376340367       0.70707169491906741     
   8.5283076077850897       0.70996056221112203     
   8.5329450779361409       0.71262770479322846     
   8.5375825480871939       0.71489654937065150     
   8.5422200182382468       0.71666247648291326     
   8.5468574883892980       0.71790007122655264     
   8.5514949585403510       0.71865091322756725     
   8.5561324286914022       0.71898954857585684     
   8.5607698988424552       0.71894831483965571     
   8.5654073689935082       0.71844414187767969     
   8.5700448391445594       0.71726110819424682     
   8.5746823092956124       0.71511081553227596     
   8.5793197794466636       0.71175746852600563     
   8.5839572495977166       0.70715514654248568     
   8.5885947197487678       0.70153349137711229     
   8.5932321898998207       0.69538256510135876     
   8.5978696600508737       0.68932341792605267     
   8.6025071302019249       0.68393113647316550     
   8.6071446003529779       0.67959595194703404     
   8.6117820705040291       0.67648695891156241     
   8.6164195406550821       0.67457685979046866     
   8.6210570108061351       0.67368413442076813     
   8.6256944809571863       0.67356880550045739     
   8.6303319511082393       0.67404976550316009     
   8.6349694212592905       0.67510025345380031     
   8.6396068914103434       0.67687492168807040     
   8.6442443615613964       0.67962836678087424     
   8.6488818317124476       0.68356282219483866     
   8.6535193018635006       0.68867921818581523     
   8.6581567720145518       0.69469709502561527     
   8.6627942421656048       0.70107630564047430     
   8.6674317123166578       0.70712631813608018     
   8.6720691824677090       0.71216402495960185     
   8.6767066526187620       0.71567431428771111     
   8.6813441227698132       0.71742313624277165     
   8.6859815929208661       0.71750390380824325     
   8.6906190630719173       0.71629715918024328     
   8.6952565332229703       0.71435769900499968     
   8.6998940033740233       0.71225851441797494     
   8.7045314735250745       0.71045056290708786     
   8.7091689436761275       0.70919052752443079     
   8.7138064138271787       0.70854810498638443     
   8.7184438839782317       0.70848919370897634     
   8.7230813541292846       0.70895296443570399     
   8.7277188242803359       0.70987009678433866     
   8.7323562944313888       0.71113742110546418     
   8.7369937645824400       0.71258861479661939     
   8.7416312347334930       0.71398995884569649     
   8.7462687048845460       0.71506358046173102     
   8.7509061750355972       0.71555094344207082     
   8.7555436451866502       0.71527614690794239     
   8.7601811153377014       0.71418546983028386     
   8.7648185854887544       0.71236928734488969     
   8.7694560556398056       0.71004528520394694     
   8.7740935257908585       0.70752457044882366     
   8.7787309959419115       0.70517416661550270     
   8.7833684660929627       0.70336574300098353     
   8.7880059362440157       0.70241314530777732     
   8.7926434063950669       0.70251797823049422     
   8.7972808765461199       0.70371126935712092     
   8.8019183466971729       0.70582634479855610     
   8.8065558168482241       0.70853118302619167     
   8.8111932869992771       0.71139207293122153     
   8.8158307571503283       0.71396734405983209     
   8.8204682273013812       0.71589973569820253     
   8.8251056974524342       0.71698519379172565     
   8.8297431676034854       0.71721013531641675     
   8.8343806377545384       0.71672549083519355     
   8.8390181079055896       0.71578998308270780     
   8.8436555780566426       0.71468875392501297     
   8.8482930482076938       0.71365007929785940     
   8.8529305183587468       0.71281419007251956     
   8.8575679885097998       0.71223768947246258     
   8.8622054586608510       0.71192281213288422     
   8.8668429288119039       0.71183128782387395     
   8.8714803989629551       0.71189244563944831     
   8.8761178691140081       0.71201798897840707     
   8.8807553392650611       0.71213249739431261     
   8.8853928094161123       0.71220029705909638     
   8.8900302795671653       0.71222878577837112     
   8.8946677497182165       0.71226297563098251     
   8.8993052198692695       0.71236244018130856     
   8.9039426900203225       0.71256410629698741     
   8.9085801601713737       0.71283709185361932     
   8.9132176303224266       0.71305710305318459     
   8.9178551004734778       0.71300283305973911     
   8.9224925706245308       0.71238281107627732     
   8.9271300407755838       0.71091921534289149     
   8.9317675109266350       0.70845328035726107     
   8.9364049810776880       0.70501991420142252     
   8.9410424512287392       0.70085361499833310     
   8.9456799213797922       0.69632945911604338     
   8.9503173915308434       0.69188102944400665     
   8.9549548616818964       0.68792355811167483     
   8.9595923318329493       0.68482245882112580     
   8.9642298019840005       0.68287090651848181     
   8.9688672721350535       0.68226748068665577     
   8.9735047422861047       0.68309639567993630     
   8.9781422124371577       0.68530195020341877     
   8.9827796825882107       0.68867237666123238     
   8.9874171527392619       0.69283815984477115     
   8.9920546228903149       0.69729142129225197     
   8.9966920930413661       0.70142506675773431     
   9.0013295631924191       0.70461664174443550     
   9.0059670333434720       0.70632857219450118     
   9.0106045034945232       0.70621415800388043     
   9.0152419736455762       0.70420537994916976     
   9.0198794437966274       0.70055337735994516     
   9.0245169139476804       0.69583571365980734     
   9.0291543840987316       0.69090518891721953     
   9.0337918542497846       0.68676437621341591     
   9.0384293244008376       0.68435873654155377     
   9.0430667945518888       0.68432303928439087     
   9.0477042647029418       0.68681479658246858     
   9.0523417348539930       0.69151374178759162     
   9.0569792050050459       0.69777411094717412     
   9.0616166751560989       0.70484439376562180     
   9.0662541453071501       0.71203560419674994     
   9.0708916154582031       0.71879445193591207     
   9.0755290856092543       0.72470717954081310     
   9.0801665557603073       0.72946395829263200     
   9.0848040259113603       0.73281682259281156     
   9.0894414960624115       0.73456494716495180     
   9.0940789662134645       0.73456664576977226     
   9.0987164363645157       0.73279540246959163     
   9.1033539065155686       0.72939337932367232     
   9.1079913766666198       0.72472742592991335     
   9.1126288468176728       0.71945022149316262     
   9.1172663169687258       0.71451065312634410     
   9.1219037871197770       0.71103342762390442     
   9.1265412572708300       0.70992498813700722     
   9.1311787274218812       0.71141360543893928     
   9.1358161975729342       0.71497903998214696     
   9.1404536677239872       0.71974530958700234     
   9.1450911378750384       0.72488929194940943     
   9.1497286080260913       0.72973920472488563     
   9.1543660781771425       0.73368641979511862     
   9.1590035483281955       0.73615454516499290     
   9.1636410184792485       0.73668480641926770     
   9.1682784886302997       0.73504218705031199     
   9.1729159587813527       0.73130357916626831     
   9.1775534289324039       0.72587251810102915     
   9.1821908990834569       0.71939843603002029     
   9.1868283692345099       0.71264419699206361     
   9.1914658393855611       0.70631814074077071     
   9.1961033095366140       0.70093723948259345     
   9.2007407796876652       0.69678725315254875     
   9.2053782498387182       0.69396379937278374     
   9.2100157199897694       0.69243187765827063     
   9.2146531901408224       0.69206390907121784     
   9.2192906602918754       0.69263844946677400     
   9.2239281304429266       0.69383943290836259     
   9.2285656005939796       0.69530321304723675     
   9.2332030707450308       0.69668893732743775     
   9.2378405408960838       0.69776568635722069     
   9.2424780110471367       0.69846713557882800     
   9.2471154811981879       0.69887246184403640     
   9.2517529513492409       0.69915636186920060     
   9.2563904215002921       0.69951745174072366     
   9.2610278916513451       0.70009454881128463     
   9.2656653618023981       0.70092674924781351     
   9.2703028319534493       0.70194910351864082     
   9.2749403021045023       0.70303136381068143     
   9.2795777722555535       0.70404546408269764     
   9.2842152424066064       0.70491466160743188     
   9.2888527125576577       0.70563808950273232     
   9.2934901827087106       0.70628025445768039     
   9.2981276528597636       0.70692621968205682     
   9.3027651230108148       0.70764134727276673     
   9.3074025931618678       0.70846347097643758     
   9.3120400633129190       0.70941622185274011     
   9.3166775334639720       0.71052633033376411     
   9.3213150036150250       0.71181214717005137     
   9.3259524737660762       0.71324958409266803     
   9.3305899439171291       0.71474181119606561     
   9.3352274140681804       0.71610574338760724     
   9.3398648842192333       0.71708518455858627     
   9.3445023543702863       0.71740997248530514     
   9.3491398245213375       0.71688096485489994     
   9.3537772946723905       0.71542743907563144     
   9.3584147648234417       0.71311643769054356     
   9.3630522349744947       0.71014003414530846     
   9.3676897051255459       0.70677663112123867     
   9.3723271752765989       0.70334221257967078     
   9.3769646454276518       0.70015313442661675     
   9.3816021155787030       0.69747507277393184     
   9.3862395857297560       0.69548524824549063     
   9.3908770558808072       0.69427425551453004     
   9.3955145260318602       0.69385862713750179     
   9.4001519961829132       0.69420924831687425     
   9.4047894663339644       0.69528186163525807     
   9.4094269364850174       0.69701415846256409     
   9.4140644066360686       0.69929684242323364     
   9.4187018767871216       0.70196164006450412     
   9.4233393469381745       0.70479000858985252     
   9.4279768170892257       0.70755365721842844     
   9.4326142872402787       0.71008376028793252     
   9.4372517573913299       0.71232110378287550     
   9.4418892275423829       0.71432110937456827     
   9.4465266976934359       0.71620766906004307     
   9.4511641678444871       0.71811182712962396     
   9.4558016379955401       0.72011388039069013     
   9.4604391081465913       0.72221800024915728     
   9.4650765782976443       0.72436150282247735     
   9.4697140484486955       0.72643341826367624     
   9.4743515185997484       0.72828260268429479     
   9.4789889887508014       0.72971967113337577     
   9.4836264589018526       0.73053065197536826     
   9.4882639290529056       0.73051900270450298     
   9.4929013992039568       0.72955051986424146     
   9.4975388693550098       0.72759006238885204     
   9.5021763395060628       0.72471994976308818     
   9.5068138096571140       0.72114441238950289     
   9.5114512798081670       0.71716650634608814     
   9.5160887499592182       0.71313866266460857     
   9.5207262201102711       0.70941599949471679     
   9.5253636902613241       0.70628858670174277     
   9.5300011604123753       0.70390296136372077     
   9.5346386305634283       0.70221826031032908     
   9.5392761007144795       0.70104075136828325     
   9.5439135708655325       0.70013713207901063     
   9.5485510410165837       0.69936896018752659     
   9.5531885111676367       0.69876183981179008     
   9.5578259813186897       0.69846988315182190     
   9.5624634514697409       0.69866793485641976     
   9.5671009216207938       0.69944080000593778     
   9.5717383917718450       0.70072852014207088     
   9.5763758619228980       0.70234813033565824     
   9.5810133320739510       0.70403266437573264     
   9.5856508022250022       0.70548738682493195     
   9.5902882723760552       0.70643655367820801     
   9.5949257425271064       0.70664620903876396     
   9.5995632126781594       0.70595218978346097     
   9.6042006828292124       0.70427844608256851     
   9.6088381529802636       0.70164293827192925     
   9.6134756231313165       0.69813533539642714     
   9.6181130932823677       0.69391417955470880     
   9.6227505634334207       0.68922707672050354     
   9.6273880335844737       0.68443012160072791     
   9.6320255037355249       0.68000459914642952     
   9.6366629738865779       0.67652623352615704     
   9.6413004440376291       0.67455875321867098     
   9.6459379141886821       0.67449190641832490     
   9.6505753843397333       0.67639970392480520     
   9.6552128544907863       0.67998897801643721     
   9.6598503246418392       0.68467089346406473     
   9.6644877947928904       0.68971068624350806     
   9.6691252649439434       0.69438833634987029     
   9.6737627350949946       0.69814397904111802     
   9.6784002052460476       0.70066898524941890     
   9.6830376753971006       0.70191558577174251     
   9.6876751455481518       0.70206201659924161     
   9.6923126156992048       0.70144578932632862     
   9.6969500858502560       0.70049057111086843     
   9.7015875560013090       0.69963747878383165     
   9.7062250261523619       0.69925796335078805     
   9.7108624963034131       0.69957545181227776     
   9.7154999664544661       0.70062275338252933     
   9.7201374366055173       0.70227599138452790     
   9.7247749067565703       0.70436154826700004     
   9.7294123769076215       0.70676798728178380     
   9.7340498470586745       0.70948077600385728     
   9.7386873172097275       0.71252367789508209     
   9.7433247873607787       0.71587102558014337     
   9.7479622575118317       0.71940329162367578     
   9.7525997276628829       0.72290900787945223     
   9.7572371978139358       0.72609952474406370     
   9.7618746679649888       0.72866485549553539     
   9.7665121381160400       0.73037694484360993     
   9.7711496082670930       0.73118867665844500     
   9.7757870784181442       0.73124421275247420     
   9.7804245485691972       0.73077407476292011     
   9.7850620187202502       0.72995696076930572     
   9.7896994888713014       0.72885240117705774     
   9.7943369590223543       0.72742535918096474     
   9.7989744291734056       0.72562457575521566     
   9.8036118993244585       0.72343992091348686     
   9.8082493694755097       0.72091747393105887     
   9.8128868396265627       0.71815319604222339     
   9.8175243097776157       0.71525112574716709     
   9.8221617799286669       0.71228889738419987     
   9.8267992500797199       0.70928308214932423     
   9.8314367202307711       0.70617525275597937     
   9.8360741903818241       0.70288392380210818     
   9.8407116605328770       0.69940050670679610     
   9.8453491306839283       0.69588580328135341     
   9.8499866008349812       0.69270776416524737     
   9.8546240709860324       0.69037502049580690     
   9.8592615411370854       0.68936741825916514     
   9.8638990112881384       0.68993236236429645     
   9.8685364814391896       0.69196719702118259     
   9.8731739515902426       0.69503211938809228     
   9.8778114217412938       0.69848760910048358     
   9.8824488918923468       0.70169380979248919     
   9.8870863620433997       0.70417026955028150     
   9.8917238321944509       0.70565972173485469     
   9.8963613023455039       0.70611857875046624     
   9.9009987724965551       0.70569119280092962     
   9.9056362426476081       0.70467800904774114     
   9.9102737127986593       0.70349007860729407     
   9.9149111829497123       0.70255966281535775     
   9.9195486531007653       0.70221582096019741     
   9.9241861232518165       0.70258285080469918     
   9.9288235934028695       0.70356720872808098     
   9.9334610635539207       0.70493570088708402     
   9.9380985337049736       0.70641044519148488     
   9.9427360038560266       0.70774324018239920     
   9.9473734740070778       0.70876575285858756     
   9.9520109441581308       0.70940652542880733     
   9.9566484143091820       0.70968891342252094     
   9.9612858844602350       0.70969895411914063     
   9.9659233546112880       0.70952938933617260     
   9.9705608247623392       0.70924475534764631     
   9.9751982949133922       0.70885588275099276     
   9.9798357650644434       0.70827875990282807     
   9.9844732352154963       0.70732575915391982     
   9.9891107053665475       0.70574745977025566     
   9.9937481755176005       0.70330397996907101     
   9.9983856456686535       0.69984105712169764     
   10.003023115819705       0.69535890646387444     
   10.007660585970758       0.69005774441269974     
   10.012298056121809       0.68434245457414866     
   10.016935526272862       0.67876012459819446     
   10.021572996423915       0.67389417380449490     
   10.026210466574966       0.67025591757347414     
   10.030847936726019       0.66819249728185115     
   10.035485406877070       0.66784757749210311     
   10.040122877028123       0.66916962541396730     
   10.044760347179176       0.67197473038726496     
   10.049397817330227       0.67602510224813372     
   10.054035287481280       0.68108593027744557     
   10.058672757632332       0.68695817258281122     
   10.063310227783385       0.69348153350450203     
   10.067947697934436       0.70049417152607463     
   10.072585168085489       0.70777514339705982     
   10.077222638236542       0.71501238491471109     
   10.081860108387593       0.72181264720603644     
   10.086497578538646       0.72777104865744391     
   10.091135048689697       0.73259414483258289     
   10.095772518840750       0.73619836494111535     
   10.100409988991803       0.73870816475439438     
   10.105047459142854       0.74033216272915559     
   10.109684929293907       0.74119267262137900     
   10.114322399444958       0.74125475290021214     
   10.118959869596011       0.74041096459575462     
   10.123597339747064       0.73864771215492220     
   10.128234809898116       0.73611652042265274     
   10.132872280049169       0.73308930054881150     
   10.137509750200220       0.72987541130381817     
   10.142147220351273       0.72674656652342817     
   10.146784690502326       0.72390306926154890     
   10.151422160653377       0.72145840972928488     
   10.156059630804430       0.71942985295772077     
   10.160697100955481       0.71773528252805030     
   10.165334571106534       0.71619259495857845     
   10.169972041257585       0.71455897161289905     
   10.174609511408638       0.71261956054913633     
   10.179246981559691       0.71027522040852620     
   10.183884451710743       0.70760141030242396     
   10.188521921861796       0.70481576182581684     
   10.193159392012847       0.70217456764351349     
   10.197796862163900       0.69988129178542058     
   10.202434332314953       0.69805477840860497     
   10.207071802466004       0.69678244024221880     
   10.211709272617057       0.69619120187587802     
   10.216346742768108       0.69648023563551187     
   10.220984212919161       0.69786020625134693     
   10.225621683070214       0.70042657000537611     
   10.230259153221265       0.70407400362341344     
   10.234896623372318       0.70848020887336960     
   10.239534093523369       0.71317217872705985     
   10.244171563674422       0.71764221793455685     
   10.248809033825474       0.72144784343434343     
   10.253446503976527       0.72428891603088885     
   10.258083974127580       0.72604459725302251     
   10.262721444278631       0.72674604089128048     
   10.267358914429684       0.72650350499292360     
   10.271996384580735       0.72542840287764532     
   10.276633854731788       0.72356438836273707     
   10.281271324882841       0.72088015905879121     
   10.285908795033892       0.71733604091193559     
   10.290546265184945       0.71297512291041332     
   10.295183735335996       0.70797976179480482     
   10.299821205487049       0.70267744207467997     
   10.304458675638102       0.69749604739670712     
   10.309096145789153       0.69286809284667272     
   10.313733615940206       0.68911372527565640     
   10.318371086091258       0.68634543021244732     
   10.323008556242311       0.68445170447906201     
   10.327646026393362       0.68318166653321821     
   10.332283496544415       0.68232813849348461     
   10.336920966695468       0.68192349563117005     
   10.341558436846519       0.68231689681118413     
   10.346195906997572       0.68404334240510356     
   10.350833377148623       0.68752606920585924     
   10.355470847299676       0.69280745079249761     
   10.360108317450729       0.69951083171820982     
   10.364745787601780       0.70700363340460715     
   10.369383257752833       0.71460153740776777     
   10.374020727903885       0.72169655937454980     
   10.378658198054938       0.72781231755003584     
   10.383295668205990       0.73263416607041865     
   10.387933138357042       0.73600435255546359     
   10.392570608508095       0.73788238800272798     
   10.397208078659146       0.73830431487477821     
   10.401845548810199       0.73735961982759290     
   10.406483018961252       0.73520566088966033     
   10.411120489112303       0.73211422384499814     
   10.415757959263356       0.72852093643488236     
   10.420395429414407       0.72502848243282270     
   10.425032899565460       0.72230648086647442     
   10.429670369716511       0.72091146996531830     
   10.434307839867564       0.72110237031234425     
   10.438945310018617       0.72276039602129860     
   10.443582780169669       0.72543954040335312     
   10.448220250320722       0.72851698185976266     
   10.452857720471773       0.73136878247174275     
   10.457495190622826       0.73350917692302564     
   10.462132660773879       0.73465523881246531     
   10.466770130924930       0.73472421363240159     
   10.471407601075983       0.73378150355458072     
   10.476045071227034       0.73195223365459405     
   10.480682541378087       0.72935103793199485     
   10.485320011529140       0.72606114519568199     
   10.489957481680191       0.72215785551541434     
   10.494594951831244       0.71777296615395270     
   10.499232421982295       0.71315509811389588     
   10.503869892133348       0.70866319551216916     
   10.508507362284400       0.70470655897564827     
   10.513144832435453       0.70167451915800250     
   10.517782302586506       0.69987636662203678     
   10.522419772737557       0.69950453898239673     
   10.527057242888610       0.70058254527115127     
   10.531694713039661       0.70292130380594631     
   10.536332183190714       0.70615899883109845     
   10.540969653341767       0.70985308493965227     
   10.545607123492818       0.71359179166158437     
   10.550244593643871       0.71709609294126042     
   10.554882063794922       0.72022697243652467     
   10.559519533945975       0.72292051927714751     
   10.564157004097028       0.72512263653848075     
   10.568794474248079       0.72675871713773166     
   10.573431944399132       0.72775185629904160     
   10.578069414550184       0.72806221798166793     
   10.582706884701237       0.72770803801803685     
   10.587344354852288       0.72675421070095658     
   10.591981825003341       0.72529017861327860     
   10.596619295154394       0.72340768564416358     
   10.601256765305445       0.72120320823900019     
   10.605894235456498       0.71879751849970996     
   10.610531705607549       0.71634319066812202     
   10.615169175758602       0.71400922839655345     
   10.619806645909655       0.71195678045460720     
   10.624444116060706       0.71032573433255708     
   10.629081586211759       0.70922805216730844     
   10.633719056362811       0.70874623304783102     
   10.638356526513864       0.70892208642971932     
   10.642993996664917       0.70974317797217190     
   10.647631466815968       0.71112786151890206     
   10.652268936967021       0.71291894696747804     
   10.656906407118072       0.71488458435689040     
   10.661543877269125       0.71674221793360526     
   10.666181347420178       0.71820941956686768     
   10.670818817571229       0.71907056474770925     
   10.675456287722282       0.71923932228135046     
   10.680093757873333       0.71879017355569563     
   10.684731228024386       0.71793283643611228     
   10.689368698175437       0.71695593109148781     
   10.694006168326490       0.71615561127578031     
   10.698643638477543       0.71576745521790264     
   10.703281108628595       0.71596521169989980     
   10.707918578779648       0.71685923107237182     
   10.712556048930699       0.71847201496229407     
   10.717193519081752       0.72071320707999842     
   10.721830989232805       0.72337063693106463     
   10.726468459383856       0.72613947175304050     
   10.731105929534909       0.72868271064111112     
   10.735743399685960       0.73071618882533329     
   10.740380869837013       0.73206629710884186     
   10.745018339988066       0.73268096942609273     
   10.749655810139117       0.73260023969995403     
   10.754293280290170       0.73190160456388809     
   10.758930750441221       0.73065590819677517     
   10.763568220592274       0.72889218522429122     
   10.768205690743326       0.72659481883906940     
   10.772843160894379       0.72372288753408931     
   10.777480631045432       0.72023254105824985     
   10.782118101196483       0.71611893164909646     
   10.786755571347536       0.71143859300125079     
   10.791393041498587       0.70630231763822859     
   10.796030511649640       0.70086380877319443     
   10.800667981800693       0.69531969870897936     
   10.805305451951744       0.68992668306939731     
   10.809942922102797       0.68502237931932108     
   10.814580392253848       0.68099900994423657     
   10.819217862404901       0.67821819419162466     
   10.823855332555954       0.67690670914785533     
   10.828492802707006       0.67708812709044508     
   10.833130272858059       0.67859768839629320     
   10.837767743009110       0.68116402843936874     
   10.842405213160163       0.68450703577937644     
   10.847042683311216       0.68839303750827896     
   10.851680153462267       0.69265958693961205     
   10.856317623613320       0.69720587343181539     
   10.860955093764371       0.70195051319013213     
   10.865592563915424       0.70678625338059498     
   10.870230034066475       0.71153729552497214     
   10.874867504217528       0.71595329143542663     
   10.879504974368581       0.71974030578935733     
   10.884142444519632       0.72261126112464025     
   10.888779914670685       0.72433517598801567     
   10.893417384821737       0.72477432464355696     
   10.898054854972790       0.72392123536469100     
   10.902692325123843       0.72192320512844532     
   10.907329795274894       0.71908343544815556     
   10.911967265425947       0.71583875914298833     
   10.916604735576998       0.71268323714492832     
   10.921242205728051       0.71004725935619972     
   10.925879675879104       0.70819483405784556     
   10.930517146030155       0.70719464780205687     
   10.935154616181208       0.70697972740415138     
   10.939792086332259       0.70744553285880529     
   10.944429556483312       0.70850516637104144     
   10.949067026634363       0.71008945691065417     
   10.953704496785416       0.71211620448072777     
   10.958341966936469       0.71447677516193475     
   10.962979437087521       0.71705463919097523     
   10.967616907238574       0.71972974126249456     
   10.972254377389625       0.72236562528385984     
   10.976891847540678       0.72481505270181756     
   10.981529317691731       0.72693646165131809     
   10.986166787842782       0.72860572629973719     
   10.990804257993835       0.72973321806107416     
   10.995441728144886       0.73028647595596696     
   11.000079198295939       0.73032620443858043     
   11.004716668446992       0.73003325945221520     
   11.009354138598043       0.72968495937495892     
   11.013991608749096       0.72957959552639384     
   11.018629078900148       0.72994368554049660     
   11.023266549051201       0.73086836831197699     
   11.027904019202252       0.73229646902875511     
   11.032541489353305       0.73404457625807551     
   11.037178959504358       0.73584467292910527     
   11.041816429655409       0.73739022361874151     
   11.046453899806462       0.73836366700595824     
   11.051091369957513       0.73847130792712701     
   11.055728840108566       0.73748492746706673     
   11.060366310259619       0.73526386959623757     
   11.065003780410670       0.73176674291912824     
   11.069641250561723       0.72706888665503588     
   11.074278720712774       0.72138623089424692     
   11.078916190863827       0.71507934813297991     
   11.083553661014880       0.70862749563159255     
   11.088191131165932       0.70255040384996836     
   11.092828601316985       0.69729741172024051     
   11.097466071468036       0.69316015500122741     
   11.102103541619089       0.69022656283927897     
   11.106741011770142       0.68838488801272812     
   11.111378481921193       0.68741415863751809     
   11.116015952072246       0.68710158713427483     
   11.120653422223297       0.68731785127654244     
   11.125290892374350       0.68803822129073189     
   11.129928362525401       0.68928731706584523     
   11.134565832676454       0.69104594746528247     
   11.139203302827507       0.69315920432039546     
   11.143840772978558       0.69529741970920289     
   11.148478243129611       0.69700032384536192     
   11.153115713280663       0.69777997616066145     
   11.157753183431716       0.69724523162141039     
   11.162390653582769       0.69519694223684625     
   11.167028123733820       0.69168534702331286     
   11.171665593884873       0.68700532081220822     
   11.176303064035924       0.68166791124196613     
   11.180940534186977       0.67636350093169706     
   11.185578004338030       0.67189482254020205     
   11.190215474489081       0.66901389597242833     
   11.194852944640134       0.66813809446366046     
   11.199490414791185       0.66916347954149147     
   11.204127884942238       0.67155475856637148     
   11.208765355093290       0.67464307123072742     
   11.213402825244343       0.67788506707311391     
   11.218040295395395       0.68094754077812891     
   11.222677765546447       0.68369013888379659     
   11.227315235697500       0.68611283272428469     
   11.231952705848551       0.68829275663564149     
   11.236590175999604       0.69032192698600303     
   11.241227646150657       0.69226050522263827     
   11.245865116301708       0.69410077588948582     
   11.250502586452761       0.69575365056170357     
   11.255140056603812       0.69706003793920313     
   11.259777526754865       0.69784426069112493     
   11.264414996905918       0.69799188761813735     
   11.269052467056969       0.69753174655823635     
   11.273689937208022       0.69667751620648877     
   11.278327407359074       0.69579547682021370     
   11.282964877510127       0.69532212915111802     
   11.287602347661178       0.69564924131923644     
   11.292239817812231       0.69703018146919493     
   11.296877287963284       0.69955309155714707     
   11.301514758114335       0.70318839987188120     
   11.306152228265388       0.70785652950369693     
   11.310789698416439       0.71344808974499141     
   11.315427168567492       0.71977758683155846     
   11.320064638718545       0.72653761900993907     
   11.324702108869596       0.73333583085373466     
   11.329339579020649       0.73978552140255993     
   11.333977049171700       0.74558544815472949     
   11.338614519322753       0.75053050517126485     
   11.343251989473806       0.75447989981190444     
   11.347889459624858       0.75732334448192529     
   11.352526929775911       0.75896173133067701     
   11.357164399926962       0.75931054156478828     
   11.361801870078015       0.75833067887085370     
   11.366439340229068       0.75607530204020656     
   11.371076810380119       0.75273294074192876     
   11.375714280531172       0.74866689059321267     
   11.380351750682223       0.74440490202779575     
   11.384989220833276       0.74056682620831160     
   11.389626690984327       0.73771758904685725     
   11.394264161135380       0.73616253016945921     
   11.398901631286433       0.73583028038079346     
   11.403539101437485       0.73640069089878946     
   11.408176571588537       0.73757835087104862     
   11.412814041739589       0.73928136957125601     
   11.417451511890642       0.74162448303705553     
   11.422088982041695       0.74473283987848082     
   11.426726452192746       0.74852456649252863     
   11.431363922343799       0.75258533020977092     
   11.436001392494850       0.75624778679992155     
   11.440638862645903       0.75882016578089562     
   11.445276332796956       0.75980364285754010     
   11.449913802948007       0.75899106277656647     
   11.454551273099060       0.75644868240967289     
   11.459188743250111       0.75245485349415109     
   11.463826213401164       0.74741558257527407     
   11.468463683552216       0.74172731310192563     
   11.473101153703269       0.73565237696323549     
   11.477738623854322       0.72928174195516404     
   11.482376094005373       0.72260123865728876     
   11.487013564156426       0.71564262572536430     
   11.491651034307477       0.70861563778508119     
   11.496288504458530       0.70192844531640475     
   11.500925974609583       0.69607541054334465     
   11.505563444760634       0.69145370881487611     
   11.510200914911687       0.68822855042977993     
   11.514838385062738       0.68633596803163566     
   11.519475855213791       0.68558673362981670     
   11.524113325364844       0.68579782251669674     
   11.528750795515895       0.68687568752328476     
   11.533388265666948       0.68881916122953857     
   11.538025735818000       0.69166442149600305     
   11.542663205969053       0.69540196541437316     
   11.547300676120104       0.69991763714841093     
   11.551938146271157       0.70496876663237595     
   11.556575616422210       0.71020562121788322     
   11.561213086573261       0.71521970477783647     
   11.565850556724314       0.71959283836773691     
   11.570488026875365       0.72294944073697087     
   11.575125497026418       0.72500000196816816     
   11.579762967177471       0.72555567326122938     
   11.584400437328522       0.72453276007092193     
   11.589037907479575       0.72195223889376114     
   11.593675377630626       0.71795915045882119     
   11.598312847781679       0.71284192462428819     
   11.602950317932732       0.70702195026710790     
   11.607587788083784       0.70102632672836374     
   11.612225258234837       0.69543685040651182     
   11.616862728385888       0.69079867678860507     
   11.621500198536941       0.68747992004433611     
   11.626137668687994       0.68554056973976585     
   11.630775138839045       0.68469764837491776     
   11.635412608990098       0.68444525801836598     
   11.640050079141149       0.68427602317514014     
   11.644687549292202       0.68384716719296845     
   11.649325019443253       0.68304771056909930     
   11.653962489594306       0.68200441327901051     
   11.658599959745359       0.68102454441234861     
   11.663237429896411       0.68050237377830436     
   11.667874900047464       0.68081270780630510     
   11.672512370198515       0.68221205287257713     
   11.677149840349568       0.68480553233402031     
   11.681787310500621       0.68856553185403702     
   11.686424780651672       0.69334618898969846     
   11.691062250802725       0.69888559768269320     
   11.695699720953776       0.70481087964695432     
   11.700337191104829       0.71065324398413221     
   11.704974661255882       0.71589283986328733     
   11.709612131406933       0.72002437077848669     
   11.714249601557986       0.72262862210708956     
   11.718887071709037       0.72344675476586273     
   11.723524541860090       0.72244215176544313     
   11.728162012011142       0.71982493516868074     
   11.732799482162195       0.71602641008542467     
   11.737436952313248       0.71163421978421393     
   11.742074422464299       0.70728416487898060     
   11.746711892615352       0.70354693231276177     
   11.751349362766403       0.70083668469234761     
   11.755986832917456       0.69934609317482099     
   11.760624303068509       0.69903369101758184     
   11.765261773219560       0.69966566585926193     
   11.769899243370613       0.70090592523049555     
   11.774536713521664       0.70243661248886602     
   11.779174183672717       0.70404047176576123     
   11.783811653823770       0.70563533325132255     
   11.788449123974821       0.70726663512428356     
   11.793086594125874       0.70906800018512817     
   11.797724064276926       0.71119453253364229     
   11.802361534427979       0.71376035155810669     
   11.806999004579030       0.71679599962820750     
   11.811636474730083       0.72021343610674970     
   11.816273944881136       0.72381207325652541     
   11.820911415032187       0.72731571523049410     
   11.825548885183240       0.73039818276029578     
   11.830186355334291       0.73274224995781456     
   11.834823825485344       0.73410012335385333     
   11.839461295636397       0.73431490925187359     
   11.844098765787448       0.73335836229371432     
   11.848736235938501       0.73135959750194401     
   11.853373706089553       0.72860336892010324     
   11.858011176240606       0.72548929118867678     
   11.862648646391659       0.72245561461394214     
   11.867286116542710       0.71989235845419619     
   11.871923586693763       0.71807162621553378     
   11.876561056844814       0.71711167232889017     
   11.881198526995867       0.71699413748584717     
   11.885835997146920       0.71762539461247621     
   11.890473467297971       0.71889353504843767     
   11.895110937449024       0.72067866135127956     
   11.899748407600075       0.72283643892345639     
   11.904385877751128       0.72517935681294310     
   11.909023347902179       0.72746867295714379     
   11.913660818053232       0.72944523156945817     
   11.918298288204285       0.73087265546380564     
   11.922935758355337       0.73155831614595768     
   11.927573228506390       0.73135749921899718     
   11.932210698657441       0.73017767370501374     
   11.936848168808494       0.72798972800247086     
   11.941485638959547       0.72484494219645779     
   11.946123109110598       0.72090228069246631     
   11.950760579261651       0.71642114066346108     
   11.955398049412702       0.71169904600902267     
   11.960035519563755       0.70697923383432060     
   11.964672989714808       0.70238185320130697     
   11.969310459865859       0.69790480019751022     
   11.973947930016912       0.69351216893390932     
   11.978585400167963       0.68925287594356177     
   11.983222870319016       0.68533676916586039     
   11.987860340470068       0.68211815923031849     
   11.992497810621121       0.67999569396842796     
   11.997135280772174       0.67928327386803145     
   12.001772750923225       0.68010749666474535     
   12.006410221074278       0.68240502848307794     
   12.011047691225329       0.68599632100250296     
   12.015685161376382       0.69065680744723967     
   12.020322631527435       0.69614337326565756     
   12.024960101678486       0.70218540819319164     
   12.029597571829539       0.70847435567327721     
   12.034235041980590       0.71466993704307813     
   12.038872512131643       0.72041851171557314     
   12.043509982282696       0.72539047215766295     
   12.048147452433748       0.72931748209464753     
   12.052784922584800       0.73202070700311417     
   12.057422392735852       0.73344583221478854     
   12.062059862886905       0.73367687303552120     
   12.066697333037958       0.73290829325599283     
   12.071334803189009       0.73139905187046328     
   12.075972273340062       0.72939539331183301     
   12.080609743491113       0.72704557501354961     
   12.085247213642166       0.72438312668586791     
   12.089884683793217       0.72136214838811252     
   12.094522153944270       0.71793444269912454     
   12.099159624095323       0.71413241243212677     
   12.103797094246374       0.71010465610011764     
   12.108434564397427       0.70607175111593756     
   12.113072034548479       0.70222388802217017     
   12.117709504699532       0.69866692290540366     
   12.122346974850585       0.69546192111166338     
   12.126984445001636       0.69270517892656336     
   12.131621915152689       0.69056631567467253     
   12.136259385303740       0.68926347986299585     
   12.140896855454793       0.68898609680264056     
   12.145534325605846       0.68980393422514485     
   12.150171795756897       0.69162863496543225     
   12.154809265907950       0.69422903418801862     
   12.159446736059001       0.69729578545726778     
   12.164084206210054       0.70053886772928953     
   12.168721676361105       0.70375649739745483     
   12.173359146512158       0.70685247249452010     
   12.177996616663211       0.70979815279595448     
   12.182634086814263       0.71257950333813980     
   12.187271556965316       0.71514825694998152     
   12.191909027116367       0.71737793582452936     
   12.196546497267420       0.71905237696945989     
   12.201183967418473       0.71988462552962607     
   12.205821437569524       0.71960293047984958     
   12.210458907720577       0.71806311982867566     
   12.215096377871628       0.71533799909026963     
   12.219733848022681       0.71174212057463759     
   12.224371318173734       0.70778012178938865     
   12.229008788324785       0.70405304631420318     
   12.233646258475838       0.70112162747150653     
   12.238283728626890       0.69937745523895656     
   12.242921198777942       0.69895080595832604     
   12.247558668928994       0.69967482693086713     
   12.252196139080047       0.70112553910842756     
   12.256833609231100       0.70272427072976129     
   12.261471079382151       0.70387406029977151     
   12.266108549533204       0.70409343636150346     
   12.270746019684255       0.70313170554447613     
   12.275383489835308       0.70103394972835076     
   12.280020959986361       0.69814467719290729     
   12.284658430137412       0.69506627653070663     
   12.289295900288465       0.69258336057773418     
   12.293933370439516       0.69153576947480788     
   12.298570840590569       0.69260132071591674     
   12.303208310741622       0.69601562424753260     
   12.307845780892674       0.70141201698312472     
   12.312483251043727       0.70793563147508276     
   12.317120721194778       0.71457018332381372     
   12.321758191345831       0.72046096475258803     
   12.326395661496884       0.72506016406720719     
   12.331033131647935       0.72813511696675215     
   12.335670601798988       0.72971543499659453     
   12.340308071950039       0.72999758368569312     
   12.344945542101092       0.72925154656037861     
   12.349583012252143       0.72773052683928274     
   12.354220482403196       0.72559595898337981     
   12.358857952554249       0.72289147146147159     
   12.363495422705300       0.71956741713028260     
   12.368132892856353       0.71554908595772082     
   12.372770363007405       0.71078754968525526     
   12.377407833158458       0.70528937088275023     
   12.382045303309511       0.69913011437430217     
   12.386682773460562       0.69244163362966316     
   12.391320243611615       0.68542637786122051     
   12.395957713762666       0.67838970693881906     
   12.400595183913719       0.67175153400541809     
   12.405232654064772       0.66603214770468178     
   12.409870124215823       0.66179195629001686     
   12.414507594366876       0.65952370893154533     
   12.419145064517927       0.65952993891619771     
   12.423782534668980       0.66184695007736050     
   12.428420004820032       0.66624051779066262     
   12.433057474971084       0.67227829055467880     
   12.437694945122137       0.67942885433818401     
   12.442332415273189       0.68713688166280107     
   12.446969885424242       0.69488758363404191     
   12.451607355575293       0.70224428175818809     
   12.456244825726346       0.70884963059833883     
   12.460882295877399       0.71442441400109713     
   12.465519766028450       0.71877935146408389     
   12.470157236179503       0.72181882112221230     
   12.474794706330554       0.72354787864045134     
   12.479432176481607       0.72407802229839835     
   12.484069646632660       0.72360293144584198     
   12.488707116783711       0.72236564938996684     
   12.493344586934764       0.72060630636643352     
   12.497982057085816       0.71851278732788271     
   12.502619527236869       0.71621631346159687     
   12.507256997387920       0.71382977929661517     
   12.511894467538973       0.71151989077495148     
   12.516531937690026       0.70953334287828973     
   12.521169407841077       0.70812966625600049     
   12.525806877992130       0.70746858299402726     
   12.530444348143181       0.70752598471145267     
   12.535081818294234       0.70809638868135383     
   12.539719288445287       0.70886483066467498     
   12.544356758596338       0.70950533116269288     
   12.548994228747391       0.70977644407455343     
   12.553631698898442       0.70960233092867719     
   12.558269169049495       0.70912023065103558     
   12.562906639200548       0.70863404010202247     
   12.567544109351600       0.70850539070355467     
   12.572181579502653       0.70904359458428057     
   12.576819049653704       0.71045106530091984     
   12.581456519804757       0.71282084825325098     
   12.586093989955810       0.71612475715944723     
   12.590731460106861       0.72020466711641018     
   12.595368930257914       0.72478458119267086     
   12.600006400408965       0.72952865818003776     
   12.604643870560018       0.73411308384060181     
   12.609281340711069       0.73824118729740984     
   12.613918810862122       0.74162734831434007     
   12.618556281013175       0.74399596774586496     
   12.623193751164226       0.74512100312690377     
   12.627831221315279       0.74488782599801751     
   12.632468691466331       0.74331111852468723     
   12.637106161617384       0.74052725861500257     
   12.641743631768437       0.73676092452245567     
   12.646381101919488       0.73227296870095915     
   12.651018572070541       0.72734732711101258     
   12.655656042221592       0.72229029151339430     
   12.660293512372645       0.71741815751297355     
   12.664930982523698       0.71301699784972083     
   12.669568452674749       0.70929362356781789     
   12.674205922825802       0.70635351958785686     
   12.678843392976853       0.70423289148724288     
   12.683480863127906       0.70296273062438375     
   12.688118333278958       0.70261429465214165     
   12.692755803430011       0.70329442941983256     
   12.697393273581064       0.70509520542531678     
   12.702030743732115       0.70803289041084250     
   12.706668213883168       0.71200357172634932     
   12.711305684034219       0.71678376538334887     
   12.715943154185272       0.72206387563297425     
   12.720580624336325       0.72749660951800299     
   12.725218094487376       0.73274519674406591     
   12.729855564638429       0.73751419234068416     
   12.734493034789480       0.74156892574871802     
   12.739130504940533       0.74474290198031845     
   12.743767975091586       0.74693470560992481     
   12.748405445242637       0.74811980735798533     
   12.753042915393690       0.74835500542216149     
   12.757680385544742       0.74776293541254424     
   12.762317855695795       0.74647768291049388     
   12.766955325846846       0.74457285266945683     
   12.771592795997899       0.74203698497289561     
   12.776230266148952       0.73881180594186724     
   12.780867736300003       0.73487480550714368     
   12.785505206451056       0.73030326302329385     
   12.790142676602107       0.72527135258974684     
   12.794780146753160       0.72001758519664183     
   12.799417616904213       0.71479537042433750     
   12.804055087055264       0.70983329871910383     
   12.808692557206317       0.70532736377425564     
   12.813330027357368       0.70142335327894167     
   12.817967497508421       0.69819102889072604     
   12.822604967659474       0.69561613363897989     
   12.827242437810526       0.69360342177284129     
   12.831879907961579       0.69199807137488745     
   12.836517378112630       0.69063846662590056     
   12.841154848263683       0.68940558251054451     
   12.845792318414736       0.68823840713556605     
   12.850429788565787       0.68712865181524774     
   12.855067258716840       0.68609881254204619     
   12.859704728867891       0.68516589907340264     
   12.864342199018944       0.68432338286941818     
   12.868979669169995       0.68355613263960624     
   12.873617139321048       0.68287602540009584     
   12.878254609472101       0.68234781191916871     
   12.882892079623153       0.68210716172612740     
   12.887529549774206       0.68233447003462422     
   12.892167019925257       0.68320166009550465     
   12.896804490076310       0.68481121867364692     
   12.901441960227363       0.68713816267320083     
   12.906079430378414       0.69001398693654747     
   12.910716900529467       0.69315432724794979     
   12.915354370680518       0.69622296252011151     
   12.919991840831571       0.69892582590088081     
   12.924629310982624       0.70108852127960453     
   12.929266781133675       0.70268870489648638     
   12.933904251284728       0.70385373024054421     
   12.938541721435779       0.70483759801848289     
   12.943179191586832       0.70597560231843426     
   12.947816661737884       0.70761872481765786     
   12.952454131888937       0.71004213277097272     
   12.957091602039990       0.71335083699293933     
   12.961729072191041       0.71744259584856485     
   12.966366542342094       0.72203554976581374     
   12.971004012493145       0.72675796015613015     
   12.975641482644198       0.73124990551457714     
   12.980278952795251       0.73523063430865310     
   12.984916422946302       0.73850732191325097     
   12.989553893097355       0.74094425867065294     
   12.994191363248406       0.74242855956813114     
   12.998828833399459       0.74285930725873695     
   13.003466303550512       0.74217451091208231     
   13.008103773701563       0.74039801828486151     
   13.012741243852616       0.73769333256262848     
   13.017378714003668       0.73436483741959013     
   13.022016184154721       0.73080861790046048     
   13.026653654305772       0.72742243626990599     
   13.031291124456825       0.72450550388830148     
   13.035928594607878       0.72220670618394200     
   13.040566064758929       0.72051212092816375     
   13.045203534909982       0.71927283700799682     
   13.049841005061033       0.71825852151895664     
   13.054478475212086       0.71720661767571225     
   13.059115945363139       0.71587469784121682     
   13.063753415514190       0.71410723240201246     
   13.068390885665243       0.71190394016076042     
   13.073028355816295       0.70944618177001317     
   13.077665825967348       0.70706094282289000     
   13.082303296118400       0.70513304056269721     
   13.086940766269452       0.70398325527648997     
   13.091578236420505       0.70378929010566693     
   13.096215706571556       0.70456003992900929     
   13.100853176722609       0.70613931254961926     
   13.105490646873662       0.70824063974224982     
   13.110128117024713       0.71049942636432084     
   13.114765587175766       0.71253180613761979     
   13.119403057326817       0.71400662196955078     
   13.124040527477870       0.71471036576965741     
   13.128677997628921       0.71456408912911462     
   13.133315467779974       0.71359889151395839     
   13.137952937931027       0.71189611415182108     
   13.142590408082079       0.70951878914421984     
   13.147227878233132       0.70648836167959117     
   13.151865348384183       0.70281934114492528     
   13.156502818535236       0.69858474506290658     
   13.161140288686289       0.69399021863961952     
   13.165777758837340       0.68941073346120829     
   13.170415228988393       0.68534253084877972     
   13.175052699139444       0.68231099352212143     
   13.179690169290497       0.68077682313822763     
   13.184327639441550       0.68104608879043083     
   13.188965109592601       0.68321991086324163     
   13.193602579743654       0.68721755210386160     
   13.198240049894705       0.69283178633986331     
   13.202877520045758       0.69975964561293780     
   13.207514990196810       0.70758830830633901     
   13.212152460347863       0.71575580573492859     
   13.216789930498916       0.72359267176572839     
   13.221427400649967       0.73045998221969943     
   13.226064870801020       0.73589151093650318     
   13.230702340952071       0.73968254650151699     
   13.235339811103124       0.74187135653985137     
   13.239977281254177       0.74265374911236870     
   13.244614751405228       0.74230065485943841     
   13.249252221556281       0.74112497564949520     
   13.253889691707332       0.73949697268959502     
   13.258527161858385       0.73782854449371171     
   13.263164632009438       0.73646211963318375     
   13.267802102160489       0.73549922989769545     
   13.272439572311542       0.73474131913168428     
   13.277077042462594       0.73381630801462028     
   13.281714512613647       0.73240001331557658     
   13.286351982764700       0.73036988798303548     
   13.290989452915751       0.72778552417314435     
   13.295626923066804       0.72479342236364619     
   13.300264393217855       0.72154465963624759     
   13.304901863368908       0.71814314377408461     
   13.309539333519959       0.71464577831272369     
   13.314176803671012       0.71107997586347005     
   13.318814273822065       0.70747889855718138     
   13.323451743973116       0.70392432121065773     
   13.328089214124169       0.70056311892675827     
   13.332726684275221       0.69759905911084652     
   13.337364154426274       0.69524294424269384     
   13.342001624577327       0.69364040401925509     
   13.346639094728378       0.69283527794786137     
   13.351276564879431       0.69277003888100408     
   13.355914035030482       0.69333845005093586     
   13.360551505181535       0.69447091017940454     
   13.365188975332588       0.69617847859212356     
   13.369826445483639       0.69854172061837772     
   13.374463915634692       0.70164306447336033     
   13.379101385785743       0.70546606537395906     
   13.383738855936796       0.70982268681095007     
   13.388376326087847       0.71433326929449892     
   13.393013796238900       0.71847029414399455     
   13.397651266389953       0.72165032055832756     
   13.402288736541005       0.72336161837009783     
   13.406926206692058       0.72330934255032842     
   13.411563676843109       0.72151587179109855     
   13.416201146994162       0.71833272753908828     
   13.420838617145215       0.71434523901938274     
   13.425476087296266       0.71021460586670637     
   13.430113557447319       0.70651779104267409     
   13.434751027598370       0.70362758881489629     
   13.439388497749423       0.70164116281392686     
   13.444025967900476       0.70038645040116387     
   13.448663438051527       0.69951793515375915     
   13.453300908202580       0.69866391571573516     
   13.457938378353631       0.69756117694702413     
   13.462575848504684       0.69612689509879977     
   13.467213318655736       0.69446323605041271     
   13.471850788806789       0.69283230590027922     
   13.476488258957842       0.69159449683746432     
   13.481125729108893       0.69111650173278893     
   13.485763199259946       0.69168073157289622     
   13.490400669410997       0.69340012682104024     
   13.495038139562050       0.69618406912132347     
   13.499675609713103       0.69976916102171771     
   13.504313079864154       0.70377693502767258     
   13.508950550015207       0.70778349235123306     
   13.513588020166258       0.71138724343910975     
   13.518225490317311       0.71426040034229310     
   13.522862960468364       0.71619925518193217     
   13.527500430619416       0.71715113221430382     
   13.532137900770469       0.71721525734407665     
   13.536775370921520       0.71659901473041809     
   13.541412841072573       0.71553746937207285     
   13.546050311223626       0.71422496173730721     
   13.550687781374677       0.71278672565821821     
   13.555325251525730       0.71130318622058841     
   13.559962721676781       0.70985875261333775     
   13.564600191827834       0.70857097351063358     
   13.569237661978885       0.70757843136180865     
   13.573875132129938       0.70701721930449668     
   13.578512602280991       0.70698560644587516     
   13.583150072432042       0.70752781663822628     
   13.587787542583095       0.70864615958605270     
   13.592425012734147       0.71030274490735579     
   13.597062482885200       0.71242105158598867     
   13.601699953036253       0.71486751505081569     
   13.606337423187304       0.71742509696399959     
   13.610974893338357       0.71979219805771555     
   13.615612363489408       0.72165422479153363     
   13.620249833640461       0.72279694362133440     
   13.624887303791514       0.72321925512971519     
   13.629524773942565       0.72318601136302263     
   13.634162244093618       0.72317338053167579     
   13.638799714244669       0.72371929762869536     
   13.643437184395722       0.72519942506665702     
   13.648074654546773       0.72765780650438949     
   13.652712124697826       0.73077855084261489     
   13.657349594848879       0.73400318314139346     
   13.661987064999931       0.73669917350926084     
   13.666624535150984       0.73829205594015146     
   13.671262005302035       0.73835433622426516     
   13.675899475453088       0.73667803484381011     
   13.680536945604141       0.73335812194568595     
   13.685174415755192       0.72880963119153352     
   13.689811885906245       0.72364881450545993     
   13.694449356057296       0.71850913670999417     
   13.699086826208349       0.71389289156692748     
   13.703724296359402       0.71011191081177338     
   13.708361766510453       0.70732022953210216     
   13.712999236661506       0.70556038691126355     
   13.717636706812558       0.70478101009070826     
   13.722274176963611       0.70484064252575307     
   13.726911647114662       0.70554593900006501     
   13.731549117265715       0.70670942024926320     
   13.736186587416768       0.70819930611782023     
   13.740824057567819       0.70996420647223168     
   13.745461527718872       0.71200008345852761     
   13.750098997869923       0.71429318426114230     
   13.754736468020976       0.71675695621387070     
   13.759373938172029       0.71921619122377956     
   13.764011408323080       0.72146126198391858     
   13.768648878474133       0.72331616014844136     
   13.773286348625184       0.72467675024224909     
   13.777923818776237       0.72551947181904486     
   13.782561288927290       0.72587943560949053     
   13.787198759078342       0.72581960013296365     
   13.791836229229395       0.72542411199097734     
   13.796473699380446       0.72480321843096296     
   13.801111169531499       0.72409018174407958     
   13.805748639682552       0.72342568622754599     
   13.810386109833603       0.72294701067729294     
   13.815023579984656       0.72277388130619535     
   13.819661050135707       0.72299452530718089     
   13.824298520286760       0.72365624367223536     
   13.828935990437811       0.72475829200878406     
   13.833573460588864       0.72624556992285771     
   13.838210930739917       0.72799043764833082     
   13.842848400890968       0.72978715187874699     
   13.847485871042021       0.73137642172098227     
   13.852123341193073       0.73250120709539190     
   13.856760811344126       0.73297469619224809     
   13.861398281495179       0.73272638486474195     
   13.866035751646230       0.73179541862935804     
   13.870673221797283       0.73030127147154411     
   13.875310691948334       0.72840335877502527     
   13.879948162099387       0.72623487853290691     
   13.884585632250440       0.72386819316133766     
   13.889223102401491       0.72132252036662170     
   13.893860572552544       0.71859286676247813     
   13.898498042703595       0.71567404448586291     
   13.903135512854648       0.71252547710340330     
   13.907772983005700       0.70903084638657765     
   13.912410453156753       0.70500437569148122     
   13.917047923307805       0.70026603737538662     
   13.921685393458857       0.69474417999947957     
   13.926322863609910       0.68853289580294286     
   13.930960333760961       0.68191385918367831     
   13.935597803912014       0.67535005754824873     
   13.940235274063067       0.66944809074090539     
   13.944872744214118       0.66488912375298048     
   13.949510214365171       0.66230552917384466     
   13.954147684516222       0.66211242750278310     
   13.958785154667275       0.66437845624217851     
   13.963422624818328       0.66879894715767330     
   13.968060094969379       0.67480677079811224     
   13.972697565120432       0.68173903885233134     
   13.977335035271484       0.68895389104131211     
   13.981972505422537       0.69587897058728698     
   13.986609975573588       0.70201841753649685     
   13.991247445724641       0.70694688294565255     
   13.995884915875694       0.71030808522716715     
   14.000522386026745       0.71183812310955441     
   14.005159856177798       0.71140920293201049     
   14.009797326328849       0.70908275604016080     
   14.014434796479902       0.70515910956887151     
   14.019072266630955       0.70019136195326037     
   14.023709736782006       0.69494399168455112     
   14.028347206933059       0.69029056793397359     
   14.032984677084110       0.68705307075092015     
   14.037622147235163       0.68582016401574575     
   14.042259617386216       0.68684631827331466     
   14.046897087537268       0.69006041082385905     
   14.051534557688321       0.69513444140528302     
   14.056172027839372       0.70153582169852358     
   14.060809497990425       0.70856035273028950     
   14.065446968141478       0.71539850438909725     
   14.070084438292529       0.72125144087138104     
   14.074721908443582       0.72545999007623518     
   14.079359378594633       0.72759832742761121     
   14.083996848745686       0.72753262228777293     
   14.088634318896737       0.72546936959029396     
   14.093271789047790       0.72197525441445343     
   14.097909259198843       0.71794699066569068     
   14.102546729349895       0.71444368663271474     
   14.107184199500947       0.71237912534434311     
   14.111821669651999       0.71222824632363613     
   14.116459139803052       0.71392453776336973     
   14.121096609954105       0.71701493203628208     
   14.125734080105156       0.72091681133258101     
   14.130371550256209       0.72512514889502433     
   14.135009020407260       0.72929011687080569     
   14.139646490558313       0.73319048692323530     
   14.144283960709366       0.73668599448261896     
   14.148921430860417       0.73966736672299405     
   14.153558901011470       0.74200983112466845     
   14.158196371162521       0.74357432786749500     
   14.162833841313574       0.74423990460276712     
   14.167471311464626       0.74393876092881195     
   14.172108781615679       0.74267459964906868     
   14.176746251766732       0.74050878558782540     
   14.181383721917783       0.73754678074118241     
   14.186021192068836       0.73394482913983494     
   14.190658662219887       0.72992012556008823     
   14.195296132370940       0.72573161735327274     
   14.199933602521993       0.72165700661471521     
   14.204571072673044       0.71795499022524978     
   14.209208542824097       0.71482390925389483     
   14.213846012975148       0.71240469497661263     
   14.218483483126201       0.71079993020354859     
   14.223120953277254       0.71009077304419399     
   14.227758423428305       0.71030209222833385     
   14.232395893579358       0.71134618390143300     
   14.237033363730410       0.71302246488306709     
   14.241670833881463       0.71509539015438972     
   14.246308304032514       0.71741051227123831     
   14.250945774183567       0.71996759234550323     
   14.255583244334620       0.72288850024363671     
   14.260220714485671       0.72628811766649071     
   14.264858184636724       0.73012667835816469     
   14.269495654787775       0.73412850799046214     
   14.274133124938828       0.73780804027777658     
   14.278770595089881       0.74059010513029555     
   14.283408065240932       0.74197716871247699     
   14.288045535391985       0.74167763600926739     
   14.292683005543037       0.73967315856726112     
   14.297320475694089       0.73622040977539138     
   14.301957945845142       0.73178954690824061     
   14.306595415996194       0.72697714152354354     
   14.311232886147247       0.72240328148934485     
   14.315870356298298       0.71861355455711629     
   14.320507826449351       0.71602493522952793     
   14.325145296600404       0.71487759505079385     
   14.329782766751455       0.71522456693554326     
   14.334420236902508       0.71694275511077521     
   14.339057707053559       0.71974385062928858     
   14.343695177204612       0.72320738610441238     
   14.348332647355663       0.72681086898665059     
   14.352970117506716       0.72999218731467097     
   14.357607587657769       0.73221395850976778     
   14.362245057808821       0.73301712752813097     
   14.366882527959874       0.73207811203009499     
   14.371519998110925       0.72926336160746263     
   14.376157468261978       0.72467634463539854     
   14.380794938413031       0.71868542595148377     
   14.385432408564082       0.71191526361372071     
   14.390069878715135       0.70516656299234171     
   14.394707348866186       0.69926040162492353     
   14.399344819017239       0.69484494712049516     
   14.403982289168292       0.69224616699776276     
   14.408619759319343       0.69142707694346006     
   14.413257229470396       0.69207897262585960     
   14.417894699621447       0.69376785851231060     
   14.422532169772500       0.69606127202184842     
   14.427169639923552       0.69860329182376080     
   14.431807110074605       0.70112230189490343     
   14.436444580225658       0.70343345442724647     
   14.441082050376709       0.70545853975811346     
   14.445719520527762       0.70723665448609663     
   14.450356990678813       0.70889784576009973     
   14.454994460829866       0.71060501374032414     
   14.459631930980919       0.71248023356884826     
   14.464269401131970       0.71456142642800713     
   14.468906871283023       0.71681110661144065     
   14.473544341434074       0.71915120629953766     
   14.478181811585127       0.72147130273625204     
   14.482819281736180       0.72359883027831418     
   14.487456751887231       0.72529136792561333     
   14.492094222038284       0.72631500385004444     
   14.496731692189336       0.72655807071429213     
   14.501369162340389       0.72609695912506433     
   14.506006632491442       0.72517814062767538     
   14.510644102642493       0.72413564557395405     
   14.515281572793546       0.72328745308970421     
   14.519919042944597       0.72283992199578728     
   14.524556513095650       0.72284142780672422     
   14.529193983246701       0.72317698288431864     
   14.533831453397754       0.72360344389876619     
   14.538468923548807       0.72380680462757119     
   14.543106393699858       0.72347039888610942     
   14.547743863850911       0.72235335786495192     
   14.552381334001963       0.72035945625146114     
   14.557018804153016       0.71758341211256693     
   14.561656274304069       0.71429557265518728     
   14.566293744455120       0.71086147812278100     
   14.570931214606173       0.70764092972390591     
   14.575568684757224       0.70487905656977989     
   14.580206154908277       0.70264915908194470     
   14.584843625059330       0.70087242312753473     
   14.589481095210381       0.69935812488098315     
   14.594118565361434       0.69786194651959910     
   14.598756035512485       0.69616189024890118     
   14.603393505663538       0.69412654160806109     
   14.608030975814589       0.69177140060701925     
   14.612668445965642       0.68928216442602830     
   14.617305916116695       0.68698994617827069     
   14.621943386267747       0.68528191443340991     
   14.626580856418800       0.68448536128509740     
   14.631218326569851       0.68479140955742912     
   14.635855796720904       0.68622061196058204     
   14.640493266871957       0.68864180539265230     
   14.645130737023008       0.69183434424746726     
   14.649768207174061       0.69556465743018880     
   14.654405677325112       0.69962521421216517     
   14.659043147476165       0.70383472075716091     
   14.663680617627218       0.70802586717446492     
   14.668318087778269       0.71201871985776088     
   14.672955557929322       0.71561765328334581     
   14.677593028080373       0.71862844709988705     
   14.682230498231426       0.72088589436346218     
   14.686867968382478       0.72229626310847916     
   14.691505438533531       0.72287645268314860     
   14.696142908684584       0.72278301288182467     
   14.700780378835635       0.72231832374118798     
   14.705417848986688       0.72185235135344850     
   14.710055319137739       0.72164927152194602     
   14.714692789288792       0.72170907789116545     
   14.719330259439845       0.72176507137246138     
   14.723967729590896       0.72144550719527711     
   14.728605199741949       0.72048971975579457     
   14.733242669893000       0.71889530785987621     
   14.737880140044053       0.71691783750449711     
   14.742517610195106       0.71492306621736890     
   14.747155080346158       0.71316083299948574     
   14.751792550497210       0.71161393300262532     
   14.756430020648262       0.71006341239069226     
   14.761067490799315       0.70829402404824238     
   14.765704960950368       0.70624116648554525     
   14.770342431101419       0.70399316023183334     
   14.774979901252472       0.70170160272209825     
   14.779617371403523       0.69949388634171150     
   14.784254841554576       0.69741588303520563     
   14.788892311705627       0.69543162926199831     
   14.793529781856680       0.69347814431637322     
   14.798167252007733       0.69153154151281671     
   14.802804722158784       0.68966958792157507     
   14.807442192309837       0.68810123342474694     
   14.812079662460889       0.68714138110631151     
   14.816717132611942       0.68713344623526940     
   14.821354602762995       0.68832134242544751     
   14.825992072914046       0.69075243694876831     
   14.830629543065099       0.69425495193324982     
   14.835267013216150       0.69847370461077629     
   14.839904483367203       0.70295444988499367     
   14.844541953518256       0.70722442528274765     
   14.849179423669307       0.71086665768452562     
   14.853816893820360       0.71359104430054232     
   14.858454363971411       0.71528261180917996     
   14.863091834122464       0.71600601451258117     
   14.867729304273515       0.71595431157995959     
   14.872366774424568       0.71537339855468818     
   14.877004244575621       0.71448922150993255     
   14.881641714726673       0.71347848685287074     
   14.886279184877726       0.71246533312306526     
   14.890916655028777       0.71152788721772831     
   14.895554125179830       0.71070056980952212     
   14.900191595330883       0.70999417084172844     
   14.904829065481934       0.70942720071734666     
   14.909466535632987       0.70903275474018101     
   14.914104005784038       0.70885061373562575     
   14.918741475935091       0.70888320184698328     
   14.923378946086144       0.70905474350095232     
   14.928016416237195       0.70919533258042400     
   14.932653886388248       0.70908312504180293     
   14.937291356539300       0.70853790988234888     
   14.941928826690352       0.70748404741395887     
   14.946566296841404       0.70596934368413689     
   14.951203766992457       0.70413982848584777     
   14.955841237143510       0.70218359463129476     
   14.960478707294561       0.70028835829466696     
   14.965116177445614       0.69861608714054568     
   14.969753647596665       0.69729654765039706     
   14.974391117747718       0.69642553580899802     
   14.979028587898771       0.69605667399698756     
   14.983666058049822       0.69619986274171131     
   14.988303528200875       0.69681757092680119     
   14.992940998351926       0.69782720302436763     
   14.997578468502979       0.69911510438657487     
   15.002215938654032       0.70054829562710053     
   15.006853408805084       0.70198636550482785     
   15.011490878956137       0.70331473842255587     
   15.016128349107188       0.70447018493193192     
   15.020765819258241       0.70543964318377772     
   15.025403289409294       0.70625658672612890     
   15.030040759560345       0.70698118827612200     
   15.034678229711398       0.70766648449552916     
   15.039315699862449       0.70833221233780064     
   15.043953170013502       0.70895638315480980     
   15.048590640164553       0.70947650011573471     
   15.053228110315606       0.70980292895740471     
   15.057865580466659       0.70984286132836960     
   15.062503050617710       0.70953114649278459     
   15.067140520768763       0.70887306914949277     
   15.071777990919815       0.70795630730199188     
   15.076415461070868       0.70691904951096440     
   15.081052931221921       0.70591957714803566     
   15.085690401372972       0.70509783888887823     
   15.090327871524025       0.70454816020378486     
   15.094965341675076       0.70432873775585214     
   15.099602811826129       0.70447109699821719     
   15.104240281977182       0.70498359109759245     
   15.108877752128233       0.70582949154772301     
   15.113515222279286       0.70690727256926822     
   15.118152692430337       0.70806186483666067     
   15.122790162581390       0.70912889087866304     
   15.127427632732442       0.70999076527165683     
   15.132065102883494       0.71061797672024729     
   15.136702573034547       0.71109110813704435     
   15.141340043185599       0.71159151014339328     
   15.145977513336652       0.71234317292793614     
   15.150614983487703       0.71350930484054764     
   15.155252453638756       0.71508304108000842     
   15.159889923789809       0.71684882105966619     
   15.164527393940860       0.71846301150415659     
   15.169164864091913       0.71960587050749159     
   15.173802334242964       0.72009262769411231     
   15.178439804394017       0.71991320333505904     
   15.183077274545070       0.71920363866039161     
   15.187714744696121       0.71817221796399955     
   15.192352214847174       0.71704578352888149     
   15.196989684998226       0.71604061854941770     
   15.201627155149279       0.71534031475658888     
   15.206264625300330       0.71506072431638501     
   15.210902095451383       0.71520828642659207     
   15.215539565602436       0.71565497499810693     
   15.220177035753487       0.71615598955109316     
   15.224814505904540       0.71643203581343706     
   15.229451976055591       0.71629741313068918     
   15.234089446206644       0.71576965549620297     
   15.238726916357697       0.71507123728122768     
   15.243364386508748       0.71452294092050317     
   15.248001856659801       0.71439837110732396     
   15.252639326810852       0.71482716803468505     
   15.257276796961905       0.71578609422456529     
   15.261914267112958       0.71711571293666954     
   15.266551737264010       0.71855292373646751     
   15.271189207415063       0.71979247039165073     
   15.275826677566114       0.72057716221087442     
   15.280464147717167       0.72077727397879343     
   15.285101617868220       0.72041288549475546     
   15.289739088019271       0.71962664415486466     
   15.294376558170324       0.71863000810693212     
   15.299014028321375       0.71764247048388052     
   15.303651498472428       0.71685845892602662     
   15.308288968623479       0.71642724330112406     
   15.312926438774532       0.71643651430980404     
   15.317563908925585       0.71691869150963017     
   15.322201379076636       0.71786824446558883     
   15.326838849227689       0.71924380383646702     
   15.331476319378741       0.72094826542825852     
   15.336113789529794       0.72283432597191677     
   15.340751259680847       0.72474010851322057     
   15.345388729831898       0.72652594344916621     
   15.350026199982951       0.72810395787158699     
   15.354663670134002       0.72944622074443266     
   15.359301140285055       0.73055978282285972     
   15.363938610436108       0.73145227461052043     
   15.368576080587159       0.73211242964716250     
   15.373213550738212       0.73250125524059539     
   15.377851020889263       0.73255855677669846     
   15.382488491040316       0.73221062247448165     
   15.387125961191368       0.73139181608699033     
   15.391763431342421       0.73008780922493377     
   15.396400901493474       0.72837510106444114     
   15.401038371644525       0.72642934482074795     
   15.405675841795578       0.72449056405880408     
   15.410313311946629       0.72279790907762564     
   15.414950782097682       0.72151516820762873     
   15.419588252248735       0.72068431281018086     
   15.424225722399786       0.72021874396087115     
   15.428863192550839       0.71994651089180073     
   15.433500662701890       0.71971300596826060     
   15.438138132852943       0.71949526415696863     
   15.442775603003996       0.71946759300556029     
   15.447413073155047       0.71995489521684519     
   15.452050543306100       0.72129519676907417     
   15.456688013457152       0.72367013403742164     
   15.461325483608205       0.72696607257664791     
   15.465962953759258       0.73075007368279632     
   15.470600423910309       0.73437946240279584     
   15.475237894061362       0.73716946481047718     
   15.479875364212413       0.73855493378014336     
   15.484512834363466       0.73820700595847766     
   15.489150304514517       0.73607680793009844     
   15.493787774665570       0.73238887210956527     
   15.498425244816623       0.72759093123817087     
   15.503062714967674       0.72227011069897262     
   15.507700185118727       0.71707171080274612     
   15.512337655269778       0.71261970626998239     
   15.516975125420831       0.70942616379544332     
   15.521612595571884       0.70780044405503295     
   15.526250065722936       0.70777268312515140     
   15.530887535873989       0.70907939049482160     
   15.535525006025040       0.71124447920211442     
   15.540162476176093       0.71374011879405386     
   15.544799946327146       0.71613859093972831     
   15.549437416478197       0.71820023809644506     
   15.554074886629250       0.71989530535694324     
   15.558712356780301       0.72133555902047153     
   15.563349826931354       0.72267370455086510     
   15.567987297082405       0.72400529469483554     
   15.572624767233458       0.72531512238314377     
   15.577262237384511       0.72647181485408741     
   15.581899707535563       0.72726890773934405     
   15.586537177686616       0.72750676029041028     
   15.591174647837667       0.72707251111315863     
   15.595812117988720       0.72599855696042004     
   15.600449588139773       0.72446989035439868     
   15.605087058290824       0.72278152905217274     
   15.609724528441877       0.72126215966145446     
   15.614361998592928       0.72019397603092705     
   15.618999468743981       0.71973712438656279     
   15.623636938895034       0.71991114297215286     
   15.628274409046085       0.72062652686769024     
   15.632911879197138       0.72172025317225252     
   15.637549349348189       0.72299636276437507     
   15.642186819499242       0.72424307361575824     
   15.646824289650294       0.72524287345225025     
   15.651461759801347       0.72580305620698093     
   15.656099229952400       0.72580080552070403     
   15.660736700103451       0.72522516190358322     
   15.665374170254504       0.72416172579031801     
   15.670011640405555       0.72274077073123233     
   15.674649110556608       0.72106133101883496     
   15.679286580707661       0.71911674367041711     
   15.683924050858712       0.71677669367038277     
   15.688561521009765       0.71382581132162359     
   15.693198991160816       0.71005560208039087     
   15.697836461311869       0.70539936509324741     
   15.702473931462922       0.70006082574038631     
   15.707111401613973       0.69453288235675004     
   15.711748871765026       0.68950020581404459     
   15.716386341916078       0.68564606759760249     
   15.721023812067131       0.68343746315365561     
   15.725661282218184       0.68299050848296772     
   15.730298752369235       0.68405910208963538     
   15.734936222520288       0.68617339674666866     
   15.739573692671339       0.68883679883390814     
   15.744211162822392       0.69168098980133363     
   15.748848632973443       0.69453210609876181     
   15.753486103124496       0.69738655885728207     
   15.758123573275549       0.70034716184755097     
   15.762761043426600       0.70354938026050817     
   15.767398513577653       0.70707711678755925     
   15.772035983728705       0.71085810518997028     
   15.776673453879758       0.71457831456438425     
   15.781310924030810       0.71770813095206409     
   15.785948394181862       0.71968781047632857     
   15.790585864332915       0.72016329571047355     
   15.795223334483966       0.71913414231749895     
   15.799860804635019       0.71696109125675223     
   15.804498274786072       0.71426137503734299     
   15.809135744937123       0.71176906098129233     
   15.813773215088176       0.71019388694421504     
   15.818410685239227       0.71007114616571476     
   15.823048155390280       0.71163119322132518     
   15.827685625541331       0.71475688668490367     
   15.832323095692384       0.71902804733946712     
   15.836960565843437       0.72383585081162727     
   15.841598035994489       0.72853722083189032     
   15.846235506145542       0.73258032359613667     
   15.850872976296593       0.73560589900736939     
   15.855510446447646       0.73750583179016027     
   15.860147916598699       0.73842323657013054     
   15.864785386749750       0.73869881041316143     
   15.869422856900803       0.73877183298226323     
   15.874060327051854       0.73905853228007423     
   15.878697797202907       0.73983463950675021     
   15.883335267353960       0.74115619544747369     
   15.887972737505011       0.74285624752112167     
   15.892610207656064       0.74463557651752310     
   15.897247677807115       0.74618015228044532     
   15.901885147958168       0.74724744211239436     
   15.906522618109220       0.74770675270178100     
   15.911160088260273       0.74753584917176308     
   15.915797558411326       0.74678748897527447     
   15.920435028562377       0.74554540956642290     
   15.925072498713430       0.74389196323955697     
   15.929709968864481       0.74188830381508164     
   15.934347439015534       0.73958938697981058     
   15.938984909166587       0.73706958632625763     
   15.943622379317638       0.73443195113015936     
   15.948259849468691       0.73180687704341640     
   15.952897319619742       0.72931479823209266     
   15.957534789770795       0.72703347162426568     
   15.962172259921848       0.72498278864786114     
   15.966809730072899       0.72313918394796051     
   15.971447200223952       0.72147604146179900     
   15.976084670375004       0.71999754435805152     
   15.980722140526057       0.71874426354366217     
   15.985359610677110       0.71778256083560932     
   15.989997080828161       0.71716655566081400     
   15.994634550979214       0.71688796394999055     
   15.999272021130265       0.71685597600552020     
   16.003909491281316       0.71691390411114431     
   16.008546961432369       0.71687794438857655     
   16.013184431583422       0.71656681700420222     
   16.017821901734475       0.71582354850012020     
   16.022459371885528       0.71453751073991556     
   16.027096842036578       0.71266274265425633     
   16.031734312187631       0.71023091555047080     
   16.036371782338684       0.70735679661244988     
   16.041009252489737       0.70423975864536803     
   16.045646722640790       0.70115757323781203     
   16.050284192791839       0.69842373607585928     
   16.054921662942892       0.69633843132280993     
   16.059559133093945       0.69512743731500859     
   16.064196603244998       0.69487491893698528     
   16.068834073396051       0.69550027767871947     
   16.073471543547100       0.69678744546003135     
   16.078109013698153       0.69845183729910643     
   16.082746483849206       0.70022216206123455     
   16.087383954000259       0.70189047131325066     
   16.092021424151312       0.70334164968872526     
   16.096658894302362       0.70454758311916688     
   16.101296364453415       0.70552713080396645     
   16.105933834604468       0.70633530545529333     
   16.110571304755521       0.70705690766512264     
   16.115208774906574       0.70781846118238489     
   16.119846245057623       0.70879833428239458     
   16.124483715208676       0.71020112020248771     
   16.129121185359729       0.71220567120057221     
   16.133758655510782       0.71489849298171493     
   16.138396125661831       0.71824163234519012     
   16.143033595812884       0.72207198185804988     
   16.147671065963937       0.72612332413615555     
   16.152308536114990       0.73007212455326853     
   16.156946006266043       0.73358543419082256     
   16.161583476417093       0.73637093029524103     
   16.166220946568146       0.73823222620054818     
   16.170858416719199       0.73909827256657923     
   16.175495886870252       0.73901103805733404     
   16.180133357021305       0.73810124006529731     
   16.184770827172354       0.73654301367664121     
   16.189408297323407       0.73449358255687691     
   16.194045767474460       0.73205556753662782     
   16.198683237625513       0.72926796568022623     
   16.203320707776566       0.72613447527123831     
   16.207958177927615       0.72267409999263932     
   16.212595648078668       0.71897817949616472     
   16.217233118229721       0.71525147762396202     
   16.221870588380774       0.71179911077720248     
   16.226508058531827       0.70896512081274043     
   16.231145528682877       0.70704625517777953     
   16.235782998833930       0.70620420829891328     
   16.240420468984983       0.70641432205937515     
   16.245057939136036       0.70747201215832511     
   16.249695409287089       0.70904420912521082     
   16.254332879438138       0.71073868254380967     
   16.258970349589191       0.71218179797021641     
   16.263607819740244       0.71308746935570766     
   16.268245289891297       0.71330069650921002     
   16.272882760042350       0.71279305540979443     
   16.277520230193399       0.71162907541607645     
   16.282157700344452       0.70994753068091976     
   16.286795170495505       0.70794721172042752     
   16.291432640646558       0.70587845977132746     
   16.296070110797608       0.70403500247256245     
   16.300707580948661       0.70269997891929670     
   16.305345051099714       0.70206370562062870     
   16.309982521250767       0.70215423425251045     
   16.314619991401820       0.70279345454111553     
   16.319257461552869       0.70363730307438754     
   16.323894931703922       0.70427602485807750     
   16.328532401854975       0.70436540283230109     
   16.333169872006028       0.70374102757199508     
   16.337807342157081       0.70249117059573452     
   16.342444812308131       0.70096248624568680     
   16.347082282459183       0.69966479785984137     
   16.351719752610236       0.69910989383021227     
   16.356357222761289       0.69963064915734652     
   16.360994692912342       0.70127964659590425     
   16.365632163063392       0.70387365165992433     
   16.370269633214445       0.70711416898008594     
   16.374907103365498       0.71067678657363698     
   16.379544573516551       0.71424369630792461     
   16.384182043667604       0.71752636007929560     
   16.388819513818653       0.72032750980155180     
   16.393456983969706       0.72258540507771740     
   16.398094454120759       0.72435946790367134     
   16.402731924271812       0.72578301885270968     
   16.407369394422865       0.72699800754618282     
   16.412006864573915       0.72810824929905804     
   16.416644334724968       0.72914971670771200     
   16.421281804876021       0.73006181348061938     
   16.425919275027073       0.73069901965934680     
   16.430556745178126       0.73087241330253361     
   16.435194215329176       0.73039324510759440     
   16.439831685480229       0.72911804269954417     
   16.444469155631282       0.72696734653088080     
   16.449106625782335       0.72393247188096910     
   16.453744095933388       0.72010249356435541     
   16.458381566084437       0.71570390876033063     
   16.463019036235490       0.71112282481669742     
   16.467656506386543       0.70689016061732601     
   16.472293976537596       0.70360521433184586     
   16.476931446688646       0.70183347472774327     
   16.481568916839699       0.70199482299141114     
   16.486206386990752       0.70423864987146367     
   16.490843857141805       0.70835610943106309     
   16.495481327292858       0.71377888658708999     
   16.500118797443907       0.71971951619851771     
   16.504756267594960       0.72538303577652863     
   16.509393737746013       0.73013453130701744     
   16.514031207897066       0.73358098984087972     
   16.518668678048119       0.73555945646971910     
   16.523306148199168       0.73607391160346736     
   16.527943618350221       0.73523208288005992     
   16.532581088501274       0.73321186221257117     
   16.537218558652327       0.73026038425963569     
   16.541856028803380       0.72670084693313097     
   16.546493498954430       0.72291816025038325     
   16.551130969105483       0.71933448001208189     
   16.555768439256536       0.71635371128014158     
   16.560405909407589       0.71429141564540388     
   16.565043379558642       0.71333246706383791     
   16.569680849709691       0.71351379242174584     
   16.574318319860744       0.71473162557081804     
   16.578955790011797       0.71676800738789548     
   16.583593260162850       0.71934127656524383     
   16.588230730313903       0.72216382769223397     
   16.592868200464952       0.72498133301797618     
   16.597505670616005       0.72759128977068743     
   16.602143140767058       0.72983391233077088     
   16.606780610918111       0.73157220095129361     
   16.611418081069164       0.73267088880229736     
   16.616055551220214       0.73300549316442765     
   16.620693021371267       0.73250729279462967     
   16.625330491522320       0.73120846384358507     
   16.629967961673373       0.72927999600007942     
   16.634605431824426       0.72702607073635495     
   16.639242901975475       0.72478906663967124     
   16.643880372126528       0.72278700311151101     
   16.648517842277581       0.72098631613872077     
   16.653155312428634       0.71913280446213468     
   16.657792782579683       0.71696510140453595     
   16.662430252730736       0.71444017481209721     
   16.667067722881789       0.71181192896630086     
   16.671705193032842       0.70952832443206748     
   16.676342663183895       0.70804688887761247     
   16.680980133334945       0.70766665519868222     
   16.685617603485998       0.70845040229050182     
   16.690255073637051       0.71024854378241442     
   16.694892543788104       0.71277199152842097     
   16.699530013939157       0.71568775992374323     
   16.704167484090206       0.71868835417222454     
   16.708804954241259       0.72153240590174328     
   16.713442424392312       0.72406201675311643     
   16.718079894543365       0.72620739483551788     
   16.722717364694418       0.72797481029590028     
   16.727354834845467       0.72940306638464314     
   16.731992304996520       0.73052413522472592     
   16.736629775147573       0.73132738359042104     
   16.741267245298626       0.73175049755278754     
   16.745904715449679       0.73173377745557056     
   16.750542185600729       0.73128044415640414     
   16.755179655751782       0.73048234166107751     
   16.759817125902835       0.72949473455745062     
   16.764454596053888       0.72845145578374060     
   16.769092066204941       0.72738332215336943     
   16.773729536355990       0.72618688401994558     
   16.778367006507043       0.72464901404273541     
   16.783004476658096       0.72252088243040902     
   16.787641946809149       0.71959168419679997     
   16.792279416960202       0.71576498796909505     
   16.796916887111252       0.71112152493769787     
   16.801554357262305       0.70592960990706133     
   16.806191827413357       0.70059896242003783     
   16.810829297564410       0.69557120146946982     
   16.815466767715463       0.69123256901416785     
   16.820104237866513       0.68788187466711603     
   16.824741708017566       0.68571485409440558     
   16.829379178168619       0.68483070557859071     
   16.834016648319672       0.68525292191828791     
   16.838654118470721       0.68693710791456675     
   16.843291588621774       0.68976100927444473     
   16.847929058772827       0.69351443096064946     
   16.852566528923880       0.69790569826513571     
   16.857203999074933       0.70258844329689474     
   16.861841469225983       0.70720862925307082     
   16.866478939377036       0.71145976495301066     
   16.871116409528089       0.71513572191192620     
   16.875753879679142       0.71815630607109782     
   16.880391349830195       0.72055391709667993     
   16.885028819981244       0.72240917215892919     
   16.889666290132297       0.72376553582542191     
   16.894303760283350       0.72459163181135533     
   16.898941230434403       0.72478575649788202     
   16.903578700585456       0.72422450626599300     
   16.908216170736505       0.72281629526134417     
   16.912853640887558       0.72052436310390400     
   16.917491111038611       0.71736147070925671     
   16.922128581189664       0.71341172179156942     
   16.926766051340717       0.70888149905678943     
   16.931403521491767       0.70414039311068055     
   16.936040991642820       0.69972728605049073     
   16.940678461793873       0.69626006489690406     
   16.945315931944926       0.69426874949461281     
   16.949953402095979       0.69403244979938328     
   16.954590872247028       0.69550571405383810     
   16.959228342398081       0.69835427882918466     
   16.963865812549134       0.70204716653075994     
   16.968503282700187       0.70597688294209804     
   16.973140752851240       0.70956452586033725     
   16.977778223002289       0.71232632898146875     
   16.982415693153342       0.71391048439643012     
   16.987053163304395       0.71411210971285910     
   16.991690633455448       0.71289501955544521     
   16.996328103606498       0.71040318639739142     
   17.000965573757551       0.70696146471282129     
   17.005603043908604       0.70306440492112809     
   17.010240514059657       0.69932431878731716     
   17.014877984210710       0.69638073317394311     
   17.019515454361759       0.69478091586788804     
   17.024152924512812       0.69485681638930086     
   17.028790394663865       0.69664782981319173     
   17.033427864814918       0.69989657883348122     
   17.038065334965971       0.70412647817376961     
   17.042702805117020       0.70878247939801842     
   17.047340275268073       0.71335895842129105     
   17.051977745419126       0.71746629885349911     
   17.056615215570179       0.72083598417488504     
   17.061252685721232       0.72329802173721047     
   17.065890155872282       0.72478082814810163     
   17.070527626023335       0.72531038555106142     
   17.075165096174388       0.72498587474182663     
   17.079802566325441       0.72393851486503169     
   17.084440036476494       0.72230956267390423     
   17.089077506627543       0.72026000280527291     
   17.093714976778596       0.71799126623223641     
   17.098352446929649       0.71574333484273511     
   17.102989917080702       0.71375021450351361     
   17.107627387231755       0.71219817393079254     
   17.112264857382804       0.71120339204684213     
   17.116902327533857       0.71079998837791103     
   17.121539797684910       0.71094321769079571     
   17.126177267835963       0.71150960129848551     
   17.130814737987016       0.71229031788698327     
   17.135452208138066       0.71301190230148814     
   17.140089678289119       0.71339291213260070     
   17.144727148440172       0.71322356934810760     
   17.149364618591225       0.71241570132614329     
   17.154002088742278       0.71100543952162698     
   17.158639558893327       0.70912141013203478     
   17.163277029044380       0.70692288098296741     
   17.167914499195433       0.70455138259924655     
   17.172551969346486       0.70211053057439321     
   17.177189439497536       0.69968031334974434     
   17.181826909648588       0.69735974836973169     
   17.186464379799641       0.69529366242882273     
   17.191101849950694       0.69367410320949729     
   17.195739320101747       0.69271025355496751     
   17.200376790252797       0.69256987215813171     
   17.205014260403850       0.69335319038388465     
   17.209651730554903       0.69508567557365053     
   17.214289200705956       0.69770717528485260     
   17.218926670857009       0.70102991219668331     
   17.223564141008058       0.70467001104622040     
   17.228201611159111       0.70805048619390565     
   17.232839081310164       0.71051631913766466     
   17.237476551461217       0.71152024997407093     
   17.242114021612270       0.71080059422037412     
   17.246751491763320       0.70848546529619927     
   17.251388961914373       0.70506814749781799     
   17.256026432065426       0.70125902607118462     
   17.260663902216479       0.69777338369540687     
   17.265301372367531       0.69514166317842074     
   17.269938842518581       0.69363209612987053     
   17.274576312669634       0.69329791545640684     
   17.279213782820687       0.69407592703883325     
   17.283851252971740       0.69584820030114625     
   17.288488723122793       0.69844372678737077     
   17.293126193273842       0.70160315533928430     
   17.297763663424895       0.70497701559530290     
   17.302401133575948       0.70816765098993417     
   17.307038603727001       0.71080556378324611     
   17.311676073878054       0.71260810807933106     
   17.316313544029104       0.71340166174480413     
   17.320951014180157       0.71313619290574670     
   17.325588484331210       0.71189976602167859     
   17.330225954482263       0.70995149625322762     
   17.334863424633316       0.70775348064499510     
   17.339500894784365       0.70594442933450319     
   17.344138364935418       0.70519632533904242     
   17.348775835086471       0.70594284402693763     
   17.353413305237524       0.70812949301706440     
   17.358050775388573       0.71120280047518647     
   17.362688245539626       0.71435454238272644     
   17.367325715690679       0.71685730258286473     
   17.371963185841732       0.71830550362663348     
   17.376600655992785       0.71867792526018504     
   17.381238126143835       0.71825199952371732     
   17.385875596294888       0.71741396628357879     
   17.390513066445941       0.71647367995926503     
   17.395150536596994       0.71556114824805883     
   17.399788006748047       0.71461803895110854     
   17.404425476899096       0.71346616467410562     
   17.409062947050149       0.71190374568037229     
   17.413700417201202       0.70977925509408046     
   17.418337887352255       0.70701882700848162     
   17.422975357503308       0.70363778699609236     
   17.427612827654357       0.69974013625611875     
   17.432250297805410       0.69553421224917933     
   17.436887767956463       0.69134925172396267     
   17.441525238107516       0.68760238589745193     
   17.446162708258569       0.68471279785462846     
   17.450800178409619       0.68299908915322838     
   17.455437648560672       0.68261319393501219     
   17.460075118711725       0.68354285371576251     
   17.464712588862778       0.68564359092703819     
   17.469350059013831       0.68865754492554532     
   17.473987529164880       0.69223803408227924     
   17.478624999315933       0.69599318771284702     
   17.483262469466986       0.69954915013192842     
   17.487899939618039       0.70262022289104820     
   17.492537409769092       0.70506018895161837     
   17.497174879920141       0.70687988627901266     
   17.501812350071194       0.70823018807355242     
   17.506449820222247       0.70933496981696142     
   17.511087290373300       0.71040658483811736     
   17.515724760524350       0.71156035317959931     
   17.520362230675403       0.71276752231863949     
   17.524999700826456       0.71387701438921469     
   17.529637170977509       0.71468220103278723     
   17.534274641128562       0.71501333700727843     
   17.538912111279611       0.71479594710823902     
   17.543549581430664       0.71406696787408852     
   17.548187051581717       0.71297338056064385     
   17.552824521732770       0.71176518148911028     
   17.557461991883823       0.71076681005727838     
   17.562099462034872       0.71031718251013187     
   17.566736932185925       0.71067058629675295     
   17.571374402336978       0.71191596071487551     
   17.576011872488031       0.71396569130418253     
   17.580649342639084       0.71658330410062554     
   17.585286812790134       0.71941428796139795     
   17.589924282941187       0.72202752408826298     
   17.594561753092240       0.72398257215496109     
   17.599199223243293       0.72490502634499177     
   17.603836693394346       0.72455965951212709     
   17.608474163545395       0.72288458039008407     
   17.613111633696448       0.71998774851607261     
   17.617749103847501       0.71613098505275830     
   17.622386573998554       0.71170851167356686     
   17.627024044149607       0.70721076972466990     
   17.631661514300657       0.70316168625240427     
   17.636298984451710       0.70003265076109988     
   17.640936454602762       0.69815750747097693     
   17.645573924753815       0.69767419048967927     
   17.650211394904868       0.69849419740179874     
   17.654848865055918       0.70033517718473970     
   17.659486335206971       0.70280060864177785     
   17.664123805358024       0.70546994009579767     
   17.668761275509077       0.70796896212129024     
   17.673398745660130       0.71001487236971839     
   17.678036215811179       0.71143920142952066     
   17.682673685962232       0.71218603490855026     
   17.687311156113285       0.71231140754745337     
   17.691948626264338       0.71196837698811111     
   17.696586096415388       0.71137998385740409     
   17.701223566566441       0.71079392657261931     
   17.705861036717494       0.71044110543248928     
   17.710498506868547       0.71051116972300576     
   17.715135977019600       0.71113647648860168     
   17.719773447170649       0.71239296765909366     
   17.724410917321702       0.71430948844004727     
   17.729048387472755       0.71687309263669952     
   17.733685857623808       0.72002416752037968     
   17.738323327774861       0.72365141781695042     
   17.742960797925910       0.72758587652100493     
   17.747598268076963       0.73160651399713583     
   17.752235738228016       0.73545927378818665     
   17.756873208379069       0.73887788875367044     
   17.761510678530122       0.74160537034768592     
   17.766148148681172       0.74340589941871205     
   17.770785618832225       0.74408028099039325     
   17.775423088983278       0.74347574870151079     
   17.780060559134331       0.74148920779985539     
   17.784698029285384       0.73807817347234950     
   17.789335499436433       0.73328437450043249     
   17.793972969587486       0.72725488722771170     
   17.798610439738539       0.72025338910292913     
   17.803247909889592       0.71264289660999569     
   17.807885380040645       0.70482427793885805     
   17.812522850191694       0.69717933045320624     
   17.817160320342747       0.69003707025406114     
   17.821797790493800       0.68366182395267938     
   17.826435260644853       0.67826337445349505     
   17.831072730795906       0.67401081727539791     
   17.835710200946956       0.67100577094034242     
   17.840347671098009       0.66925140953735451     
   17.844985141249062       0.66864699904190872     
   17.849622611400115       0.66902394755408567     
   17.854260081551168       0.67022462786107484     
   17.858897551702217       0.67216464091418571     
   17.863535021853270       0.67483066481750675     
   17.868172492004323       0.67821087589797424     
   17.872809962155376       0.68222157657947324     
   17.877447432306425       0.68667365154772464     
   17.882084902457478       0.69128656673159861     
   17.886722372608531       0.69572980335505241     
   17.891359842759584       0.69966936138493330     
   17.895997312910637       0.70283938130195545     
   17.900634783061687       0.70512660617843315     
   17.905272253212740       0.70661312724291181     
   17.909909723363793       0.70755213845207821     
   17.914547193514846       0.70828200017556742     
   17.919184663665899       0.70909832930810512     
   17.923822133816948       0.71016176701291667     
   17.928459603968001       0.71149489862627169     
   17.933097074119054       0.71305520334591654     
   17.937734544270107       0.71482908002190049     
   17.942372014421160       0.71687377646602624     
   17.947009484572209       0.71929346009080486     
   17.951646954723262       0.72216849915960402     
   17.956284424874315       0.72550052032306345     
   17.960921895025368       0.72917172642786809     
   17.965559365176421       0.73293464792014040     
   17.970196835327471       0.73645036540226927     
   17.974834305478524       0.73934232816548051     
   17.979471775629577       0.74126519989796846     
   17.984109245780630       0.74196611415302505     
   17.988746715931683       0.74133446620730903     
   17.993384186082732       0.73943641350271605     
   17.998021656233785       0.73650448287086157     
   18.002659126384838       0.73289068325713602     
   18.007296596535891       0.72899735110756536     
   18.011934066686944       0.72521139457001838     
   18.016571536837994       0.72186612209578482     
   18.021209006989046       0.71921460413679927     
   18.025846477140099       0.71741457596525715     
   18.030483947291152       0.71652410660358257     
   18.035121417442205       0.71648995394383619     
   18.039758887593255       0.71715419046746853     
   18.044396357744308       0.71827969764655175     
   18.049033827895361       0.71958130103243290     
   18.053671298046414       0.72076232356669501     
   18.058308768197463       0.72154242402544211     
   18.062946238348516       0.72167955331544864     
   18.067583708499569       0.72099743274482286     
   18.072221178650622       0.71941801973865283     
   18.076858648801675       0.71698211194922867     
   18.081496118952725       0.71385811792412845     
   18.086133589103778       0.71033458776466385     
   18.090771059254831       0.70677622020011743     
   18.095408529405884       0.70353783136882564     
   18.100045999556936       0.70086458342616687     
   18.104683469707986       0.69883395163645645     
   18.109320939859039       0.69737113789656513     
   18.113958410010092       0.69633519775222907     
   18.118595880161145       0.69560129651428526     
   18.123233350312198       0.69509804249027318     
   18.127870820463247       0.69480310635780806     
   18.132508290614300       0.69472989287237574     
   18.137145760765353       0.69492547820779937     
   18.141783230916406       0.69546394052867788     
   18.146420701067459       0.69643072054994382     
   18.151058171218509       0.69789315090780568     
   18.155695641369562       0.69986659785431315     
   18.160333111520615       0.70230313366961450     
   18.164970581671668       0.70511000978977856     
   18.169608051822721       0.70817708209798735     
   18.174245521973770       0.71140799097985763     
   18.178882992124823       0.71474813180774155     
   18.183520462275876       0.71819370471260391     
   18.188157932426929       0.72178196523889859     
   18.192795402577982       0.72555947246996877     
   18.197432872729031       0.72953166831333560     
   18.202070342880084       0.73362532768673649     
   18.206707813031137       0.73767650969550236     
   18.211345283182190       0.74145888768098933     
   18.215982753333240       0.74473139133443311     
   18.220620223484293       0.74729183049986714     
   18.225257693635346       0.74901942251168629     
   18.229895163786399       0.74987163121562594     
   18.234532633937452       0.74983671883427216     
   18.239170104088501       0.74886473488512673     
   18.243807574239554       0.74685227892179595     
   18.248445044390607       0.74370553464185596     
   18.253082514541660       0.73944201118082664     
   18.257719984692713       0.73424401401051054     
   18.262357454843762       0.72843034512899785     
   18.266994924994815       0.72236086535960764     
   18.271632395145868       0.71631674183428651     
   18.276269865296921       0.71043696757084884     
   18.280907335447974       0.70473088348696844     
   18.285544805599024       0.69916395157774069     
   18.290182275750077       0.69377492492277604     
   18.294819745901130       0.68871407223552905     
   18.299457216052183       0.68418757151792764     
   18.304094686203236       0.68037171307818956     
   18.308732156354285       0.67735384905707674     
   18.313369626505338       0.67513461007112230     
   18.318007096656391       0.67366902914249738     
   18.322644566807444       0.67290419509102173     
   18.327282036958497       0.67278200048455461     
   18.331919507109546       0.67322229164821834     
   18.336556977260599       0.67409481618837586     
   18.341194447411652       0.67521417151417717     
   18.345831917562705       0.67638305760054651     
   18.350469387713758       0.67744590540163474     
   18.355106857864808       0.67834520288968325     
   18.359744328015861       0.67916795278936615     
   18.364381798166914       0.68014209483187205     
   18.369019268317967       0.68158772987006422     
   18.373656738469020       0.68383222439611313     
   18.378294208620069       0.68711334709805427     
   18.382931678771122       0.69149624104327212     
   18.387569148922175       0.69682716128092370     
   18.392206619073228       0.70275485188697484     
   18.396844089224277       0.70880844189443615     
   18.401481559375330       0.71448835616297734     
   18.406119029526383       0.71935286322008118     
   18.410756499677436       0.72308712248424922     
   18.415393969828489       0.72552788684796121     
   18.420031439979539       0.72663835745976801     
   18.424668910130592       0.72646375464856028     
   18.429306380281645       0.72508953532476472     
   18.433943850432698       0.72262584348637493     
   18.438581320583751       0.71921975866151899     
   18.443218790734800       0.71506734854624598     
   18.447856260885853       0.71041598384568261     
   18.452493731036906       0.70555363163998674     
   18.457131201187959       0.70077658932672060     
   18.461768671339012       0.69635065741007540     
   18.466406141490062       0.69247867526154971     
   18.471043611641115       0.68927460702169263     
   18.475681081792168       0.68676735709335335     
   18.480318551943220       0.68493817176069594     
   18.484956022094273       0.68379887962175412     
   18.489593492245323       0.68346623647962135     
   18.494230962396376       0.68416394818362158     
   18.498868432547429       0.68617702711445161     
   18.503505902698482       0.68974225609582573     
   18.508143372849535       0.69493580308309499     
   18.512780843000584       0.70161010692628900     
   18.517418313151637       0.70938451163122218     
   18.522055783302690       0.71771129259087041     
   18.526693253453743       0.72597025287091199     
   18.531330723604796       0.73356810494949742     
   18.535968193755846       0.74002002113229504     
   18.540605663906899       0.74501157436262311     
   18.545243134057952       0.74842132748373269     
   18.549880604209005       0.75028581193221044     
   18.554518074360058       0.75072191669091948     
   18.559155544511107       0.74985074082754832     
   18.563793014662160       0.74774581481267077     
   18.568430484813213       0.74443628844741727     
   18.573067954964266       0.73997172104253106     
   18.577705425115315       0.73450599369245284     
   18.582342895266368       0.72836618648594409     
   18.586980365417421       0.72208594962652195     
   18.591617835568474       0.71636079051735302     
   18.596255305719527       0.71190602177080187     
   18.600892775870577       0.70923822947621262     
   18.605530246021630       0.70849361882219186     
   18.610167716172683       0.70940202977463940     
   18.614805186323736       0.71142749263275917     
   18.619442656474789       0.71400573379492671     
   18.624080126625838       0.71671907258516920     
   18.628717596776891       0.71935280866559925     
   18.633355066927944       0.72188089336974681     
   18.637992537078997       0.72440127161029033     
   18.642630007230050       0.72706669310054883     
   18.647267477381099       0.73001379488767937     
   18.651904947532152       0.73329838590262708     
   18.656542417683205       0.73685222686391505     
   18.661179887834258       0.74048316679296133     
   18.665817357985311       0.74392650785975445     
   18.670454828136361       0.74690990026556880     
   18.675092298287414       0.74918559519633332     
   18.679729768438467       0.75051336900515386     
   18.684367238589520       0.75065265978586282     
   18.689004708740573       0.74940959704268961     
   18.693642178891622       0.74672036674351028     
   18.698279649042675       0.74272233039389013     
   18.702917119193728       0.73775225885672557     
   18.707554589344781       0.73225954542201799     
   18.712192059495834       0.72670407270500725     
   18.716829529646883       0.72147408910239408     
   18.721466999797936       0.71684629489879659     
   18.726104469948989       0.71295811434814860     
   18.730741940100042       0.70981994492959466     
   18.735379410251092       0.70738977957142168     
   18.740016880402145       0.70566724584695628     
   18.744654350553198       0.70474874258936693     
   18.749291820704251       0.70479698388387768     
   18.753929290855304       0.70596089547219532     
   18.758566761006353       0.70829648949391699     
   18.763204231157406       0.71172668139605966     
   18.767841701308459       0.71602649093223947     
   18.772479171459512       0.72082478587846877     
   18.777116641610565       0.72563338727302984     
   18.781754111761614       0.72991005268190656     
   18.786391581912667       0.73314674979257743     
   18.791029052063720       0.73497383238927938     
   18.795666522214773       0.73524184789269953     
   18.800303992365826       0.73404952365328635     
   18.804941462516876       0.73171137668943165     
   18.809578932667929       0.72867450336934692     
   18.814216402818982       0.72540708623234817     
   18.818853872970035       0.72230217080191483     
   18.823491343121088       0.71962982369888895     
   18.828128813272137       0.71754134081631804     
   18.832766283423190       0.71609384019549571     
   18.837403753574243       0.71527492737184017     
   18.842041223725296       0.71501392087451598     
   18.846678693876349       0.71518133176922893     
   18.851316164027399       0.71562188793685144     
   18.855953634178451       0.71617644330296093     
   18.860591104329504       0.71669799407877088     
   18.865228574480557       0.71707660375363835     
   18.869866044631610       0.71724787703162296     
   18.874503514782660       0.71720898935576127     
   18.879140984933713       0.71703314586259992     
   18.883778455084766       0.71685982534095183     
   18.888415925235819       0.71685145827066521     
   18.893053395386872       0.71711211587620294     
   18.897690865537921       0.71760797189580239     
   18.902328335688974       0.71812458970340132     
   18.906965805840027       0.71831902643970025     
   18.911603275991080       0.71784261394172877     
   18.916240746142130       0.71647058735507030     
   18.920878216293183       0.71417713305276931     
   18.925515686444236       0.71112346881478650     
   18.930153156595289       0.70757161659662671     
   18.934790626746342       0.70376786390600798     
   18.939428096897391       0.69988603587344156     
   18.944065567048444       0.69604215458140817     
   18.948703037199497       0.69235734481993061     
   18.953340507350550       0.68902705911280415     
   18.957977977501603       0.68633771188312598     
   18.962615447652652       0.68461141141821102     
   18.967252917803705       0.68409916043926311     
   18.971890387954758       0.68489461079931846     
   18.976527858105811       0.68689504617421449     
   18.981165328256864       0.68980945343118594     
   18.985802798407914       0.69321586563177173     
   18.990440268558967       0.69663622890342258     
   18.995077738710020       0.69961141804636695     
   18.999715208861073       0.70178097323893873     
   19.004352679012126       0.70295140247348964     
   19.008990149163175       0.70311429876910092     
   19.013627619314228       0.70241548412586619     
   19.018265089465281       0.70111195935713455     
   19.022902559616334       0.69952272042107466     
   19.027540029767387       0.69798378040238829     
   19.032177499918436       0.69681172613065967     
   19.036814970069489       0.69628369410490387     
   19.041452440220542       0.69662966458071129     
   19.046089910371595       0.69799349430533941     
   19.050727380522648       0.70038043037588482     
   19.055364850673698       0.70363958954067618     
   19.060002320824751       0.70747501459772943     
   19.064639790975804       0.71148470596637747     
   19.069277261126857       0.71523078548017405     
   19.073914731277910       0.71829293833278951     
   19.078552201428959       0.72028325719966213     
   19.083189671580012       0.72086081761562093     
   19.087827141731065       0.71976072267242142     
   19.092464611882118       0.71685146454574622     
   19.097102082033167       0.71220289678219861     
   19.101739552184220       0.70612797364382074     
   19.106377022335273       0.69916652005199531     
   19.111014492486326       0.69199334962225822     
   19.115651962637379       0.68527742655247015     
   19.120289432788429       0.67956250121083750     
   19.124926902939482       0.67521495259364794     
   19.129564373090535       0.67243226468884121     
   19.134201843241588       0.67126840546497102     
   19.138839313392641       0.67165985250359939     
   19.143476783543690       0.67345982747541122     
   19.148114253694743       0.67648210223167204     
   19.152751723845796       0.68054360168477424     
   19.157389193996849       0.68547418116569558     
   19.162026664147902       0.69107698004546236     
   19.166664134298951       0.69708054899465377     
   19.171301604450004       0.70314976532237228     
   19.175939074601057       0.70897307705083468     
   19.180576544752110       0.71436588251682520     
   19.185214014903163       0.71928477379801992     
   19.189851485054213       0.72375571807105699     
   19.194488955205266       0.72775559229463815     
   19.199126425356319       0.73112764483742920     
   19.203763895507372       0.73360466698467641     
   19.208401365658425       0.73490049788043765     
   19.213038835809474       0.73481687927104000     
   19.217676305960527       0.73329945422660103     
   19.222313776111580       0.73044652365414142     
   19.226951246262633       0.72649212318580469     
   19.231588716413686       0.72174652841277831     
   19.236226186564735       0.71653551393217507     
   19.240863656715788       0.71117845743038044     
   19.245501126866841       0.70599142511591084     
   19.250138597017894       0.70129818261300836     
   19.254776067168947       0.69741165072992906     
   19.259413537319997       0.69458317627268062     
   19.264051007471050       0.69295434874377371     
   19.268688477622103       0.69252351146631763     
   19.273325947773156       0.69314288698361337     
   19.277963417924205       0.69456115401288776     
   19.282600888075258       0.69649064494971014     
   19.287238358226311       0.69867384851576742     
   19.291875828377364       0.70093061189181460     
   19.296513298528417       0.70317003868250505     
   19.301150768679467       0.70537413228146617     
   19.305788238830520       0.70756817369489855     
   19.310425708981573       0.70978846247121041     
   19.315063179132625       0.71206282913239904     
   19.319700649283678       0.71439758995350156     
   19.324338119434728       0.71675259204445385     
   19.328975589585781       0.71902917373830588     
   19.333613059736834       0.72107784089264060     
   19.338250529887887       0.72274494157195701     
   19.342888000038940       0.72394515393762382     
   19.347525470189989       0.72470204395333127     
   19.352162940341042       0.72515940809485013     
   19.356800410492095       0.72554972436106513     
   19.361437880643148       0.72611692307378439     
   19.366075350794201       0.72704888293421732     
   19.370712820945251       0.72844189473207333     
   19.375350291096304       0.73028793627024924     
   19.379987761247357       0.73248537698188199     
   19.384625231398410       0.73485782218169704     
   19.389262701549463       0.73718125708301563     
   19.393900171700512       0.73923830667795043     
   19.398537641851565       0.74086072035532669     
   19.403175112002618       0.74194736174434239     
   19.407812582153671       0.74248004716714144     
   19.412450052304724       0.74252114697545324     
   19.417087522455773       0.74219264717671096     
   19.421724992606826       0.74164290583246983     
   19.426362462757879       0.74100985022223553     
   19.430999932908932       0.74039212419873035     
   19.435637403059982       0.73983367709336234     
   19.440274873211035       0.73933006382798183     
   19.444912343362088       0.73886438450050129     
   19.449549813513141       0.73843542640912097     
   19.454187283664194       0.73806138947528310     
   19.458824753815243       0.73776596563474028     
   19.463462223966296       0.73753698164813197     
   19.468099694117349       0.73729677974122632     
   19.472737164268402       0.73689798098465786     
   19.477374634419455       0.73615218935012228     
   19.482012104570504       0.73489305749548450     
   19.486649574721557       0.73304933783149628     
   19.491287044872610       0.73067446103462985     
   19.495924515023663       0.72790436912305267     
   19.500561985174716       0.72488269173389486     
   19.505199455325766       0.72167520111650874     
   19.509836925476819       0.71825396884916437     
   19.514474395627872       0.71458272228858832     
   19.519111865778925       0.71075357624454638     
   19.523749335929978       0.70708270243948557     
   19.528386806081027       0.70409148641883346     
   19.533024276232080       0.70234418153444422     
   19.537661746383133       0.70221060241298638     
   19.542299216534186       0.70372096515815985     
   19.546936686685239       0.70658712013997182     
   19.551574156836288       0.71034315307095919     
   19.556211626987341       0.71450848452274285     
   19.560849097138394       0.71869483493796849     
   19.565486567289447       0.72264663704160959     
   19.570124037440500       0.72620962425521085     
   19.574761507591550       0.72931538815933949     
   19.579398977742603       0.73197512831072897     
   19.584036447893656       0.73426726690322386     
   19.588673918044709       0.73633933607872581     
   19.593311388195762       0.73836937295868987     
   19.597948858346811       0.74048689808517676     
   19.602586328497864       0.74266359433082685     
   19.607223798648917       0.74464213880275354     
   19.611861268799970       0.74597894800081033     
   19.616498738951019       0.74619215520933568     
   19.621136209102072       0.74492559348095622     
   19.625773679253125       0.74207335311536660     
   19.630411149404178       0.73782176828560819     
   19.635048619555231       0.73261948861985915     
   19.639686089706281       0.72709919843919424     
   19.644323559857334       0.72195849312077587     
   19.648961030008387       0.71783031778362671     
   19.653598500159440       0.71517661446094238     
   19.658235970310493       0.71422512863053189     
   19.662873440461542       0.71497229254207728     
   19.667510910612595       0.71721372613256251     
   19.672148380763648       0.72059218117864943     
   19.676785850914701       0.72468296685963218     
   19.681423321065754       0.72906860698219900     
   19.686060791216804       0.73338039796748000     
   19.690698261367857       0.73728882914050187     
   19.695335731518909       0.74047625049491195     
   19.699973201669962       0.74265461018777290     
   19.704610671821015       0.74363874191678914     
   19.709248141972065       0.74341187751344662     
   19.713885612123118       0.74216214224472976     
   19.718523082274171       0.74026165637808516     
   19.723160552425224       0.73816453520531877     
   19.727798022576277       0.73623952916212798     
   19.732435492727326       0.73463370459596022     
   19.737072962878379       0.73324082086700959     
   19.741710433029432       0.73175967927527041     
   19.746347903180485       0.72980247448787283     
   19.750985373331538       0.72702420225430009     
   19.755622843482588       0.72323253576584989     
   19.760260313633641       0.71843229637223072     
   19.764897783784694       0.71280931818396265     
   19.769535253935747       0.70664971860282655     
   19.774172724086799       0.70025421373718844     
   19.778810194237849       0.69387390672917237     
   19.783447664388902       0.68769115839035599     
   19.788085134539955       0.68186148205976371     
   19.792722604691008       0.67657935947797532     
   19.797360074842057       0.67211809871463668     
   19.801997544993110       0.66880727719291166     
   19.806635015144163       0.66697846778424574     
   19.811272485295216       0.66689790858425457     
   19.815909955446269       0.66869120717773445     
   19.820547425597319       0.67228922864734142     
   19.825184895748372       0.67740582554830842     
   19.829822365899425       0.68356418341776204     
   19.834459836050478       0.69017370566568603     
   19.839097306201531       0.69663130757326608     
   19.843734776352580       0.70241752575947558     
   19.848372246503633       0.70718252353358579     
   19.853009716654686       0.71078919643403959     
   19.857647186805739       0.71329715091921697     
   19.862284656956792       0.71490618451121068     
   19.866922127107841       0.71586989031063863     
   19.871559597258894       0.71641375294353649     
   19.876197067409947       0.71668840886221241     
   19.880834537561000       0.71678310991685523     
   19.885472007712053       0.71677319619073088     
   19.890109477863103       0.71676295400737644     
   19.894746948014156       0.71687347347300179     
   19.899384418165209       0.71719024349104943     
   19.904021888316262       0.71770667697315105     
   19.908659358467315       0.71831079336143477     
   19.913296828618364       0.71885267069595749     
   19.917934298769417       0.71921658660087939     
   19.922571768920470       0.71935004745096853     
   19.927209239071523       0.71925165663118429     
   19.931846709222576       0.71891342445540030     
   19.936484179373625       0.71828490709128323     
   19.941121649524678       0.71726609726139157     
   19.945759119675731       0.71571457471430500     
   19.950396589826784       0.71349158406470170     
   19.955034059977834       0.71052489029727040     
   19.959671530128887       0.70686123762495101     
   19.964309000279940       0.70269308363483363     
   19.968946470430993       0.69835036694528663     
   19.973583940582046       0.69426371759264005     
   19.978221410733095       0.69090988870050185     
   19.982858880884148       0.68874339317482380     
   19.987496351035201       0.68810831076162760     
   19.992133821186254       0.68916396645655797     
   19.996771291337307       0.69187907921134528     
   20.001408761488356       0.69607071267433962     
   20.006046231639409       0.70146084199818637     
   20.010683701790462       0.70771381589479732     
   20.015321171941515       0.71444712391008380     
   20.019958642092568       0.72125626506992102     
   20.024596112243618       0.72776877942065843     
   20.029233582394671       0.73369067575080682     
   20.033871052545724       0.73880830727669233     
   20.038508522696777       0.74296858580028302     
   20.043145992847830       0.74606013842562346     
   20.047783462998879       0.74802086969109349     
   20.052420933149932       0.74885382153473623     
   20.057058403300985       0.74862541556970719     
   20.061695873452038       0.74743367548412876     
   20.066333343603091       0.74536178443256185     
   20.070970813754140       0.74246897801767509     
   20.075608283905193       0.73880799263651431     
   20.080245754056246       0.73447315868750163     
   20.084883224207299       0.72965878949406648     
   20.089520694358352       0.72468400153398460     
   20.094158164509402       0.71994968953764116     
   20.098795634660455       0.71580681355144382     
   20.103433104811508       0.71242709580863350     
   20.108070574962561       0.70974747264174098     
   20.112708045113614       0.70751264097313282     
   20.117345515264663       0.70537939433525498     
   20.121982985415716       0.70303779079138484     
   20.126620455566769       0.70034057620148094     
   20.131257925717822       0.69741147375858370     
   20.135895395868872       0.69467869764744927     
   20.140532866019925       0.69276488508567935     
   20.145170336170978       0.69222336582122068     
   20.149807806322031       0.69325458831585274     
   20.154445276473083       0.69561723259507180     
   20.159082746624133       0.69877422499134079     
   20.163720216775186       0.70211659549623273     
   20.168357686926239       0.70510126200249024     
   20.172995157077292       0.70730397876116868     
   20.177632627228345       0.70845217213505396     
   20.182270097379394       0.70844505664722290     
   20.186907567530447       0.70736065830609085     
   20.191545037681500       0.70542545777541510     
   20.196182507832553       0.70297613764305866     
   20.200819977983606       0.70041586576557791     
   20.205457448134656       0.69815456638777051     
   20.210094918285709       0.69655054285551032     
   20.214732388436762       0.69583558395184575     
   20.219369858587815       0.69607293930172587     
   20.224007328738868       0.69715682220966246     
   20.228644798889917       0.69885958489061861     
   20.233282269040970       0.70093026955682480     
   20.237919739192023       0.70317910075794499     
   20.242557209343076       0.70552874997005000     
   20.247194679494129       0.70801809760943935     
   20.251832149645178       0.71075366651549443     
   20.256469619796231       0.71382216520026798     
   20.261107089947284       0.71719167661202043     
   20.265744560098337       0.72065628358961831     
   20.270382030249390       0.72384525396803645     
   20.275019500400440       0.72632954952956119     
   20.279656970551493       0.72777858908155391     
   20.284294440702546       0.72807037370391670     
   20.288931910853599       0.72733221622214206     
   20.293569381004652       0.72587357654630880     
   20.298206851155701       0.72406766187214633     
   20.302844321306754       0.72226168489736386     
   20.307481791457807       0.72072439321037141     
   20.312119261608860       0.71964128252810777     
   20.316756731759909       0.71912140148434622     
   20.321394201910962       0.71918369768679391     
   20.326031672062015       0.71975963457418823     
   20.330669142213068       0.72074057485797260     
   20.335306612364121       0.72207528831011880     
   20.339944082515171       0.72383415897117120     
   20.344581552666224       0.72616223309329209     
   20.349219022817277       0.72913275272272726     
   20.353856492968330       0.73260496159824706     
   20.358493963119383       0.73618380881248002     
   20.363131433270432       0.73929689328421966     
   20.367768903421485       0.74134761914651903     
   20.372406373572538       0.74184879193949815     
   20.377043843723591       0.74049420110538777     
   20.381681313874644       0.73719243192484984     
   20.386318784025693       0.73207066439493551     
   20.390956254176746       0.72545878338517966     
   20.395593724327799       0.71786450552222392     
   20.400231194478852       0.70993743924210539     
   20.404868664629905       0.70242531258752650     
   20.409506134780955       0.69612435700000019     
   20.414143604932008       0.69180757175015806     
   20.418781075083061       0.69010955439896748     
   20.423418545234114       0.69139016746344850     
   20.428056015385167       0.69561207755019694     
   20.432693485536216       0.70230678780920441     
   20.437330955687269       0.71067268685651042     
   20.441968425838322       0.71974576235319987     
   20.446605895989375       0.72855693943252398     
   20.451243366140428       0.73624943817545419     
   20.455880836291477       0.74213165321681729     
   20.460518306442530       0.74571971371900514     
   20.465155776593583       0.74678907036974351     
   20.469793246744636       0.74540655865288574     
   20.474430716895689       0.74194097533672743     
   20.479068187046739       0.73699367011743500     
   20.483705657197792       0.73126356046994789     
   20.488343127348845       0.72538535934657777     
   20.492980597499898       0.71980990448197757     
   20.497618067650947       0.71477303465332331     
   20.502255537802000       0.71034308404688662     
   20.506893007953053       0.70650944270510441     
   20.511530478104106       0.70324090371898129     
   20.516167948255159       0.70049817582859653     
   20.520805418406209       0.69822751409359252     
   20.525442888557262       0.69636589034747987     
   20.530080358708314       0.69485249861041165     
   20.534717828859367       0.69363962710272653     
   20.539355299010420       0.69271196433204862     
   20.543992769161470       0.69210778326616140     
   20.548630239312523       0.69193341644199680     
   20.553267709463576       0.69237670992036537     
   20.557905179614629       0.69368555231630114     
   20.562542649765682       0.69611796706470830     
   20.567180119916731       0.69988739984776449     
   20.571817590067784       0.70509710787593072     
   20.576455060218837       0.71167816727647959     
   20.581092530369890       0.71934173485984854     
   20.585730000520943       0.72756238270866791     
   20.590367470671993       0.73562939061975496     
   20.595004940823046       0.74277868812980996     
   20.599642410974099       0.74833934152272641     
   20.604279881125152       0.75184964034293678     
   20.608917351276204       0.75311522502836670     
   20.613554821427254       0.75218591646459954     
   20.618192291578307       0.74930434313002880     
   20.622829761729360       0.74486446120624572     
   20.627467231880413       0.73938474049242486     
   20.632104702031466       0.73347585032000895     
   20.636742172182515       0.72777704756633477     
   20.641379642333568       0.72283600297080242     
   20.646017112484621       0.71897364626602500     
   20.650654582635674       0.71620864438775500     
   20.655292052786724       0.71429386777206294     
   20.659929522937777       0.71286082945716001     
   20.664566993088830       0.71157893979674636     
   20.669204463239883       0.71026241002595547     
   20.673841933390936       0.70889452310058654     
   20.678479403541985       0.70759986157782551     
   20.683116873693038       0.70659520229221617     
   20.687754343844091       0.70609495229170494     
   20.692391813995144       0.70620754307253231     
   20.697029284146197       0.70689411944622438     
   20.701666754297246       0.70800775336366617     
   20.706304224448299       0.70938336405933256     
   20.710941694599352       0.71089229334192860     
   20.715579164750405       0.71242660618670794     
   20.720216634901458       0.71387452994362766     
   20.724854105052508       0.71513719210265725     
   20.729491575203561       0.71615937736968960     
   20.734129045354614       0.71691940533155407     
   20.738766515505667       0.71739195580985993     
   20.743403985656720       0.71753719455857967     
   20.748041455807769       0.71732363606286376     
   20.752678925958822       0.71675953311922946     
   20.757316396109875       0.71592383882142419     
   20.761953866260928       0.71494762021900415     
   20.766591336411981       0.71396610916976710     
   20.771228806563030       0.71306339129467322     
   20.775866276714083       0.71223171445021360     
   20.780503746865136       0.71137684350795827     
   20.785141217016189       0.71035384458847328     
   20.789778687167242       0.70902466123844765     
   20.794416157318292       0.70732831915206640     
   20.799053627469345       0.70533640985824864     
   20.803691097620398       0.70325897365314716     
   20.808328567771451       0.70139279466774918     
   20.812966037922504       0.70003808687447167     
   20.817603508073553       0.69943853805657352     
   20.822240978224606       0.69975541015151521     
   20.826878448375659       0.70106898424520048     
   20.831515918526712       0.70339091250698094     
   20.836153388677761       0.70665186626229970     
   20.840790858828814       0.71067032675190533     
   20.845428328979867       0.71513779708956249     
   20.850065799130920       0.71964240003086632     
   20.854703269281973       0.72374202588112524     
   20.859340739433023       0.72706272005344663     
   20.863978209584076       0.72938026708065407     
   20.868615679735129       0.73066790225385003     
   20.873253149886182       0.73107710586231012     
   20.877890620037235       0.73084123817212876     
   20.882528090188284       0.73017888755641158     
   20.887165560339337       0.72924158618084445     
   20.891803030490390       0.72810855396678509     
   20.896440500641443       0.72682787248867453     
   20.901077970792496       0.72547284915155552     
   20.905715440943546       0.72417518021498850     
   20.910352911094598       0.72311265088578558     
   20.914990381245651       0.72244636826219899     
   20.919627851396704       0.72224429267991086     
   20.924265321547757       0.72242892423107141     
   20.928902791698807       0.72278879479268621     
   20.933540261849860       0.72305620803918413     
   20.938177732000913       0.72300982736614028     
   20.942815202151966       0.72254538428486148     
   20.947452672303019       0.72170664087241521     
   20.952090142454068       0.72065073780102817     
   20.956727612605121       0.71957639947077656     
   20.961365082756174       0.71867073358985534     
   20.966002552907227       0.71807783872865183     
   20.970640023058280       0.71789097345355990     
   20.975277493209330       0.71816418795944559     
   20.979914963360383       0.71892072625472014     
   20.984552433511436       0.72014303526002299     
   20.989189903662488       0.72176580787201161     
   20.993827373813541       0.72366152356005375     
   20.998464843964591       0.72562303837072839     
   21.003102314115644       0.72735510177153884     
   21.007739784266697       0.72850916540539956     
   21.012377254417750       0.72876118887241836     
   21.017014724568799       0.72788145061538878     
   21.021652194719852       0.72576525721037266     
   21.026289664870905       0.72243668409223571     
   21.030927135021958       0.71803559484014146     
   21.035564605173011       0.71279093271328009     
   21.040202075324061       0.70699089033290119     
   21.044839545475114       0.70097240985503217     
   21.049477015626167       0.69514065338794528     
   21.054114485777220       0.68997128865025825     
   21.058751955928273       0.68595299264541998     
   21.063389426079322       0.68348072320369557     
   21.068026896230375       0.68274806264836729     
   21.072664366381428       0.68368705673554375     
   21.077301836532481       0.68598060397714278     
   21.081939306683534       0.68912100558752798     
   21.086576776834583       0.69249288818108234     
   21.091214246985636       0.69547294135208182     
   21.095851717136689       0.69752960397307051     
   21.100489187287742       0.69830895372348867     
   21.105126657438795       0.69768619980243185     
   21.109764127589845       0.69578833421883646     
   21.114401597740898       0.69295915274548037     
   21.119039067891951       0.68968198526471469     
   21.123676538043004       0.68648921605334423     
   21.128314008194057       0.68386048974329361     
   21.132951478345106       0.68214921052698219     
   21.137588948496159       0.68154279716852029     
   21.142226418647212       0.68204865796577352     
   21.146863888798265       0.68351643414247298     
   21.151501358949318       0.68569488482204610     
   21.156138829100367       0.68829397137067050     
   21.160776299251420       0.69103994566124172     
   21.165413769402473       0.69370051419322254     
   21.170051239553526       0.69608428937225075     
   21.174688709704576       0.69805478935944243     
   21.179326179855629       0.69953550305419920     
   21.183963650006682       0.70050345489613552     
   21.188601120157735       0.70097903637933545     
   21.193238590308788       0.70101336556243610     
   21.197876060459837       0.70068770378424039     
   21.202513530610890       0.70012603326080447     
   21.207151000761943       0.69948950078811278     
   21.211788470912996       0.69894619509602129     
   21.216425941064049       0.69862110754561901     
   21.221063411215098       0.69855217120249102     
   21.225700881366151       0.69871290550785070     
   21.230338351517204       0.69906587381678964     
   21.234975821668257       0.69959433840865159     
   21.239613291819310       0.70030923149571045     
   21.244250761970360       0.70120022186324682     
   21.248888232121413       0.70218927144829690     
   21.253525702272466       0.70313190169350726     
   21.258163172423519       0.70383639621912086     
   21.262800642574572       0.70410917557201469     
   21.267438112725621       0.70378556947643600     
   21.272075582876674       0.70274723992807664     
   21.276713053027727       0.70095183455748722     
   21.281350523178780       0.69844938908155374     
   21.285987993329833       0.69539019955920911     
   21.290625463480882       0.69202862157561584     
   21.295262933631935       0.68872030503778914     
   21.299900403782988       0.68588685838789887     
   21.304537873934041       0.68393693961720559     
   21.309175344085094       0.68315089503415338     
   21.313812814236144       0.68356111845762102     
   21.318450284387197       0.68492108934803686     
   21.323087754538250       0.68681565459707206     
   21.327725224689303       0.68885102359604755     
   21.332362694840356       0.69081217036967713     
   21.337000164991405       0.69269162998440248     
   21.341637635142458       0.69460019362125425     
   21.346275105293511       0.69664496417204269     
   21.350912575444564       0.69883598150587556     
   21.355550045595614       0.70106538573026611     
   21.360187515746667       0.70314984096894184     
   21.364824985897720       0.70488625485165757     
   21.369462456048772       0.70609253180691078     
   21.374099926199825       0.70663018833131097     
   21.378737396350875       0.70641498096127042     
   21.383374866501928       0.70544283765919025     
   21.388012336652981       0.70381916088517738     
   21.392649806804034       0.70175988286422841     
   21.397287276955087       0.69955779214182290     
   21.401924747106136       0.69751518619344932     
   21.406562217257189       0.69588423311131364     
   21.411199687408242       0.69484127162572407     
   21.415837157559295       0.69446917219081861     
   21.420474627710348       0.69475952324907009     
   21.425112097861398       0.69563076933532608     
   21.429749568012451       0.69696802096083599     
   21.434387038163504       0.69868434823966730     
   21.439024508314557       0.70074152980576021     
   21.443661978465610       0.70309510314606760     
   21.448299448616659       0.70562460313960174     
   21.452936918767712       0.70808998224854025     
   21.457574388918765       0.71014829724591599     
   21.462211859069818       0.71144506011595909     
   21.466849329220871       0.71169936860292915     
   21.471486799371920       0.71074846335860165     
   21.476124269522973       0.70858960855726472     
   21.480761739674026       0.70538929057931810     
   21.485399209825079       0.70146917924563934     
   21.490036679976132       0.69727859530872027     
   21.494674150127182       0.69333832718702992     
   21.499311620278235       0.69015775570930793     
   21.503949090429288       0.68810423643612351     
   21.508586560580341       0.68729254884761726     
   21.513224030731394       0.68759210879538946     
   21.517861500882443       0.68875542742648277     
   21.522498971033496       0.69056375237284762     
   21.527136441184549       0.69285909168046633     
   21.531773911335602       0.69548683070816775     
   21.536411381486651       0.69824251293738526     
   21.541048851637704       0.70087682889501579     
   21.545686321788757       0.70318077381307365     
   21.550323791939810       0.70506861702458090     
   21.554961262090863       0.70659367665753792     
   21.559598732241913       0.70787653307682874     
   21.564236202392966       0.70900629512851709     
   21.568873672544019       0.70996923631583619     
   21.573511142695072       0.71064070935583667     
   21.578148612846125       0.71083588542502896     
   21.582786082997174       0.71037668773149154     
   21.587423553148227       0.70913652438135588     
   21.592061023299280       0.70705208719976220     
   21.596698493450333       0.70413189313027735     
   21.601335963601386       0.70049217567639865     
   21.605973433752435       0.69640713940411492     
   21.610610903903488       0.69233814499194768     
   21.615248374054541       0.68890602382924104     
   21.619885844205594       0.68678703464612578     
   21.624523314356647       0.68657287380083365     
   21.629160784507697       0.68864378857060016     
   21.633798254658750       0.69308870869935901     
   21.638435724809803       0.69968175360220619     
   21.643073194960856       0.70791417007863000     
   21.647710665111909       0.71707940218631727     
   21.652348135262958       0.72638763593057920     
   21.656985605414011       0.73507566531713409     
   21.661623075565064       0.74249991437659002     
   21.666260545716117       0.74819640676275856     
   21.670898015867170       0.75189380082725787     
   21.675535486018219       0.75350704446752614     
   21.680172956169272       0.75310836302396122     
   21.684810426320325       0.75090755641645079     
   21.689447896471378       0.74722986177001050     
   21.694085366622431       0.74249009424361512     
   21.698722836773481       0.73718157197099510     
   21.703360306924534       0.73181523301707752     
   21.707997777075587       0.72684355580824356     
   21.712635247226640       0.72258190497878672     
   21.717272717377689       0.71914098620180189     
   21.721910187528742       0.71642530096500068     
   21.726547657679795       0.71421026183266645     
   21.731185127830848       0.71226101839843914     
   21.735822597981901       0.71044602854623728     
   21.740460068132951       0.70880457019050347     
   21.745097538284003       0.70750257482761425     
   21.749735008435056       0.70671844625037750     
   21.754372478586109       0.70653545782250360     
   21.759009948737162       0.70691702996864114     
   21.763647418888212       0.70776976284030613     
   21.768284889039265       0.70899492869755132     
   21.772922359190318       0.71047758257280547     
   21.777559829341371       0.71204099785792008     
   21.782197299492424       0.71343015884993155     
   21.786834769643473       0.71436003778459156     
   21.791472239794526       0.71461274344692416     
   21.796109709945579       0.71413927164761759     
   21.800747180096632       0.71309016750387200     
   21.805384650247685       0.71177309432925562     
   21.810022120398735       0.71056448995392774     
   21.814659590549788       0.70981038639304372     
   21.819297060700841       0.70975337813344952     
   21.823934530851893       0.71049433568658360     
   21.828572001002946       0.71197960750661093     
   21.833209471153996       0.71400286152320980     
   21.837846941305049       0.71624613409071858     
   21.842484411456102       0.71834041808648907     
   21.847121881607155       0.71995019641032409     
   21.851759351758208       0.72086475407229822     
   21.856396821909257       0.72105093602958426     
   21.861034292060310       0.72066038500503093     
   21.865671762211363       0.71997978725232858     
   21.870309232362416       0.71931663066874507     
   21.874946702513466       0.71886977398302765     
   21.879584172664519       0.71865845741512302     
   21.884221642815572       0.71858841016456110     
   21.888859112966625       0.71859041711388416     
   21.893496583117678       0.71868632362241258     
   21.898134053268727       0.71895579630705098     
   21.902771523419780       0.71944003674938073     
   21.907408993570833       0.72006843486724625     
   21.912046463721886       0.72065623669685930     
   21.916683933872939       0.72095703479250550     
   21.921321404023988       0.72073348656190728     
   21.925958874175041       0.71982360721847083     
   21.930596344326094       0.71819375850077938     
   21.935233814477147       0.71595852043792862     
   21.939871284628200       0.71337466584489073     
   21.944508754779250       0.71082191147876062     
   21.949146224930303       0.70874578719393344     
   21.953783695081356       0.70757140666282858     
   21.958421165232409       0.70761795487041368     
   21.963058635383462       0.70903096837653479     
   21.967696105534511       0.71174907526721598     
   21.972333575685564       0.71552532768759691     
   21.976971045836617       0.71998331725887155     
   21.981608515987670       0.72468489007790748     
   21.986245986138723       0.72919722897410000     
   21.990883456289772       0.73314403798086270     
   21.995520926440825       0.73624102091119303     
   22.000158396591878       0.73830342255197035     
   22.004795866742931       0.73920930514970373     
   22.009433336893984       0.73887032148484577     
   22.014070807045034       0.73723531998276581     
   22.018708277196087       0.73431056755993618     
   22.023345747347140       0.73021007678578298     
   22.027983217498193       0.72520168717282874     
   22.032620687649246       0.71971151969412572     
   22.037258157800295       0.71425340544922133     
   22.041895627951348       0.70931646193323683     
   22.046533098102401       0.70526105151297991     
   22.051170568253454       0.70223733542325040     
   22.055808038404503       0.70017134309602969     
   22.060445508555556       0.69881972832032346     
   22.065082978706609       0.69786181786620749     
   22.069720448857662       0.69699115109306264     
   22.074357919008715       0.69597617140227364     
   22.078995389159765       0.69468217709405033     
   22.083632859310818       0.69303063764406392     
   22.088270329461871       0.69093450185473371     
   22.092907799612924       0.68827955654619000     
   22.097545269763977       0.68495315357720754     
   22.102182739915026       0.68092354638607766     
   22.106820210066079       0.67632375715115245     
   22.111457680217132       0.67149303114206971     
   22.116095150368185       0.66694663186960101     
   22.120732620519238       0.66325757948504838     
   22.125370090670287       0.66089655837674355     
   22.130007560821340       0.66008462089464059     
   22.134645030972393       0.66076276371321208     
   22.139282501123446       0.66268878474423820     
   22.143919971274499       0.66557782330337145     
   22.148557441425549       0.66919757952501846     
   22.153194911576602       0.67336524537364473     
   22.157832381727655       0.67788477684178505     
   22.162469851878708       0.68249091055044275     
   22.167107322029761       0.68683467248999153     
   22.171744792180810       0.69051560559985714     
   22.176382262331863       0.69315514879490248     
   22.181019732482916       0.69448743042491889     
   22.185657202633969       0.69443595813057712     
   22.190294672785022       0.69314376791295640     
   22.194932142936072       0.69095064026953390     
   22.199569613087125       0.68831702389468286     
   22.204207083238177       0.68571642337815941     
   22.208844553389230       0.68353672949085931     
   22.213482023540283       0.68201699592862297     
   22.218119493691333       0.68123924112219825     
   22.222756963842386       0.68115320058289475     
   22.227394433993439       0.68160746529774086     
   22.232031904144492       0.68241263734497903     
   22.236669374295541       0.68342084226489153     
   22.241306844446594       0.68456264505938458     
   22.245944314597647       0.68584630079355735     
   22.250581784748700       0.68731638175985255     
   22.255219254899753       0.68897789102211004     
   22.259856725050803       0.69073555533909137     
   22.264494195201856       0.69239215793652842     
   22.269131665352909       0.69372803153654150     
   22.273769135503962       0.69459864548003225     
   22.278406605655015       0.69498678177781215     
   22.283044075806064       0.69498922522341899     
   22.287681545957117       0.69475287538769326     
   22.292319016108170       0.69440953977599995     
   22.296956486259223       0.69405186176412981     
   22.301593956410276       0.69374729064284779     
   22.306231426561325       0.69357631164056954     
   22.310868896712378       0.69366220436595083     
   22.315506366863431       0.69416243348931816     
   22.320143837014484       0.69521989537309736     
   22.324781307165537       0.69690394777112719     
   22.329418777316587       0.69918125005509690     
   22.334056247467640       0.70192950997688142     
   22.338693717618693       0.70495902090500140     
   22.343331187769746       0.70803090556036719     
   22.347968657920799       0.71085109066792063     
   22.352606128071848       0.71307780215331151     
   22.357243598222901       0.71435554088479380     
   22.361881068373954       0.71436189329398614     
   22.366518538525007       0.71287755002811792     
   22.371156008676060       0.70985395047681354     
   22.375793478827109       0.70549365417504828     
   22.380430948978162       0.70031920696350625     
   22.385068419129215       0.69516539576661895     
   22.389705889280268       0.69098681343593205     
   22.394343359431318       0.68849923108284639     
   22.398980829582371       0.68786870761922247     
   22.403618299733424       0.68873245548652395     
   22.408255769884477       0.69050744814258325     
   22.412893240035530       0.69268047297583690     
   22.417530710186579       0.69492787589588090     
   22.422168180337632       0.69708591308382917     
   22.426805650488685       0.69907788744281452     
   22.431443120639738       0.70086140623994597     
   22.436080590790791       0.70240781780794659     
   22.440718060941840       0.70370250680308855     
   22.445355531092893       0.70476236821176297     
   22.449993001243946       0.70563917885713323     
   22.454630471394999       0.70640583728390416     
   22.459267941546052       0.70714529263045967     
   22.463905411697102       0.70794731621175155     
   22.468542881848155       0.70892006473065416     
   22.473180351999208       0.71019378101598729     
   22.477817822150261       0.71190973872052588     
   22.482455292301314       0.71418743222629766     
   22.487092762452363       0.71706133593221466     
   22.491730232603416       0.72045175871737333     
   22.496367702754469       0.72418508434351148     
   22.501005172905522       0.72802555463503249     
   22.505642643056575       0.73173021640035496     
   22.510280113207624       0.73510719376208611     
   22.514917583358677       0.73804433111618073     
   22.519555053509730       0.74052748777993160     
   22.524192523660783       0.74263595159932527     
   22.528829993811836       0.74450782562170958     
   22.533467463962886       0.74630769410025311     
   22.538104934113939       0.74817016315528873     
   22.542742404264992       0.75015485145299299     
   22.547379874416045       0.75222676615447159     
   22.552017344567098       0.75423671820274796     
   22.556654814718147       0.75590053740289298     
   22.561292284869200       0.75678735786342421     
   22.565929755020253       0.75637459958969122     
   22.570567225171306       0.75418301547449296     
   22.575204695322356       0.74992554497892039     
   22.579842165473408       0.74359512088776536     
   22.584479635624461       0.73549531714353200     
   22.589117105775514       0.72620115725518031     
   22.593754575926567       0.71646704399306604     
   22.598392046077617       0.70711931067792233     
   22.603029516228670       0.69893890257348446     
   22.607666986379723       0.69255785507591172     
   22.612304456530776       0.68838102134639301     
   22.616941926681829       0.68654014250811968     
   22.621579396832878       0.68688947089757213     
   22.626216866983931       0.68903253405783116     
   22.630854337134984       0.69241312849110392     
   22.635491807286037       0.69645476821115448     
   22.640129277437090       0.70068328103621702     
   22.644766747588140       0.70481131412795872     
   22.649404217739193       0.70875387439721782     
   22.654041687890246       0.71256496497224864     
   22.658679158041299       0.71634099724688216     
   22.663316628192351       0.72013620670874090     
   22.667954098343401       0.72390680576466016     
   22.672591568494454       0.72750575542935292     
   22.677229038645507       0.73072245867922803     
   22.681866508796560       0.73336033174940207     
   22.686503978947613       0.73529313604567292     
   22.691141449098662       0.73647880839989655     
   22.695778919249715       0.73696183845320329     
   22.700416389400768       0.73685857997411508     
   22.705053859551821       0.73632549587700447     
   22.709691329702874       0.73553309730602223     
   22.714328799853924       0.73463438724339181     
   22.718966270004977       0.73373934643424787     
   22.723603740156030       0.73290662645479943     
   22.728241210307083       0.73215218278005489     
   22.732878680458136       0.73147648355761641     
   22.737516150609185       0.73089848588680262     
   22.742153620760238       0.73046529583252495     
   22.746791090911291       0.73020189411117242     
   22.751428561062344       0.73005962225885768     
   22.756066031213393       0.72991137844906340     
   22.760703501364446       0.72962513862991962     
   22.765340971515499       0.72917593664792080     
   22.769978441666552       0.72869468589358422     
   22.774615911817605       0.72842504748012715     
   22.779253381968655       0.72860473241660140     
   22.783890852119708       0.72934221141862887     
   22.788528322270761       0.73053883963057575     
   22.793165792421814       0.73190204692635230     
   22.797803262572867       0.73306290380596550     
   22.802440732723916       0.73372402217553234     
   22.807078202874969       0.73375342998490578     
   22.811715673026022       0.73319380595955252     
   22.816353143177075       0.73220089609959826     
   22.820990613328128       0.73094402014993531     
   22.825628083479177       0.72953722979104019     
   22.830265553630230       0.72803249171226825     
   22.834903023781283       0.72645676521949876     
   22.839540493932336       0.72484956233137521     
   22.844177964083389       0.72327394748882867     
   22.848815434234439       0.72180158112422643     
   22.853452904385492       0.72046325903637121     
   22.858090374536545       0.71920862826364818     
   22.862727844687598       0.71791046102441980     
   22.867365314838651       0.71640335947002054     
   22.872002784989700       0.71454127305917592     
   22.876640255140753       0.71223021481964743     
   22.881277725291806       0.70943452403627016     
   22.885915195442859       0.70617231599141539     
   22.890552665593912       0.70251998860127784     
   22.895190135744961       0.69865268111402579     
   22.899827605896014       0.69487822837656754     
   22.904465076047067       0.69161999756587422     
   22.909102546198120       0.68935125726528312     
   22.913740016349173       0.68849597823498643     
   22.918377486500223       0.68932768907897424     
   22.923014956651276       0.69189994407415323     
   22.927652426802329       0.69603034186306378     
   22.932289896953382       0.70133877943637601     
   22.936927367104431       0.70734113227741957     
   22.941564837255484       0.71354604575024572     
   22.946202307406537       0.71952792156208567     
   22.950839777557590       0.72498084732816070     
   22.955477247708643       0.72973030396466221     
   22.960114717859692       0.73371982844475114     
   22.964752188010745       0.73698093125592790     
   22.969389658161798       0.73959159230907456     
   22.974027128312851       0.74163787416231841     
   22.978664598463904       0.74318551436550639     
   22.983302068614954       0.74425069508465824     
   22.987939538766007       0.74479904240439121     
   22.992577008917060       0.74475990186137253     
   22.997214479068113       0.74405184924801615     
   23.001851949219166       0.74261471000927282     
   23.006489419370215       0.74043479298317094     
   23.011126889521268       0.73758554834140966     
   23.015764359672321       0.73423807400678986     
   23.020401829823374       0.73064332874380022     
   23.025039299974427       0.72709756900685618     
   23.029676770125477       0.72387672076721410     
   23.034314240276530       0.72116274943580705     
   23.038951710427582       0.71901422261419345     
   23.043589180578635       0.71736765212504972     
   23.048226650729688       0.71608084669503702     
   23.052864120880738       0.71499538044487498     
   23.057501591031791       0.71396615003550079     
   23.062139061182844       0.71287626354977462     
   23.066776531333897       0.71163053908234175     
   23.071414001484950       0.71015460537546116     
   23.076051471635999       0.70841840811133316     
   23.080688941787052       0.70646269191941780     
   23.085326411938105       0.70440479340512985     
   23.089963882089158       0.70239452671862868     
   23.094601352240208       0.70054001483889283     
   23.099238822391261       0.69886118317226242     
   23.103876292542314       0.69730894022347423     
   23.108513762693367       0.69582302525028406     
   23.113151232844420       0.69436467904084309     
   23.117788702995469       0.69291896947822207     
   23.122426173146522       0.69147199443220153     
   23.127063643297575       0.69002395929138205     
   23.131701113448628       0.68862586413054183     
   23.136338583599681       0.68738787912069255     
   23.140976053750730       0.68645399515342265     
   23.145613523901783       0.68595378669911666     
   23.150250994052836       0.68594522108527523     
   23.154888464203889       0.68636594872029488     
   23.159525934354942       0.68704419862988075     
   23.164163404505992       0.68775157042492174     
   23.168800874657045       0.68828654454356308     
   23.173438344808098       0.68853487472288954     
   23.178075814959151       0.68846882981403990     
   23.182713285110204       0.68809855945650056     
   23.187350755261253       0.68740822497705190     
   23.191988225412306       0.68632157613321765     
   23.196625695563359       0.68469951691198006     
   23.201263165714412       0.68237885673217524     
   23.205900635865465       0.67925979989491403     
   23.210538106016514       0.67538280624966296     
   23.215175576167567       0.67095547588768290     
   23.219813046318620       0.66630895044681449     
   23.224450516469673       0.66179388543755202     
   23.229087986620726       0.65767752413699976     
   23.233725456771776       0.65411687750716041     
   23.238362926922829       0.65123335763788526     
   23.243000397073882       0.64919200721355952     
   23.247637867224935       0.64822805627957147     
   23.252275337375988       0.64860255535783129     
   23.256912807527037       0.65052859630662785     
   23.261550277678090       0.65410787114791946     
   23.266187747829143       0.65927508455083972     
   23.270825217980196       0.66576541926346877     
   23.275462688131245       0.67308589164600408     
   23.280100158282298       0.68052979103246625     
   23.284737628433351       0.68728987117607176     
   23.289375098584404       0.69263517268007457     
   23.294012568735457       0.69607938561255756     
   23.298650038886507       0.69749078770241391     
   23.303287509037560       0.69710106251782578     
   23.307924979188613       0.69542250897939717     
   23.312562449339666       0.69310644473850724     
   23.317199919490719       0.69076312672396589     
   23.321837389641768       0.68881663887756239     
   23.326474859792821       0.68744566280609021     
   23.331112329943874       0.68662373992386361     
   23.335749800094927       0.68620523472221295     
   23.340387270245980       0.68601101758046323     
   23.345024740397029       0.68588926195078270     
   23.349662210548082       0.68574570054165473     
   23.354299680699135       0.68556088472752719     
   23.358937150850188       0.68537681528178274     
   23.363574621001241       0.68526129453432649     
   23.368212091152291       0.68526823277918125     
   23.372849561303344       0.68540290509261037     
   23.377487031454397       0.68561107804263743     
   23.382124501605450       0.68582093277774014     
   23.386761971756503       0.68599694262898492     
   23.391399441907552       0.68616092688944630     
   23.396036912058605       0.68638094378344772     
   23.400674382209658       0.68671877902021183     
   23.405311852360711       0.68718475257145917     
   23.409949322511764       0.68772137545066736     
   23.414586792662814       0.68822477454833686     
   23.419224262813866       0.68860842489017648     
   23.423861732964919       0.68885000255511986     
   23.428499203115972       0.68898987124420163     
   23.433136673267025       0.68908425231569215     
   23.437774143418075       0.68915118631631578     
   23.442411613569128       0.68915715920149956     
   23.447049083720181       0.68904862050425897     
   23.451686553871234       0.68881449444921594     
   23.456324024022283       0.68854227460978712     
   23.460961494173336       0.68841837272321915     
   23.465598964324389       0.68867618751964754     
   23.470236434475442       0.68950967519929729     
   23.474873904626495       0.69101949136683949     
   23.479511374777545       0.69320969011858347     
   23.484148844928598       0.69600063169200022     
   23.488786315079651       0.69923283045868445     
   23.493423785230704       0.70266512852923180     
   23.498061255381756       0.70600064278628361     
   23.502698725532806       0.70894132651029729     
   23.507336195683859       0.71125048879097019     
   23.511973665834912       0.71279540816676923     
   23.516611135985965       0.71353904220914144     
   23.521248606137018       0.71351137694454203     
   23.525886076288067       0.71278793434389542     
   23.530523546439120       0.71147291230796827     
   23.535161016590173       0.70971657561397128     
   23.539798486741226       0.70773398413951072     
   23.544435956892279       0.70579627478493079     
   23.549073427043329       0.70421511719752083     
   23.553710897194382       0.70331149420676409     
   23.558348367345435       0.70336758414285783     
   23.562985837496488       0.70456880233082364     
   23.567623307647541       0.70691672671310024     
   23.572260777798590       0.71017275462299845     
   23.576898247949643       0.71388280711650431     
   23.581535718100696       0.71746987913342730     
   23.586173188251749       0.72035708891920258     
   23.590810658402802       0.72208504494127612     
   23.595448128553851       0.72238982204848967     
   23.600085598704904       0.72124534920510119     
   23.604723068855957       0.71887825581079057     
   23.609360539007010       0.71574168165048113     
   23.613998009158060       0.71246820800942701     
   23.618635479309113       0.70978324665093828     
   23.623272949460166       0.70837775539258729     
   23.627910419611219       0.70876670821434318     
   23.632547889762272       0.71114407516197586     
   23.637185359913321       0.71530683972961517     
   23.641822830064374       0.72070600427201081     
   23.646460300215427       0.72660715324604219     
   23.651097770366480       0.73229616556669808     
   23.655735240517533       0.73723499687223670     
   23.660372710668582       0.74112849765304178     
   23.665010180819635       0.74389558623074836     
   23.669647650970688       0.74559471509117758     
   23.674285121121741       0.74634100994405694     
   23.678922591272794       0.74625156037707829     
   23.683560061423844       0.74542631328190390     
   23.688197531574897       0.74397888968362980     
   23.692835001725950       0.74207699769191116     
   23.697472471877003       0.73995117643221386     
   23.702109942028056       0.73787470083188900     
   23.706747412179105       0.73609587877743865     
   23.711384882330158       0.73476915673143772     
   23.716022352481211       0.73391220798669943     
   23.720659822632264       0.73342316590619794     
   23.725297292783317       0.73312148064590177     
   23.729934762934366       0.73279858142346477     
   23.734572233085419       0.73224122380874734     
   23.739209703236472       0.73123242393475796     
   23.743847173387525       0.72956291131385387     
   23.748484643538578       0.72704871074893729     
   23.753122113689628       0.72357775610311403     
   23.757759583840681       0.71915835698144404     
   23.762397053991734       0.71394755802613774     
   23.767034524142787       0.70824040883234762     
   23.771671994293840       0.70242147477388506     
   23.776309464444889       0.69691647714015614     
   23.780946934595942       0.69216070926776940     
   23.785584404746995       0.68855740691685052     
   23.790221874898048       0.68641231761305654     
   23.794859345049097       0.68587355555957030     
   23.799496815200150       0.68691732551444629     
   23.804134285351203       0.68937778549889128     
   23.808771755502256       0.69300165569686223     
   23.813409225653309       0.69748597509348731     
   23.818046695804359       0.70248907961514828     
   23.822684165955412       0.70764036875155645     
   23.827321636106465       0.71255769224543886     
   23.831959106257518       0.71688130777656289     
   23.836596576408571       0.72032795825523643     
   23.841234046559620       0.72274529038885182     
   23.845871516710673       0.72414193699053897     
   23.850508986861726       0.72467882402278472     
   23.855146457012779       0.72460566661002712     
   23.859783927163832       0.72417860715958782     
   23.864421397314882       0.72359281664492003     
   23.869058867465935       0.72294803126156826     
   23.873696337616988       0.72227391544146624     
   23.878333807768040       0.72159127121590594     
   23.882971277919093       0.72097565493917781     
   23.887608748070143       0.72059154054395647     
   23.892246218221196       0.72068451465203065     
   23.896883688372249       0.72154394215266049     
   23.901521158523302       0.72341943577658552     
   23.906158628674355       0.72641669235276740     
   23.910796098825404       0.73041411528930056     
   23.915433568976457       0.73506208268741169     
   23.920071039127510       0.73984688701477386     
   23.924708509278563       0.74420839661212945     
   23.929345979429616       0.74767326637925757     
   23.933983449580666       0.74990714769725531     
   23.938620919731719       0.75070851238598624     
   23.943258389882772       0.74995865038404985     
   23.947895860033825       0.74758681055736176     
   23.952533330184878       0.74359115319475644     
   23.957170800335927       0.73808988330691827     
   23.961808270486980       0.73135094550901336     
   23.966445740638033       0.72377911173165865     
   23.971083210789086       0.71587048446395374     
   23.975720680940135       0.70815923101952871     
   23.980358151091188       0.70118333063403204     
   23.984995621242241       0.69545438899917000     
   23.989633091393294       0.69140678761575258     
   23.994270561544347       0.68930837811851120     
   23.998908031695397       0.68916928641040520     
   24.003545501846450       0.69066599735121581     
   24.008182971997503       0.69316083741134860     
   24.012820442148556       0.69584130238188457     
   24.017457912299609       0.69794747159601700     
   24.022095382450658       0.69897256784906803     
   24.026732852601711       0.69874600967698375     
   24.031370322752764       0.69742245950990178     
   24.036007792903817       0.69539695140678870     
   24.040645263054870       0.69319429604933913     
   24.045282733205919       0.69135951039746224     
   24.049920203356972       0.69038528239105468     
   24.054557673508025       0.69063126535226971     
   24.059195143659078       0.69226287985028512     
   24.063832613810131       0.69522042568613296     
   24.068470083961181       0.69921435877982685     
   24.073107554112234       0.70379489515788096     
   24.077745024263287       0.70844159948305552     
   24.082382494414340       0.71265011779299081     
   24.087019964565393       0.71599922607636279     
   24.091657434716442       0.71818556563029756     
   24.096294904867495       0.71904286622476143     
   24.100932375018548       0.71855276409014202     
   24.105569845169601       0.71683440225477180     
   24.110207315320654       0.71409883461325396     
   24.114844785471703       0.71060950497959441     
   24.119482255622756       0.70663884400513133     
   24.124119725773809       0.70243331522376162     
   24.128757195924862       0.69822215171680013     
   24.133394666075915       0.69423572104714282     
   24.138032136226965       0.69071726113960308     
   24.142669606378018       0.68792628568208491     
   24.147307076529071       0.68612129030754765     
   24.151944546680124       0.68552431196356856     
   24.156582016831173       0.68627265974245910     
   24.161219486982226       0.68834052457480677     
   24.165856957133279       0.69146703585010949     
   24.170494427284332       0.69515775858307971     
   24.175131897435385       0.69878266782027088     
   24.179769367586434       0.70173779376872947     
   24.184406837737487       0.70359667877731491     
   24.189044307888540       0.70420342489485843     
   24.193681778039593       0.70368529660191625     
   24.198319248190646       0.70238331654297015     
   24.202956718341696       0.70074982505034455     
   24.207594188492749       0.69923273218737636     
   24.212231658643802       0.69817800400908847     
   24.216869128794855       0.69778415949614081     
   24.221506598945908       0.69811177928031132     
   24.226144069096957       0.69913014541399543     
   24.230781539248010       0.70076029983601984     
   24.235419009399063       0.70289068843133062     
   24.240056479550116       0.70538091867240804     
   24.244693949701169       0.70804875374396803     
   24.249331419852219       0.71064983984427599     
   24.253968890003271       0.71289854975302436     
   24.258606360154324       0.71451987566859942     
   24.263243830305377       0.71531376866614005     
   24.267881300456430       0.71521085209801538     
   24.272518770607480       0.71430689917003765     
   24.277156240758533       0.71285818972265180     
   24.281793710909586       0.71124417599724299     
   24.286431181060639       0.70989187744716431     
   24.291068651211692       0.70918665469758668     
   24.295706121362741       0.70939732194736493     
   24.300343591513794       0.71061661580268687     
   24.304981061664847       0.71276260129912783     
   24.309618531815900       0.71559876612396189     
   24.314256001966950       0.71875216418139987     
   24.318893472118003       0.72176103226679245     
   24.323530942269056       0.72414528243925513     
   24.328168412420109       0.72548418181833352     
   24.332805882571162       0.72550447037422772     
   24.337443352722211       0.72414283581070404     
   24.342080822873264       0.72153820267914581     
   24.346718293024317       0.71800570417161802     
   24.351355763175370       0.71398168705085019     
   24.355993233326423       0.70993982632340680     
   24.360630703477472       0.70633007968258976     
   24.365268173628525       0.70355065848261489     
   24.369905643779578       0.70193446915713964     
   24.374543113930631       0.70173125746398002     
   24.379180584081684       0.70306721142571660     
   24.383818054232734       0.70590149349826115     
   24.388455524383787       0.71001748591902414     
   24.393092994534840       0.71505116746252739     
   24.397730464685893       0.72053807660704150     
   24.402367934836946       0.72599981896663623     
   24.407005404987995       0.73104050699740353     
   24.411642875139048       0.73540411951908025     
   24.416280345290101       0.73899338579476959     
   24.420917815441154       0.74184052981446580     
   24.425555285592207       0.74404656882052012     
   24.430192755743256       0.74571052796012716     
   24.434830225894309       0.74686174633735580     
   24.439467696045362       0.74743161412211345     
   24.444105166196415       0.74726537775913404     
   24.448742636347468       0.74616708146691801     
   24.453380106498518       0.74396294640151128     
   24.458017576649571       0.74055491825743758     
   24.462655046800624       0.73596705462231748     
   24.467292516951677       0.73036642689441889     
   24.471929987102730       0.72404652986860918     
   24.476567457253779       0.71741064960485212     
   24.481204927404832       0.71093298984620823     
   24.485842397555885       0.70510354653474761     
   24.490479867706938       0.70037965934634561     
   24.495117337857987       0.69709307237144669     
   24.499754808009040       0.69536343090205577     
   24.504392278160093       0.69505322571786177     
   24.509029748311146       0.69580285732292479     
   24.513667218462199       0.69714918306847307     
   24.518304688613249       0.69866973324140069     
   24.522942158764302       0.70009642530147265     
   24.527579628915355       0.70133702950103516     
   24.532217099066408       0.70244281156337296     
   24.536854569217461       0.70353935563736192     
   24.541492039368510       0.70474814545356745     
   24.546129509519563       0.70614594281962872     
   24.550766979670616       0.70774798138481132     
   24.555404449821669       0.70951162626050068     
   24.560041919972722       0.71135088849074424     
   24.564679390123771       0.71313475437250362     
   24.569316860274824       0.71468571317723184     
   24.573954330425877       0.71579534674481127     
   24.578591800576930       0.71625851691323250     
   24.583229270727983       0.71593197747835047     
   24.587866740879033       0.71478714121905651     
   24.592504211030086       0.71294237911306724     
   24.597141681181139       0.71065522147782034     
   24.601779151332192       0.70824336899855411     
   24.606416621483245       0.70598434361867357     
   24.611054091634294       0.70403005822723697     
   24.615691561785347       0.70238096032218855     
   24.620329031936400       0.70096847131143514     
   24.624966502087453       0.69977892438096245     
   24.629603972238506       0.69892149722236629     
   24.634241442389555       0.69860834918278847     
   24.638878912540608       0.69906842082259579     
   24.643516382691661       0.70044457869478927     
   24.648153852842714       0.70272513013562055     
   24.652791322993767       0.70574151705249377     
   24.657428793144817       0.70921293612393110     
   24.662066263295870       0.71281623733378752     
   24.666703733446923       0.71625039610563235     
   24.671341203597976       0.71927264620547426     
   24.675978673749025       0.72170680776162222     
   24.680616143900078       0.72342373479667044     
   24.685253614051131       0.72431430736974745     
   24.689891084202184       0.72426831198864017     
   24.694528554353237       0.72317446076015390     
   24.699166024504287       0.72094481460938964     
   24.703803494655340       0.71756908306500167     
   24.708440964806393       0.71316781928901674     
   24.713078434957445       0.70802852481294543     
   24.717715905108498       0.70260096231236890     
   24.722353375259548       0.69743073731724980     
   24.726990845410601       0.69304802033041746     
   24.731628315561654       0.68986218216994655     
   24.736265785712707       0.68811901178145840     
   24.740903255863760       0.68792393114855732     
   24.745540726014809       0.68928718759203811     
   24.750178196165862       0.69212712834951129     
   24.754815666316915       0.69622431492364834     
   24.759453136467968       0.70116649206224035     
   24.764090606619021       0.70635307934143698     
   24.768728076770071       0.71109336620000685     
   24.773365546921124       0.71476193654127795     
   24.778003017072177       0.71695088549354746     
   24.782640487223230       0.71758711855275292     
   24.787277957374283       0.71697309784324170     
   24.791915427525332       0.71570612982609882     
   24.796552897676385       0.71449403451573423     
   24.801190367827438       0.71394798068851051     
   24.805827837978491       0.71441735626854974     
   24.810465308129544       0.71594093510320200     
   24.815102778280593       0.71830517935507521     
   24.819740248431646       0.72114720107559438     
   24.824377718582699       0.72405033436269917     
   24.829015188733752       0.72664345282130771     
   24.833652658884802       0.72870386289091293     
   24.838290129035855       0.73019886411364665     
   24.842927599186908       0.73124564945339765     
   24.847565069337961       0.73199321543226736     
   24.852202539489014       0.73250064297991180     
   24.856840009640063       0.73271955872463601     
   24.861477479791116       0.73257179696786656     
   24.866114949942169       0.73202266764085888     
   24.870752420093222       0.73107754982687878     
   24.875389890244275       0.72972752863510149     
   24.880027360395324       0.72790178172655462     
   24.884664830546377       0.72548457669123168     
   24.889302300697430       0.72241122109457090     
   24.893939770848483       0.71877755722432035     
   24.898577240999536       0.71491596023475334     
   24.903214711150586       0.71135991966468637     
   24.907852181301639       0.70869575980550670     
   24.912489651452692       0.70736253753677070     
   24.917127121603745       0.70751581250164730     
   24.921764591754798       0.70901360455747919     
   24.926402061905847       0.71146884316283321     
   24.931039532056900       0.71434304967826645     
   24.935677002207953       0.71707260906004366     
   24.940314472359006       0.71919919317290404     
   24.944951942510059       0.72047804356055523     
   24.949589412661108       0.72093816516509923     
   24.954226882812161       0.72086130132366244     
   24.958864352963214       0.72066387423664668     
   24.963501823114267       0.72071869955250611     
   24.968139293265320       0.72122338226766458     
   24.972776763416370       0.72218417378097055     
   24.977414233567423       0.72349108049952771     
   24.982051703718476       0.72501820981029097     
   24.986689173869529       0.72668406857989687     
   24.991326644020582       0.72845681315971800     
   24.995964114171631       0.73032278590237110     
   25.000601584322684       0.73225521642765290     
   25.005239054473737       0.73419435045704440     
   25.009876524624790       0.73604218143691102     
   25.014513994775839       0.73768513230221089     
   25.019151464926892       0.73902548441712590     
   25.023788935077945       0.74000488308204748     
   25.028426405228998       0.74061590112126219     
   25.033063875380051       0.74089926008779583     
   25.037701345531101       0.74092455293893400     
   25.042338815682154       0.74076862662569398     
   25.046976285833207       0.74049924409527723     
   25.051613755984260       0.74014304396977537     
   25.056251226135313       0.73967889738067061     
   25.060888696286362       0.73905420997656457     
   25.065526166437415       0.73821485888739147     
   25.070163636588468       0.73714719355029545     
   25.074801106739521       0.73590360513603126     
   25.079438576890574       0.73459632485170101     
   25.084076047041624       0.73332682718469278     
   25.088713517192677       0.73209284343986136     
   25.093350987343729       0.73072726642042618     
   25.097988457494782       0.72891612247601978     
   25.102625927645835       0.72631750234423342     
   25.107263397796885       0.72270355864847302     
   25.111900867947938       0.71805486288112219     
   25.116538338098991       0.71256924743566852     
   25.121175808250044       0.70657878506749128     
   25.125813278401097       0.70044747672243235     
   25.130450748552146       0.69451709462323874     
   25.135088218703199       0.68908062665825476     
   25.139725688854252       0.68438239979048410     
   25.144363159005305       0.68062821955326502     
   25.149000629156358       0.67799111302253967     
   25.153638099307408       0.67661966504086068     
   25.158275569458461       0.67662643291663704     
   25.162913039609514       0.67806078629681399     
   25.167550509760567       0.68085608566959954     
   25.172187979911619       0.68477619349543284     
   25.176825450062669       0.68939607774871658     
   25.181462920213722       0.69413426516977383     
   25.186100390364775       0.69835096525340312     
   25.190737860515828       0.70147992287885208     
   25.195375330666877       0.70315431679388640     
   25.200012800817930       0.70328598053251423     
   25.204650270968983       0.70207484793612340     
   25.209287741120036       0.69995153976780711     
   25.213925211271089       0.69745785831524176     
   25.218562681422139       0.69513866022105053     
   25.223200151573192       0.69345469827453587     
   25.227837621724245       0.69271410936392130     
   25.232475091875298       0.69300095481046353     
   25.237112562026351       0.69410330083014704     
   25.241750032177400       0.69555978103203475     
   25.246387502328453       0.69685366105397673     
   25.251024972479506       0.69765682862220413     
   25.255662442630559       0.69796079170489345     
   25.260299912781612       0.69802598733749766     
   25.264937382932661       0.69821177205910145     
   25.269574853083714       0.69879039954074318     
   25.274212323234767       0.69982587633140336     
   25.278849793385820       0.70116145336436531     
   25.283487263536873       0.70250236658238097     
   25.288124733687923       0.70355349270148981     
   25.292762203838976       0.70416663592415762     
   25.297399673990029       0.70440488521085565     
   25.302037144141082       0.70449727622461911     
   25.306674614292135       0.70473530948716512     
   25.311312084443184       0.70536394703817029     
   25.315949554594237       0.70650761593868716     
   25.320587024745290       0.70815689001058979     
   25.325224494896343       0.71017326901667366     
   25.329861965047396       0.71230413683638327     
   25.334499435198445       0.71423622114073071     
   25.339136905349498       0.71567869814812513     
   25.343774375500551       0.71643130233098407     
   25.348411845651604       0.71639996145731644     
   25.353049315802657       0.71558353860886437     
   25.357686785953707       0.71403385602915093     
   25.362324256104760       0.71183093474051451     
   25.366961726255813       0.70907171021565341     
   25.371599196406866       0.70587000599131289     
   25.376236666557915       0.70238131385205138     
   25.380874136708968       0.69883205080725341     
   25.385511606860021       0.69553289418203756     
   25.390149077011074       0.69285335138463955     
   25.394786547162127       0.69116318852579950     
   25.399424017313176       0.69075411428784417     
   25.404061487464229       0.69178300230605427     
   25.408698957615282       0.69424409897079420     
   25.413336427766335       0.69798323772406856     
   25.417973897917388       0.70275151449936235     
   25.422611368068438       0.70825926720112353     
   25.427248838219491       0.71420403702612267     
   25.431886308370544       0.72026183026431012     
   25.436523778521597       0.72606595482498293     
   25.441161248672650       0.73119883806514219     
   25.445798718823699       0.73524719613687817     
   25.450436188974752       0.73789958123353527     
   25.455073659125805       0.73904775387692434     
   25.459711129276858       0.73882647418831171     
   25.464348599427911       0.73755657593487733     
   25.468986069578960       0.73563071213060371     
   25.473623539730013       0.73338239306097575     
   25.478261009881066       0.73102247675186971     
   25.482898480032119       0.72867481164238301     
   25.487535950183172       0.72644959064850911     
   25.492173420334222       0.72448282863438740     
   25.496810890485275       0.72292369936309508     
   25.501448360636328       0.72188052835823657     
   25.506085830787381       0.72137371812264750     
   25.510723300938434       0.72135192793187553     
   25.515360771089483       0.72175228545317716     
   25.519998241240536       0.72254343635578366     
   25.524635711391589       0.72370595124336146     
   25.529273181542642       0.72518260438342907     
   25.533910651693692       0.72684527768977414     
   25.538548121844745       0.72852387319212508     
   25.543185591995798       0.73006594058568763     
   25.547823062146851       0.73137387204017934     
   25.552460532297903       0.73239147194577137     
   25.557098002448953       0.73303623522497341     
   25.561735472600006       0.73317379631594393     
   25.566372942751059       0.73263743750637578     
   25.571010412902112       0.73126437018082169     
   25.575647883053165       0.72894395346081231     
   25.580285353204214       0.72566515078819005     
   25.584922823355267       0.72153053093969854     
   25.589560293506320       0.71675883871446733     
   25.594197763657373       0.71169033189735575     
   25.598835233808426       0.70676171023668799     
   25.603472703959476       0.70244664502264775     
   25.608110174110529       0.69917460870453996     
   25.612747644261582       0.69723320183355508     
   25.617385114412635       0.69669590972600426     
   25.622022584563688       0.69741397860201104     
   25.626660054714737       0.69906535734577036     
   25.631297524865790       0.70125198820453061     
   25.635934995016843       0.70357246082657110     
   25.640572465167896       0.70566024231380375     
   25.645209935318949       0.70721058735188325     
   25.649847405469998       0.70800632485849391     
   25.654484875621051       0.70794283224251009     
   25.659122345772104       0.70705011339880830     
   25.663759815923157       0.70549970720347144     
   25.668397286074210       0.70355353911682506     
   25.673034756225260       0.70149144970173394     
   25.677672226376313       0.69955165072697922     
   25.682309696527366       0.69788249387527379     
   25.686947166678419       0.69652466124701895     
   25.691584636829472       0.69540108829871650     
   25.696222106980521       0.69432597942407281     
   25.700859577131574       0.69304090585483080     
   25.705497047282627       0.69127537698684449     
   25.710134517433680       0.68883708770583862     
   25.714771987584729       0.68571318249677971     
   25.719409457735782       0.68213918693538611     
   25.724046927886835       0.67858089842638125     
   25.728684398037888       0.67564272453053908     
   25.733321868188941       0.67391516505995686     
   25.737959338339991       0.67380356976610500     
   25.742596808491044       0.67541323630569672     
   25.747234278642097       0.67851173664835984     
   25.751871748793150       0.68258958918587798     
   25.756509218944203       0.68701868792612597     
   25.761146689095252       0.69123369311917471     
   25.765784159246305       0.69485345479350313     
   25.770421629397358       0.69771921121766201     
   25.775059099548411       0.69986609107956177     
   25.779696569699464       0.70148471137009516     
   25.784334039850513       0.70290099615182033     
   25.788971510001566       0.70449363176302782     
   25.793608980152619       0.70649098666835553     
   25.798246450303672       0.70876729920006121     
   25.802883920454725       0.71085664407099081     
   25.807521390605775       0.71221927735422697     
   25.812158860756828       0.71253815264872122     
   25.816796330907881       0.71183853698310995     
   25.821433801058934       0.71040617663165084     
   25.826071271209987       0.70862104616472665     
   25.830708741361036       0.70680102645536502     
   25.835346211512089       0.70512686229947197     
   25.839983681663142       0.70365228673122004     
   25.844621151814195       0.70235253706914957     
   25.849258621965248       0.70118364569533309     
   25.853896092116297       0.70010105037613468     
   25.858533562267350       0.69906700358544061     
   25.863171032418403       0.69806478963178598     
   25.867808502569456       0.69711491976170581     
   25.872445972720509       0.69630341853307842     
   25.877083442871559       0.69578290950411192     
   25.881720913022612       0.69573084387828354     
   25.886358383173665       0.69627130357597999     
   25.890995853324718       0.69741634069932823     
   25.895633323475767       0.69903865310065239     
   25.900270793626820       0.70089181305848303     
   25.904908263777873       0.70269359652398578     
   25.909545733928926       0.70420995009462894     
   25.914183204079979       0.70532252731236322     
   25.918820674231029       0.70604283853433780     
   25.923458144382082       0.70647545082149432     
   25.928095614533134       0.70674734971000697     
   25.932733084684187       0.70694857145742673     
   25.937370554835240       0.70710335234055388     
   25.942008024986290       0.70717770895716525     
   25.946645495137343       0.70713384793993495     
   25.951282965288396       0.70697840115979371     
   25.955920435439449       0.70678020616465609     
   25.960557905590502       0.70665307294490498     
   25.965195375741551       0.70670008461695455     
   25.969832845892604       0.70695616978473641     
   25.974470316043657       0.70735879805284108     
   25.979107786194710       0.70776076097528462     
   25.983745256345763       0.70797614354710259     
   25.988382726496813       0.70782920441852204     
   25.993020196647866       0.70718434979478095     
   25.997657666798919       0.70595452852090790     
   26.002295136949972       0.70412737160778327     
   26.006932607101025       0.70181384454866613     
   26.011570077252074       0.69928162794897075     
   26.016207547403127       0.69696973919783600     
   26.020845017554180       0.69542682681892165     
   26.025482487705233       0.69515996944799563     
   26.030119957856286       0.69646607861120524     
   26.034757428007335       0.69928934509209217     
   26.039394898158388       0.70320015422480031     
   26.044032368309441       0.70752892497411490     
   26.048669838460494       0.71156769604078440     
   26.053307308611544       0.71475311319903623     
   26.057944778762597       0.71678263092916139     
   26.062582248913650       0.71763759289233342     
   26.067219719064703       0.71751393633635996     
   26.071857189215756       0.71668146277960132     
   26.076494659366805       0.71535450691262681     
   26.081132129517858       0.71363773883963000     
   26.085769599668911       0.71157895366368817     
   26.090407069819964       0.70928974536641221     
   26.095044539971017       0.70699765983703489     
   26.099682010122066       0.70499584808682880     
   26.104319480273119       0.70354574135041215     
   26.108956950424172       0.70279595883892920     
   26.113594420575225       0.70276258805267033     
   26.118231890726278       0.70335688878996905     
   26.122869360877328       0.70444532977117602     
   26.127506831028381       0.70590214104893501     
   26.132144301179434       0.70761727631111160     
   26.136781771330487       0.70945253566088207     
   26.141419241481540       0.71118726895845652     
   26.146056711632589       0.71250634784185407     
   26.150694181783642       0.71306069896091906     
   26.155331651934695       0.71258084695155977     
   26.159969122085748       0.71098028251370105     
   26.164606592236801       0.70843997282678017     
   26.169244062387850       0.70541796970762383     
   26.173881532538903       0.70251853050567115     
   26.178519002689956       0.70025980324918513     
   26.183156472841009       0.69885835834555377     
   26.187793942992062       0.69818060584430219     
   26.192431413143112       0.69788593704406787     
   26.197068883294165       0.69763197728001869     
   26.201706353445218       0.69723146005763526     
   26.206343823596271       0.69670117160913181     
   26.210981293747324       0.69620360431458361     
   26.215618763898373       0.69594075695950286     
   26.220256234049426       0.69604700463621239     
   26.224893704200479       0.69652800067045317     
   26.229531174351532       0.69726569892057721     
   26.234168644502581       0.69807417592084153     
   26.238806114653634       0.69876953169823730     
   26.243443584804687       0.69921004365628314     
   26.248081054955740       0.69929076780782806     
   26.252718525106793       0.69892572656610785     
   26.257355995257843       0.69805372833123591     
   26.261993465408896       0.69668450388770875     
   26.266630935559949       0.69495699544759093     
   26.271268405711002       0.69315287141685344     
   26.275905875862055       0.69164235192648493     
   26.280543346013104       0.69079955278425120     
   26.285180816164157       0.69091387911319380     
   26.289818286315210       0.69213919215725939     
   26.294455756466263       0.69452394460444133     
   26.299093226617316       0.69806546071323905     
   26.303730696768366       0.70273745214120398     
   26.308368166919418       0.70845175696495410     
   26.313005637070471       0.71497735131985796     
   26.317643107221524       0.72189193770295024     
   26.322280577372577       0.72859805802554489     
   26.326918047523627       0.73442399195641650     
   26.331555517674680       0.73876628641685416     
   26.336192987825733       0.74121308430915245     
   26.340830457976786       0.74162451664437490     
   26.345467928127839       0.74015804679508590     
   26.350105398278888       0.73724912165054879     
   26.354742868429941       0.73355423486811600     
   26.359380338580994       0.72985401330365129     
   26.364017808732047       0.72689824689188576     
   26.368655278883100       0.72523292312712495     
   26.373292749034150       0.72506754328596512     
   26.377930219185203       0.72623292253313798     
   26.382567689336256       0.72824837151518806     
   26.387205159487308       0.73047625852361275     
   26.391842629638361       0.73230817119560232     
   26.396480099789411       0.73330695273920565     
   26.401117569940464       0.73328607370463983     
   26.405755040091517       0.73230217626316152     
   26.410392510242570       0.73057761497274865     
   26.415029980393619       0.72840924573649068     
   26.419667450544672       0.72608505841199655     
   26.424304920695725       0.72382469304979269     
   26.428942390846778       0.72174720754084987     
   26.433579860997831       0.71985848812748665     
   26.438217331148881       0.71806983938466118     
   26.442854801299934       0.71625534055248774     
   26.447492271450987       0.71431734530936619     
   26.452129741602040       0.71222599917371532     
   26.456767211753093       0.70999538197581080     
   26.461404681904142       0.70762035259050005     
   26.466042152055195       0.70506994898674680     
   26.470679622206248       0.70236804372362449     
   26.475317092357301       0.69970124760479291     
   26.479954562508354       0.69745398355935029     
   26.484592032659403       0.69611919087262286     
   26.489229502810456       0.69610686408056366     
   26.493866972961509       0.69754768581035520     
   26.498504443112562       0.70020918664980691     
   26.503141913263615       0.70357621673191184     
   26.507779383414665       0.70704335278164687     
   26.512416853565718       0.71010164068200887     
   26.517054323716771       0.71243711176920310     
   26.521691793867824       0.71394060589717989     
   26.526329264018877       0.71467291510736375     
   26.530966734169926       0.71480552548686804     
   26.535604204320979       0.71455885831059551     
   26.540241674472032       0.71414846683579292     
   26.544879144623085       0.71373775881474677     
   26.549516614774138       0.71341410164084407     
   26.554154084925187       0.71318810254716503     
   26.558791555076240       0.71300116119868207     
   26.563429025227293       0.71277030266351171     
   26.568066495378346       0.71243788714068546     
   26.572703965529399       0.71201402791685409     
   26.577341435680449       0.71160741483685497     
   26.581978905831502       0.71141609017951424     
   26.586616375982555       0.71167560756216042     
   26.591253846133608       0.71257713080973828     
   26.595891316284657       0.71420737133216128     
   26.600528786435710       0.71652225991523721     
   26.605166256586763       0.71936373984168323     
   26.609803726737816       0.72251915753391416     
   26.614441196888869       0.72580176262515439     
   26.619078667039918       0.72910779064125242     
   26.623716137190971       0.73242015888962975     
   26.628353607342024       0.73576062533526543     
   26.632991077493077       0.73909300596687211     
   26.637628547644130       0.74224172206144134     
   26.642266017795180       0.74490162481381839     
   26.646903487946233       0.74671427244660349     
   26.651540958097286       0.74737899900955818     
   26.656178428248339       0.74674772620415408     
   26.660815898399392       0.74485347255094092     
   26.665453368550441       0.74190660615800208     
   26.670090838701494       0.73825581775473514     
   26.674728308852547       0.73431144386375158     
   26.679365779003600       0.73047131319648251     
   26.684003249154653       0.72705885791831493     
   26.688640719305702       0.72429057165909050     
   26.693278189456755       0.72226890046828818     
   26.697915659607808       0.72098082530550489     
   26.702553129758861       0.72030484116028959     
   26.707190599909914       0.72001320542632696     
   26.711828070060964       0.71979197121620220     
   26.716465540212017       0.71929276887717430     
   26.721103010363070       0.71822782273108210     
   26.725740480514123       0.71646762798910180     
   26.730377950665176       0.71407916048604803     
   26.735015420816225       0.71131050516995042     
   26.739652890967278       0.70852262431068003     
   26.744290361118331       0.70609702073659708     
   26.748927831269384       0.70435222234748984     
   26.753565301420434       0.70348060053752359     
   26.758202771571487       0.70354638395254099     
   26.762840241722540       0.70450348988219003     
   26.767477711873592       0.70623873898434897     
   26.772115182024645       0.70863621957976852     
   26.776752652175695       0.71159447013182364     
   26.781390122326748       0.71502676317548319     
   26.786027592477801       0.71882867696084174     
   26.790665062628854       0.72281836239605890     
   26.795302532779907       0.72671411017677612     
   26.799940002930956       0.73016322667388955     
   26.804577473082009       0.73280973028012930     
   26.809214943233062       0.73437472451062291     
   26.813852413384115       0.73470809529973224     
   26.818489883535168       0.73381016972371416     
   26.823127353686218       0.73181642768604271     
   26.827764823837271       0.72895611610616695     
   26.832402293988324       0.72552381478320271     
   26.837039764139377       0.72186574379938617     
   26.841677234290430       0.71836716810768164     
   26.846314704441479       0.71540761879292969     
   26.850952174592532       0.71328978238752061     
   26.855589644743585       0.71216667249908483     
   26.860227114894638       0.71200306589654683     
   26.864864585045691       0.71261252485586257     
   26.869502055196740       0.71373883270751259     
   26.874139525347793       0.71513878562653244     
   26.878776995498846       0.71663209324057342     
   26.883414465649899       0.71811090207299577     
   26.888051935800952       0.71950434344545111     
   26.892689405952002       0.72073465599854714     
   26.897326876103055       0.72170536144841235     
   26.901964346254108       0.72231510917211694     
   26.906601816405161       0.72249493981712642     
   26.911239286556214       0.72224736988641447     
   26.915876756707263       0.72165864608991159     
   26.920514226858316       0.72086958988025795     
   26.925151697009369       0.72002402643804309     
   26.929789167160422       0.71923634934627034     
   26.934426637311471       0.71859096507939113     
   26.939064107462524       0.71815877975926679     
   26.943701577613577       0.71802720473413340     
   26.948339047764630       0.71831192905739072     
   26.952976517915683       0.71912662756821477     
   26.957613988066733       0.72053206597693242     
   26.962251458217786       0.72249516071748787     
   26.966888928368839       0.72487828702740931     
   26.971526398519892       0.72746016382065370     
   26.976163868670945       0.72995667975150957     
   26.980801338821994       0.73202502494475397     
   26.985438808973047       0.73329204081736232     
   26.990076279124100       0.73341088816279565     
   26.994713749275153       0.73214122858176711     
   26.999351219426206       0.72943743023894581     
   27.003988689577255       0.72549932720401134     
   27.008626159728308       0.72076565647060509     
   27.013263629879361       0.71584586108957649     
   27.017901100030414       0.71139094813238468     
   27.022538570181467       0.70796103367414864     
   27.027176040332517       0.70593752564125711     
   27.031813510483570       0.70547545835445757     
   27.036450980634623       0.70650971060674350     
   27.041088450785676       0.70879923603839601     
   27.045725920936729       0.71197808838010967     
   27.050363391087778       0.71560663799300528     
   27.055000861238831       0.71921870174379043     
   27.059638331389884       0.72237861077491516     
   27.064275801540937       0.72476674760413329     
   27.068913271691990       0.72624971091080892     
   27.073550741843039       0.72687912439933655     
   27.078188211994092       0.72678570894900918     
   27.082825682145145       0.72602867551273986     
   27.087463152296198       0.72454759892382792     
   27.092100622447251       0.72225745983555512     
   27.096738092598301       0.71921736406270642     
   27.101375562749354       0.71572157798960145     
   27.106013032900407       0.71225680228460053     
   27.110650503051460       0.70936476916986424     
   27.115287973202509       0.70748499408697108     
   27.119925443353562       0.70686206190855261     
   27.124562913504615       0.70751910693409992     
   27.129200383655668       0.70928836540199192     
   27.133837853806721       0.71186610086328728     
   27.138475323957771       0.71488352332967153     
   27.143112794108823       0.71797527882263790     
   27.147750264259876       0.72082403855647537     
   27.152387734410929       0.72318826370840017     
   27.157025204561982       0.72492464849013261     
   27.161662674713032       0.72601213990210234     
   27.166300144864085       0.72655385856999111     
   27.170937615015138       0.72674164739913794     
   27.175575085166191       0.72679382547043747     
   27.180212555317244       0.72689064613034970     
   27.184850025468293       0.72712024624795391     
   27.189487495619346       0.72748101198340132     
   27.194124965770399       0.72792430672260833     
   27.198762435921452       0.72841015405758147     
   27.203399906072505       0.72896432100975039     
   27.208037376223555       0.72967825875096093     
   27.212674846374608       0.73064379427428083     
   27.217312316525661       0.73186504019386478     
   27.221949786676714       0.73318659955873389     
   27.226587256827766       0.73428553463842516     
   27.231224726978816       0.73476022289341214     
   27.235862197129869       0.73426330818400976     
   27.240499667280922       0.73262187630714792     
   27.245137137431975       0.72989226049119049     
   27.249774607583028       0.72633535339211408     
   27.254412077734077       0.72230660267298463     
   27.259049547885130       0.71812216042402832     
   27.263687018036183       0.71396585135743118     
   27.268324488187236       0.70986805491759886     
   27.272961958338286       0.70577469086472222     
   27.277599428489339       0.70165794586450003     
   27.282236898640392       0.69761978378012557     
   27.286874368791445       0.69391709080345054     
   27.291511838942498       0.69091074597448354     
   27.296149309093547       0.68894401816186457     
   27.300786779244600       0.68817006511477452     
   27.305424249395653       0.68845662981686195     
   27.310061719546706       0.68942199757723432     
   27.314699189697759       0.69056377903171384     
   27.319336659848808       0.69143269191594903     
   27.323974129999861       0.69179950821210612     
   27.328611600150914       0.69175644418207094     
   27.333249070301967       0.69167380282004165     
   27.337886540453020       0.69197558550824367     
   27.342524010604070       0.69283131105709261     
   27.347161480755123       0.69403645158852301     
   27.351798950906176       0.69522462808746477     
   27.356436421057229       0.69617386600724074     
   27.361073891208282       0.69693204956057164     
   27.365711361359331       0.69776559567134944     
   27.370348831510384       0.69901573006093665     
   27.374986301661437       0.70095136436815175     
   27.379623771812490       0.70367974375251652     
   27.384261241963543       0.70710738007135376     
   27.388898712114592       0.71095792670154601     
   27.393536182265645       0.71484327824366511     
   27.398173652416698       0.71836505285036401     
   27.402811122567751       0.72121030129882380     
   27.407448592718804       0.72323619340937351     
   27.412086062869854       0.72451326697571372     
   27.416723533020907       0.72531491026297201     
   27.421361003171960       0.72603687010516338     
   27.425998473323013       0.72706362229045784     
   27.430635943474066       0.72864376930707608     
   27.435273413625115       0.73081733773179425     
   27.439910883776168       0.73342786092648471     
   27.444548353927221       0.73619766990615154     
   27.449185824078274       0.73878307788037223     
   27.453823294229323       0.74080888777255782     
   27.458460764380376       0.74192346222928884     
   27.463098234531429       0.74188397367605119     
   27.467735704682482       0.74063903893981431     
   27.472373174833535       0.73834283613184915     
   27.477010644984585       0.73527189399042392     
   27.481648115135638       0.73169410825100845     
   27.486285585286691       0.72778828223171554     
   27.490923055437744       0.72360960569332944     
   27.495560525588797       0.71913386929364664     
   27.500197995739846       0.71435968897630020     
   27.504835465890899       0.70938935594087238     
   27.509472936041952       0.70447239220352420     
   27.514110406193005       0.69997919151406229     
   27.518747876344058       0.69633513554271720     
   27.523385346495107       0.69395262488161524     
   27.528022816646160       0.69316798653921619     
   27.532660286797213       0.69418806764679508     
   27.537297756948266       0.69703086957517624     
   27.541935227099319       0.70149635731110993     
   27.546572697250369       0.70718937747405508     
   27.551210167401422       0.71358530486811478     
   27.555847637552475       0.72012112250909421     
   27.560485107703528       0.72629105174670316     
   27.565122577854581       0.73173065243194679     
   27.569760048005630       0.73628389325389532     
   27.574397518156683       0.74003891486051676     
   27.579034988307736       0.74327147599833898     
   27.583672458458789       0.74629606332313403     
   27.588309928609842       0.74929049973336037     
   27.592947398760892       0.75219925411040545     
   27.597584868911945       0.75474242626284727     
   27.602222339062997       0.75651778494579147     
   27.606859809214050       0.75714028724438054     
   27.611497279365103       0.75633538431862535     
   27.616134749516153       0.75398134665798033     
   27.620772219667206       0.75011835905464008     
   27.625409689818259       0.74493825945433600     
   27.630047159969312       0.73875149986130817     
   27.634684630120361       0.73194254731705599     
   27.639322100271414       0.72491173362999206     
   27.643959570422467       0.71802320979756540     
   27.648597040573520       0.71157047926151196     
   27.653234510724573       0.70575455125468856     
   27.657871980875623       0.70068482765085260     
   27.662509451026676       0.69641305637439810     
   27.667146921177729       0.69298995544507580     
   27.671784391328782       0.69050890942420651     
   27.676421861479835       0.68912515556289722     
   27.681059331630884       0.68902419981731777     
   27.685696801781937       0.69034842787362960     
   27.690334271932990       0.69311693578498512     
   27.694971742084043       0.69717989200366082     
   27.699609212235096       0.70223810766136441     
   27.704246682386145       0.70791371981956785     
   27.708884152537198       0.71382451245545231     
   27.713521622688251       0.71961445751476849     
   27.718159092839304       0.72494160704923327     
   27.722796562990357       0.72944423322863217     
   27.727434033141407       0.73272902106839188     
   27.732071503292460       0.73440955982072242     
   27.736708973443513       0.73419138681581697     
   27.741346443594566       0.73197384713560931     
   27.745983913745619       0.72791035889607381     
   27.750621383896668       0.72240560751247274     
   27.755258854047721       0.71603201429215801     
   27.759896324198774       0.70940072175391400     
   27.764533794349827       0.70304888825512657     
   27.769171264500880       0.69738681070935959     
   27.773808734651929       0.69271687979439367     
   27.778446204802982       0.68926916296734475     
   27.783083674954035       0.68721482315435212     
   27.787721145105088       0.68664473811942162     
   27.792358615256141       0.68754418785494875     
   27.796996085407191       0.68979667239142906     
   27.801633555558244       0.69321046837329603     
   27.806271025709297       0.69753438636168197     
   27.810908495860350       0.70245279934846927     
   27.815545966011399       0.70759231160317149     
   27.820183436162452       0.71255370527451012     
   27.824820906313505       0.71695707454468383     
   27.829458376464558       0.72049196489246803     
   27.834095846615611       0.72295636684862652     
   27.838733316766660       0.72428285314201357     
   27.843370786917713       0.72454352115183041     
   27.848008257068766       0.72391597688476206     
   27.852645727219819       0.72264700212682353     
   27.857283197370872       0.72101861758161967     
   27.861920667521922       0.71932122962960676     
   27.866558137672975       0.71783696530471197     
   27.871195607824028       0.71681316481408186     
   27.875833077975081       0.71643135444387962     
   27.880470548126134       0.71678679254103517     
   27.885108018277183       0.71788437296842655     
   27.889745488428236       0.71965278582936199     
   27.894382958579289       0.72197423687892270     
   27.899020428730342       0.72471254296282772     
   27.903657898881395       0.72772751700171134     
   27.908295369032444       0.73088086544037012     
   27.912932839183497       0.73402423971161512     
   27.917570309334550       0.73699497024363558     
   27.922207779485603       0.73962111509997963     
   27.926845249636656       0.74172524284742358     
   27.931482719787706       0.74314717145322995     
   27.936120189938759       0.74376289174918164     
   27.940757660089812       0.74350661405590457     
   27.945395130240865       0.74240792942482103     
   27.950032600391918       0.74061254410791755     
   27.954670070542967       0.73837297947262748     
   27.959307540694020       0.73599325971373741     
   27.963945010845073       0.73372602249178998     
   27.968582480996126       0.73167998538605605     
   27.973219951147176       0.72979689427110139     
   27.977857421298229       0.72790937231735386     
   27.982494891449281       0.72582490368699226     
   27.987132361600334       0.72339616880217295     
   27.991769831751387       0.72055282898905626     
   27.996407301902437       0.71730363988814960     
   28.001044772053490       0.71372559262250812     
   28.005682242204543       0.70992131410163983     
   28.010319712355596       0.70597328224874234     
   28.014957182506649       0.70194342810872967     
   28.019594652657698       0.69791050588113968     
   28.024232122808751       0.69403710731110357     
   28.028869592959804       0.69060631926926930     
   28.033507063110857       0.68797066455080591     
   28.038144533261910       0.68641877568233378     
   28.042782003412960       0.68603874650922114     
   28.047419473564013       0.68669809241070756     
   28.052056943715066       0.68814297539177272     
   28.056694413866119       0.69010681464854673     
   28.061331884017171       0.69234841315710993     
   28.065969354168221       0.69464981881451338     
   28.070606824319274       0.69683603886488310     
   28.075244294470327       0.69881979061126476     
   28.079881764621380       0.70062791255595791     
   28.084519234772433       0.70237248611858205     
   28.089156704923482       0.70416351095587904     
   28.093794175074535       0.70602700679478991     
   28.098431645225588       0.70786889936569952     
   28.103069115376641       0.70951103350677869     
   28.107706585527694       0.71077499313911530     
   28.112344055678744       0.71156783345961894     
   28.116981525829797       0.71193155069143355     
   28.121618995980850       0.71205067076542183     
   28.126256466131903       0.71220899452507935     
   28.130893936282956       0.71269570928623238     
   28.135531406434005       0.71369931859343860     
   28.140168876585058       0.71524732383164802     
   28.144806346736111       0.71722965721603260     
   28.149443816887164       0.71944684487561439     
   28.154081287038213       0.72165945113904229     
   28.158718757189266       0.72362377712543535     
   28.163356227340319       0.72513078741097980     
   28.167993697491372       0.72604255679722296     
   28.172631167642425       0.72631449249658453     
   28.177268637793475       0.72599789293128048     
   28.181906107944528       0.72520848413318006     
   28.186543578095581       0.72407545568418263     
   28.191181048246634       0.72269030186852279     
   28.195818518397687       0.72107838402551017     
   28.200455988548736       0.71919878932237569     
   28.205093458699789       0.71696733803557811     
   28.209730928850842       0.71430074333078586     
   28.214368399001895       0.71116659917310443     
   28.219005869152948       0.70761188332340796     
   28.223643339303997       0.70377975550351546     
   28.228280809455050       0.69991813581764106     
   28.232918279606103       0.69635736853384111     
   28.237555749757156       0.69346165910555957     
   28.242193219908209       0.69157500390904481     
   28.246830690059259       0.69096656530253353     
   28.251468160210312       0.69177366543609797     
   28.256105630361365       0.69398380801362314     
   28.260743100512418       0.69744037504985290     
   28.265380570663471       0.70187088045297774     
   28.270018040814520       0.70693249422912119     
   28.274655510965573       0.71225482548381980     
   28.279292981116626       0.71746930119930186     
   28.283930451267679       0.72222151809190949     
   28.288567921418732       0.72618952267637127     
   28.293205391569781       0.72910498178308625     
   28.297842861720834       0.73079305313889964     
   28.302480331871887       0.73121202650782791     
   28.307117802022940       0.73048508135247714     
   28.311755272173993       0.72890129082420307     
   28.316392742325043       0.72687910150055446     
   28.321030212476096       0.72489143449460802     
   28.325667682627149       0.72336937497195686     
   28.330305152778202       0.72262418606543188     
   28.334942622929251       0.72279322473224583     
   28.339580093080304       0.72384174542586088     
   28.344217563231357       0.72559655866030004     
   28.348855033382410       0.72778334741357820     
   28.353492503533463       0.73008712456607194     
   28.358129973684512       0.73220604168355063     
   28.362767443835565       0.73389259742244362     
   28.367404913986618       0.73499564126491435     
   28.372042384137671       0.73548543205461603     
   28.376679854288724       0.73544726770821822     
   28.381317324439774       0.73505216239149063     
   28.385954794590827       0.73449708959748006     
   28.390592264741880       0.73392225132069400     
   28.395229734892933       0.73335435418720707     
   28.399867205043986       0.73267623112303371     
   28.404504675195035       0.73164620102939804     
   28.409142145346088       0.72999340656968437     
   28.413779615497141       0.72755325196976739     
   28.418417085648194       0.72437220726967255     
   28.423054555799247       0.72072529236499516     
   28.427692025950297       0.71703694262132700     
   28.432329496101350       0.71373945016617457     
   28.436966966252403       0.71112269943630568     
   28.441604436403455       0.70925531530385411     
   28.446241906554508       0.70800189027548177     
   28.450879376705558       0.70710370319468174     
   28.455516846856611       0.70631262757472479     
   28.460154317007664       0.70549142283079780     
   28.464791787158717       0.70465454048764764     
   28.469429257309770       0.70395825152933478     
   28.474066727460819       0.70362641876984799     
   28.478704197611872       0.70383436639682029     
   28.483341667762925       0.70460510828827194     
   28.487979137913978       0.70579400206250953     
   28.492616608065028       0.70716186371156942     
   28.497254078216081       0.70847888659114655     
   28.501891548367134       0.70959514971869442     
   28.506529018518187       0.71045572055150852     
   28.511166488669240       0.71107438683039914     
   28.515803958820289       0.71150976487208839     
   28.520441428971342       0.71184067273324070     
   28.525078899122395       0.71213949505094898     
   28.529716369273448       0.71246238614959201     
   28.534353839424501       0.71284418348896061     
   28.538991309575550       0.71328516092321192     
   28.543628779726603       0.71374323084966551     
   28.548266249877656       0.71414138258097692     
   28.552903720028709       0.71436855660691956     
   28.557541190179762       0.71430106062018717     
   28.562178660330812       0.71383877590519251     
   28.566816130481865       0.71294969849680689     
   28.571453600632918       0.71174265391497682     
   28.576091070783971       0.71050944339272415     
   28.580728540935024       0.70968937014285893     
   28.585366011086073       0.70975918225125667     
   28.590003481237126       0.71107009733819293     
   28.594640951388179       0.71372654323026752     
   28.599278421539232       0.71755683337305898     
   28.603915891690285       0.72216291297635660     
   28.608553361841334       0.72702788102766713     
   28.613190831992387       0.73163947297953924     
   28.617828302143440       0.73560394005030438     
   28.622465772294493       0.73870634166283233     
   28.627103242445546       0.74088940481466903     
   28.631740712596596       0.74216934507579235     
   28.636378182747649       0.74255137827062578     
   28.641015652898702       0.74200275968724749     
   28.645653123049755       0.74048541748738750     
   28.650290593200808       0.73803803807129242     
   28.654928063351857       0.73485478956009265     
   28.659565533502910       0.73129364111797690     
   28.664203003653963       0.72781247054550957     
   28.668840473805016       0.72483817107912485     
   28.673477943956065       0.72261291730422716     
   28.678115414107118       0.72111186408001227     
   28.682752884258171       0.72006583629537291     
   28.687390354409224       0.71908404439453899     
   28.692027824560277       0.71781476670771616     
   28.696665294711327       0.71606250621891454     
   28.701302764862380       0.71385492965265374     
   28.705940235013433       0.71145197100187285     
   28.710577705164486       0.70929518304421568     
   28.715215175315539       0.70786508623779121     
   28.719852645466588       0.70749829941115239     
   28.724490115617641       0.70824389337681670     
   28.729127585768694       0.70980789017875978     
   28.733765055919747       0.71162672478618738     
   28.738402526070800       0.71302532866493551     
   28.743039996221849       0.71339213006433400     
   28.747677466372902       0.71233142661798754     
   28.752314936523955       0.70977375861274805     
   28.756952406675008       0.70600354778078878     
   28.761589876826061       0.70158596685930696     
   28.766227346977111       0.69718411574605155     
   28.770864817128164       0.69333241921394206     
   28.775502287279217       0.69027646619159466     
   28.780139757430270       0.68798370987864765     
   28.784777227581323       0.68629591962889136     
   28.789414697732372       0.68507605052863396     
   28.794052167883425       0.68427117022092454     
   28.798689638034478       0.68387599053175008     
   28.803327108185531       0.68388066505037692     
   28.807964578336584       0.68426802594525338     
   28.812602048487634       0.68504839877328694     
   28.817239518638686       0.68628267113649544     
   28.821876988789739       0.68806588535020963     
   28.826514458940792       0.69048096541483217     
   28.831151929091845       0.69354017774185062     
   28.835789399242895       0.69717358298109833     
   28.840426869393948       0.70125116633591189     
   28.845064339545001       0.70560960447695731     
   28.849701809696054       0.71007837827218134     
   28.854339279847103       0.71448868464977566     
   28.858976749998156       0.71868125435136465     
   28.863614220149209       0.72251480315906380     
   28.868251690300262       0.72584824085163135     
   28.872889160451315       0.72853947322807633     
   28.877526630602365       0.73045159939921755     
   28.882164100753418       0.73146752182875263     
   28.886801570904471       0.73153324982477885     
   28.891439041055524       0.73069055991978660     
   28.896076511206576       0.72910532915388071     
   28.900713981357626       0.72705620370710211     
   28.905351451508679       0.72489233549901311     
   28.909988921659732       0.72298459578334684     
   28.914626391810785       0.72166533176090819     
   28.919263861961838       0.72115368450608852     
   28.923901332112887       0.72150651836403423     
   28.928538802263940       0.72262462343877731     
   28.933176272414993       0.72428479879989138     
   28.937813742566046       0.72616920566898080     
   28.942451212717099       0.72791616065326492     
   28.947088682868149       0.72919229985305611     
   28.951726153019202       0.72975846013834500     
   28.956363623170255       0.72951621236241981     
   28.961001093321308       0.72850897360125610     
   28.965638563472361       0.72689040978960329     
   28.970276033623410       0.72487054161844433     
   28.974913503774463       0.72266070223373646     
   28.979550973925516       0.72044557700439893     
   28.984188444076569       0.71838250475701870     
   28.988825914227622       0.71658416300918326     
   28.993463384378671       0.71510554000186644     
   28.998100854529724       0.71394027632672896     
   29.002738324680777       0.71303159171107222     
   29.007375794831830       0.71233222297510490     
   29.012013264982883       0.71186008893833730     
   29.016650735133933       0.71170716369980858     
   29.021288205284986       0.71199533966131356     
   29.025925675436039       0.71281147328548045     
   29.030563145587092       0.71416673547113685     
   29.035200615738141       0.71598127816393187     
   29.039838085889194       0.71810786798280957     
   29.044475556040247       0.72037747356769266     
   29.049113026191300       0.72266143835916008     
   29.053750496342353       0.72491077427162398     
   29.058387966493402       0.72713465317183734     
   29.063025436644455       0.72933887357436955     
   29.067662906795508       0.73144274162226752     
   29.072300376946561       0.73320436065878281     
   29.076937847097614       0.73422501729605449     
   29.081575317248664       0.73404144561270979     
   29.086212787399717       0.73227439455510124     
   29.090850257550770       0.72879984863043690     
   29.095487727701823       0.72386062346338498     
   29.100125197852876       0.71809516134191764     
   29.104762668003925       0.71244573426916202     
   29.109400138154978       0.70794721169397534     
   29.114037608306031       0.70544925505070022     
   29.118675078457084       0.70536337742282118     
   29.123312548608137       0.70754967726888529     
   29.127950018759186       0.71140321254410888     
   29.132587488910239       0.71608541915495849     
   29.137224959061292       0.72079404807618797     
   29.141862429212345       0.72497343982144680     
   29.146499899363398       0.72840904588137145     
   29.151137369514448       0.73120619484109139     
   29.155774839665501       0.73366394973198623     
   29.160412309816554       0.73608367649044726     
   29.165049779967607       0.73858306581754896     
   29.169687250118660       0.74104131005721685     
   29.174324720269709       0.74318390668915257     
   29.178962190420762       0.74472832257195798     
   29.183599660571815       0.74549160627300515     
   29.188237130722868       0.74541839338182736     
   29.192874600873918       0.74457628287049560     
   29.197512071024970       0.74314321832220664     
   29.202149541176023       0.74139396611085495     
   29.206787011327076       0.73965709858682704     
   29.211424481478129       0.73823994178517782     
   29.216061951629179       0.73733200808925570     
   29.220699421780232       0.73693622976598194     
   29.225336891931285       0.73687674706433937     
   29.229974362082338       0.73684966495240800     
   29.234611832233391       0.73649122128076472     
   29.239249302384440       0.73544210674052513     
   29.243886772535493       0.73339665724835057     
   29.248524242686546       0.73016083947338195     
   29.253161712837599       0.72571873541012810     
   29.257799182988652       0.72028064745021347     
   29.262436653139702       0.71424355884568758     
   29.267074123290755       0.70809067558241923     
   29.271711593441808       0.70229291718518394     
   29.276349063592860       0.69721269622101523     
   29.280986533743913       0.69304869210524656     
   29.285624003894963       0.68983953749959814     
   29.290261474046016       0.68750374588331764     
   29.294898944197069       0.68589700953020261     
   29.299536414348122       0.68487306853496976     
   29.304173884499175       0.68432744039277249     
   29.308811354650224       0.68422832820816903     
   29.313448824801277       0.68460986174111105     
   29.318086294952330       0.68551845815585544     
   29.322723765103383       0.68691914077253513     
   29.327361235254436       0.68862707609133689     
   29.331998705405486       0.69032896270022737     
   29.336636175556539       0.69168321766146201     
   29.341273645707592       0.69244701322641677     
   29.345911115858645       0.69254348531820742     
   29.350548586009698       0.69204652948613499     
   29.355186056160747       0.69110825433427792     
   29.359823526311800       0.68989730039535813     
   29.364460996462853       0.68857722116193265     
   29.369098466613906       0.68729714316250412     
   29.373735936764955       0.68620163543574153     
   29.378373406916008       0.68544991466477523     
   29.383010877067061       0.68522438903616578     
   29.387648347218114       0.68572409245054289     
   29.392285817369167       0.68711399743906121     
   29.396923287520217       0.68944634587362175     
   29.401560757671270       0.69260648641332645     
   29.406198227822323       0.69629873789160313     
   29.410835697973376       0.70009402433746748     
   29.415473168124429       0.70352202970515687     
   29.420110638275478       0.70614872506407489     
   29.424748108426531       0.70764413170173168     
   29.429385578577584       0.70781038224858661     
   29.434023048728637       0.70659259862697432     
   29.438660518879690       0.70408402337440412     
   29.443297989030739       0.70050860924445280     
   29.447935459181792       0.69619982461793317     
   29.452572929332845       0.69155811208079643     
   29.457210399483898       0.68698744174604665     
   29.461847869634951       0.68283013088838140     
   29.466485339786001       0.67934598256685008     
   29.471122809937054       0.67672687856607716     
   29.475760280088107       0.67514093390492302     
   29.480397750239160       0.67476513744441857     
   29.485035220390213       0.67575329490721381     
   29.489672690541262       0.67813865713817068     
   29.494310160692315       0.68172216667142094     
   29.498947630843368       0.68605253535215627     
   29.503585100994421       0.69053347454332692     
   29.508222571145474       0.69459610629367274     
   29.512860041296523       0.69784759125456286     
   29.517497511447576       0.70013909193633750     
   29.522134981598629       0.70154145758935726     
   29.526772451749682       0.70226069601559393     
   29.531409921900735       0.70253073469729166     
   29.536047392051785       0.70252127325533609     
   29.540684862202838       0.70228961052389816     
   29.545322332353891       0.70179228463475551     
   29.549959802504944       0.70094043135736406     
   29.554597272655993       0.69968010656796309     
   29.559234742807046       0.69808822047726582     
   29.563872212958099       0.69642901202814467     
   29.568509683109152       0.69513200671147368     
   29.573147153260205       0.69467432848640376     
   29.577784623411254       0.69540623356698927     
   29.582422093562307       0.69741176177570086     
   29.587059563713360       0.70046772517835809     
   29.591697033864413       0.70410784071135313     
   29.596334504015466       0.70776696986802978     
   29.600971974166516       0.71091405427742560     
   29.605609444317569       0.71313193603963854     
   29.610246914468622       0.71418982188702951     
   29.614884384619675       0.71408982957068579     
   29.619521854770728       0.71308239591653777     
   29.624159324921777       0.71162310265646467     
   29.628796795072830       0.71023746652907371     
   29.633434265223883       0.70935621918120195     
   29.638071735374936       0.70922588100751138     
   29.642709205525989       0.70992965741216907     
   29.647346675677039       0.71145296024707461     
   29.651984145828091       0.71372663935518599     
   29.656621615979144       0.71661002054653367     
   29.661259086130197       0.71986229824415282     
   29.665896556281250       0.72312805499142030     
   29.670534026432300       0.72595141108364825     
   29.675171496583353       0.72785651023838804     
   29.679808966734406       0.72843773850284166     
   29.684446436885459       0.72745641571283970     
   29.689083907036512       0.72489897253294966     
   29.693721377187561       0.72096893671614881     
   29.698358847338614       0.71601475339930853     
   29.702996317489667       0.71041893111798693     
   29.707633787640720       0.70453880385897139     
   29.712271257791773       0.69869768380186814     
   29.716908727942823       0.69319405112703969     
   29.721546198093876       0.68830883993782277     
   29.726183668244929       0.68427975216722814     
   29.730821138395982       0.68126835803521868     
   29.735458608547031       0.67933093452866933     
   29.740096078698084       0.67842459756051576     
   29.744733548849137       0.67842360629518106     
   29.749371019000190       0.67912623431410657     
   29.754008489151243       0.68027017726344663     
   29.758645959302292       0.68154645913398315     
   29.763283429453345       0.68262949323966216     
   29.767920899604398       0.68323104036995763     
   29.772558369755451       0.68318380424807357     
   29.777195839906504       0.68252676201175488     
   29.781833310057554       0.68156170967120744     
   29.786470780208607       0.68081240559728851     
   29.791108250359660       0.68085283719558709     
   29.795745720510713       0.68208828203247818     
   29.800383190661766       0.68461229479515606     
   29.805020660812815       0.68820535985373510     
   29.809658130963868       0.69244729708019426     
   29.814295601114921       0.69685790762287125     
   29.818933071265974       0.70099107519696835     
   29.823570541417027       0.70449169743418172     
   29.828208011568076       0.70713062733041854     
   29.832845481719129       0.70881594797625325     
   29.837482951870182       0.70959012791021681     
   29.842120422021235       0.70962528979922113     
   29.846757892172288       0.70920466163437823     
   29.851395362323338       0.70866724498649469     
   29.856032832474391       0.70832196342773113     
   29.860670302625444       0.70837420091973724     
   29.865307772776497       0.70888767412741727     
   29.869945242927550       0.70981725967065390     
   29.874582713078599       0.71109461076131086     
   29.879220183229652       0.71270447782580126     
   29.883857653380705       0.71467831227260625     
   29.888495123531758       0.71699032888285996     
   29.893132593682807       0.71945625874975527     
   29.897770063833860       0.72174277495896833     
   29.902407533984913       0.72351837802238528     
   29.907045004135966       0.72462031289820517     
   29.911682474287019       0.72511781436566569     
   29.916319944438069       0.72524326282018892     
   29.920957414589122       0.72526176538173937     
   29.925594884740175       0.72535961335186261     
   29.930232354891228       0.72558011818266033     
   29.934869825042281       0.72581501923376779     
   29.939507295193330       0.72586850292274641     
   29.944144765344383       0.72554259351631467     
   29.948782235495436       0.72469401461772398     
   29.953419705646489       0.72325721023253264     
   29.958057175797542       0.72124733512137240     
   29.962694645948591       0.71874616313550788     
   29.967332116099644       0.71589885793177999     
   29.971969586250697       0.71291754831253973     
   29.976607056401750       0.71005614191987110     
   29.981244526552803       0.70756151912726672     
   29.985881996703853       0.70561585688820139     
   29.990519466854906       0.70429740745207825     
   29.995156937005959       0.70358222736434339     
   29.999794407157012       0.70337518247510300     
   30.004431877308065       0.70354647488521405     
   30.009069347459114       0.70396247633048004     
   30.013706817610167       0.70448329968151546     
   30.018344287761220       0.70495042733247970     
   30.022981757912273       0.70518577431938689     
   30.027619228063326       0.70502160866498498     
   30.032256698214375       0.70435803255114171     
   30.036894168365428       0.70320030825838375     
   30.041531638516481       0.70168002677038555     
   30.046169108667534       0.70001109524202076     
   30.050806578818587       0.69841569408613313     
   30.055444048969637       0.69706310301103347     
   30.060081519120690       0.69602525654080583     
   30.064718989271743       0.69528450143149889     
   30.069356459422796       0.69475311733369594     
   30.073993929573845       0.69429953677301748     
   30.078631399724898       0.69375963043539124     
   30.083268869875951       0.69294531941224413     
   30.087906340027004       0.69168626107441056     
   30.092543810178057       0.68986072621329597     
   30.097181280329107       0.68743648380380107     
   30.101818750480160       0.68451604296074720     
   30.106456220631213       0.68133538023040696     
   30.111093690782265       0.67822643224608148     
   30.115731160933318       0.67554832587878610     
   30.120368631084368       0.67358805011212042     
   30.125006101235421       0.67248711154587926     
   30.129643571386474       0.67224758963914655     
   30.134281041537527       0.67279443128394456     
   30.138918511688580       0.67404694818506194     
   30.143555981839629       0.67596970449122118     
   30.148193451990682       0.67855639471982965     
   30.152830922141735       0.68176959237599755     
   30.157468392292788       0.68549274914775804     
   30.162105862443841       0.68954623058341225     
   30.166743332594891       0.69375664848101704     
   30.171380802745944       0.69802210304394119     
   30.176018272896997       0.70231924695809655     
   30.180655743048050       0.70662264241584616     
   30.185293213199103       0.71083198853048601     
   30.189930683350152       0.71477674316339324     
   30.194568153501205       0.71828986049756804     
   30.199205623652258       0.72129625098649708     
   30.203843093803311       0.72383319328318640     
   30.208480563954364       0.72599695159936684     
   30.213118034105413       0.72785622092673785     
   30.217755504256466       0.72939469528944767     
   30.222392974407519       0.73052272419927078     
   30.227030444558572       0.73112092655635086     
   30.231667914709625       0.73109528170858828     
   30.236305384860675       0.73042026022017792     
   30.240942855011728       0.72916530035407834     
   30.245580325162781       0.72750933836778697     
   30.250217795313834       0.72572260943200495     
   30.254855265464883       0.72412395034256782     
   30.259492735615936       0.72301379157734202     
   30.264130205766989       0.72261061023762641     
   30.268767675918042       0.72300221633395279     
   30.273405146069095       0.72412109998222030     
   30.278042616220144       0.72575826648565411     
   30.282680086371197       0.72760799902498663     
   30.287317556522250       0.72932196841741626     
   30.291955026673303       0.73057193638987128     
   30.296592496824356       0.73111740455463436     
   30.301229966975406       0.73084337826705692     
   30.305867437126459       0.72977824199761743     
   30.310504907277512       0.72809991959138765     
   30.315142377428565       0.72609279004843486     
   30.319779847579618       0.72407634515133235     
   30.324417317730667       0.72232706492255483     
   30.329054787881720       0.72099152958801127     
   30.333692258032773       0.72005460761382534     
   30.338329728183826       0.71939172447935362     
   30.342967198334879       0.71884280765294950     
   30.347604668485928       0.71827902152698164     
   30.352242138636981       0.71763448426859688     
   30.356879608788034       0.71688544845266677     
   30.361517078939087       0.71601730002689956     
   30.366154549090140       0.71499660381828811     
   30.370792019241190       0.71376875597199496     
   30.375429489392243       0.71229263219813332     
   30.380066959543296       0.71057746895788831     
   30.384704429694349       0.70869752981332945     
   30.389341899845402       0.70677098870572408     
   30.393979369996451       0.70493262525621236     
   30.398616840147504       0.70330920844518230     
   30.403254310298557       0.70200231690150705     
   30.407891780449610       0.70110362862826103     
   30.412529250600659       0.70069064355503641     
   30.417166720751712       0.70080151405947766     
   30.421804190902765       0.70139855295524345     
   30.426441661053818       0.70232757311113247     
   30.431079131204871       0.70331798487031449     
   30.435716601355921       0.70404332141755943     
   30.440354071506974       0.70421008515708250     
   30.444991541658027       0.70364109560956623     
   30.449629011809080       0.70233822021729941     
   30.454266481960133       0.70048222260182125     
   30.458903952111182       0.69839066836114205     
   30.463541422262235       0.69642849380831029     
   30.468178892413288       0.69488659726587032     
   30.472816362564341       0.69389464368434650     
   30.477453832715394       0.69341700636139969     
   30.482091302866444       0.69332234393396475     
   30.486728773017497       0.69348082902044816     
   30.491366243168549       0.69382379027473462     
   30.496003713319602       0.69435124812650539     
   30.500641183470655       0.69510959723974408     
   30.505278653621705       0.69615942572957623     
   30.509916123772758       0.69756898274062018     
   30.514553593923811       0.69943124858643124     
   30.519191064074864       0.70186962316622081     
   30.523828534225917       0.70500056795396004     
   30.528466004376966       0.70888512853053420     
   30.533103474528019       0.71349243564229503     
   30.537740944679072       0.71870477497883600     
   30.542378414830125       0.72435995677777465     
   30.547015884981178       0.73025602897074382     
   30.551653355132228       0.73611369040896457     
   30.556290825283281       0.74156587661740692     
   30.560928295434334       0.74620962915934708     
   30.565565765585387       0.74968007916676083     
   30.570203235736439       0.75170964135861051     
   30.574840705887489       0.75217456533217364     
   30.579478176038542       0.75110711259642804     
   30.584115646189595       0.74868497542862789     
   30.588753116340648       0.74520690035480741     
   30.593390586491697       0.74104552193134066     
   30.598028056642750       0.73660611558333422     
   30.602665526793803       0.73228755497741504     
   30.607302996944856       0.72845036370756744     
   30.611940467095909       0.72541507147284323     
   30.616577937246959       0.72346453078464756     
   30.621215407398012       0.72282250548065563     
   30.625852877549065       0.72359377366464606     
   30.630490347700118       0.72568868640065365     
   30.635127817851171       0.72876743758355511     
   30.639765288002220       0.73224419770101623     
   30.644402758153273       0.73538926589637044     
   30.649040228304326       0.73748400815307813     
   30.653677698455379       0.73798470235340130     
   30.658315168606432       0.73664807430412527     
   30.662952638757481       0.73359219623362870     
   30.667590108908534       0.72927390411999893     
   30.672227579059587       0.72438948488596555     
   30.676865049210640       0.71971063636831190     
   30.681502519361693       0.71589894920433650     
   30.686139989512743       0.71335738813777239     
   30.690777459663796       0.71216710692896412     
   30.695414929814849       0.71215312534101949     
   30.700052399965902       0.71304083244636352     
   30.704689870116955       0.71459999569139276     
   30.709327340268004       0.71669779462201755     
   30.713964810419057       0.71924493324747285     
   30.718602280570110       0.72207943377339767     
   30.723239750721163       0.72489054719979018     
   30.727877220872216       0.72723480946240271     
   30.732514691023265       0.72865397449929104     
   30.737152161174318       0.72883423734882957     
   30.741789631325371       0.72772705557597750     
   30.746427101476424       0.72556610167360558     
   30.751064571627477       0.72278875370822881     
   30.755702041778527       0.71988454921525602     
   30.760339511929580       0.71721665138168000     
   30.764976982080633       0.71491982964957390     
   30.769614452231686       0.71292664583176846     
   30.774251922382735       0.71109786108565709     
   30.778889392533788       0.70936660756582182     
   30.783526862684841       0.70780768572838226     
   30.788164332835894       0.70660180775251091     
   30.792801802986947       0.70597348366589874     
   30.797439273137996       0.70612074762125754     
   30.802076743289049       0.70715072601939810     
   30.806714213440102       0.70905357639224642     
   30.811351683591155       0.71171241303362431     
   30.815989153742208       0.71494455787444611     
   30.820626623893258       0.71853927567962483     
   30.825264094044311       0.72225141673347759     
   30.829901564195364       0.72578178894967227     
   30.834539034346417       0.72879193511127793     
   30.839176504497470       0.73094349092592981     
   30.843813974648519       0.73196141408652804     
   30.848451444799572       0.73168805662911696     
   30.853088914950625       0.73010098810540580     
   30.857726385101678       0.72731483161966881     
   30.862363855252731       0.72355663663967984     
   30.867001325403780       0.71913519456902752     
   30.871638795554833       0.71440937703376828     
   30.876276265705886       0.70974287323056107     
   30.880913735856939       0.70546871901962804     
   30.885551206007992       0.70189157862933171     
   30.890188676159042       0.69933462389109602     
   30.894826146310095       0.69817527202846741     
   30.899463616461148       0.69876531257747498     
   30.904101086612201       0.70121993303017882     
   30.908738556763254       0.70525671621222841     
   30.913376026914303       0.71024390946293225     
   30.918013497065356       0.71542908369481040     
   30.922650967216409       0.72017388761533230     
   30.927288437367462       0.72406945202043305     
   30.931925907518515       0.72693905429683880     
   30.936563377669565       0.72878177809608036     
   30.941200847820618       0.72971493502221940     
   30.945838317971671       0.72993684251921132     
   30.950475788122723       0.72970301973185747     
   30.955113258273773       0.72929609978112742     
   30.959750728424826       0.72895617696204273     
   30.964388198575879       0.72881558561170179     
   30.969025668726932       0.72887234641020582     
   30.973663138877985       0.72900689485182291     
   30.978300609029034       0.72903944713337665     
   30.982938079180087       0.72877041390943420     
   30.987575549331140       0.72801748806628153     
   30.992213019482193       0.72666142798742106     
   30.996850489633246       0.72468802227455786     
   31.001487959784296       0.72223324065077388     
   31.006125429935349       0.71959227882351329     
   31.010762900086402       0.71715707094796377     
   31.015400370237455       0.71529571662434865     
   31.020037840388508       0.71422965179518128     
   31.024675310539557       0.71396658094252463     
   31.029312780690610       0.71432951237688547     
   31.033950250841663       0.71503911831552192     
   31.038587720992716       0.71581496065911332     
   31.043225191143769       0.71645382963642812     
   31.047862661294818       0.71685937358745055     
   31.052500131445871       0.71704691611996452     
   31.057137601596924       0.71709507627780067     
   31.061775071747977       0.71709332024616590     
   31.066412541899030       0.71710791385754935     
   31.071050012050080       0.71715700747322564     
   31.075687482201133       0.71721440324921659     
   31.080324952352186       0.71723439777486719     
   31.084962422503239       0.71718118262075747     
   31.089599892654292       0.71704028910787632     
   31.094237362805341       0.71680004048998214     
   31.098874832956394       0.71640932081538045     
   31.103512303107447       0.71577105217895809     
   31.108149773258500       0.71476738012043139     
   31.112787243409549       0.71331253368343395     
   31.117424713560602       0.71144456365402065     
   31.122062183711655       0.70937177006742091     
   31.126699653862708       0.70745390240889761     
   31.131337124013761       0.70612039412778560     
   31.135974594164811       0.70573104552601207     
   31.140612064315864       0.70647270560449449     
   31.145249534466917       0.70832338720146437     
   31.149887004617970       0.71105954148834960     
   31.154524474769023       0.71429717674884763     
   31.159161944920072       0.71757499753017173     
   31.163799415071125       0.72046066814362453     
   31.168436885222178       0.72266677473713892     
   31.173074355373231       0.72412333368862580     
   31.177711825524284       0.72496659432255639     
   31.182349295675333       0.72546707198570870     
   31.186986765826386       0.72590673717405396     
   31.191624235977439       0.72647756308264522     
   31.196261706128492       0.72726215615124135     
   31.200899176279545       0.72824405488655641     
   31.205536646430595       0.72931334040489004     
   31.210174116581648       0.73026943423326784     
   31.214811586732701       0.73082868601109952     
   31.219449056883754       0.73066787659829613     
   31.224086527034807       0.72952913398027663     
   31.228723997185856       0.72732766041823405     
   31.233361467336909       0.72421893850878993     
   31.237998937487962       0.72059116016977065     
   31.242636407639015       0.71696666870807757     
   31.247273877790068       0.71385058489626863     
   31.251911347941117       0.71158494359430080     
   31.256548818092170       0.71029497552675902     
   31.261186288243223       0.70994127717792999     
   31.265823758394276       0.71042464384304760     
   31.270461228545329       0.71165347591637118     
   31.275098698696379       0.71355261744988663     
   31.279736168847432       0.71602575653232536     
   31.284373638998485       0.71891671891825992     
   31.289011109149538       0.72202040925783983     
   31.293648579300587       0.72513219005240359     
   31.298286049451640       0.72809100310244546     
   31.302923519602693       0.73076664740783848     
   31.307560989753746       0.73301890194241659     
   31.312198459904799       0.73465542731383560     
   31.316835930055849       0.73543006149018220     
   31.321473400206902       0.73511558009714495     
   31.326110870357954       0.73359659154476398     
   31.330748340509007       0.73093201399459828     
   31.335385810660060       0.72734239337062101     
   31.340023280811110       0.72313846708343588     
   31.344660750962163       0.71862992412929294     
   31.349298221113216       0.71405834396759693     
   31.353935691264269       0.70957325074756472     
   31.358573161415322       0.70525359066172144     
   31.363210631566371       0.70116950095947517     
   31.367848101717424       0.69743841480110913     
   31.372485571868477       0.69426411801299037     
   31.377123042019530       0.69194065351896228     
   31.381760512170583       0.69078517760654079     
   31.386397982321633       0.69103961006248704     
   31.391035452472686       0.69277980888175794     
   31.395672922623739       0.69585727502977612     
   31.400310392774792       0.69990691831839946     
   31.404947862925845       0.70440391735878383     
   31.409585333076894       0.70874868296089788     
   31.414222803227947       0.71235421857917880     
   31.418860273379000       0.71471732316693382     
   31.423497743530053       0.71547450260983003     
   31.428135213681106       0.71443820319911122     
   31.432772683832155       0.71164212668411897     
   31.437410153983208       0.70737168213989376     
   31.442047624134261       0.70215985503889156     
   31.446685094285314       0.69672832983075972     
   31.451322564436367       0.69186319439667576     
   31.455960034587417       0.68826360717698187     
   31.460597504738470       0.68637905901094909     
   31.465234974889523       0.68632584097741978     
   31.469872445040576       0.68790694075801473     
   31.474509915191625       0.69069537481423504     
   31.479147385342678       0.69415878754754201     
   31.483784855493731       0.69776554939515678     
   31.488422325644784       0.70106075421313652     
   31.493059795795837       0.70372799993684554     
   31.497697265946886       0.70561355778766788     
   31.502334736097939       0.70673390469392527     
   31.506972206248992       0.70726051702641823     
   31.511609676400045       0.70747431292471596     
   31.516247146551098       0.70769884118713655     
   31.520884616702148       0.70822474869742102     
   31.525522086853201       0.70924553452077443     
   31.530159557004254       0.71081806113383017     
   31.534797027155307       0.71286179058930410     
   31.539434497306360       0.71519147575474185     
   31.544071967457409       0.71757693156743452     
   31.548709437608462       0.71979896071891980     
   31.553346907759515       0.72168927120215243     
   31.557984377910568       0.72316533468388622     
   31.562621848061621       0.72424814576696628     
   31.567259318212670       0.72505743918181043     
   31.571896788363723       0.72579444836999218     
   31.576534258514776       0.72671328652167322     
   31.581171728665829       0.72806523789647537     
   31.585809198816882       0.73002304501346482     
   31.590446668967932       0.73261184722852513     
   31.595084139118985       0.73566242768522938     
   31.599721609270038       0.73882342709891780     
   31.604359079421091       0.74164064143651653     
   31.608996549572144       0.74367015390667168     
   31.613634019723193       0.74458564500627167     
   31.618271489874246       0.74425190320056289     
   31.622908960025299       0.74275411043357076     
   31.627546430176352       0.74036427906037827     
   31.632183900327401       0.73745727804829964     
   31.636821370478454       0.73439837731407931     
   31.641458840629507       0.73144097866723901     
   31.646096310780560       0.72867293921499798     
   31.650733780931613       0.72602255355690659     
   31.655371251082663       0.72330693468773111     
   31.660008721233716       0.72031212158394775     
   31.664646191384769       0.71688125425680305     
   31.669283661535822       0.71296690434256782     
   31.673921131686875       0.70864430937085632     
   31.678558601837924       0.70409476047272235     
   31.683196071988977       0.69956676187840694     
   31.687833542140030       0.69533449555508031     
   31.692471012291083       0.69165534768280601     
   31.697108482442136       0.68874176085857453     
   31.701745952593186       0.68673013802973715     
   31.706383422744238       0.68565232743092086     
   31.711020892895291       0.68541820710809498     
   31.715658363046344       0.68581527304004231     
   31.720295833197397       0.68654080807011697     
   31.724933303348447       0.68725128472702290     
   31.729570773499500       0.68763165332656484     
   31.734208243650553       0.68749139403404358     
   31.738845713801606       0.68682929138763149     
   31.743483183952659       0.68584205440062473     
   31.748120654103708       0.68485952715658260     
   31.752758124254761       0.68423015238835527     
   31.757395594405814       0.68423307461080596     
   31.762033064556867       0.68502903845971252     
   31.766670534707920       0.68664378453148844     
   31.771308004858970       0.68896069780912339     
   31.775945475010023       0.69174505958244736     
   31.780582945161076       0.69471963268928560     
   31.785220415312128       0.69763923886420587     
   31.789857885463181       0.70032195347891479     
   31.794495355614231       0.70263582127670132     
   31.799132825765284       0.70445356735384945     
   31.803770295916337       0.70562395387875165     
   31.808407766067390       0.70598656938074644     
   31.813045236218439       0.70542164869275559     
   31.817682706369492       0.70389823924145356     
   31.822320176520545       0.70150541564913982     
   31.826957646671598       0.69846285793400942     
   31.831595116822651       0.69511911432856210     
   31.836232586973701       0.69192668496291654     
   31.840870057124754       0.68937066890687160     
   31.845507527275807       0.68789210603195650     
   31.850144997426860       0.68781394724285316     
   31.854782467577913       0.68927138721388015     
   31.859419937728962       0.69218795541484091     
   31.864057407880015       0.69627940691950874     
   31.868694878031068       0.70109881395171292     
   31.873332348182121       0.70614669259331619     
   31.877969818333174       0.71099447540191796     
   31.882607288484223       0.71536552353675609     
   31.887244758635276       0.71915318429611652     
   31.891882228786329       0.72239338258378738     
   31.896519698937382       0.72520621022653498     
   31.901157169088435       0.72773974097406413     
   31.905794639239485       0.73014706866774604     
   31.910432109390538       0.73255979803151505     
   31.915069579541591       0.73505664216393796     
   31.919707049692644       0.73762335991722638     
   31.924344519843697       0.74014013733741046     
   31.928981989994746       0.74239689994841207     
   31.933619460145799       0.74413323904986595     
   31.938256930296852       0.74511777832820691     
   31.942894400447905       0.74521411481115363     
   31.947531870598958       0.74440070146636561     
   31.952169340750007       0.74274869329491100     
   31.956806810901060       0.74037792176987360     
   31.961444281052113       0.73740793085922518     
   31.966081751203166       0.73392521368343966     
   31.970719221354219       0.72998584743240114     
   31.975356691505269       0.72564193255306619     
   31.979994161656322       0.72097613483734579     
   31.984631631807375       0.71612572467475410     
   31.989269101958428       0.71128310558563201     
   31.993906572109477       0.70668715680368155     
   31.998544042260530       0.70257784077218566     
   32.003181512411587       0.69914975329392215     
   32.007818982562632       0.69652862536498628     
   32.012456452713685       0.69475738392400199     
   32.017093922864738       0.69381282278970524     
   32.021731393015791       0.69362118171818143     
   32.026368863166844       0.69407768440649165     
   32.031006333317897       0.69505387592063228     
   32.035643803468950       0.69637683630291136     
   32.040281273620003       0.69782834685882411     
   32.044918743771056       0.69914916358394419     
   32.049556213922109       0.70005807337092785     
   32.054193684073155       0.70030119497232002     
   32.058831154224208       0.69970864033356783     
   32.063468624375261       0.69825049033077091     
   32.068106094526314       0.69604869565543259     
   32.072743564677367       0.69335588378107038     
   32.077381034828420       0.69050064286242718     
   32.082018504979473       0.68782822666311250     
   32.086655975130526       0.68566175532498674     
   32.091293445281579       0.68426698233474648     
   32.095930915432625       0.68380898115116451     
   32.100568385583678       0.68429922858424419     
   32.105205855734731       0.68558201290048915     
   32.109843325885784       0.68737335856886661     
   32.114480796036837       0.68934960104835208     
   32.119118266187890       0.69123798662330338     
   32.123755736338943       0.69288047216523074     
   32.128393206489996       0.69424993013696157     
   32.133030676641049       0.69540685184544115     
   32.137668146792102       0.69644278021401551     
   32.142305616943148       0.69742657002228547     
   32.146943087094201       0.69835524175184993     
   32.151580557245254       0.69914734720942828     
   32.156218027396307       0.69967596001539056     
   32.160855497547360       0.69981379905442720     
   32.165492967698412       0.69948858938882053     
   32.170130437849465       0.69872813427680758     
   32.174767908000518       0.69767282218412152     
   32.179405378151571       0.69655110231596884     
   32.184042848302624       0.69563889380284483     
   32.188680318453670       0.69520151711891187     
   32.193317788604723       0.69541267827174813     
   32.197955258755776       0.69630175574005226     
   32.202592728906829       0.69775903833671726     
   32.207230199057882       0.69958738492395611     
   32.211867669208935       0.70155982621530333     
   32.216505139359988       0.70344789460585699     
   32.221142609511041       0.70503495537117877     
   32.225780079662094       0.70613683105417757     
   32.230417549813147       0.70662536354984118     
   32.235055019964193       0.70646159625849669     
   32.239692490115246       0.70573806442774001     
   32.244329960266299       0.70467937191846464     
   32.248967430417352       0.70359061437080805     
   32.253604900568405       0.70276444815569405     
   32.258242370719458       0.70238312292172234     
   32.262879840870511       0.70244801956354275     
   32.267517311021564       0.70278476465806861     
   32.272154781172617       0.70312676830896925     
   32.276792251323663       0.70320857744854626     
   32.281429721474716       0.70283358278302888     
   32.286067191625769       0.70190858214204166     
   32.290704661776822       0.70044963970868057     
   32.295342131927875       0.69856665991644529     
   32.299979602078928       0.69646247178377307     
   32.304617072229981       0.69441361366329679     
   32.309254542381034       0.69270519341651782     
   32.313892012532087       0.69156774162551804     
   32.318529482683140       0.69113103218879257     
   32.323166952834185       0.69140975420287409     
   32.327804422985238       0.69231181091072602     
   32.332441893136291       0.69365535240290266     
   32.337079363287344       0.69521209043471266     
   32.341716833438397       0.69676945476363561     
   32.346354303589450       0.69820534810546531     
   32.350991773740503       0.69953464622875894     
   32.355629243891556       0.70088521157264194     
   32.360266714042609       0.70240876602271896     
   32.364904184193662       0.70417761096041764     
   32.369541654344708       0.70613110795720524     
   32.374179124495761       0.70807655811082248     
   32.378816594646814       0.70972536228733196     
   32.383454064797867       0.71076814568847602     
   32.388091534948920       0.71095419566787388     
   32.392729005099973       0.71014842900547626     
   32.397366475251026       0.70834755871010946     
   32.402003945402079       0.70564933408141783     
   32.406641415553132       0.70221075462088911     
   32.411278885704185       0.69823561674575207     
   32.415916355855231       0.69399255435199347     
   32.420553826006284       0.68983445174832347     
   32.425191296157337       0.68623152437921042     
   32.429828766308390       0.68373507105899989     
   32.434466236459443       0.68287915597242421     
   32.439103706610496       0.68406682259690843     
   32.443741176761549       0.68743354612515706     
   32.448378646912602       0.69276996575887739     
   32.453016117063655       0.69952672541653971     
   32.457653587214701       0.70690158782232881     
   32.462291057365753       0.71398803305008196     
   32.466928527516806       0.71994075006485814     
   32.471565997667859       0.72411550059336283     
   32.476203467818912       0.72615666490332809     
   32.480840937969965       0.72602669420619681     
   32.485478408121018       0.72397048808633613     
   32.490115878272071       0.72042979149695885     
   32.494753348423124       0.71595275719150309     
   32.499390818574177       0.71111714789205094     
   32.504028288725223       0.70649153077817828     
   32.508665758876276       0.70263409267699750     
   32.513303229027329       0.70008505838564472     
   32.517940699178382       0.69931737037657826     
   32.522578169329435       0.70063961600687863     
   32.527215639480488       0.70408837138709890     
   32.531853109631541       0.70937062066864343     
   32.536490579782594       0.71590639570101755     
   32.541128049933647       0.72294197672061156     
   32.545765520084700       0.72969178342247254     
   32.550402990235746       0.73546317068887979     
   32.555040460386799       0.73973568139066603     
   32.559677930537852       0.74219629913681162     
   32.564315400688905       0.74273826617181260     
   32.568952870839958       0.74142684244025858     
   32.573590340991011       0.73845810974728698     
   32.578227811142064       0.73410886542650033     
   32.582865281293117       0.72869686566295200     
   32.587502751444170       0.72256918869491027     
   32.592140221595216       0.71609357085100933     
   32.596777691746269       0.70967343908858516     
   32.601415161897322       0.70375937769412455     
   32.606052632048375       0.69880751276836650     
   32.610690102199428       0.69517674907760518     
   32.615327572350481       0.69303456976944910     
   32.619965042501534       0.69233793865061399     
   32.624602512652586       0.69290765278909627     
   32.629239982803639       0.69452728658575613     
   32.633877452954692       0.69698546396331007     
   32.638514923105738       0.70005719893968332     
   32.643152393256791       0.70347955099564752     
   32.647789863407844       0.70695995624402530     
   32.652427333558897       0.71020411410934681     
   32.657064803709950       0.71296373682303982     
   32.661702273861003       0.71508377520834310     
   32.666339744012056       0.71651821300243679     
   32.670977214163109       0.71730989871375217     
   32.675614684314162       0.71755165663253073     
   32.680252154465215       0.71736050118652817     
   32.684889624616261       0.71685663845611847     
   32.689527094767314       0.71615076739582040     
   32.694164564918367       0.71535520670961761     
   32.698802035069420       0.71457919738294806     
   32.703439505220473       0.71391662174217796     
   32.708076975371526       0.71340982092492455     
   32.712714445522579       0.71302338871874027     
   32.717351915673632       0.71266139249374461     
   32.721989385824685       0.71221801518459704     
   32.726626855975738       0.71163920496992616     
   32.731264326126784       0.71096174170529536     
   32.735901796277837       0.71033631183609980     
   32.740539266428890       0.71002909747691667     
   32.745176736579943       0.71038261292285920     
   32.749814206730996       0.71172773811237044     
   32.754451676882049       0.71428674658690872     
   32.759089147033102       0.71807125065345090     
   32.763726617184155       0.72281766155949501     
   32.768364087335208       0.72802481581425216     
   32.773001557486253       0.73306549991427716     
   32.777639027637306       0.73733999543851791     
   32.782276497788359       0.74041491092267242     
   32.786913967939412       0.74208806247210812     
   32.791551438090465       0.74238717234744322     
   32.796188908241518       0.74151978030884447     
   32.800826378392571       0.73978331546871523     
   32.805463848543624       0.73746699993539666     
   32.810101318694677       0.73476964588228033     
   32.814738788845730       0.73175858820323070     
   32.819376258996776       0.72840207537541590     
   32.824013729147829       0.72460875188622431     
   32.828651199298882       0.72028399899085094     
   32.833288669449935       0.71538744535695453     
   32.837926139600988       0.70996845045838830     
   32.842563609752041       0.70420317235853347     
   32.847201079903094       0.69842148884038402     
   32.851838550054147       0.69308801449794333     
   32.856476020205200       0.68871560069534332     
   32.861113490356253       0.68574348522837769     
   32.865750960507299       0.68440570759982522     
   32.870388430658352       0.68466547680154888     
   32.875025900809405       0.68623429679763104     
   32.879663370960458       0.68866103686543134     
   32.884300841111511       0.69144861799020241     
   32.888938311262564       0.69413934921547094     
   32.893575781413617       0.69636770270168902     
   32.898213251564670       0.69788940960278478     
   32.902850721715723       0.69858930396177354     
   32.907488191866776       0.69847859478745067     
   32.912125662017822       0.69769267572670135     
   32.916763132168875       0.69646385691003321     
   32.921400602319927       0.69508152860847361     
   32.926038072470980       0.69384547289478626     
   32.930675542622033       0.69300440218993986     
   32.935313012773086       0.69271836854793500     
   32.939950482924139       0.69304747300029734     
   32.944587953075192       0.69395984350808704     
   32.949225423226245       0.69537205714630357     
   32.953862893377291       0.69718909577568777     
   32.958500363528344       0.69933200655566508     
   32.963137833679397       0.70175999163904279     
   32.967775303830450       0.70446620385108538     
   32.972412773981503       0.70745846027523562     
   32.977050244132556       0.71072824215143249     
   32.981687714283609       0.71419680965483279     
   32.986325184434662       0.71767009493831990     
   32.990962654585715       0.72086357592829553     
   32.995600124736768       0.72347220564290693     
   33.000237594887814       0.72523823328788284     
   33.004875065038867       0.72602461342268465     
   33.009512535189920       0.72585620767132619     
   33.014150005340973       0.72491935910800709     
   33.018787475492026       0.72353247856893110     
   33.023424945643079       0.72208259506377359     
   33.028062415794132       0.72095072558891282     
   33.032699885945185       0.72045643676558135     
   33.037337356096238       0.72083611629678257     
   33.041974826247291       0.72222586647553288     
   33.046612296398337       0.72463953515492285     
   33.051249766549390       0.72794819039524417     
   33.055887236700443       0.73186732932369369     
   33.060524706851496       0.73597828175977154     
   33.065162177002549       0.73978495603530081     
   33.069799647153602       0.74278969253478577     
   33.074437117304655       0.74455996204780184     
   33.079074587455708       0.74477582228555883     
   33.083712057606760       0.74325261603759318     
   33.088349527757813       0.73995405242288725     
   33.092986997908859       0.73500134382498672     
   33.097624468059912       0.72867411970326246     
   33.102261938210965       0.72138349665216994     
   33.106899408362018       0.71362453242763602     
   33.111536878513071       0.70591249218568308     
   33.116174348664124       0.69870076974456363     
   33.120811818815177       0.69232785250700812     
   33.125449288966230       0.68700441830212666     
   33.130086759117283       0.68285194707666319     
   33.134724229268329       0.67995599087019021     
   33.139361699419382       0.67839251777920540     
   33.143999169570435       0.67821057138726770     
   33.148636639721488       0.67938197635557207     
   33.153274109872541       0.68174876525594297     
   33.157911580023594       0.68501406955304889     
   33.162549050174647       0.68879640695620159     
   33.167186520325700       0.69270567394930294     
   33.171823990476753       0.69641563940528928     
   33.176461460627806       0.69971235887921057     
   33.181098930778852       0.70248649102080318     
   33.185736400929905       0.70470845554217254     
   33.190373871080958       0.70642455473048005     
   33.195011341232011       0.70774792576379797     
   33.199648811383064       0.70886310744105696     
   33.204286281534117       0.71001977745503642     
   33.208923751685170       0.71150257081484602     
   33.213561221836223       0.71356497031258681     
   33.218198691987276       0.71634749137837062     
   33.222836162138329       0.71981015387954428     
   33.227473632289374       0.72371011766476390     
   33.232111102440427       0.72765612546463154     
   33.236748572591480       0.73118991535885525     
   33.241386042742533       0.73388580983043061     
   33.246023512893586       0.73541305110026733     
   33.250660983044639       0.73554764065597122     
   33.255298453195692       0.73418528521078774     
   33.259935923346745       0.73136682347738113     
   33.264573393497798       0.72732062848650381     
   33.269210863648851       0.72249123876440069     
   33.273848333799897       0.71748448778446650     
   33.278485803950950       0.71292082878212448     
   33.283123274102003       0.70924396985729299     
   33.287760744253056       0.70659161184074026     
   33.292398214404109       0.70481863944231993     
   33.297035684555162       0.70362787473830535     
   33.301673154706215       0.70271485396255762     
   33.306310624857268       0.70185398144460509     
   33.310948095008321       0.70091896784497199     
   33.315585565159367       0.69986143566669967     
   33.320223035310420       0.69867969864692725     
   33.324860505461473       0.69739638921890756     
   33.329497975612526       0.69605535150292042     
   33.334135445763579       0.69474437666156075     
   33.338772915914632       0.69360641974176285     
   33.343410386065685       0.69282661401992729     
   33.348047856216738       0.69258228643461262     
   33.352685326367791       0.69298315257389964     
   33.357322796518844       0.69400694889924142     
   33.361960266669890       0.69546381357190423     
   33.366597736820943       0.69703715800621924     
   33.371235206971996       0.69836687231872807     
   33.375872677123049       0.69914785352890063     
   33.380510147274101       0.69922426617184119     
   33.385147617425154       0.69864914976609938     
   33.389785087576207       0.69766480708592260     
   33.394422557727260       0.69661103878739772     
   33.399060027878313       0.69578706346575181     
   33.403697498029366       0.69532524288822251     
   33.408334968180412       0.69513382887341568     
   33.412972438331465       0.69496704662738717     
   33.417609908482518       0.69456511270673682     
   33.422247378633571       0.69377683375101440     
   33.426884848784624       0.69261089543397403     
   33.431522318935677       0.69121867201463005     
   33.436159789086730       0.68983341546325827     
   33.440797259237783       0.68868712868688220     
   33.445434729388836       0.68793758157353757     
   33.450072199539889       0.68761503308249128     
   33.454709669690935       0.68761927618483398     
   33.459347139841988       0.68779078895095547     
   33.463984609993041       0.68800731376924029     
   33.468622080144094       0.68825629011977174     
   33.473259550295147       0.68864654915734669     
   33.477897020446200       0.68934037890472977     
   33.482534490597253       0.69045810775217098     
   33.487171960748306       0.69200401345710083     
   33.491809430899359       0.69384102309749007     
   33.496446901050405       0.69572216389708863     
   33.501084371201458       0.69735118287125009     
   33.505721841352511       0.69843877086105988     
   33.510359311503564       0.69873108348368895     
   33.514996781654617       0.69800547940377966     
   33.519634251805670       0.69608130767154752     
   33.524271721956723       0.69288533409995678     
   33.528909192107776       0.68853480080287355     
   33.533546662258829       0.68339209354435626     
   33.538184132409881       0.67804169614640064     
   33.542821602560927       0.67317901027553306     
   33.547459072711980       0.66944681096900893     
   33.552096542863033       0.66728005414690061     
   33.556734013014086       0.66683119625856446     
   33.561371483165139       0.66796715882844748     
   33.566008953316192       0.67030556402716579     
   33.570646423467245       0.67329374524968277     
   33.575283893618298       0.67632777768528241     
   33.579921363769351       0.67886590030191474     
   33.584558833920404       0.68050948194952543     
   33.589196304071450       0.68104755098693570     
   33.593833774222503       0.68044787355621206     
   33.598471244373556       0.67883412744021865     
   33.603108714524609       0.67647875251394973     
   33.607746184675662       0.67378450593323780     
   33.612383654826715       0.67125028720455193     
   33.617021124977768       0.66940479476982362     
   33.621658595128821       0.66870598572922313     
   33.626296065279874       0.66944135512568193     
   33.630933535430927       0.67167277719594898     
   33.635571005581973       0.67522837207254127     
   33.640208475733026       0.67973808772929267     
   33.644845945884079       0.68470939666242991     
   33.649483416035132       0.68961604517043928     
   33.654120886186185       0.69399053728791249     
   33.658758356337238       0.69752138333440961     
   33.663395826488291       0.70012450631094569     
   33.668033296639344       0.70194894233948935     
   33.672670766790397       0.70331183112743467     
   33.677308236941442       0.70458502497966324     
   33.681945707092495       0.70607542554862845     
   33.686583177243548       0.70793577639967287     
   33.691220647394601       0.71013253418748556     
   33.695858117545654       0.71247259714519351     
   33.700495587696707       0.71470102438791794     
   33.705133057847760       0.71661391298919852     
   33.709770527998813       0.71811874938392961     
   33.714407998149866       0.71923860347632185     
   33.719045468300919       0.72006455987953599     
   33.723682938451965       0.72070017346969639     
   33.728320408603018       0.72121250602550091     
   33.732957878754071       0.72160110181090198     
   33.737595348905124       0.72180274530245170     
   33.742232819056177       0.72171755342792532     
   33.746870289207230       0.72125937842177434     
   33.751507759358283       0.72041683994442085     
   33.756145229509336       0.71927126754896464     
   33.760782699660389       0.71798712609232507     
   33.765420169811442       0.71677522545874428     
   33.770057639962488       0.71584635479474135     
   33.774695110113541       0.71537425898138574     
   33.779332580264594       0.71544766845683960     
   33.783970050415647       0.71601900504147142     
   33.788607520566700       0.71683914852705255     
   33.793244990717753       0.71746073046062497     
   33.797882460868806       0.71736096399403682     
   33.802519931019859       0.71610762176699938     
   33.807157401170912       0.71349876119600619     
   33.811794871321958       0.70964390400965172     
   33.816432341473011       0.70495079053154730     
   33.821069811624064       0.70003626644841399     
   33.825707281775117       0.69558140283532421     
   33.830344751926170       0.69216874138672235     
   33.834982222077223       0.69014906175525903     
   33.839619692228275       0.68958711582272514     
   33.844257162379328       0.69029850917128932     
   33.848894632530381       0.69194265490058215     
   33.853532102681434       0.69412661152516120     
   33.858169572832480       0.69650393933407151     
   33.862807042983533       0.69884332263324911     
   33.867444513134586       0.70105283037819544     
   33.872081983285639       0.70316826805459320     
   33.876719453436692       0.70531065595273457     
   33.881356923587745       0.70763844022243261     
   33.885994393738798       0.71029590435397683     
   33.890631863889851       0.71336466356444661     
   33.895269334040904       0.71683246629723441     
   33.899906804191957       0.72058327462331850     
   33.904544274343003       0.72440782017568206     
   33.909181744494056       0.72803428143586379     
   33.913819214645109       0.73118043689516110     
   33.918456684796162       0.73360626109721994     
   33.923094154947215       0.73514532597365989     
   33.927731625098268       0.73570029237300572     
   33.932369095249321       0.73520176445987817     
   33.937006565400374       0.73358429637327704     
   33.941644035551427       0.73079277509441209     
   33.946281505702480       0.72683161049535749     
   33.950918975853526       0.72183674762731420     
   33.955556446004579       0.71612153470090667     
   33.960193916155632       0.71018298873704166     
   33.964831386306685       0.70465856138665173     
   33.969468856457738       0.70024137880594106     
   33.974106326608791       0.69759740414579874     
   33.978743796759844       0.69729518215133790     
   33.983381266910897       0.69971848011905613     
   33.988018737061950       0.70494712084597000     
   33.992656207212995       0.71264296553323869     
   33.997293677364048       0.72206133810991091     
   34.001931147515101       0.73224255232269919     
   34.006568617666154       0.74226781985500323     
   34.011206087817207       0.75142097756613857     
   34.015843557968260       0.75920639792934430     
   34.020481028119313       0.76529511331292233     
   34.025118498270366       0.76947820400309064     
   34.029755968421419       0.77164205516291318     
   34.034393438572472       0.77175555244834071     
   34.039030908723518       0.76985999673486361     
   34.043668378874571       0.76605637875938526     
   34.048305849025624       0.76050127128212863     
   34.052943319176677       0.75341207044839553     
   34.057580789327730       0.74506718602105193     
   34.062218259478783       0.73584413110294344     
   34.066855729629836       0.72625873188808610     
   34.071493199780889       0.71695346483781197     
   34.076130669931942       0.70862616145904367     
   34.080768140082995       0.70187906448343784     
   34.085405610234041       0.69707210171895451     
   34.090043080385094       0.69427719227472151     
   34.094680550536147       0.69333708833140306     
   34.099318020687200       0.69397779618052713     
   34.103955490838253       0.69591433497899347     
   34.108592960989306       0.69887922005531367     
   34.113230431140359       0.70261025350238804     
   34.117867901291412       0.70683299646499897     
   34.122505371442465       0.71125770852515291     
   34.127142841593518       0.71559668865755910     
   34.131780311744564       0.71956297347027498     
   34.136417781895616       0.72289084545858506     
   34.141055252046669       0.72535937731420597     
   34.145692722197722       0.72681509872310557     
   34.150330192348775       0.72720320266465222     
   34.154967662499828       0.72658379701723974     
   34.159605132650881       0.72510987210576416     
   34.164242602801934       0.72298797830539452     
   34.168880072952987       0.72045440117198767     
   34.173517543104033       0.71776788630434141     
   34.178155013255086       0.71519356942536139     
   34.182792483406139       0.71298053340232759     
   34.187429953557192       0.71133922855438747     
   34.192067423708245       0.71040658345070096     
   34.196704893859298       0.71021805627870771     
   34.201342364010351       0.71070496531944605     
   34.205979834161404       0.71171077738756661     
   34.210617304312457       0.71302253778346636     
   34.215254774463510       0.71441892202082347     
   34.219892244614556       0.71571211825935044     
   34.224529714765609       0.71679199468562915     
   34.229167184916662       0.71765810585221601     
   34.233804655067715       0.71842728210366380     
   34.238442125218768       0.71929753571116128     
   34.243079595369821       0.72047244550798950     
   34.247717065520874       0.72208231427074343     
   34.252354535671927       0.72413015794462832     
   34.256992005822980       0.72646708747040978     
   34.261629475974033       0.72879089946849585     
   34.266266946125079       0.73068359677088690     
   34.270904416276132       0.73168984555769490     
   34.275541886427185       0.73141766302791711     
   34.280179356578238       0.72962505826188795     
   34.284816826729291       0.72626843790554296     
   34.289454296880344       0.72149812999303009     
   34.294091767031397       0.71562358874383880     
   34.298729237182449       0.70906060809861027     
   34.303366707333502       0.70225514613882389     
   34.308004177484555       0.69562296389745093     
   34.312641647635601       0.68950466489649243     
   34.317279117786654       0.68416164458708317     
   34.321916587937707       0.67980532578144826     
   34.326554058088760       0.67660647461431744     
   34.331191528239813       0.67466835675312553     
   34.335828998390866       0.67399033309488243     
   34.340466468541919       0.67444917535865545     
   34.345103938692972       0.67580182732091931     
   34.349741408844025       0.67772867114893587     
   34.354378878995071       0.67988986146886699     
   34.359016349146124       0.68198173491748271     
   34.363653819297177       0.68378931719401448     
   34.368291289448230       0.68522849667856922     
   34.372928759599283       0.68636250524983078     
   34.377566229750336       0.68736322952608531     
   34.382203699901389       0.68842274055158226     
   34.386841170052442       0.68967261956849046     
   34.391478640203495       0.69114803830739213     
   34.396116110354548       0.69280871078302730     
   34.400753580505594       0.69459223239043588     
   34.405391050656647       0.69646727432843347     
   34.410028520807700       0.69845695783609574     
   34.414665990958753       0.70062051081198928     
   34.419303461109806       0.70302909320260976     
   34.423940931260859       0.70572603313737292     
   34.428578401411912       0.70867103380965757     
   34.433215871562965       0.71171572423860563     
   34.437853341714018       0.71461484859155544     
   34.442490811865071       0.71707730576240669     
   34.447128282016116       0.71884854091249506     
   34.451765752167169       0.71976385817916566     
   34.456403222318222       0.71975624766518642     
   34.461040692469275       0.71884410470459192     
   34.465678162620328       0.71710654804977392     
   34.470315632771381       0.71467519454532447     
   34.474953102922434       0.71172426277654111     
   34.479590573073487       0.70843683486022591     
   34.484228043224540       0.70497264586776121     
   34.488865513375593       0.70146531592562889     
   34.493502983526639       0.69804193709189888     
   34.498140453677692       0.69481893308962506     
   34.502777923828745       0.69188147207751283     
   34.507415393979798       0.68925583787439859     
   34.512052864130851       0.68689896463936195     
   34.516690334281904       0.68474021208409597     
   34.521327804432957       0.68275510760623159     
   34.525965274584010       0.68100437228465738     
   34.530602744735063       0.67960667840038524     
   34.535240214886109       0.67867299609874832     
   34.539877685037162       0.67824032271897439     
   34.544515155188215       0.67825999285043548     
   34.549152625339268       0.67864944138406658     
   34.553790095490321       0.67935837407547361     
   34.558427565641374       0.68039446020318728     
   34.563065035792427       0.68178742389911762     
   34.567702505943480       0.68352592327476358     
   34.572339976094533       0.68551167215068098     
   34.576977446245586       0.68756499744594846     
   34.581614916396632       0.68947086804583513     
   34.586252386547685       0.69104021210500821     
   34.590889856698738       0.69215752590485946     
   34.595527326849790       0.69278944516031526     
   34.600164797000843       0.69296444495543641     
   34.604802267151896       0.69272513817815162     
   34.609439737302949       0.69208014818141328     
   34.614077207454002       0.69098707952021865     
   34.618714677605055       0.68938684172727471     
   34.623352147756108       0.68728153937010361     
   34.627989617907154       0.68480950213232383     
   34.632627088058207       0.68226582210101827     
   34.637264558209260       0.68005135494154723     
   34.641902028360313       0.67857236606709515     
   34.646539498511366       0.67813883542693665     
   34.651176968662419       0.67890878678826572     
   34.655814438813472       0.68089954624516213     
   34.660451908964525       0.68402833850321332     
   34.665089379115578       0.68813027232132518     
   34.669726849266631       0.69297236345654012     
   34.674364319417677       0.69825549460956615     
   34.679001789568730       0.70361693197450004     
   34.683639259719783       0.70865770376270110     
   34.688276729870836       0.71298352621538541     
   34.692914200021889       0.71625414160968648     
   34.697551670172942       0.71823976032844894     
   34.702189140323995       0.71886063003076428     
   34.706826610475048       0.71820030546375591     
   34.711464080626101       0.71649239182987712     
   34.716101550777147       0.71408854719165504     
   34.720739020928200       0.71141175629848574     
   34.725376491079253       0.70889761408365415     
   34.730013961230306       0.70694516849099898     
   34.734651431381359       0.70589295515653339     
   34.739288901532412       0.70599859345967597     
   34.743926371683465       0.70740984986327327     
   34.748563841834518       0.71015130050707764     
   34.753201311985570       0.71411880275584161     
   34.757838782136623       0.71908107758901096     
   34.762476252287669       0.72470842625284315     
   34.767113722438722       0.73062067323442514     
   34.771751192589775       0.73644425916130862     
   34.776388662740828       0.74184768424065484     
   34.781026132891881       0.74655229583655580     
   34.785663603042934       0.75030630986364488     
   34.790301073193987       0.75284978019536664     
   34.794938543345040       0.75393370183295649     
   34.799576013496093       0.75339927553845798     
   34.804213483647146       0.75124799484182680     
   34.808850953798192       0.74765440277119555     
   34.813488423949245       0.74292730478849922     
   34.818125894100298       0.73745567579702198     
   34.822763364251351       0.73166375885163826     
   34.827400834402404       0.72594858915280935     
   34.832038304553457       0.72062140352303805     
   34.836675774704510       0.71586167717854832     
   34.841313244855563       0.71169750576622082     
   34.845950715006616       0.70802896080791677     
   34.850588185157669       0.70466845725041238     
   34.855225655308715       0.70139501048671116     
   34.859863125459768       0.69803575555657160     
   34.864500595610821       0.69453645659051433     
   34.869138065761874       0.69101984884740686     
   34.873775535912927       0.68780010057695906     
   34.878413006063980       0.68532259392485673     
   34.883050476215033       0.68403866099941979     
   34.887687946366086       0.68427051771085901     
   34.892325416517139       0.68616580505311275     
   34.896962886668184       0.68972246337931520     
   34.901600356819237       0.69480269191632471     
   34.906237826970290       0.70109975188675655     
   34.910875297121343       0.70809867084950229     
   34.915512767272396       0.71511806889279950     
   34.920150237423449       0.72144290177189940     
   34.924787707574502       0.72646797447258282     
   34.929425177725555       0.72976773121415406     
   34.934062647876608       0.73109509556443664     
   34.938700118027661       0.73036464351169528     
   34.943337588178707       0.72765210825593951     
   34.947975058329760       0.72321187632165440     
   34.952612528480813       0.71748538182898658     
   34.957249998631866       0.71107101006568896     
   34.961887468782919       0.70463711858157596     
   34.966524938933972       0.69880729134185904     
   34.971162409085025       0.69404278847499379     
   34.975799879236078       0.69056195891242578     
   34.980437349387131       0.68835029419243743     
   34.985074819538184       0.68723208276675374     
   34.989712289689230       0.68697067342541407     
   34.994349759840283       0.68736055098775017     
   34.998987229991336       0.68824852349526910     
   35.003624700142389       0.68949960468583360     
   35.008262170293442       0.69097209378439328     
   35.012899640444495       0.69252383852484323     
   35.017537110595548       0.69406277044952580     
   35.022174580746601       0.69558905053218767     
   35.026812050897654       0.69718248800839944     
   35.031449521048700       0.69895387532017228     
   35.036086991199753       0.70097126520286901     
   35.040724461350806       0.70320571854346758     
   35.045361931501859       0.70552887242534268     
   35.049999401652912       0.70773979660261677     
   35.054636871803964       0.70961032472630403     
   35.059274341955017       0.71093639495804550     
   35.063911812106070       0.71156560916386236     
   35.068549282257123       0.71141776235651766     
   35.073186752408176       0.71048606634082301     
   35.077824222559222       0.70883856062776396     
   35.082461692710275       0.70661707213652958     
   35.087099162861328       0.70402681984066962     
   35.091736633012381       0.70134196471882349     
   35.096374103163434       0.69887523860606127     
   35.101011573314487       0.69691296200467412     
   35.105649043465540       0.69563679203137374     
   35.110286513616593       0.69506296076701712     
   35.114923983767646       0.69502907495628319     
   35.119561453918699       0.69525800547694339     
   35.124198924069745       0.69546286304467919     
   35.128836394220798       0.69545090996579340     
   35.133473864371851       0.69518125535622666     
   35.138111334522904       0.69475081071119071     
   35.142748804673957       0.69434710813885103     
   35.147386274825010       0.69418176901820583     
   35.152023744976063       0.69444556024573634     
   35.156661215127116       0.69527084442702791     
   35.161298685278169       0.69669180607245873     
   35.165936155429222       0.69863694016062705     
   35.170573625580268       0.70093246797600506     
   35.175211095731321       0.70331653103337910     
   35.179848565882374       0.70547935754470548     
   35.184486036033427       0.70712610678921561     
   35.189123506184480       0.70804544094269317     
   35.193760976335533       0.70817570060216062     
   35.198398446486586       0.70763992931939612     
   35.203035916637639       0.70673992607643887     
   35.207673386788692       0.70592354480416653     
   35.212310856939737       0.70571309319830233     
   35.216948327090790       0.70659645115143832     
   35.221585797241843       0.70889295091873938     
   35.226223267392896       0.71263496237919699     
   35.230860737543949       0.71752333896393861     
   35.235498207695002       0.72300047508379073     
   35.240135677846055       0.72842674732738644     
   35.244773147997108       0.73329827037087503     
   35.249410618148161       0.73738923474150919     
   35.254048088299214       0.74075564851573172     
   35.258685558450260       0.74360165583779714     
   35.263323028601313       0.74609568269280602     
   35.267960498752366       0.74827140839106043     
   35.272597968903419       0.75004626888304493     
   35.277235439054472       0.75129208853090335     
   35.281872909205525       0.75188318879197169     
   35.286510379356578       0.75170909901201488     
   35.291147849507631       0.75067131645498508     
   35.295785319658684       0.74868882580046370     
   35.300422789809737       0.74571747399941679     
   35.305060259960783       0.74177104360360258     
   35.309697730111836       0.73692950248479450     
   35.314335200262889       0.73133477242984923     
   35.318972670413942       0.72517674318464453     
   35.323610140564995       0.71868335666808658     
   35.328247610716048       0.71212452979584362     
   35.332885080867101       0.70582352024264283     
   35.337522551018154       0.70016141356511952     
   35.342160021169207       0.69555813626971230     
   35.346797491320260       0.69241352267272172     
   35.351434961471305       0.69102636994317301     
   35.356072431622358       0.69152918661826612     
   35.360709901773411       0.69384927248054074     
   35.365347371924464       0.69772849049510943     
   35.369984842075517       0.70279226645825521     
   35.374622312226570       0.70860373958845524     
   35.379259782377623       0.71470256960437484     
   35.383897252528676       0.72063119540365661     
   35.388534722679729       0.72595361549559057     
   35.393172192830775       0.73030403269252342     
   35.397809662981828       0.73345019877665996     
   35.402447133132881       0.73532597774619635     
   35.407084603283934       0.73603180841684868     
   35.411722073434987       0.73581147372036815     
   35.416359543586040       0.73499251239004160     
   35.420997013737093       0.73392064587756267     
   35.425634483888146       0.73289628327997569     
   35.430271954039199       0.73210607875833944     
   35.434909424190252       0.73158815230963370     
   35.439546894341298       0.73125581856847066     
   35.444184364492351       0.73097320504334218     
   35.448821834643404       0.73066000487760907     
   35.453459304794457       0.73037657436357217     
   35.458096774945510       0.73032597386374487     
   35.462734245096563       0.73073135063730499     
   35.467371715247616       0.73162486463222010     
   35.472009185398669       0.73271140148244074     
   35.476646655549722       0.73341640804194907     
   35.481284125700775       0.73308051212441783     
   35.485921595851821       0.73116003091987392     
   35.490559066002874       0.72738520396686790     
   35.495196536153927       0.72185294654619248     
   35.499834006304980       0.71503540181061376     
   35.504471476456033       0.70772370546828822     
   35.509108946607085       0.70087711068809899     
   35.513746416758138       0.69540775855086312     
   35.518383886909191       0.69194730504203228     
   35.523021357060244       0.69068728438503868     
   35.527658827211297       0.69140879331549177     
   35.532296297362343       0.69365706236978752     
   35.536933767513396       0.69691663548398108     
   35.541571237664449       0.70069027718453147     
   35.546208707815502       0.70452129485046977     
   35.550846177966555       0.70804665500266517     
   35.555483648117608       0.71104652787874190     
   35.560121118268661       0.71346229432380115     
   35.564758588419714       0.71538264364018755     
   35.569396058570767       0.71697669853247037     
   35.574033528721813       0.71842309882814293     
   35.578670998872866       0.71985616965983024     
   35.583308469023919       0.72133106159066229     
   35.587945939174972       0.72283115042219903     
   35.592583409326025       0.72427987115324355     
   35.597220879477078       0.72554431600792502     
   35.601858349628131       0.72644247532504891     
   35.606495819779184       0.72675704001260699     
   35.611133289930237       0.72625993022958146     
   35.615770760081290       0.72477051857594199     
   35.620408230232336       0.72221329942930479     
   35.625045700383389       0.71867481369265229     
   35.629683170534442       0.71444757972158024     
   35.634320640685495       0.71001649742154438     
   35.638958110836548       0.70598067491658612     
   35.643595580987601       0.70286644118884789     
   35.648233051138654       0.70089654262821854     
   35.652870521289707       0.69988065665014043     
   35.657507991440760       0.69934545553838268     
   35.662145461591813       0.69882302896947190     
   35.666782931742858       0.69808622200967396     
   35.671420401893911       0.69721592607588467     
   35.676057872044964       0.69650172210588113     
   35.680695342196017       0.69630302972582447     
   35.685332812347070       0.69695218174821494     
   35.689970282498123       0.69870718434602408     
   35.694607752649176       0.70174589689544664     
   35.699245222800229       0.70614524919591593     
   35.703882692951282       0.71183863975755124     
   35.708520163102335       0.71856770535291559     
   35.713157633253381       0.72587056045941623     
   35.717795103404434       0.73312718115682829     
   35.722432573555487       0.73966079375546145     
   35.727070043706540       0.74486398679474797     
   35.731707513857593       0.74829024902720342     
   35.736344984008646       0.74970578760991380     
   35.740982454159699       0.74909794061508916     
   35.745619924310752       0.74666453130146104     
   35.750257394461805       0.74279653959946645     
   35.754894864612851       0.73803404371343684     
   35.759532334763904       0.73302356122771617     
   35.764169804914957       0.72844293684580497     
   35.768807275066010       0.72490241322680904     
   35.773444745217063       0.72285246757730559     
   35.778082215368116       0.72250836852584810     
   35.782719685519169       0.72380078553852245     
   35.787357155670222       0.72641202632905344     
   35.791994625821275       0.72987944262536408     
   35.796632095972328       0.73368079387569363     
   35.801269566123374       0.73729855879221762     
   35.805907036274427       0.74023456855064484     
   35.810544506425479       0.74201531190841519     
   35.815181976576532       0.74222720684203014     
   35.819819446727585       0.74059203241218829     
   35.824456916878638       0.73707363511968238     
   35.829094387029691       0.73192933366324842     
   35.833731857180744       0.72569431055762712     
   35.838369327331797       0.71908888417816064     
   35.843006797482850       0.71283476911685484     
   35.847644267633896       0.70745802594343321     
   35.852281737784949       0.70320951471309312     
   35.856919207936002       0.70014368865047183     
   35.861556678087055       0.69824273906534273     
   35.866194148238108       0.69747860659349359     
   35.870831618389161       0.69778948142435115     
   35.875469088540214       0.69901668612557022     
   35.880106558691267       0.70088581495956070     
   35.884744028842320       0.70304021903698821     
   35.889381498993373       0.70511653293541743     
   35.894018969144419       0.70684425083742175     
   35.898656439295472       0.70810606172014290     
   35.903293909446525       0.70896028436668412     
   35.907931379597578       0.70959801054100580     
   35.912568849748631       0.71024608639694664     
   35.917206319899684       0.71106003994517419     
   35.921843790050737       0.71205752960310542     
   35.926481260201790       0.71311627874088734     
   35.931118730352843       0.71402842470340344     
   35.935756200503889       0.71459091735699631     
   35.940393670654942       0.71467936598038528     
   35.945031140805995       0.71427344131102388     
   35.949668610957048       0.71343570053733774     
   35.954306081108101       0.71226980048475386     
   35.958943551259154       0.71086440423073338     
   35.963581021410207       0.70925451890963132     
   35.968218491561259       0.70739944021741419     
   35.972855961712312       0.70518674114840929     
   35.977493431863365       0.70248364591439272     
   35.982130902014411       0.69921069781674450     
   35.986768372165464       0.69542370540101617     
   35.991405842316517       0.69135553132784477     
   35.996043312467570       0.68737627352059427     
   36.000680782618623       0.68390430326766938     
   36.005318252769676       0.68127854881140071     
   36.009955722920729       0.67965873724970793     
   36.014593193071782       0.67902922961836920     
   36.019230663222835       0.67927546589206134     
   36.023868133373888       0.68030059887702343     
   36.028505603524934       0.68211073885908524     
   36.033143073675987       0.68479541262007515     
   36.037780543827040       0.68843035089834947     
   36.042418013978093       0.69294724632393145     
   36.047055484129146       0.69805655340006723     
   36.051692954280199       0.70328521414081901     
   36.056330424431252       0.70807819531243821     
   36.060967894582305       0.71193873465404933     
   36.065605364733358       0.71455156231896133     
   36.070242834884411       0.71585448378079453     
   36.074880305035457       0.71603635102728314     
   36.079517775186510       0.71545442349594601     
   36.084155245337563       0.71450717091913007     
   36.088792715488616       0.71351189785232050     
   36.093430185639669       0.71265616564384238     
   36.098067655790722       0.71202495292024337     
   36.102705125941775       0.71166534387805114     
   36.107342596092828       0.71162603034839089     
   36.111980066243881       0.71194984846303178     
   36.116617536394926       0.71264341549824783     
   36.121255006545979       0.71364210793616190     
   36.125892476697032       0.71481830218877640     
   36.130529946848085       0.71601428504089504     
   36.135167416999138       0.71706287207003405     
   36.139804887150191       0.71780733416728215     
   36.144442357301244       0.71810637531058175     
   36.149079827452297       0.71784173132408224     
   36.153717297603350       0.71695013600400948     
   36.158354767754403       0.71544026188894505     
   36.162992237905449       0.71340294781781133     
   36.167629708056502       0.71102134359740787     
   36.172267178207555       0.70852974434592897     
   36.176904648358608       0.70612961564176113     
   36.181542118509661       0.70392070411061158     
   36.186179588660714       0.70186873847661446     
   36.190817058811767       0.69985952857574429     
   36.195454528962820       0.69781280558884207     
   36.200091999113873       0.69577216796722974     
   36.204729469264926       0.69394644515252735     
   36.209366939415972       0.69266103310123928     
   36.214004409567025       0.69222521115905589     
   36.218641879718078       0.69276659481207870     
   36.223279349869131       0.69413861781907515     
   36.227916820020184       0.69595347458916323     
   36.232554290171237       0.69772170501366337     
   36.237191760322290       0.69902278183111843     
   36.241829230473343       0.69960659774545675     
   36.246466700624396       0.69940776299993423     
   36.251104170775442       0.69850101544932242     
   36.255741640926495       0.69703109022948473     
   36.260379111077548       0.69512665015957409     
   36.265016581228601       0.69285091804221499     
   36.269654051379653       0.69023751910590814     
   36.274291521530706       0.68739920142450550     
   36.278928991681759       0.68464850995773696     
   36.283566461832812       0.68251276822224927     
   36.288203931983865       0.68159401414741438     
   36.292841402134918       0.68235320496143725     
   36.297478872285964       0.68495964160077327     
   36.302116342437017       0.68927437374323119     
   36.306753812588070       0.69493974017444837     
   36.311391282739123       0.70148552532612618     
   36.316028752890176       0.70839417764372881     
   36.320666223041229       0.71514387643908073     
   36.325303693192282       0.72125936640569810     
   36.329941163343335       0.72636104124798628     
   36.334578633494388       0.73019287075601269     
   36.339216103645441       0.73264777489458954     
   36.343853573796487       0.73378395886527803     
   36.348491043947540       0.73381812252460765     
   36.353128514098593       0.73311132378924393     
   36.357765984249646       0.73213910394705062     
   36.362403454400699       0.73139684913054137     
   36.367040924551752       0.73124816518902347     
   36.371678394702805       0.73177964859893208     
   36.376315864853858       0.73278896812538374     
   36.380953335004911       0.73395686087516443     
   36.385590805155964       0.73504368050105329     
   36.390228275307010       0.73596388740434648     
   36.394865745458063       0.73673332735377395     
   36.399503215609116       0.73735980652591859     
   36.404140685760169       0.73780412745444779     
   36.408778155911222       0.73801625646651592     
   36.413415626062275       0.73797801268149732     
   36.418053096213328       0.73771631495502521     
   36.422690566364381       0.73728920477831683     
   36.427328036515433       0.73676784434833709     
   36.431965506666479       0.73622906252412057     
   36.436602976817532       0.73577052254769759     
   36.441240446968585       0.73551889858745800     
   36.445877917119638       0.73561165087866454     
   36.450515387270691       0.73616666016467469     
   36.455152857421744       0.73724869245062330     
   36.459790327572797       0.73881129983743288     
   36.464427797723850       0.74063127422831421     
   36.469065267874903       0.74231715456893210     
   36.473702738025956       0.74340114832588811     
   36.478340208177002       0.74348308140808284     
   36.482977678328055       0.74234195523374014     
   36.487615148479108       0.73995803061834931     
   36.492252618630161       0.73651181202918181     
   36.496890088781214       0.73236247163854629     
   36.501527558932267       0.72800827371326104     
   36.506165029083320       0.72404137602559737     
   36.510802499234373       0.72106620885952211     
   36.515439969385426       0.71956120389162936     
   36.520077439536479       0.71974126437411523     
   36.524714909687525       0.72152067894559624     
   36.529352379838578       0.72459600672022684     
   36.533989849989631       0.72860620958079891     
   36.538627320140684       0.73325145113915857     
   36.543264790291737       0.73829748844158771     
   36.547902260442790       0.74352182189271065     
   36.552539730593843       0.74865439124082334     
   36.557177200744896       0.75336132054478500     
   36.561814670895949       0.75727281203122321     
   36.566452141047002       0.76003516725482678     
   36.571089611198047       0.76136594772488619     
   36.575727081349100       0.76108656340833025     
   36.580364551500153       0.75913610111478924     
   36.585002021651206       0.75557323106090535     
   36.589639491802259       0.75058215696123276     
   36.594276961953312       0.74447124248340502     
   36.598914432104365       0.73764426044841735     
   36.603551902255418       0.73054942736468576     
   36.608189372406471       0.72360499433694370     
   36.612826842557517       0.71713997426462872     
   36.617464312708570       0.71137738488084745     
   36.622101782859623       0.70643904146355840     
   36.626739253010676       0.70237106507514624     
   36.631376723161729       0.69918474598909408     
   36.636014193312782       0.69688499525309111     
   36.640651663463835       0.69546726199249853     
   36.645289133614888       0.69489671937544917     
   36.649926603765941       0.69506689743879413     
   36.654564073916994       0.69577184482528065     
   36.659201544068040       0.69672666817574058     
   36.663839014219093       0.69762500621337631     
   36.668476484370146       0.69822826829712614     
   36.673113954521199       0.69844280815369397     
   36.677751424672252       0.69836547725489406     
   36.682388894823305       0.69827574924804026     
   36.687026364974358       0.69855320969225609     
   36.691663835125411       0.69957437100000242     
   36.696301305276464       0.70160990877086093     
   36.700938775427517       0.70474905069520244     
   36.705576245578563       0.70887228158380711     
   36.710213715729616       0.71365215512865166     
   36.714851185880669       0.71861211926955060     
   36.719488656031722       0.72323419235153419     
   36.724126126182774       0.72707131062200059     
   36.728763596333827       0.72984321473564673     
   36.733401066484880       0.73148271237438012     
   36.738038536635933       0.73212234273120957     
   36.742676006786986       0.73203283665286234     
   36.747313476938039       0.73154435793252925     
   36.751950947089085       0.73095850471069201     
   36.756588417240138       0.73047846370571423     
   36.761225887391191       0.73016146502769697     
   36.765863357542244       0.72990822636331643     
   36.770500827693297       0.72951377352127844     
   36.775138297844350       0.72874161945836669     
   36.779775767995403       0.72739240938318417     
   36.784413238146456       0.72533472483982786     
   36.789050708297509       0.72252480787966789     
   36.793688178448555       0.71902997236284072     
   36.798325648599608       0.71505390813869951     
   36.802963118750661       0.71095590281882981     
   36.807600588901714       0.70724157390767339     
   36.812238059052767       0.70448105418501428     
   36.816875529203820       0.70317113942297738     
   36.821512999354873       0.70360840357798160     
   36.826150469505926       0.70582550672249711     
   36.830787939656979       0.70961947183955043     
   36.835425409808032       0.71462707205730602     
   36.840062879959078       0.72040224257778485     
   36.844700350110131       0.72645458983908728     
   36.849337820261184       0.73224314609088170     
   36.853975290412237       0.73719668419324091     
   36.858612760563290       0.74078693702460330     
   36.863250230714343       0.74261575429643611     
   36.867887700865396       0.74247544357300332     
   36.872525171016449       0.74035359644067189     
   36.877162641167502       0.73642205534052096     
   36.881800111318555       0.73103752860130633     
   36.886437581469600       0.72471238281794281     
   36.891075051620653       0.71807104819036771     
   36.895712521771706       0.71179229706553582     
   36.900349991922759       0.70651655549899650     
   36.904987462073812       0.70274125434833024     
   36.909624932224865       0.70075001623079558     
   36.914262402375918       0.70060208769108201     
   36.918899872526971       0.70218964433179798     
   36.923537342678024       0.70532681072715220     
   36.928174812829077       0.70979046787305378     
   36.932812282980123       0.71531850559073451     
   36.937449753131176       0.72160459981122815     
   36.942087223282229       0.72831701418618433     
   36.946724693433282       0.73515129457708817     
   36.951362163584335       0.74185383968892438     
   36.955999633735388       0.74818960200310924     
   36.960637103886441       0.75390844410207591     
   36.965274574037494       0.75873689470740413     
   36.969912044188547       0.76241014027621745     
   36.974549514339593       0.76470543734638563     
   36.979186984490646       0.76547534471858769     
   36.983824454641699       0.76466906784759037     
   36.988461924792752       0.76234289423290813     
   36.993099394943805       0.75868945220512685     
   36.997736865094858       0.75405450253570561     
   37.002374335245911       0.74892620680451183     
   37.007011805396964       0.74388180188623720     
   37.011649275548017       0.73949444063835035     
   37.016286745699070       0.73621450835642455     
   37.020924215850116       0.73426446030308634     
   37.025561686001168       0.73357751296551077     
   37.030199156152221       0.73381374081994788     
   37.034836626303274       0.73447185974475393     
   37.039474096454327       0.73505562235257116     
   37.044111566605380       0.73522762899564420     
   37.048749036756433       0.73488509990280126     
   37.053386506907486       0.73414429880658127     
   37.058023977058539       0.73326803847148003     
   37.062661447209592       0.73257163160470029     
   37.067298917360638       0.73231856997393041     
   37.071936387511691       0.73262146646630877     
   37.076573857662744       0.73339088305250966     
   37.081211327813797       0.73436867447960330     
   37.085848797964850       0.73522195336560558     
   37.090486268115903       0.73561737001611716     
   37.095123738266956       0.73526671644577235     
   37.099761208418009       0.73396522905488992     
   37.104398678569062       0.73163648427335204     
   37.109036148720115       0.72837119898485980     
   37.113673618871161       0.72445103511801812     
   37.118311089022214       0.72031603859556881     
   37.122948559173267       0.71646979102996122     
   37.127586029324320       0.71335545087677332     
   37.132223499475373       0.71123631508586205     
   37.136860969626426       0.71015560624778251     
   37.141498439777479       0.70997279666795998     
   37.146135909928532       0.71045304616534910     
   37.150773380079585       0.71135815751317322     
   37.155410850230631       0.71249324342746423     
   37.160048320381684       0.71372203257683131     
   37.164685790532737       0.71495854419548588     
   37.169323260683790       0.71617251830231088     
   37.173960730834843       0.71741845565787754     
   37.178598200985896       0.71885258537786023     
   37.183235671136948       0.72068343477636376     
   37.187873141288001       0.72306828214059549     
   37.192510611439054       0.72602706974987974     
   37.197148081590107       0.72942159671258500     
   37.201785551741153       0.73299648729243350     
   37.206423021892206       0.73645185874019570     
   37.211060492043259       0.73948765467272470     
   37.215697962194312       0.74181279109513876     
   37.220335432345365       0.74313897489239189     
   37.224972902496418       0.74319682304033974     
   37.229610372647471       0.74180315158991361     
   37.234247842798524       0.73893557716851244     
   37.238885312949577       0.73477722606635243     
   37.243522783100630       0.72971610346121896     
   37.248160253251676       0.72429380400689425     
   37.252797723402729       0.71910741471280792     
   37.257435193553782       0.71468993961942062     
   37.262072663704835       0.71139180833679416     
   37.266710133855888       0.70931920591371778     
   37.271347604006941       0.70833315242638373     
   37.275985074157994       0.70811044696525483     
   37.280622544309047       0.70824597270444456     
   37.285260014460100       0.70836327903043061     
   37.289897484611153       0.70817904588224911     
   37.294534954762199       0.70750495447187689     
   37.299172424913252       0.70622143937688198     
   37.303809895064305       0.70427045416741640     
   37.308447365215358       0.70167395476810956     
   37.313084835366411       0.69856319554023627     
   37.317722305517464       0.69518570776397137     
   37.322359775668517       0.69187204661793100     
   37.326997245819570       0.68898324100774222     
   37.331634715970623       0.68685081286042249     
   37.336272186121668       0.68573868361997192     
   37.340909656272721       0.68583265772678614     
   37.345547126423774       0.68723744486835947     
   37.350184596574827       0.68995553107956498     
   37.354822066725880       0.69384779921875839     
   37.359459536876933       0.69859498180593771     
   37.364097007027986       0.70372372688243090     
   37.368734477179039       0.70872729012295310     
   37.373371947330092       0.71321063890503800     
   37.378009417481145       0.71698274942484130     
   37.382646887632191       0.72002364622062398     
   37.387284357783244       0.72236933790133506     
   37.391921827934297       0.72400579112598540     
   37.396559298085350       0.72482217834918061     
   37.401196768236403       0.72465372177436527     
   37.405834238387456       0.72336819560110088     
   37.410471708538509       0.72094069779066416     
   37.415109178689562       0.71748654281472735     
   37.419746648840615       0.71324674334551674     
   37.424384118991668       0.70856881565864593     
   37.429021589142714       0.70390683281181154     
   37.433659059293767       0.69980788759269541     
   37.438296529444820       0.69683422249635307     
   37.442933999595873       0.69543480995419593     
   37.447571469746926       0.69580808619454770     
   37.452208939897979       0.69782207392672524     
   37.456846410049032       0.70107819636080526     
   37.461483880200085       0.70508466757278720     
   37.466121350351138       0.70941483830599117     
   37.470758820502184       0.71374847816876574     
   37.475396290653237       0.71781645451891785     
   37.480033760804289       0.72134661259687816     
   37.484671230955342       0.72406692075554979     
   37.489308701106395       0.72575984935114246     
   37.493946171257448       0.72630866376312209     
   37.498583641408501       0.72571547495468558     
   37.503221111559554       0.72408540481471040     
   37.507858581710607       0.72159262971508609     
   37.512496051861660       0.71844871625062179     
   37.517133522012706       0.71485503486873003     
   37.521770992163759       0.71099656572757763     
   37.526408462314812       0.70709014280826643     
   37.531045932465865       0.70343678247413666     
   37.535683402616918       0.70045158783142625     
   37.540320872767971       0.69863607973937036     
   37.544958342919024       0.69844474975343962     
   37.549595813070077       0.70012036450977988     
   37.554233283221130       0.70359973422957234     
   37.558870753372183       0.70852615606052116     
   37.563508223523229       0.71436550619368688     
   37.568145693674282       0.72054093466228386     
   37.572783163825335       0.72650540021940901     
   37.577420633976388       0.73177340249819400     
   37.582058104127441       0.73593265983649225     
   37.586695574278494       0.73865773310086291     
   37.591333044429547       0.73973043635719093     
   37.595970514580600       0.73907378272683999     
   37.600607984731653       0.73680364833218137     
   37.605245454882706       0.73324702532366492     
   37.609882925033752       0.72889615008790432     
   37.614520395184805       0.72431328174956233     
   37.619157865335858       0.72002595839976924     
   37.623795335486911       0.71643576912147566     
   37.628432805637964       0.71377961314905447     
   37.633070275789017       0.71214269667894103     
   37.637707745940070       0.71148953749191812     
   37.642345216091122       0.71168551746882891     
   37.646982686242175       0.71253519179657254     
   37.651620156393221       0.71380350356938904     
   37.656257626544274       0.71522401431088733     
   37.660895096695327       0.71652825226577332     
   37.665532566846380       0.71747019213875596     
   37.670170036997433       0.71785436281525250     
   37.674807507148486       0.71755964412057116     
   37.679444977299539       0.71656752136262536     
   37.684082447450592       0.71496763603018521     
   37.688719917601645       0.71293258747964616     
   37.693357387752698       0.71067342656435550     
   37.697994857903744       0.70842151215969962     
   37.702632328054797       0.70646868636774829     
   37.707269798205850       0.70522646930889543     
   37.711907268356903       0.70522084957028597     
   37.716544738507956       0.70693033048830789     
   37.721182208659009       0.71052525216707763     
   37.725819678810062       0.71571252584479417     
   37.730457148961115       0.72182562933618277     
   37.735094619112168       0.72808193497294849     
   37.739732089263221       0.73383508978479084     
   37.744369559414267       0.73870133352158718     
   37.749007029565320       0.74253472577984381     
   37.753644499716373       0.74532926038376679     
   37.758281969867426       0.74712325307461003     
   37.762919440018479       0.74795744950461895     
   37.767556910169532       0.74789853028662001     
   37.772194380320585       0.74709377311066039     
   37.776831850471638       0.74580996645074205     
   37.781469320622691       0.74441355137674969     
   37.786106790773744       0.74328156837561099     
   37.790744260924789       0.74268412666793870     
   37.795381731075842       0.74267326228520858     
   37.800019201226895       0.74304759733636050     
   37.804656671377948       0.74344017969092502     
   37.809294141529001       0.74346480798463188     
   37.813931611680054       0.74284285587683785     
   37.818569081831107       0.74145899814415939     
   37.823206551982160       0.73934424707052238     
   37.827844022133213       0.73663443800634798     
   37.832481492284259       0.73354108730462908     
   37.837118962435312       0.73031462621732923     
   37.841756432586365       0.72720225451067910     
   37.846393902737418       0.72440651686622604     
   37.851031372888471       0.72203986655292973     
   37.855668843039524       0.72010582397405309     
   37.860306313190577       0.71852546992944044     
   37.864943783341630       0.71719248951698022     
   37.869581253492683       0.71602443713353980     
   37.874218723643736       0.71499968001211411     
   37.878856193794782       0.71417596718485110     
   37.883493663945835       0.71367472520962361     
   37.888131134096888       0.71363819576527132     
   37.892768604247941       0.71416922527830795     
   37.897406074398994       0.71526389069635954     
   37.902043544550047       0.71679174463792183     
   37.906681014701100       0.71851681987361160     
   37.911318484852153       0.72015957959726840     
   37.915955955003206       0.72148517786986310     
   37.920593425154259       0.72237866862437994     
   37.925230895305305       0.72288789072245596     
   37.929868365456358       0.72320877528354033     
   37.934505835607411       0.72360951613592139     
   37.939143305758463       0.72430859283156002     
   37.943780775909516       0.72535337328506932     
   37.948418246060569       0.72655071528563142     
   37.953055716211622       0.72749030597454456     
   37.957693186362675       0.72767407808109219     
   37.962330656513728       0.72671983799400808     
   37.966968126664781       0.72452945838024041     
   37.971605596815827       0.72135129120027142     
   37.976243066966880       0.71770233495647195     
   37.980880537117933       0.71418934433147718     
   37.985518007268986       0.71130494722223470     
   37.990155477420039       0.70928120354260749     
   37.994792947571092       0.70807122179665716     
   37.999430417722145       0.70742014291230759     
   38.004067887873198       0.70699409568303717     
   38.008705358024251       0.70652250858890309     
   38.013342828175297       0.70588025709014446     
   38.017980298326350       0.70509773780893603     
   38.022617768477403       0.70432526509443782     
   38.027255238628456       0.70377463026914988     
   38.031892708779509       0.70367975722679499     
   38.036530178930562       0.70427316642788229     
   38.041167649081615       0.70577374015764505     
   38.045805119232668       0.70835891697909326     
   38.050442589383721       0.71210845911115994     
   38.055080059534774       0.71695459897812475     
   38.059717529685820       0.72263975102141842     
   38.064354999836873       0.72870569419909326     
   38.068992469987926       0.73453552620227991     
   38.073629940138979       0.73947306447516126     
   38.078267410290032       0.74298545523105497     
   38.082904880441085       0.74479606122499320     
   38.087542350592138       0.74495210873322670     
   38.092179820743191       0.74379352980371194     
   38.096817290894244       0.74183852199317668     
   38.101454761045296       0.73963626599992938     
   38.106092231196342       0.73760705514823988     
   38.110729701347395       0.73594482803114070     
   38.115367171498448       0.73460964589575917     
   38.120004641649501       0.73341957332620633     
   38.124642111800554       0.73217866875132864     
   38.129279581951607       0.73076373742630618     
   38.133917052102660       0.72917873055725424     
   38.138554522253713       0.72754956736204968     
   38.143191992404766       0.72609861345417737     
   38.147829462555819       0.72510064745779357     
   38.152466932706865       0.72479806741172947     
   38.157104402857918       0.72529299606599196     
   38.161741873008971       0.72646224015003036     
   38.166379343160024       0.72794371771964461     
   38.171016813311077       0.72920507150415770     
   38.175654283462130       0.72967354171208509     
   38.180291753613183       0.72885939600219851     
   38.184929223764236       0.72645670663091222     
   38.189566693915289       0.72241866241840946     
   38.194204164066335       0.71697933088074872     
   38.198841634217388       0.71064458619272020     
   38.203479104368441       0.70411510569170543     
   38.208116574519494       0.69812372779962895     
   38.212754044670547       0.69323932458636384     
   38.217391514821600       0.68972167625154945     
   38.222028984972653       0.68750743310541873     
   38.226666455123706       0.68632686209199500     
   38.231303925274759       0.68589915541602142     
   38.235941395425812       0.68610186940383822     
   38.240578865576857       0.68702444872966206     
   38.245216335727910       0.68886158643254392     
   38.249853805878963       0.69170316950406896     
   38.254491276030016       0.69537827436206345     
   38.259128746181069       0.69945434932673822     
   38.263766216332122       0.70337297191517600     
   38.268403686483175       0.70662823670132180     
   38.273041156634228       0.70887961701992097     
   38.277678626785281       0.70996942666097451     
   38.282316096936334       0.70991129463258140     
   38.286953567087380       0.70886186067027979     
   38.291591037238433       0.70709745186996054     
   38.296228507389486       0.70500259697761403     
   38.300865977540539       0.70300987939434989     
   38.305503447691592       0.70151864788215945     
   38.310140917842645       0.70081250639317194     
   38.314778387993698       0.70098723197047341     
   38.319415858144751       0.70195368563341598     
   38.324053328295804       0.70350242878339575     
   38.328690798446857       0.70539109074676642     
   38.333328268597903       0.70740898321694412     
   38.337965738748956       0.70939199348103654     
   38.342603208900009       0.71120675584157667     
   38.347240679051062       0.71273647502127047     
   38.351878149202115       0.71388499476893730     
   38.356515619353168       0.71459216931676817     
   38.361153089504221       0.71485194745542258     
   38.365790559655274       0.71471465671710843     
   38.370428029806327       0.71424715650402559     
   38.375065499957373       0.71346799425051077     
   38.379702970108426       0.71230122506210414     
   38.384340440259479       0.71059064943228856     
   38.388977910410532       0.70817822029126098     
   38.393615380561585       0.70499672966224003     
   38.398252850712637       0.70114977775006504     
   38.402890320863690       0.69693784582481821     
   38.407527791014743       0.69282938074544087     
   38.412165261165796       0.68940297909220816     
   38.416802731316849       0.68725927097416195     
   38.421440201467895       0.68692933106394694     
   38.426077671618948       0.68876537415853101     
   38.430715141770001       0.69281803725593305     
   38.435352611921054       0.69875096466859199     
   38.439990082072107       0.70585577079202344     
   38.444627552223160       0.71319501374562744     
   38.449265022374213       0.71982413778601917     
   38.453902492525266       0.72499891087779111     
   38.458539962676319       0.72829061684455954     
   38.463177432827372       0.72961255602704622     
   38.467814902978418       0.72916835102369593     
   38.472452373129471       0.72735330839093482     
   38.477089843280524       0.72464934283394433     
   38.481727313431577       0.72152913866713908     
   38.486364783582630       0.71839755925350723     
   38.491002253733683       0.71557167895439944     
   38.495639723884736       0.71326435993621995     
   38.500277194035789       0.71157550862760233     
   38.504914664186842       0.71047935209253377     
   38.509552134337895       0.70982476170499187     
   38.514189604488941       0.70937735416533998     
   38.518827074639994       0.70889036243361003     
   38.523464544791047       0.70815713339137754     
   38.528102014942100       0.70704319292217199     
   38.532739485093153       0.70550237376349745     
   38.537376955244206       0.70356763359483065     
   38.542014425395259       0.70134163583783216     
   38.546651895546312       0.69897572545793130     
   38.551289365697365       0.69666980503081666     
   38.555926835848410       0.69467775677801991     
   38.560564305999463       0.69329226083848183     
   38.565201776150516       0.69280305254825825     
   38.569839246301569       0.69342915760006119     
   38.574476716452622       0.69525444920589208     
   38.579114186603675       0.69818300850255999     
   38.583751656754728       0.70193256424761807     
   38.588389126905781       0.70606842806123638     
   38.593026597056834       0.71006366153377576     
   38.597664067207887       0.71338504334582387     
   38.602301537358933       0.71560166409071679     
   38.606939007509986       0.71648414507425218     
   38.611576477661039       0.71606762809725422     
   38.616213947812092       0.71465573663740112     
   38.620851417963145       0.71272758254805502     
   38.625488888114198       0.71076628424269106     
   38.630126358265251       0.70910572706346375     
   38.634763828416304       0.70790630113440889     
   38.639401298567357       0.70727032213324770     
   38.644038768718410       0.70735465918682972     
   38.648676238869456       0.70837671253535861     
   38.653313709020509       0.71051160816135928     
   38.657951179171562       0.71374680683275349     
   38.662588649322615       0.71780750364831059     
   38.667226119473668       0.72217728227375821     
   38.671863589624721       0.72620100183044722     
   38.676501059775774       0.72923895623475610     
   38.681138529926827       0.73078401818356375     
   38.685776000077880       0.73052923897499833     
   38.690413470228926       0.72839274572402612     
   38.695050940379978       0.72451341232008726     
   38.699688410531031       0.71924390919248871     
   38.704325880682084       0.71310684108030575     
   38.708963350833137       0.70671346696373838     
   38.713600820984190       0.70067325426650451     
   38.718238291135243       0.69552967561084544     
   38.722875761286296       0.69173991795759981     
   38.727513231437349       0.68968833118082029     
   38.732150701588402       0.68966355483772712     
   38.736788171739448       0.69176207935901268     
   38.741425641890501       0.69577326221590607     
   38.746063112041554       0.70116478065718946     
   38.750700582192607       0.70720519981187180     
   38.755338052343660       0.71315161086919188     
   38.759975522494713       0.71840248227715320     
   38.764612992645766       0.72255071388404235     
   38.769250462796819       0.72535566590614253     
   38.773887932947872       0.72668242668083238     
   38.778525403098925       0.72647357328407480     
   38.783162873249971       0.72475558211001445     
   38.787800343401024       0.72166801321836738     
   38.792437813552077       0.71750330337326451     
   38.797075283703130       0.71272657497580960     
   38.801712753854183       0.70793133257167906     
   38.806350224005236       0.70374942430672904     
   38.810987694156289       0.70072779308372435     
   38.815625164307342       0.69919675632572820     
   38.820262634458395       0.69919751373613381     
   38.824900104609448       0.70050516195889634     
   38.829537574760494       0.70273339078578501     
   38.834175044911547       0.70546306448716001     
   38.838812515062600       0.70835681799270944     
   38.843449985213653       0.71121404685614931     
   38.848087455364706       0.71396482968926356     
   38.852724925515759       0.71661613177983374     
   38.857362395666811       0.71917829242571829     
   38.861999865817864       0.72160567481453242     
   38.866637335968917       0.72376041872009567     
   38.871274806119963       0.72541991498783054     
   38.875912276271016       0.72633049797364857     
   38.880549746422069       0.72628375669989664     
   38.885187216573122       0.72518060716802712     
   38.889824686724175       0.72306034049051371     
   38.894462156875228       0.72009111042030693     
   38.899099627026281       0.71652949495378693     
   38.903737097177334       0.71266088771950353     
   38.908374567328387       0.70874096899074945     
   38.913012037479440       0.70494718236634668     
   38.917649507630486       0.70137459774316280     
   38.922286977781539       0.69806735118828023     
   38.926924447932592       0.69506448721751546     
   38.931561918083645       0.69243709528820530     
   38.936199388234698       0.69030213325870327     
   38.940836858385751       0.68880752912782850     
   38.945474328536804       0.68810935365343506     
   38.950111798687857       0.68835446162569014     
   38.954749268838910       0.68964698392119361     
   38.959386738989963       0.69201547517857276     
   38.964024209141009       0.69537598515707710     
   38.968661679292062       0.69951662121317293     
   38.973299149443115       0.70413885372399843     
   38.977936619594168       0.70893673952312630     
   38.982574089745221       0.71366482294087474     
   38.987211559896274       0.71815151528519527     
   38.991849030047327       0.72226043739655854     
   38.996486500198380       0.72583486796581520     
   39.001123970349433       0.72868756962057191     
   39.005761440500486       0.73065889839462028     
   39.010398910651531       0.73167651949882329     
   39.015036380802584       0.73178800411504641     
   39.019673850953637       0.73115207649528047     
   39.024311321104690       0.73000948302702207     
   39.028948791255743       0.72867323101338632     
   39.033586261406796       0.72749155626096773     
   39.038223731557849       0.72680054651468162     
   39.042861201708902       0.72685728955070572     
   39.047498671859955       0.72777812872612024     
   39.052136142011001       0.72953899024930324     
   39.056773612162054       0.73202396069343312     
   39.061411082313107       0.73507788695631926     
   39.066048552464160       0.73852301740962845     
   39.070686022615213       0.74213309651619352     
   39.075323492766266       0.74559772706056593     
   39.079960962917319       0.74854368278918004     
   39.084598433068372       0.75058345698781548     
   39.089235903219425       0.75136944237861036     
   39.093873373370478       0.75065819682489399     
   39.098510843521524       0.74835044615759105     
   39.103148313672577       0.74451627952958299     
   39.107785783823630       0.73940396515792783     
   39.112423253974683       0.73342491699717172     
   39.117060724125736       0.72712316202999205     
   39.121698194276789       0.72111126768763234     
   39.126335664427842       0.71597547076915591     
   39.130973134578895       0.71219690363143351     
   39.135610604729948       0.71008403700798051     
   39.140248074881001       0.70973595408167767     
   39.144885545032047       0.71103242627266183     
   39.149523015183100       0.71364275666812205     
   39.154160485334152       0.71706911929164352     
   39.158797955485205       0.72072186896693125     
   39.163435425636258       0.72403866258484317     
   39.168072895787311       0.72659200854581796     
   39.172710365938364       0.72815225043631071     
   39.177347836089417       0.72869862772102167     
   39.181985306240470       0.72835829575717381     
   39.186622776391523       0.72732122584591452     
   39.191260246542569       0.72577455753078979     
   39.195897716693622       0.72389071543797590     
   39.200535186844675       0.72188763312161730     
   39.205172656995728       0.72008705123407302     
   39.209810127146781       0.71887668908625157     
   39.214447597297834       0.71856795980180732     
   39.219085067448887       0.71924411007879063     
   39.223722537599940       0.72073588451592063     
   39.228360007750993       0.72274350616215066     
   39.232997477902039       0.72498318081790825     
   39.237634948053092       0.72725865923272026     
   39.242272418204145       0.72946616492373018     
   39.246909888355198       0.73155383525167994     
   39.251547358506251       0.73348237895243318     
   39.256184828657304       0.73520280338671595     
   39.260822298808357       0.73662963887850008     
   39.265459768959410       0.73764013703215026     
   39.270097239110463       0.73810814822123660     
   39.274734709261516       0.73795709849072255     
   39.279372179412562       0.73718761471899175     
   39.284009649563615       0.73586690251357156     
   39.288647119714668       0.73409489386423543     
   39.293284589865721       0.73197947122381679     
   39.297922060016774       0.72963443671177641     
   39.302559530167827       0.72715891066527782     
   39.307197000318880       0.72461273243235569     
   39.311834470469933       0.72201768327138705     
   39.316471940620985       0.71938460971571194     
   39.321109410772038       0.71675411617900064     
   39.325746880923084       0.71424210066840754     
   39.330384351074137       0.71204353684890997     
   39.335021821225190       0.71038360590827831     
   39.339659291376243       0.70943791721522254     
   39.344296761527296       0.70925352095626015     
   39.348934231678349       0.70969678307778838     
   39.353571701829402       0.71046423418498361     
   39.358209171980455       0.71116480660885706     
   39.362846642131508       0.71142093832291653     
   39.367484112282561       0.71097948242284736     
   39.372121582433607       0.70977643754910380     
   39.376759052584660       0.70793657723358383     
   39.381396522735713       0.70573213724336692     
   39.386033992886766       0.70351428169536290     
   39.390671463037819       0.70164738685601991     
   39.395308933188872       0.70045041829097199     
   39.399946403339925       0.70011322895499595     
   39.404583873490978       0.70062685887483811     
   39.409221343642031       0.70180813203655124     
   39.413858813793077       0.70339901228831436     
   39.418496283944130       0.70515584798426001     
   39.423133754095183       0.70688316338805235     
   39.427771224246236       0.70840064724529717     
   39.432408694397289       0.70953233981360520     
   39.437046164548342       0.71013307351962696     
   39.441683634699395       0.71011936617752092     
   39.446321104850448       0.70949285251181005     
   39.450958575001501       0.70833496507712568     
   39.455596045152554       0.70678953123827437     
   39.460233515303599       0.70502642152600581     
   39.464870985454652       0.70322820550222331     
   39.469508455605705       0.70158891972036919     
   39.474145925756758       0.70029047277392165     
   39.478783395907811       0.69948440197774675     
   39.483420866058864       0.69927409192883461     
   39.488058336209917       0.69973457655384608     
   39.492695806360970       0.70093320830239692     
   39.497333276512023       0.70291019939855104     
   39.501970746663076       0.70561681973076396     
   39.506608216814122       0.70884603493378695     
   39.511245686965175       0.71222301401000077     
   39.515883157116228       0.71526717323325828     
   39.520520627267281       0.71752284231328911     
   39.525158097418334       0.71868153036590066     
   39.529795567569387       0.71864072671204837     
   39.534433037720440       0.71749407848737068     
   39.539070507871493       0.71547046095317213     
   39.543707978022546       0.71286431478845480     
   39.548345448173599       0.70998507604882366     
   39.552982918324645       0.70710191701686398     
   39.557620388475698       0.70440038663589333     
   39.562257858626751       0.70198711913168677     
   39.566895328777804       0.69992474357690637     
   39.571532798928857       0.69826707731633009     
   39.576170269079910       0.69708881074185480     
   39.580807739230963       0.69650753599772242     
   39.585445209382016       0.69666756716416811     
   39.590082679533069       0.69770735123509686     
   39.594720149684115       0.69972581327806205     
   39.599357619835168       0.70273279918961118     
   39.603995089986221       0.70660978816943820     
   39.608632560137274       0.71110331374328739     
   39.613270030288326       0.71585259154285841     
   39.617907500439379       0.72044415064859424     
   39.622544970590432       0.72448926375466050     
   39.627182440741485       0.72769168606532497     
   39.631819910892538       0.72987014678595397     
   39.636457381043591       0.73094993172958433     
   39.641094851194637       0.73094670649282023     
   39.645732321345690       0.72996139558979534     
   39.650369791496743       0.72818168452303267     
   39.655007261647796       0.72587984518825455     
   39.659644731798849       0.72338791571844951     
   39.664282201949902       0.72105087796018075     
   39.668919672100955       0.71915007269723463     
   39.673557142252008       0.71783720665923711     
   39.678194612403061       0.71711762432702320     
   39.682832082554114       0.71689260972844659     
   39.687469552705160       0.71702387132777767     
   39.692107022856213       0.71737353258844050     
   39.696744493007266       0.71782726252831186     
   39.701381963158319       0.71829677290135097     
   39.706019433309372       0.71872924002421845     
   39.710656903460425       0.71913390465770521     
   39.715294373611478       0.71960687803021139     
   39.719931843762531       0.72032430812187742     
   39.724569313913584       0.72145917111187363     
   39.729206784064637       0.72305980838000283     
   39.733844254215683       0.72497124607116681     
   39.738481724366736       0.72684115458204634     
   39.743119194517789       0.72823219542282136     
   39.747756664668842       0.72876068891013468     
   39.752394134819895       0.72817199898010676     
   39.757031604970948       0.72636278905690510     
   39.761669075122001       0.72334234940699793     
   39.766306545273054       0.71920600296457715     
   39.770944015424107       0.71415120557052014     
   39.775581485575152       0.70850357343701631     
   39.780218955726205       0.70273356527702802     
   39.784856425877258       0.69739730018083557     
   39.789493896028311       0.69299331906151063     
   39.794131366179364       0.68978138733613170     
   39.798768836330417       0.68769521757883978     
   39.803406306481470       0.68643970614731709     
   39.808043776632523       0.68570133922048282     
   39.812681246783576       0.68533674378517728     
   39.817318716934629       0.68539205373663004     
   39.821956187085675       0.68599191956385452     
   39.826593657236728       0.68721180211500055     
   39.831231127387781       0.68899841133657269     
   39.835868597538834       0.69119078509097220     
   39.840506067689887       0.69361886891095004     
   39.845143537840940       0.69620089368994376     
   39.849781007991993       0.69897035760077997     
   39.854418478143046       0.70203578597395244     
   39.859055948294099       0.70549771744728118     
   39.863693418445152       0.70940324652565734     
   39.868330888596198       0.71374488342332620     
   39.872968358747251       0.71846067561792981     
   39.877605828898304       0.72343509080342872     
   39.882243299049357       0.72848054272697005     
   39.886880769200410       0.73333616152823788     
   39.891518239351463       0.73770664831196497     
   39.896155709502516       0.74129531185455544     
   39.900793179653569       0.74383438645997502     
   39.905430649804622       0.74511209999034500     
   39.910068119955667       0.74500461070566348     
   39.914705590106720       0.74352721351266182     
   39.919343060257773       0.74085599133736668     
   39.923980530408826       0.73729724936028906     
   39.928618000559879       0.73320938995859009     
   39.933255470710932       0.72892306463958234     
   39.937892940861985       0.72472260785948672     
   39.942530411013038       0.72087977053174168     
   39.947167881164091       0.71766169849473482     
   39.951805351315144       0.71527454419017689     
   39.956442821466190       0.71379479504177157     
   39.961080291617243       0.71315730885330597     
   39.965717761768296       0.71320292293541843     
   39.970355231919349       0.71374961431558825     
   39.974992702070402       0.71464359830091706     
   39.979630172221455       0.71576852963351001     
   39.984267642372508       0.71702585667332253     
   39.988905112523561       0.71832281873039849     
   39.993542582674614       0.71957692764633407     
   39.998180052825667       0.72076111536346554     
   40.002817522976713       0.72193746673473180     
   40.007454993127766       0.72322938083544697     
   40.012092463278819       0.72476288490868290     
   40.016729933429872       0.72658918825612917     
   40.021367403580925       0.72865671517971542     
   40.026004873731978       0.73085055811145050     
   40.030642343883031       0.73304994890981312     
   40.035279814034084       0.73515038703175928     
   40.039917284185137       0.73704669530930023     
   40.044554754336190       0.73861719843003404     
   40.049192224487236       0.73972124104019366     
   40.053829694638289       0.74021784193217155     
   40.058467164789342       0.73999026135554913     
   40.063104634940395       0.73895507421011508     
   40.067742105091448       0.73705965666658935     
   40.072379575242500       0.73427784080697200     
   40.077017045393553       0.73061651404795014     
   40.081654515544606       0.72614206384366764     
   40.086291985695659       0.72102617336499009     
   40.090929455846705       0.71559047272313059     
   40.095566925997758       0.71029714449980952     
   40.100204396148811       0.70567854562299615     
   40.104841866299864       0.70223400391671675     
   40.109479336450917       0.70032096270784328     
   40.114116806601970       0.70006075592667039     
   40.118754276753023       0.70132404898379175     
   40.123391746904076       0.70380414894785837     
   40.128029217055129       0.70711420532885050     
   40.132666687206182       0.71086741963933864     
   40.137304157357228       0.71472141666923306     
   40.141941627508281       0.71839131894225661     
   40.146579097659334       0.72163856300444773     
   40.151216567810387       0.72426341857337495     
   40.155854037961440       0.72610811941648690     
   40.160491508112493       0.72705308069400854     
   40.165128978263546       0.72700191279698323     
   40.169766448414599       0.72587667162300451     
   40.174403918565652       0.72362493128517413     
   40.179041388716705       0.72025729089118407     
   40.183678858867751       0.71591498779044671     
   40.188316329018804       0.71091978280895229     
   40.192953799169857       0.70577557349181042     
   40.197591269320910       0.70110506239849235     
   40.202228739471963       0.69753160747799259     
   40.206866209623016       0.69553909368766997     
   40.211503679774069       0.69536111611078655     
   40.216141149925122       0.69693181878181287     
   40.220778620076175       0.69991691108524967     
   40.225416090227228       0.70379859696453273     
   40.230053560378273       0.70796249370823661     
   40.234691030529326       0.71179474245747343     
   40.239328500680379       0.71476914636289501     
   40.243965970831432       0.71652533537710927     
   40.248603440982485       0.71691695909137121     
   40.253240911133538       0.71601721898786985     
   40.257878381284591       0.71407340420536014     
   40.262515851435644       0.71140867484333714     
   40.267153321586697       0.70833506455468931     
   40.271790791737743       0.70514765716598538     
   40.276428261888796       0.70217416800016352     
   40.281065732039849       0.69978623443416721     
   40.285703202190902       0.69831901928639628     
   40.290340672341955       0.69795000368706595     
   40.294978142493008       0.69865588260228750     
   40.299615612644061       0.70027531933044396     
   40.304253082795114       0.70260228658191659     
   40.308890552946167       0.70544494731007235     
   40.313528023097220       0.70861196758901634     
   40.318165493248266       0.71185188404350019     
   40.322802963399319       0.71484012870374403     
   40.327440433550372       0.71722711167539299     
   40.332077903701425       0.71871646951517731     
   40.336715373852478       0.71913630050199417     
   40.341352844003531       0.71846493069500428     
   40.345990314154584       0.71681687224135726     
   40.350627784305637       0.71440915692781370     
   40.355265254456690       0.71151606802634160     
   40.359902724607743       0.70841809113794918     
   40.364540194758789       0.70536236527606999     
   40.369177664909841       0.70252818663354533     
   40.373815135060894       0.69999497613899531     
   40.378452605211947       0.69774807230089153     
   40.383090075363000       0.69570831149032020     
   40.387727545514053       0.69378032542300117     
   40.392365015665106       0.69190290770112040     
   40.397002485816159       0.69007552650901005     
   40.401639955967212       0.68834622560946457     
   40.406277426118265       0.68676474146701183     
   40.410914896269311       0.68534553595702230     
   40.415552366420364       0.68407338385652150     
   40.420189836571417       0.68295326936359868     
   40.424827306722470       0.68205819059254480     
   40.429464776873523       0.68153187367893497     
   40.434102247024576       0.68154790944733368     
   40.438739717175629       0.68228390211758916     
   40.443377187326682       0.68389883848653132     
   40.448014657477735       0.68649913296872334     
   40.452652127628781       0.69012036469668858     
   40.457289597779834       0.69470419225899138     
   40.461927067930887       0.70008630811354278     
   40.466564538081940       0.70599258481852289     
   40.471202008232993       0.71205620664365277     
   40.475839478384046       0.71787009304112359     
   40.480476948535099       0.72305288292439884     
   40.485114418686152       0.72731900469056043     
   40.489751888837205       0.73052567450990458     
   40.494389358988258       0.73267163537320124     
   40.499026829139304       0.73387092542798638     
   40.503664299290357       0.73431819597679615     
   40.508301769441410       0.73423981362299007     
   40.512939239592463       0.73383725931751753     
   40.517576709743516       0.73323150499940670     
   40.522214179894569       0.73242996181950137     
   40.526851650045622       0.73134407963393533     
   40.531489120196674       0.72982981075228648     
   40.536126590347727       0.72774229880891306     
   40.540764060498780       0.72497911272267168     
   40.545401530649826       0.72148909157177898     
   40.550039000800879       0.71730371079622968     
   40.554676470951932       0.71257868319873463     
   40.559313941102985       0.70760282666201424     
   40.563951411254038       0.70275977291791403     
   40.568588881405091       0.69843110931507724     
   40.573226351556144       0.69485400800375918     
   40.577863821707197       0.69200689967626616     
   40.582501291858250       0.68960304566876141     
   40.587138762009303       0.68719180437524963     
   40.591776232160349       0.68432623095970757     
   40.596413702311402       0.68071852280417378     
   40.601051172462455       0.67633552982807876     
   40.605688642613508       0.67146453046231869     
   40.610326112764561       0.66673693284448299     
   40.614963582915614       0.66303025160190454     
   40.619601053066667       0.66118155944719681     
   40.624238523217720       0.66164246361201484     
   40.628875993368773       0.66432031367218380     
   40.633513463519819       0.66871756851503872     
   40.638150933670872       0.67420158024035792     
   40.642788403821925       0.68019249259109937     
   40.647425873972978       0.68622636211902555     
   40.652063344124031       0.69195097939414729     
   40.656700814275084       0.69711090521000219     
   40.661338284426137       0.70153816275395242     
   40.665975754577190       0.70513842992644549     
   40.670613224728243       0.70788018824109500     
   40.675250694879296       0.70978287160745168     
   40.679888165030341       0.71089777275819055     
   40.684525635181394       0.71130034832463629     
   40.689163105332447       0.71109361225188883     
   40.693800575483500       0.71042091568971222     
   40.698438045634553       0.70947018736577561     
   40.703075515785606       0.70845068241522235     
   40.707712985936659       0.70753717909278924     
   40.712350456087712       0.70679434817496090     
   40.716987926238765       0.70615228721379419     
   40.721625396389818       0.70546869555614444     
   40.726262866540864       0.70462929178196221     
   40.730900336691917       0.70366163458539166     
   40.735537806842970       0.70280304210688849     
   40.740175276994023       0.70249416287670197     
   40.744812747145076       0.70329474448058016     
   40.749450217296129       0.70571935957943255     
   40.754087687447182       0.71004567924987716     
   40.758725157598235       0.71617666148579739     
   40.763362627749288       0.72363551518703861     
   40.768000097900341       0.73171268655435917     
   40.772637568051387       0.73966782248354246     
   40.777275038202440       0.74687790448677127     
   40.781912508353493       0.75289327745772738     
   40.786549978504546       0.75742092482488499     
   40.791187448655599       0.76028679556631440     
   40.795824918806652       0.76141307673567549     
   40.800462388957705       0.76081079521912975     
   40.805099859108758       0.75858348419549404     
   40.809737329259811       0.75494345102629523     
   40.814374799410857       0.75021400460834797     
   40.819012269561910       0.74480375276178168     
   40.823649739712963       0.73915093968977963     
   40.828287209864015       0.73365047304654485     
   40.832924680015068       0.72860586605285427     
   40.837562150166121       0.72421677498206216     
   40.842199620317174       0.72060748789732398     
   40.846837090468227       0.71787344735266878     
   40.851474560619280       0.71610710281132828     
   40.856112030770333       0.71540003502086935     
   40.860749500921379       0.71580339894438327     
   40.865386971072432       0.71727289017968543     
   40.870024441223485       0.71962598984747916     
   40.874661911374538       0.72252394479542181     
   40.879299381525591       0.72550153659560779     
   40.883936851676644       0.72805135155910838     
   40.888574321827697       0.72973651244653837     
   40.893211791978750       0.73028713988744209     
   40.897849262129803       0.72964906174808708     
   40.902486732280856       0.72796623069858790     
   40.907124202431902       0.72551374509457167     
   40.911761672582955       0.72261696147379706     
   40.916399142734008       0.71957062530586124     
   40.921036612885061       0.71658664063195654     
   40.925674083036114       0.71380073094565255     
   40.930311553187167       0.71130235170645517     
   40.934949023338220       0.70913917003768401     
   40.939586493489273       0.70729090874281009     
   40.944223963640326       0.70563857536618313     
   40.948861433791379       0.70401976005167100     
   40.953498903942425       0.70233512935516773     
   40.958136374093478       0.70059421281839618     
   40.962773844244531       0.69886909935977704     
   40.967411314395584       0.69721017098639626     
   40.972048784546637       0.69560235201832499     
   40.976686254697690       0.69398933810627383     
   40.981323724848743       0.69234227277587068     
   40.985961194999796       0.69073114883641795     
   40.990598665150848       0.68933280043001988     
   40.995236135301894       0.68836988328339599     
   40.999873605452947       0.68802477226434677     
   41.004511075604000       0.68837148090807043     
   41.009148545755053       0.68937497012149973     
   41.013786015906106       0.69091732941985706     
   41.018423486057159       0.69282333601744550     
   41.023060956208212       0.69488835035439311     
   41.027698426359265       0.69688991261680133     
   41.032335896510318       0.69860402276104472     
   41.036973366661371       0.69982975986599805     
   41.041610836812417       0.70042875957169504     
   41.046248306963470       0.70036976117997118     
   41.050885777114523       0.69974083773099804     
   41.055523247265576       0.69873816759096474     
   41.060160717416629       0.69761395620628541     
   41.064798187567682       0.69658512513659110     
   41.069435657718735       0.69577913168734340     
   41.074073127869788       0.69521950945172162     
   41.078710598020841       0.69486252623670697     
   41.083348068171894       0.69468229301189122     
   41.087985538322940       0.69472846505180741     
   41.092623008473993       0.69513594932323231     
   41.097260478625046       0.69605090815484916     
   41.101897948776099       0.69753493239681585     
   41.106535418927152       0.69950975446195129     
   41.111172889078205       0.70177819163955013     
   41.115810359229258       0.70411726274305608     
   41.120447829380311       0.70636652263587718     
   41.125085299531364       0.70847503474472306     
   41.129722769682409       0.71050016999223486     
   41.134360239833462       0.71255820238794565     
   41.138997709984515       0.71474642056407978     
   41.143635180135568       0.71708304569710257     
   41.148272650286621       0.71948795873062721     
   41.152910120437674       0.72180834174284669     
   41.157547590588727       0.72387661457113750     
   41.162185060739780       0.72558409488975306     
   41.166822530890833       0.72691908008187134     
   41.171460001041886       0.72796406019902993     
   41.176097471192932       0.72885361794639847     
   41.180734941343985       0.72971843851382190     
   41.185372411495038       0.73065894943912246     
   41.190009881646091       0.73173117205629090     
   41.194647351797144       0.73293918410678849     
   41.199284821948197       0.73423687262232373     
   41.203922292099250       0.73553100174350095     
   41.208559762250303       0.73669545773265221     
   41.213197232401356       0.73758324737847081     
   41.217834702552409       0.73804626971298837     
   41.222472172703455       0.73795175752904330     
   41.227109642854508       0.73719190269954316     
   41.231747113005561       0.73569785903432505     
   41.236384583156614       0.73345321255334739     
   41.241022053307667       0.73051062137068634     
   41.245659523458720       0.72699416453656496     
   41.250296993609773       0.72311121504642817     
   41.254934463760826       0.71914032733050337     
   41.259571933911879       0.71537597282240140     
   41.264209404062932       0.71205471213001770     
   41.268846874213978       0.70929860097781727     
   41.273484344365031       0.70711400450382489     
   41.278121814516084       0.70543998446085565     
   41.282759284667137       0.70422465784726695     
   41.287396754818189       0.70349216249061286     
   41.292034224969242       0.70336256073868264     
   41.296671695120295       0.70400649838294715     
   41.301309165271348       0.70554081519529332     
   41.305946635422401       0.70793868925461889     
   41.310584105573447       0.71100874479300791     
   41.315221575724500       0.71444398243564322     
   41.319859045875553       0.71790199861021764     
   41.324496516026606       0.72106538454426716     
   41.329133986177659       0.72365986930939918     
   41.333771456328712       0.72543753831563940     
   41.338408926479765       0.72617627855329292     
   41.343046396630818       0.72571278167154318     
   41.347683866781871       0.72400555821550538     
   41.352321336932924       0.72119762394774045     
   41.356958807083970       0.71763698262713516     
   41.361596277235023       0.71383250840933243     
   41.366233747386076       0.71034117404456243     
   41.370871217537129       0.70762233718787038     
   41.375508687688182       0.70591445389122853     
   41.380146157839235       0.70520049484053193     
   41.384783627990288       0.70528318068387719     
   41.389421098141341       0.70590750715365036     
   41.394058568292394       0.70685893303515612     
   41.398696038443447       0.70799335395777452     
   41.403333508594493       0.70920234308053154     
   41.407970978745546       0.71036609227121861     
   41.412608448896599       0.71132064707238574     
   41.417245919047652       0.71184549301452460     
   41.421883389198705       0.71171047383035946     
   41.426520859349758       0.71075845316419395     
   41.431158329500811       0.70897485811232841     
   41.435795799651864       0.70652994726893725     
   41.440433269802917       0.70375336157870783     
   41.445070739953970       0.70105542636403528     
   41.449708210105015       0.69884111784478942     
   41.454345680256068       0.69743053871748006     
   41.458983150407121       0.69700367054770307     
   41.463620620558174       0.69758522181246352     
   41.468258090709227       0.69905951922222642     
   41.472895560860280       0.70121469926399826     
   41.477533031011333       0.70379416046931009     
   41.482170501162386       0.70652843369822449     
   41.486807971313439       0.70915657196308468     
   41.491445441464485       0.71144465889406838     
   41.496082911615538       0.71321182590377663     
   41.500720381766591       0.71437687061176669     
   41.505357851917644       0.71501136025241363     
   41.509995322068697       0.71536263456931071     
   41.514632792219750       0.71580306809288508     
   41.519270262370803       0.71670547805649087     
   41.523907732521856       0.71830023707286816     
   41.528545202672909       0.72056106717189983     
   41.533182672823962       0.72319304587659061     
   41.537820142975008       0.72573917812927868     
   41.542457613126061       0.72774508168196728     
   41.547095083277114       0.72888553051905070     
   41.551732553428167       0.72901989623511387     
   41.556370023579220       0.72818257179958923     
   41.561007493730273       0.72653550370201669     
   41.565644963881326       0.72432897919917882     
   41.570282434032379       0.72188159696903387     
   41.574919904183432       0.71955984923199856     
   41.579557374334485       0.71773687393005747     
   41.584194844485530       0.71674885552164846     
   41.588832314636583       0.71683869823960034     
   41.593469784787636       0.71810960690400849     
   41.598107254938689       0.72050940009375974     
   41.602744725089742       0.72383519248294059     
   41.607382195240795       0.72776739534336021     
   41.612019665391848       0.73190144380126465     
   41.616657135542901       0.73576882302731905     
   41.621294605693954       0.73886471732571368     
   41.625932075845007       0.74070061505927287     
   41.630569545996053       0.74088109779862532     
   41.635207016147106       0.73918487011622624     
   41.639844486298159       0.73562820081301505     
   41.644481956449212       0.73047880286706457     
   41.649119426600265       0.72421660628589468     
   41.653756896751318       0.71743763523005200     
   41.658394366902371       0.71074451665329219     
   41.663031837053424       0.70466162224541051     
   41.667669307204477       0.69959152518763812     
   41.672306777355523       0.69582138506002844     
   41.676944247506576       0.69353456050107420     
   41.681581717657629       0.69277814177269681     
   41.686219187808682       0.69338442084614726     
   41.690856657959735       0.69495919626196456     
   41.695494128110788       0.69697499051750167     
   41.700131598261841       0.69891607925615484     
   41.704769068412894       0.70039734295510159     
   41.709406538563947       0.70119568337788074     
   41.714044008715000       0.70123659292526197     
   41.718681478866046       0.70059302494773201     
   41.723318949017099       0.69949493000114316     
   41.727956419168152       0.69831024201478009     
   41.732593889319205       0.69749215026395439     
   41.737231359470258       0.69749388926231715     
   41.741868829621311       0.69864655956566635     
   41.746506299772363       0.70105921116658887     
   41.751143769923416       0.70458184938222912     
   41.755781240074469       0.70884239245501968     
   41.760418710225522       0.71335243435385842     
   41.765056180376568       0.71763689944122644     
   41.769693650527621       0.72134140141113023     
   41.774331120678674       0.72426258150318679     
   41.778968590829727       0.72633535971986862     
   41.783606060980780       0.72760191879376213     
   41.788243531131833       0.72816487898828075     
   41.792881001282886       0.72817326115971603     
   41.797518471433939       0.72780707707706993     
   41.802155941584992       0.72725190840112275     
   41.806793411736045       0.72668653769510394     
   41.811430881887091       0.72626690088632284     
   41.816068352038144       0.72611614363415777     
   41.820705822189197       0.72633511931461947     
   41.825343292340250       0.72702840062140139     
   41.829980762491303       0.72832353519970505     
   41.834618232642356       0.73036276193943117     
   41.839255702793409       0.73328060932105088     
   41.843893172944462       0.73713370854402271     
   41.848530643095515       0.74181428467902133     
   41.853168113246561       0.74700463512783155     
   41.857805583397614       0.75217722766555173     
   41.862443053548667       0.75666485162773034     
   41.867080523699720       0.75978169035571108     
   41.871717993850773       0.76095044335288009     
   41.876355464001826       0.75982259726024926     
   41.880992934152879       0.75638180083434225     
   41.885630404303932       0.75098059911257320     
   41.890267874454985       0.74430599437648881     
   41.894905344606038       0.73725267738776135     
   41.899542814757083       0.73070133991532060     
   41.904180284908136       0.72531507899347591     
   41.908817755059189       0.72141826314376800     
   41.913455225210242       0.71900109313864669     
   41.918092695361295       0.71781262360386722     
   41.922730165512348       0.71746696787422237     
   41.927367635663401       0.71753570644355036     
   41.932005105814454       0.71759512552313465     
   41.936642575965507       0.71725262364010778     
   41.941280046116560       0.71619040804708201     
   41.945917516267606       0.71424328489819278     
   41.950554986418659       0.71149306360566988     
   41.955192456569712       0.70830007449547949     
   41.959829926720765       0.70521126546295221     
   41.964467396871818       0.70278478642197684     
   41.969104867022871       0.70141025769763932     
   41.973742337173924       0.70121085395141147     
   41.978379807324977       0.70207289121609540     
   41.983017277476030       0.70373897117837680     
   41.987654747627083       0.70589382963822533     
   41.992292217778129       0.70824046416274600     
   41.996929687929182       0.71055383597250743     
   42.001567158080235       0.71267875494558663     
   42.006204628231288       0.71448256860121750     
   42.010842098382341       0.71578795254979666     
   42.015479568533394       0.71636644297699636     
   42.020117038684447       0.71605631364005795     
   42.024754508835500       0.71489679638757642     
   42.029391978986553       0.71317556851752750     
   42.034029449137599       0.71132758141493502     
   42.038666919288652       0.70974580723854652     
   42.043304389439704       0.70862591417278475     
   42.047941859590757       0.70791438720031241     
   42.052579329741810       0.70738113695864990     
   42.057216799892863       0.70677310019197637     
   42.061854270043916       0.70595047381028775     
   42.066491740194969       0.70491589826929024     
   42.071129210346022       0.70374567151638945     
   42.075766680497075       0.70249721191003101     
   42.080404150648121       0.70115834188653325     
   42.085041620799174       0.69965526400304412     
   42.089679090950227       0.69790799946833282     
   42.094316561101280       0.69588926620041580     
   42.098954031252333       0.69366508473246979     
   42.103591501403386       0.69137580870319293     
   42.108228971554439       0.68918405778987291     
   42.112866441705492       0.68724914747559296     
   42.117503911856545       0.68571120319886780     
   42.122141382007598       0.68469156051019930     
   42.126778852158644       0.68431004978544929     
   42.131416322309697       0.68469393412165058     
   42.136053792460750       0.68595619140481634     
   42.140691262611803       0.68814538027552852     
   42.145328732762856       0.69117767413538789     
   42.149966202913909       0.69481249134845802     
   42.154603673064962       0.69870926980770343     
   42.159241143216015       0.70252282980999259     
   42.163878613367068       0.70601360255928114     
   42.168516083518121       0.70910961001029471     
   42.173153553669167       0.71188407772147511     
   42.177791023820220       0.71447888200389664     
   42.182428493971273       0.71699890748795148     
   42.187065964122326       0.71944705702856704     
   42.191703434273379       0.72173467316307838     
   42.196340904424432       0.72373915812709699     
   42.200978374575485       0.72535556112485966     
   42.205615844726537       0.72652026116049706     
   42.210253314877590       0.72720690137457522     
   42.214890785028636       0.72743677537705564     
   42.219528255179689       0.72733367382728797     
   42.224165725330742       0.72716315257165043     
   42.228803195481795       0.72730997487989024     
   42.233440665632848       0.72816656600382601     
   42.238078135783901       0.72996418617195002     
   42.242715605934954       0.73263381049953402     
   42.247353076086007       0.73578670981861516     
   42.251990546237060       0.73881997578278624     
   42.256628016388113       0.74109417456962656     
   42.261265486539159       0.74209081501009067     
   42.265902956690212       0.74150185028158455     
   42.270540426841265       0.73925389225292204     
   42.275177896992318       0.73549495280258903     
   42.279815367143371       0.73056236564156052     
   42.284452837294424       0.72492060800666791     
   42.289090307445477       0.71908140886478267     
   42.293727777596530       0.71350233117305051     
   42.298365247747583       0.70851493688255296     
   42.303002717898636       0.70428116671963936     
   42.307640188049682       0.70079774960048280     
   42.312277658200735       0.69797068076730540     
   42.316915128351788       0.69570284017543227     
   42.321552598502841       0.69396050134990439     
   42.326190068653894       0.69277899640359264     
   42.330827538804947       0.69221151790814051     
   42.335465008956000       0.69226061379380976     
   42.340102479107053       0.69282882318392525     
   42.344739949258106       0.69371530772906254     
   42.349377419409151       0.69465504357873153     
   42.354014889560204       0.69539101621980604     
   42.358652359711257       0.69574157835213402     
   42.363289829862310       0.69562557009108750     
   42.367927300013363       0.69506174789856467     
   42.372564770164416       0.69413782607012542     
   42.377202240315469       0.69296952455483285     
   42.381839710466522       0.69169706941060827     
   42.386477180617575       0.69047921935651757     
   42.391114650768628       0.68950039864056312     
   42.395752120919674       0.68896051586552032     
   42.400389591070727       0.68903732310361010     
   42.405027061221780       0.68985169721880868     
   42.409664531372833       0.69141943829527264     
   42.414302001523886       0.69362664381706907     
   42.418939471674939       0.69625192766772037     
   42.423576941825992       0.69901366861665204     
   42.428214411977045       0.70165139553476774     
   42.432851882128098       0.70403439453638661     
   42.437489352279151       0.70621773076230032     
   42.442126822430197       0.70843656226578811     
   42.446764292581250       0.71102536309928488     
   42.451401762732303       0.71427492365498657     
   42.456039232883356       0.71830044401952020     
   42.460676703034409       0.72298436683244849     
   42.465314173185462       0.72801215759793192     
   42.469951643336515       0.73295040919595256     
   42.474589113487568       0.73735140358793172     
   42.479226583638621       0.74082472138304500     
   42.483864053789674       0.74306563332199949     
   42.488501523940720       0.74389990669813111     
   42.493138994091773       0.74329182500137270     
   42.497776464242826       0.74134975281304827     
   42.502413934393878       0.73831657891697644     
   42.507051404544931       0.73453910164985381     
   42.511688874695984       0.73045199707085817     
   42.516326344847037       0.72654753828374796     
   42.520963814998090       0.72332907516579314     
   42.525601285149143       0.72125019503774968     
   42.530238755300189       0.72061679573451209     
   42.534876225451242       0.72148772994987731     
   42.539513695602295       0.72363216216627846     
   42.544151165753348       0.72655300590825111     
   42.548788635904401       0.72959483962234706     
   42.553426106055454       0.73211065106366258     
   42.558063576206507       0.73358807927901515     
   42.562701046357560       0.73371881175270681     
   42.567338516508613       0.73242379997728035     
   42.571975986659666       0.72982989150963062     
   42.576613456810712       0.72621449422641304     
   42.581250926961765       0.72192735728799728     
   42.585888397112818       0.71731581409491285     
   42.590525867263871       0.71269536265020261     
   42.595163337414924       0.70835728914700913     
   42.599800807565977       0.70457121078021656     
   42.604438277717030       0.70155597856375795     
   42.609075747868083       0.69944421500147569     
   42.613713218019136       0.69825132746393903     
   42.618350688170189       0.69786827577372235     
   42.622988158321235       0.69809790675331174     
   42.627625628472288       0.69871400951923068     
   42.632263098623341       0.69951896897545274     
   42.636900568774394       0.70037370204682370     
   42.641538038925447       0.70118152626397157     
   42.646175509076500       0.70185576551978612     
   42.650812979227553       0.70229783228097031     
   42.655450449378606       0.70241701639023468     
   42.660087919529659       0.70219604027546401     
   42.664725389680711       0.70173290576879999     
   42.669362859831757       0.70125474429956536     
   42.674000329982810       0.70110847420132638     
   42.678637800133863       0.70169221158988548     
   42.683275270284916       0.70331831438327908     
   42.687912740435969       0.70606990614474996     
   42.692550210587022       0.70972594620114127     
   42.697187680738075       0.71381892253222434     
   42.701825150889128       0.71779633379296226     
   42.706462621040181       0.72120538252620026     
   42.711100091191227       0.72379890637556410     
   42.715737561342280       0.72553195546460314     
   42.720375031493333       0.72650862252717052     
   42.725012501644386       0.72692303035951988     
   42.729649971795439       0.72702629358597448     
   42.734287441946492       0.72711116910828089     
   42.738924912097545       0.72748323719339292     
   42.743562382248598       0.72839201725739566     
   42.748199852399651       0.72994733655712296     
   42.752837322550704       0.73206191751993310     
   42.757474792701750       0.73445634077449962     
   42.762112262852803       0.73674558364702436     
   42.766749733003856       0.73856219200777307     
   42.771387203154909       0.73967436056832125     
   42.776024673305962       0.74004422760260591     
   42.780662143457015       0.73979122699446243     
   42.785299613608068       0.73910264756649147     
   42.789937083759121       0.73813816203357485     
   42.794574553910174       0.73700430998590893     
   42.799212024061227       0.73578731041517742     
   42.803849494212272       0.73459131997520755     
   42.808486964363325       0.73354133466928251     
   42.813124434514378       0.73271231066627485     
   42.817761904665431       0.73206883244109144     
   42.822399374816484       0.73146349065844807     
   42.827036844967537       0.73070869002809125     
   42.831674315118590       0.72970151938094729     
   42.836311785269643       0.72850422555282035     
   42.840949255420696       0.72734141178946099     
   42.845586725571749       0.72651617759893694     
   42.850224195722795       0.72628351255043777     
   42.854861665873848       0.72676240937858216     
   42.859499136024901       0.72791136325576733     
   42.864136606175954       0.72954628971635316     
   42.868774076327007       0.73135650178767297     
   42.873411546478060       0.73292959227158383     
   42.878049016629113       0.73381767268011899     
   42.882686486780166       0.73362609796791223     
   42.887323956931219       0.73210984963410664     
   42.891961427082265       0.72924823203541633     
   42.896598897233318       0.72526576772901341     
   42.901236367384371       0.72061490152800123     
   42.905873837535424       0.71589300837310221     
   42.910511307686477       0.71168680363424208     
   42.915148777837530       0.70842455624674194     
   42.919786247988583       0.70628603097703124     
   42.924423718139636       0.70521762223834128     
   42.929061188290689       0.70502978480868383     
   42.933698658441742       0.70549701282766275     
   42.938336128592788       0.70642580415620848     
   42.942973598743841       0.70768506762151906     
   42.947611068894894       0.70921604449176268     
   42.952248539045947       0.71101981646370571     
   42.956886009197000       0.71310761748529083     
   42.961523479348052       0.71544899293595099     
   42.966160949499105       0.71792444012815804     
   42.970798419650158       0.72031371103979414     
   42.975435889801211       0.72234026509502458     
   42.980073359952264       0.72374926706878639     
   42.984710830103310       0.72438036813713225     
   42.989348300254363       0.72420001563105640     
   42.993985770405416       0.72329277369787326     
   42.998623240556469       0.72182336433895755     
   43.003260710707522       0.71998191431578951     
   43.007898180858575       0.71794543479224560     
   43.012535651009628       0.71588419209851006     
   43.017173121160681       0.71397253378004621     
   43.021810591311734       0.71238626051473442     
   43.026448061462787       0.71129298314811806     
   43.031085531613833       0.71082907250899030     
   43.035723001764886       0.71106681670860616     
   43.040360471915939       0.71199140382626436     
   43.044997942066992       0.71348795561813405     
   43.049635412218045       0.71535262600267235     
   43.054272882369098       0.71735008771579167     
   43.058910352520151       0.71929137593059389     
   43.063547822671204       0.72106439839794700     
   43.068185292822257       0.72260842262821345     
   43.072822762973303       0.72386672757646631     
   43.077460233124356       0.72475190379085297     
   43.082097703275409       0.72515589088080612     
   43.086735173426462       0.72499189114673801     
   43.091372643577515       0.72423343179200028     
   43.096010113728568       0.72292495406278778     
   43.100647583879621       0.72115607890262690     
   43.105285054030674       0.71901809578450460     
   43.109922524181727       0.71657851659952743     
   43.114559994332780       0.71387962560957363     
   43.119197464483825       0.71095964847840221     
   43.123834934634878       0.70787003849772989     
   43.128472404785931       0.70468273283676963     
   43.133109874936984       0.70151530046762345     
   43.137747345088037       0.69854708224024786     
   43.142384815239090       0.69599993391364212     
   43.147022285390143       0.69410195555141885     
   43.151659755541196       0.69302715018603311     
   43.156297225692249       0.69283981165834196     
   43.160934695843302       0.69350058445492191     
   43.165572165994348       0.69489091928653901     
   43.170209636145401       0.69684371831850656     
   43.174847106296454       0.69918601991077922     
   43.179484576447507       0.70176880573687250     
   43.184122046598560       0.70449036070142979     
   43.188759516749613       0.70730246352629311     
   43.193396986900666       0.71020821462926065     
   43.198034457051719       0.71325310703630451     
   43.202671927202772       0.71649868339523071     
   43.207309397353825       0.71999554059873117     
   43.211946867504871       0.72374883376594501     
   43.216584337655924       0.72767343581505117     
   43.221221807806977       0.73157461308424832     
   43.225859277958030       0.73518204768801187     
   43.230496748109083       0.73820738473122893     
   43.235134218260136       0.74039508215077454     
   43.239771688411189       0.74155511757343373     
   43.244409158562242       0.74157568923333284     
   43.249046628713295       0.74043732916451299     
   43.253684098864341       0.73822317313171593     
   43.258321569015393       0.73513498830071422     
   43.262959039166446       0.73148540039758125     
   43.267596509317499       0.72764317063131256     
   43.272233979468552       0.72395524229399488     
   43.276871449619605       0.72065563096125229     
   43.281508919770658       0.71781551907998076     
   43.286146389921711       0.71535421862072035     
   43.290783860072764       0.71311894448030755     
   43.295421330223817       0.71099653008178432     
   43.300058800374863       0.70898303097179360     
   43.304696270525916       0.70720848092542821     
   43.309333740676969       0.70591371154689464     
   43.313971210828022       0.70539474047918527     
   43.318608680979075       0.70591363093843351     
   43.323246151130128       0.70759490208085729     
   43.327883621281181       0.71036673296940545     
   43.332521091432234       0.71395112971896935     
   43.337158561583287       0.71793744707529006     
   43.341796031734340       0.72189044818292869     
   43.346433501885386       0.72541357853771993     
   43.351070972036439       0.72813949957814916     
   43.355708442187492       0.72970270160004091     
   43.360345912338545       0.72977871124037541     
   43.364983382489598       0.72818243418490780     
   43.369620852640651       0.72495365063176553     
   43.374258322791704       0.72038494585879831     
   43.378895792942757       0.71497033628609796     
   43.383533263093810       0.70931288151465366     
   43.388170733244863       0.70403461819264590     
   43.392808203395909       0.69966302664622693     
   43.397445673546962       0.69652530113478550     
   43.402083143698015       0.69470022762416372     
   43.406720613849068       0.69406192526522215     
   43.411358084000121       0.69439943631281120     
   43.415995554151174       0.69553095438866053     
   43.420633024302226       0.69734418680593058     
   43.425270494453279       0.69975589645755565     
   43.429907964604332       0.70262628367879665     
   43.434545434755378       0.70569127054047087     
   43.439182904906431       0.70856474130419966     
   43.443820375057484       0.71081433800748461     
   43.448457845208537       0.71205951990901240     
   43.453095315359590       0.71206189880449033     
   43.457732785510643       0.71077671475052717     
   43.462370255661696       0.70835384605808960     
   43.467007725812749       0.70511111733317933     
   43.471645195963802       0.70147306372773177     
   43.476282666114855       0.69790041564852423     
   43.480920136265901       0.69484547045197442     
   43.485557606416954       0.69272352773343482     
   43.490195076568007       0.69188121322962459     
   43.494832546719060       0.69255696440656311     
   43.499470016870113       0.69482673841934595     
   43.504107487021166       0.69856616151898165     
   43.508744957172219       0.70345116360563520     
   43.513382427323272       0.70901158066221515     
   43.518019897474325       0.71471572226129565     
   43.522657367625378       0.72006709904680910     
   43.527294837776424       0.72468095037653990     
   43.531932307927477       0.72832803116792377     
   43.536569778078530       0.73095252229072749     
   43.541207248229583       0.73264113476676274     
   43.545844718380636       0.73358159561830261     
   43.550482188531689       0.73399602900533367     
   43.555119658682742       0.73408225523803439     
   43.559757128833795       0.73399575311772891     
   43.564394598984848       0.73385523371313233     
   43.569032069135893       0.73377250571006869     
   43.573669539286946       0.73386896583310035     
   43.578307009437999       0.73427669907963289     
   43.582944479589052       0.73513282749270881     
   43.587581949740105       0.73657937852777722     
   43.592219419891158       0.73875335466392122     
   43.596856890042211       0.74176086798428897     
   43.601494360193264       0.74562740379418746     
   43.606131830344317       0.75023475157944919     
   43.610769300495370       0.75528677752052920     
   43.615406770646416       0.76031962197144842     
   43.620044240797469       0.76478000906368260     
   43.624681710948522       0.76815023673446048     
   43.629319181099575       0.77007009569324825     
   43.633956651250628       0.77040750562583948     
   43.638594121401681       0.76925396947720848     
   43.643231591552734       0.76686158299046503     
   43.647869061703787       0.76355861372327383     
   43.652506531854840       0.75967067396025012     
   43.657144002005893       0.75548619211796220     
   43.661781472156939       0.75125679771887710     
   43.666418942307992       0.74718856999826722     
   43.671056412459045       0.74341389027810134     
   43.675693882610098       0.73996734873515757     
   43.680331352761151       0.73679570705321940     
   43.684968822912204       0.73378765403178769     
   43.689606293063257       0.73082477949660885     
   43.694243763214310       0.72781667607206302     
   43.698881233365363       0.72471764976474484     
   43.703518703516416       0.72153744885549431     
   43.708156173667462       0.71833486798755319     
   43.712793643818515       0.71521522058372267     
   43.717431113969567       0.71231679595675235     
   43.722068584120620       0.70981605841517637     
   43.726706054271673       0.70793710517936215     
   43.731343524422726       0.70692297111949587     
   43.735980994573779       0.70698336680721185     
   43.740618464724832       0.70822447119916065     
   43.745255934875885       0.71058267145357146     
   43.749893405026931       0.71380408660260342     
   43.754530875177984       0.71748918727862976     
   43.759168345329037       0.72118777405952506     
   43.763805815480090       0.72450580912310680     
   43.768443285631143       0.72718425060076830     
   43.773080755782196       0.72914138347938506     
   43.777718225933249       0.73048372418319096     
   43.782355696084302       0.73144817670646589     
   43.786993166235355       0.73228307742702636     
   43.791630636386408       0.73313058952988808     
   43.796268106537454       0.73394536673976740     
   43.800905576688507       0.73449923864667843     
   43.805543046839560       0.73448654677639436     
   43.810180516990613       0.73367011192914922     
   43.814817987141666       0.73198940006098789     
   43.819455457292719       0.72960377778985785     
   43.824092927443772       0.72686113879503633     
   43.828730397594825       0.72419622298030784     
   43.833367867745878       0.72200436014833735     
   43.838005337896931       0.72053421730162459     
   43.842642808047977       0.71983657028284131     
   43.847280278199030       0.71978749111899964     
   43.851917748350083       0.72014600560104247     
   43.856555218501136       0.72061354866029692     
   43.861192688652189       0.72087974826553347     
   43.865830158803242       0.72065985889246698     
   43.870467628954295       0.71973521621439862     
   43.875105099105348       0.71797503757734005     
   43.879742569256400       0.71533945792068365     
   43.884380039407453       0.71187774331848375     
   43.889017509558499       0.70772937143005910     
   43.893654979709552       0.70312231268792247     
   43.898292449860605       0.69838194487548522     
   43.902929920011658       0.69390551253894750     
   43.907567390162711       0.69009116306386642     
   43.912204860313764       0.68725841297231427     
   43.916842330464817       0.68558750788001066     
   43.921479800615870       0.68510400596203969     
   43.926117270766923       0.68567560930480720     
   43.930754740917969       0.68704173467803864     
   43.935392211069022       0.68886024464622364     
   43.940029681220075       0.69077468098875516     
   43.944667151371128       0.69248951097809530     
   43.949304621522181       0.69381455437539730     
   43.953942091673234       0.69467570367323228     
   43.958579561824287       0.69509632498377205     
   43.963217031975340       0.69516714252176781     
   43.967854502126393       0.69500519201620148     
   43.972491972277446       0.69470210316708814     
   43.977129442428492       0.69427510286810068     
   43.981766912579545       0.69365849101532251     
   43.986404382730598       0.69274286472994118     
   43.991041852881651       0.69145366163975719     
   43.995679323032704       0.68982995090628529     
   44.000316793183757       0.68806441092165060     
   44.004954263334810       0.68649274026893459     
   44.009591733485863       0.68555288085864030     
   44.014229203636916       0.68573292852541601     
   44.018866673787969       0.68747062114050461     
   44.023504143939014       0.69099801713870679     
   44.028141614090067       0.69621837765608874     
   44.032779084241120       0.70268913366614494     
   44.037416554392173       0.70973507389058699     
   44.042054024543226       0.71664868340517918     
   44.046691494694279       0.72287604871106170     
   44.051328964845332       0.72812118094381062     
   44.055966434996385       0.73235957928534501     
   44.060603905147438       0.73576593217430220     
   44.065241375298491       0.73857764326001329     
   44.069878845449537       0.74095986045809747     
   44.074516315600590       0.74289771358970702     
   44.079153785751643       0.74416661518568050     
   44.083791255902696       0.74441267620478102     
   44.088428726053749       0.74330622940040980     
   44.093066196204802       0.74070130010207558     
   44.097703666355855       0.73671932721650213     
   44.102341136506908       0.73174526387736327     
   44.106978606657961       0.72632532765482416     
   44.111616076809007       0.72100896432796802     
   44.116253546960060       0.71623723782812465     
   44.120891017111113       0.71231675856922094     
   44.125528487262166       0.70945373791837796     
   44.130165957413219       0.70777890205465288     
   44.134803427564272       0.70735146580994346     
   44.139440897715325       0.70815575940408337     
   44.144078367866378       0.71008868768475897     
   44.148715838017431       0.71295340458869805     
   44.153353308168484       0.71646572310203482     
   44.157990778319530       0.72029389786406273     
   44.162628248470583       0.72410428381478886     
   44.167265718621636       0.72758856925474535     
   44.171903188772689       0.73049713724277687     
   44.176540658923741       0.73266348398221970     
   44.181178129074794       0.73400515084515683     
   44.185815599225847       0.73452493535296404     
   44.190453069376900       0.73430669741987886     
   44.195090539527953       0.73349945711387854     
   44.199728009679006       0.73229809843169291     
   44.204365479830052       0.73089104015843742     
   44.209002949981105       0.72939019021063745     
   44.213640420132158       0.72779820435474429     
   44.218277890283211       0.72599968651800184     
   44.222915360434264       0.72380952550102251     
   44.227552830585317       0.72106586608955714     
   44.232190300736370       0.71768927465200072     
   44.236827770887423       0.71369783354578531     
   44.241465241038476       0.70918294291494588     
   44.246102711189529       0.70427545780859724     
   44.250740181340575       0.69913685623673638     
   44.255377651491628       0.69396483780783558     
   44.260015121642681       0.68899598757708924     
   44.264652591793734       0.68449094053321347     
   44.269290061944787       0.68071020006747252     
   44.273927532095840       0.67791653708807253     
   44.278565002246893       0.67637921820979618     
   44.283202472397946       0.67632190126903680     
   44.287839942548999       0.67783112582357530     
   44.292477412700045       0.68078261002011786     
   44.297114882851098       0.68481940227822313     
   44.301752353002151       0.68940464952143066     
   44.306389823153204       0.69393705176011855     
   44.311027293304257       0.69784003580010945     
   44.315664763455310       0.70063233643949363     
   44.320302233606363       0.70198506912731173     
   44.324939703757416       0.70176159088001366     
   44.329577173908469       0.70005766166308081     
   44.334214644059522       0.69723396141977390     
   44.338852114210567       0.69389761220904744     
   44.343489584361620       0.69078436383087616     
   44.348127054512673       0.68860036840993744     
   44.352764524663726       0.68786941331030871     
   44.357401994814779       0.68883260927733025     
   44.362039464965832       0.69143737875718048     
   44.366676935116885       0.69538872694315146     
   44.371314405267938       0.70022362450649300     
   44.375951875418991       0.70539774344803741     
   44.380589345570044       0.71037410530195444     
   44.385226815721090       0.71468133709761028     
   44.389864285872143       0.71794539058859808     
   44.394501756023196       0.71991856710906188     
   44.399139226174249       0.72050467059750845     
   44.403776696325302       0.71977825617783742     
   44.408414166476355       0.71797089632225353     
   44.413051636627408       0.71541879857088009     
   44.417689106778461       0.71248773126685983     
   44.422326576929514       0.70952231302253066     
   44.426964047080567       0.70685144475741646     
   44.431601517231613       0.70478821633397537     
   44.436238987382666       0.70361096790661359     
   44.440876457533719       0.70352295840097168     
   44.445513927684772       0.70458740956008303     
   44.450151397835825       0.70669146052920140     
   44.454788867986878       0.70957565324632577     
   44.459426338137931       0.71289532523433363     
   44.464063808288984       0.71629349950017740     
   44.468701278440037       0.71947166665584561     
   44.473338748591082       0.72221835598589390     
   44.477976218742135       0.72438231358020733     
   44.482613688893188       0.72584472022581670     
   44.487251159044241       0.72651521046053480     
   44.491888629195294       0.72637071589595859     
   44.496526099346347       0.72551563008790576     
   44.501163569497400       0.72418769397655536     
   44.505801039648453       0.72269480503305972     
   44.510438509799506       0.72132230034252576     
   44.515075979950559       0.72026827914769986     
   44.519713450101605       0.71963246479839427     
   44.524350920252658       0.71942977213603398     
   44.528988390403711       0.71960814527637973     
   44.533625860554764       0.72005294004995590     
   44.538263330705817       0.72059964661544373     
   44.542900800856870       0.72106368298199686     
   44.547538271007923       0.72125489246426810     
   44.552175741158976       0.72098869499108531     
   44.556813211310029       0.72010728254267375     
   44.561450681461082       0.71849725880220305     
   44.566088151612128       0.71611460036372465     
   44.570725621763181       0.71299792268497797     
   44.575363091914234       0.70927101123137437     
   44.580000562065287       0.70511802536230939     
   44.584638032216340       0.70074278565657611     
   44.589275502367393       0.69633452151729325     
   44.593912972518446       0.69204767336175987     
   44.598550442669499       0.68800811351891711     
   44.603187912820552       0.68432992973967721     
   44.607825382971605       0.68114359039392114     
   44.612462853122651       0.67860383009032244     
   44.617100323273704       0.67686748136835329     
   44.621737793424757       0.67604998941487005     
   44.626375263575810       0.67618643882829543     
   44.631012733726863       0.67723842970055081     
   44.635650203877915       0.67912453677334117     
   44.640287674028968       0.68174424412198509     
   44.644925144180021       0.68498020688994798     
   44.649562614331074       0.68867969112238048     
   44.654200084482120       0.69264136124058773     
   44.658837554633173       0.69661775974622797     
   44.663475024784226       0.70033654955650726     
   44.668112494935279       0.70354831264914142     
   44.672749965086332       0.70607419200026056     
   44.677387435237385       0.70784247844845039     
   44.682024905388438       0.70889712783777470     
   44.686662375539491       0.70935858759216930     
   44.691299845690544       0.70938577315830342     
   44.695937315841597       0.70914097931843201     
   44.700574785992643       0.70875217403839252     
   44.705212256143696       0.70830206248958472     
   44.709849726294749       0.70784598465669557     
   44.714487196445802       0.70742532920936141     
   44.719124666596855       0.70708105222106599     
   44.723762136747908       0.70687081069137736     
   44.728399606898961       0.70686894384990462     
   44.733037077050014       0.70716271467624425     
   44.737674547201067       0.70784135760122224     
   44.742312017352120       0.70896344920098608     
   44.746949487503166       0.71053170877056882     
   44.751586957654219       0.71246783666730618     
   44.756224427805272       0.71460285028324133     
   44.760861897956325       0.71671127274607627     
   44.765499368107378       0.71855352272639983     
   44.770136838258431       0.71991305035096087     
   44.774774308409484       0.72062020131275750     
   44.779411778560537       0.72056077076482106     
   44.784049248711590       0.71967400820543026     
   44.788686718862635       0.71793893276638177     
   44.793324189013688       0.71537529198306471     
   44.797961659164741       0.71205993840703818     
   44.802599129315794       0.70813145151305279     
   44.807236599466847       0.70378032965518400     
   44.811874069617900       0.69924182319826578     
   44.816511539768953       0.69480794783680488     
   44.821149009920006       0.69086184626695191     
   44.825786480071059       0.68790223836765541     
   44.830423950222112       0.68650501914292494     
   44.835061420373158       0.68719541450425514     
   44.839698890524211       0.69027833931836990     
   44.844336360675264       0.69572202700056551     
   44.848973830826317       0.70313105023644706     
   44.853611300977370       0.71183640438476292     
   44.858248771128423       0.72106043015027776     
   44.862886241279476       0.73005828717638799     
   44.867523711430529       0.73820738564063870     
   44.872161181581582       0.74502868127611332     
   44.876798651732635       0.75016515851013166     
   44.881436121883681       0.75336590174691753     
   44.886073592034734       0.75447563206450741     
   44.890711062185787       0.75345072829305126     
   44.895348532336840       0.75038014944166920     
   44.899986002487893       0.74549263706194602     
   44.904623472638946       0.73915527335327313     
   44.909260942789999       0.73182551680006935     
   44.913898412941052       0.72399091708683827     
   44.918535883092105       0.71613243112856650     
   44.923173353243158       0.70871581184569377     
   44.927810823394204       0.70221955014314175     
   44.932448293545256       0.69715688429104983     
   44.937085763696309       0.69403919680270199     
   44.941723233847362       0.69328079941563525     
   44.946360703998415       0.69507399693182292     
   44.950998174149468       0.69926580077420974     
   44.955635644300521       0.70531235423288696     
   44.960273114451574       0.71237406542913273     
   44.964910584602627       0.71950390951400034     
   44.969548054753673       0.72586215117117758     
   44.974185524904726       0.73087798859952613     
   44.978822995055779       0.73430192063904987     
   44.983460465206832       0.73618098096373175     
   44.988097935357885       0.73677113389358406     
   44.992735405508938       0.73642253745959918     
   44.997372875659991       0.73546481728883417     
   45.002010345811044       0.73411965281159330     
   45.006647815962097       0.73245995498352523     
   45.011285286113150       0.73042325017172671     
   45.015922756264196       0.72788552850754606     
   45.020560226415249       0.72473533902573195     
   45.025197696566302       0.72093534353357092     
   45.029835166717355       0.71654978680059256     
   45.034472636868408       0.71172625685886759     
   45.039110107019461       0.70669409691027418     
   45.043747577170514       0.70179914471743832     
   45.048385047321567       0.69753532548762009     
   45.053022517472620       0.69450695902165971     
   45.057659987623673       0.69328214987714143     
   45.062297457774719       0.69419720193746659     
   45.066934927925772       0.69720665950714567     
   45.071572398076825       0.70187497684421163     
   45.076209868227878       0.70750573884072621     
   45.080847338378931       0.71328753559776448     
   45.085484808529984       0.71839939916713280     
   45.090122278681037       0.72208535470330371     
   45.094759748832089       0.72372123403813748     
   45.099397218983142       0.72289993600336733     
   45.104034689134195       0.71953828731971559     
   45.108672159285241       0.71398984434516188     
   45.113309629436294       0.70706749226717025     
   45.117947099587347       0.69988816154188527     
   45.122584569738400       0.69357059829211365     
   45.127222039889453       0.68889741676867045     
   45.131859510040506       0.68613705483696230     
   45.136496980191559       0.68509334593672222     
   45.141134450342612       0.68530202398344353     
   45.145771920493665       0.68626044420720478     
   45.150409390644711       0.68758082619409822     
   45.155046860795764       0.68903627233022979     
   45.159684330946817       0.69052462851111696     
   45.164321801097870       0.69199645320162928     
   45.168959271248923       0.69339092854853002     
   45.173596741399976       0.69460292155716619     
   45.178234211551029       0.69547913945035933     
   45.182871681702082       0.69584122579862973     
   45.187509151853135       0.69553427529378709     
   45.192146622004188       0.69447919545961312     
   45.196784092155234       0.69272295942112949     
   45.201421562306287       0.69044420695567854     
   45.206059032457340       0.68791254306917382     
   45.210696502608393       0.68543539201177295     
   45.215333972759446       0.68329205960762829     
   45.219971442910499       0.68170596269604644     
   45.224608913061552       0.68084045105725011     
   45.229246383212605       0.68078453981646148     
   45.233883853363658       0.68151532046166818     
   45.238521323514711       0.68283776407043562     
   45.243158793665756       0.68437371420651971     
   45.247796263816809       0.68564109445949017     
   45.252433733967862       0.68620484165363094     
   45.257071204118915       0.68583438890539261     
   45.261708674269968       0.68458417665143600     
   45.266346144421021       0.68277536796492488     
   45.270983614572074       0.68088423706836099     
   45.275621084723127       0.67937319675208430     
   45.280258554874180       0.67856402291393370     
   45.284896025025233       0.67858289888025680     
   45.289533495176279       0.67937204214858582     
   45.294170965327332       0.68076787596541488     
   45.298808435478385       0.68258573440933834     
   45.303445905629438       0.68466412756629336     
   45.308083375780491       0.68685245155519314     
   45.312720845931544       0.68898948544706651     
   45.317358316082597       0.69094305178373039     
   45.321995786233650       0.69269408654394526     
   45.326633256384703       0.69437294443516739     
   45.331270726535749       0.69618552407012524     
   45.335908196686802       0.69825583756957921     
   45.340545666837855       0.70050137042745131     
   45.345183136988908       0.70265850531248575     
   45.349820607139961       0.70441667442790012     
   45.354458077291014       0.70555090792586339     
   45.359095547442067       0.70598144826672182     
   45.363733017593120       0.70574918223785732     
   45.368370487744173       0.70497079519384709     
   45.373007957895226       0.70378973389051513     
   45.377645428046272       0.70234336146675436     
   45.382282898197325       0.70076154671417656     
   45.386920368348378       0.69915652182843746     
   45.391557838499430       0.69762146901198607     
   45.396195308650483       0.69623148153191572     
   45.400832778801536       0.69504853929777077     
   45.405470248952589       0.69413174034679304     
   45.410107719103642       0.69355506054126548     
   45.414745189254695       0.69341420674444509     
   45.419382659405748       0.69381219582656750     
   45.424020129556794       0.69484133883156807     
   45.428657599707847       0.69655036817374760     
   45.433295069858900       0.69891493453888942     
   45.437932540009953       0.70183135792879792     
   45.442570010161006       0.70511340349066498     
   45.447207480312059       0.70851351378145833     
   45.451844950463112       0.71176235624557516     
   45.456482420614165       0.71459497910243408     
   45.461119890765218       0.71679050469198302     
   45.465757360916271       0.71820264936397604     
   45.470394831067317       0.71878416265285927     
   45.475032301218370       0.71860953955521512     
   45.479669771369423       0.71786813471943434     
   45.484307241520476       0.71682880304541008     
   45.488944711671529       0.71578791876755543     
   45.493582181822582       0.71500918138209724     
   45.498219651973635       0.71468907587382469     
   45.502857122124688       0.71495429147251666     
   45.507494592275741       0.71587179372245391     
   45.512132062426787       0.71745501602446460     
   45.516769532577840       0.71964683709781951     
   45.521407002728893       0.72229668775723121     
   45.526044472879946       0.72514876875343315     
   45.530681943030999       0.72785984438054363     
   45.535319413182052       0.73007462104816923     
   45.539956883333105       0.73153362476315709     
   45.544594353484158       0.73215939508706041     
   45.549231823635211       0.73210589115511682     
   45.553869293786263       0.73171117438108391     
   45.558506763937309       0.73138183428775005     
   45.563144234088362       0.73149246013757130     
   45.567781704239415       0.73230029858824253     
   45.572419174390468       0.73388608069450822     
   45.577056644541521       0.73613407969349320     
   45.581694114692574       0.73875520011999662     
   45.586331584843627       0.74134889732520148     
   45.590969054994680       0.74349048719617616     
   45.595606525145733       0.74482061365852281     
   45.600243995296786       0.74507683783623579     
   45.604881465447832       0.74410450309698728     
   45.609518935598885       0.74189504662326533     
   45.614156405749938       0.73864298409466989     
   45.618793875900991       0.73480293008387199     
   45.623431346052044       0.73107423343528832     
   45.628068816203097       0.72825077578141972     
   45.632706286354150       0.72695954978365496     
   45.637343756505203       0.72741295854949006     
   45.641981226656256       0.72932258198870281     
   45.646618696807309       0.73204693161947298     
   45.651256166958355       0.73484041224444763     
   45.655893637109408       0.73706369679098893     
   45.660531107260461       0.73829969782944560     
   45.665168577411514       0.73835506911310700     
   45.669806047562567       0.73720616100635383     
   45.674443517713620       0.73495020226608720     
   45.679080987864673       0.73176244759349685     
   45.683718458015726       0.72784938129523746     
   45.688355928166779       0.72341775728376068     
   45.692993398317824       0.71865375043198976     
   45.697630868468877       0.71372424965057646     
   45.702268338619930       0.70879207956824331     
   45.706905808770983       0.70403347653688320     
   45.711543278922036       0.69963841325157783     
   45.716180749073089       0.69578904235977401     
   45.720818219224142       0.69264831294827744     
   45.725455689375195       0.69036473433072088     
   45.730093159526248       0.68911685946854961     
   45.734730629677301       0.68913834468404800     
   45.739368099828347       0.69067764087574846     
   45.744005569979400       0.69388412644701125     
   45.748643040130453       0.69868310533055011     
   45.753280510281506       0.70473995031735204     
   45.757917980432559       0.71153383127144065     
   45.762555450583612       0.71850939038147110     
   45.767192920734665       0.72520564078059946     
   45.771830390885718       0.73131087754551394     
   45.776467861036771       0.73664689032052133     
   45.781105331187824       0.74108596279226246     
   45.785742801338870       0.74443947851523473     
   45.790380271489923       0.74641623960990899     
   45.795017741640976       0.74666709516942931     
   45.799655211792029       0.74487856392792429     
   45.804292681943082       0.74086871678586175     
   45.808930152094135       0.73465093692573757     
   45.813567622245188       0.72650629407037981     
   45.818205092396241       0.71704206968312079     
   45.822842562547294       0.70713383031547372     
   45.827480032698347       0.69764070005545853     
   45.832117502849393       0.68905296840436314     
   45.836754973000446       0.68145445465002608     
   45.841392443151499       0.67480596399916404     
   45.846029913302552       0.66918289529799313     
   45.850667383453604       0.66477392637381705     
   45.855304853604657       0.66175852564772064     
   45.859942323755710       0.66021528786926587     
   45.864579793906763       0.66010612825207393     
   45.869217264057816       0.66130165236838989     
   45.873854734208862       0.66360668769181141     
   45.878492204359915       0.66676760261055512     
   45.883129674510968       0.67048438963715151     
   45.887767144662021       0.67442835465174256     
   45.892404614813074       0.67827652030533236     
   45.897042084964127       0.68176009968434337     
   45.901679555115180       0.68468983970469821     
   45.906317025266233       0.68696102187756758     
   45.910954495417286       0.68854994206742148     
   45.915591965568339       0.68951769632101734     
   45.920229435719385       0.68999942829240601     
   45.924866905870438       0.69015767738703704     
   45.929504376021491       0.69013841328622605     
   45.934141846172544       0.69005798591923073     
   45.938779316323597       0.69003810490104134     
   45.943416786474650       0.69025764087127062     
   45.948054256625703       0.69095849018267286     
   45.952691726776756       0.69239601661960593     
   45.957329196927809       0.69474643025232252     
   45.961966667078862       0.69801716481057408     
   45.966604137229908       0.70200218152744165     
   45.971241607380961       0.70630035591051321     
   45.975879077532014       0.71039443497651478     
   45.980516547683067       0.71375647772148165     
   45.985154017834120       0.71594806987883364     
   45.989791487985173       0.71668235483171738     
   45.994428958136226       0.71585066182856449     
   45.999066428287279       0.71353536615738833     
   46.003703898438332       0.70999766430671163     
   46.008341368589377       0.70567365326096387     
   46.012978838740430       0.70113486917523360     
   46.017616308891483       0.69700026952459282     
   46.022253779042536       0.69381019815343281     
   46.026891249193589       0.69189552650564834     
   46.031528719344642       0.69130233351289661     
   46.036166189495695       0.69179631119545526     
   46.040803659646748       0.69295579184270617     
   46.045441129797801       0.69430304803417486     
   46.050078599948854       0.69544161669275961     
   46.054716070099900       0.69615604397026509     
   46.059353540250953       0.69643786171974587     
   46.063991010402006       0.69645378528261592     
   46.068628480553059       0.69647635536796049     
   46.073265950704112       0.69678788222641519     
   46.077903420855165       0.69760193056323305     
   46.082540891006218       0.69902055020894449     
   46.087178361157271       0.70103818131421758     
   46.091815831308324       0.70358103898548741     
   46.096453301459377       0.70654074343392592     
   46.101090771610423       0.70976575137825193     
   46.105728241761476       0.71300540072022234     
   46.110365711912529       0.71588596892216605     
   46.115003182063582       0.71797499280948163     
   46.119640652214635       0.71891558318359083     
   46.124278122365688       0.71856181640092565     
   46.128915592516741       0.71703358270727124     
   46.133553062667794       0.71466640988625896     
   46.138190532818847       0.71190272964567392     
   46.142828002969900       0.70916859827074852     
   46.147465473120945       0.70678482336965343     
   46.152102943271998       0.70494889418982543     
   46.156740413423051       0.70375139526279040     
   46.161377883574104       0.70320486234071877     
   46.166015353725157       0.70327544370145412     
   46.170652823876210       0.70388983068569322     
   46.175290294027263       0.70494219324068030     
   46.179927764178316       0.70632881520484136     
   46.184565234329369       0.70797161930129449     
   46.189202704480415       0.70981903517826705     
   46.193840174631468       0.71182269041969526     
   46.198477644782521       0.71389914426208168     
   46.203115114933574       0.71590663975032931     
   46.207752585084627       0.71766611868507157     
   46.212390055235680       0.71901982285710120     
   46.217027525386733       0.71987604073675238     
   46.221664995537786       0.72021799964656541     
   46.226302465688839       0.72009566139389947     
   46.230939935839892       0.71959800249713091     
   46.235577405990938       0.71880549366038959     
   46.240214876141991       0.71774033359424805     
   46.244852346293044       0.71635016747203140     
   46.249489816444097       0.71452627166868066     
   46.254127286595150       0.71213691699301385     
   46.258764756746203       0.70909024792415865     
   46.263402226897256       0.70541683841355440     
   46.268039697048309       0.70133180707443243     
   46.272677167199362       0.69724302587430542     
   46.277314637350415       0.69368196775013657     
   46.281952107501461       0.69114586214063300     
   46.286589577652514       0.68992798513518139     
   46.291227047803567       0.69002835190537914     
   46.295864517954620       0.69118583100948561     
   46.300501988105673       0.69300297393783805     
   46.305139458256726       0.69506445786612914     
   46.309776928407778       0.69702288774266308     
   46.314414398558831       0.69864963830044857     
   46.319051868709884       0.69985196327587096     
   46.323689338860937       0.70067244150666319     
   46.328326809011983       0.70123007209004684     
   46.332964279163036       0.70161912584390373     
   46.337601749314089       0.70184831666577030     
   46.342239219465142       0.70184661567397855     
   46.346876689616195       0.70152490077793039     
   46.351514159767248       0.70085877647000183     
   46.356151629918301       0.69992851476053197     
   46.360789100069354       0.69888707547393469     
   46.365426570220407       0.69788719131297139     
   46.370064040371453       0.69700787974886114     
   46.374701510522506       0.69622491592364910     
